[DEBUG] Log file: C:\Users\chayt\Downloads\SharpEmu-Source\artifacts\boot-investigation\address-wait-fix.log
[DEBUG] SharpEmu starting with 3 args
[INFO][SharpEmu.CLI] Program.cs:267 SharpEmu UNOFFICIAL — https://github.com/sharpemu/sharpemu

Local build (not produced by CI).
[INFO][SharpEmu.CLI] Program.cs:268 Host hardware: CPU: AMD Ryzen 7 260 w/ Radeon 780M Graphics; GPU: NVIDIA GeForce RTX 5060 Laptop GPU; RAM: 23,868 MB (23.3 GB).
[DEBUG] Full path: C:\Users\chayt\Downloads\PSX\eboot.bin
[DEBUG] Creating runtime...
[LOADER][INFO] Kernel TSC frequency: 3792966678 Hz (calibrated-rdtsc)
[HLE] Warmed 3794 type initializers (0 threw) + JIT-compiled 24485 methods (149 skipped) across 11 HLE assemblies, plus 3311 framework type initializers.
[INFO][Aerolib] Aerolib.cs:150 Loaded 154458 NID entries from binary resource
[DEBUG] Running: C:\Users\chayt\Downloads\PSX\eboot.bin
[RUNTIME] Loading: C:\Users\chayt\Downloads\PSX\eboot.bin
[LOADER][INFO] ampr.app0_index_cache_hit root=C:\Users\chayt\Downloads\PSX files=72 ids=288 elapsed_ms=10.7
[LOADER] Loading param.json at C:\Users\chayt\Downloads\PSX/sce_sys/param.json
[LOADER] Title: Zombie Cure Lab, TitleId: PPSA22623, Version: 01.000.004
[LOADER][TLS] load_start clear=True next=1 assigned=1 has_pt_tls=True
Total image size needed: 0x208BC50 (34126928 bytes)
[LOADER] Segment 0: VAddr=0x0000000800000000, FileSize=0x189BA8C, MemSize=0x189BA8C, Align=0x4000
[LOADER] Segment 1: VAddr=0x000000080189C000, FileSize=0x32CC28, MemSize=0x32CC28, Align=0x4000
[LOADER] Segment 3: VAddr=0x0000000801BCC000, FileSize=0x9BD40, MemSize=0x9BD40, Align=0x4000
[LOADER] Segment 7: VAddr=0x0000000801C68000, FileSize=0x1B65A8, MemSize=0x2F5C70, Align=0x4000
[LOADER] Segment 8: VAddr=0x0000000801F5DC70, FileSize=0x12DFE0, MemSize=0x12DFE0, Align=0x4000
[LOADER][TLS] Module 1 TLS template: memsz=0xC0 filesz=0x0 align=0x8 static_offset=0xC0 total_static=0xC0
[LOADER] TryLoadTableBytes: trying location=0x208B140, size=0xB10, imageBase=0x800000000
[LOADER] TryLoadTableBytes: trying guest address 0x80208B140
[LOADER] TryLoadTableBytes: loaded from guest memory at 0x80208B140
[LOADER] Dynamic Info: StrTab=0x1F5DC70, StrTabSize=0x2B7D
[LOADER] Dynamic Info: SymTab=0x1F607F0, SymTabSize=0x3960
[LOADER] Dynamic Info: Rela=0x1F679F0, RelaSize=0x122400
[LOADER] Dynamic Info: JmpRel=0x1F64150, JmpRelSize=0x38A0
[LOADER] Dynamic Info: PltGot=0x1C65EF0
[LOADER] TLS module id: 1
[LOADER] HasImportMetadata: True
[LOADER] TryLoadTableBytes: trying location=0x1F679F0, size=0x122400, imageBase=0x800000000
[LOADER] TryLoadTableBytes: trying guest address 0x801F679F0
[LOADER] TryLoadTableBytes: loaded from guest memory at 0x801F679F0
[LOADER] TryLoadTableBytes: trying location=0x1F64150, size=0x38A0, imageBase=0x800000000
[LOADER] TryLoadTableBytes: trying guest address 0x801F64150
[LOADER] TryLoadTableBytes: loaded from guest memory at 0x801F64150
[LOADER] ImageBase runtime: 0x0000000800000000
[LOADER] Processing 50140 relocations...
[LOADER] TryLoadTableBytes: trying location=0x1F5DC70, size=0x2B7D, imageBase=0x800000000
[LOADER] TryLoadTableBytes: trying guest address 0x801F5DC70
[LOADER] TryLoadTableBytes: loaded from guest memory at 0x801F5DC70
[LOADER] TryLoadTableBytes: trying location=0x1F607F0, size=0x3960, imageBase=0x800000000
[LOADER] TryLoadTableBytes: trying guest address 0x801F607F0
[LOADER] TryLoadTableBytes: loaded from guest memory at 0x801F607F0
[LOADER] Found 609 unique NIDs, 50140 descriptors
[LOADER] CreateImportStubMapping: nids=609, required=0x2610, map_size=0x3000
[LOADER] Created 609 import stubs
[LOADER] TryLoadTableBytes: trying location=0x208B140, size=0xB10, imageBase=0x800000000
[LOADER] TryLoadTableBytes: trying guest address 0x80208B140
[LOADER] TryLoadTableBytes: loaded from guest memory at 0x80208B140
[LOADER] TryLoadTableBytes: trying location=0x1F5DC70, size=0x2B7D, imageBase=0x800000000
[LOADER] TryLoadTableBytes: trying guest address 0x801F5DC70
[LOADER] TryLoadTableBytes: loaded from guest memory at 0x801F5DC70
[LOADER] TryLoadTableBytes: trying location=0x1F607F0, size=0x3960, imageBase=0x800000000
[LOADER] TryLoadTableBytes: trying guest address 0x801F607F0
[LOADER] TryLoadTableBytes: loaded from guest memory at 0x801F607F0
[LOADER] Runtime symbol index populated: section=0, dynamic=1, total=2
[LOADER] TryLoadTableBytes: trying location=0x208B140, size=0xB10, imageBase=0x800000000
[LOADER] TryLoadTableBytes: trying guest address 0x80208B140
[LOADER] TryLoadTableBytes: loaded from guest memory at 0x80208B140
[LOADER][TEST] ResolveMappedAddressOrFallback addr=0x10 imageBase=0x0000000800000000
[LOADER][TEST] -> resolved raw 0x0000000800000010
[LOADER][TEST] ResolveMappedAddressOrFallback addr=0x10 imageBase=0x0000000800000000
[LOADER][TEST] -> resolved raw 0x0000000800000010
[LOADER] Initializers discovered: preinit=0, init=1
[LOADER] ELF e_entry: 0x0000000000000070
[LOADER] Generation: Gen5 (PS5)
[LOADER] Using image base: 0x0000000800000000
[LOADER] Final entry point: 0x0000000800000070
[LOADER] ProcParam: 0x0000000801C67CE0
[LOADER] PH[0]: type=Load, vaddr=0x0000000000000000 -> 0x0000000800000000, memsz=0x189BA8C
[LOADER] PH[1]: type=Load, vaddr=0x000000000189C000 -> 0x000000080189C000, memsz=0x32CC28
[LOADER] PH[2]: type=GnuEhFrame, vaddr=0x000000000189C000 -> 0x000000080189C000, memsz=0x483EC
[LOADER][TLS] load_done assigned=1 next=2
[RUNTIME] Registered module handle=1 name=eboot.bin base=0x0000000800000000 size=0x000000000208BC50
[RUNTIME] Entry: 0x0000000800000070
[RUNTIME] Module search directories: C:\Users\chayt\Downloads\PSX\sce_module, C:\Users\chayt\Downloads\PSX\Media\Modules, C:\Users\chayt\Downloads\PSX, C:\Users\chayt\Downloads\PSX\Media\Plugins
[RUNTIME] Loading 10 module(s)...
[LOADER][TLS] load_start clear=False next=2 assigned=2 has_pt_tls=True
Total image size needed: 0x1D2938 (1911096 bytes)
[LOADER] Segment 0: VAddr=0x0000000804000000, FileSize=0x115BF0, MemSize=0x115BF0, Align=0x4000
[LOADER] Segment 1: VAddr=0x0000000804118000, FileSize=0x73410, MemSize=0x73410, Align=0x4000
[LOADER] Segment 3: VAddr=0x000000080418C000, FileSize=0x6830, MemSize=0x6830, Align=0x4000
[LOADER] Segment 7: VAddr=0x0000000804194000, FileSize=0x3C78, MemSize=0x9000, Align=0x4000
[LOADER] Segment 8: VAddr=0x000000080419D000, FileSize=0x35938, MemSize=0x35938, Align=0x4000
[LOADER][TLS] Module 2 TLS template: memsz=0x468 filesz=0x180 align=0x10 static_offset=0x530 total_static=0x530
[LOADER] TryLoadTableBytes: trying location=0x1D2688, size=0x2B0, imageBase=0x804000000
[LOADER] TryLoadTableBytes: trying guest address 0x8041D2688
[LOADER] TryLoadTableBytes: loaded from guest memory at 0x8041D2688
[LOADER] Dynamic Info: StrTab=0x19D000, StrTabSize=0xBEC3
[LOADER] Dynamic Info: SymTab=0x1A8EC8, SymTabSize=0x11CE8
[LOADER] Dynamic Info: Rela=0x1BB678, RelaSize=0x110E8
[LOADER] Dynamic Info: JmpRel=0x1BABB0, JmpRelSize=0xAC8
[LOADER] Dynamic Info: PltGot=0x192260
[LOADER] TLS module id: 2
[LOADER] HasImportMetadata: True
[LOADER] TryLoadTableBytes: trying location=0x1BB678, size=0x110E8, imageBase=0x804000000
[LOADER] TryLoadTableBytes: trying guest address 0x8041BB678
[LOADER] TryLoadTableBytes: loaded from guest memory at 0x8041BB678
[LOADER] TryLoadTableBytes: trying location=0x1BABB0, size=0xAC8, imageBase=0x804000000
[LOADER] TryLoadTableBytes: trying guest address 0x8041BABB0
[LOADER] TryLoadTableBytes: loaded from guest memory at 0x8041BABB0
[LOADER] ImageBase runtime: 0x0000000804000000
[LOADER] Processing 3026 relocations...
[LOADER] TryLoadTableBytes: trying location=0x19D000, size=0xBEC3, imageBase=0x804000000
[LOADER] TryLoadTableBytes: trying guest address 0x80419D000
[LOADER] TryLoadTableBytes: loaded from guest memory at 0x80419D000
[LOADER] TryLoadTableBytes: trying location=0x1A8EC8, size=0x11CE8, imageBase=0x804000000
[LOADER] TryLoadTableBytes: trying guest address 0x8041A8EC8
[LOADER] TryLoadTableBytes: loaded from guest memory at 0x8041A8EC8
[LOADER] Found 117 unique NIDs, 3026 descriptors
[LOADER] CreateImportStubMapping: nids=117, required=0x750, map_size=0x1000
[LOADER] Created 117 import stubs
[LOADER][TLS] Patching DTPMOD64 at 0x8041921E0 with module id 0x2
[LOADER][TLS] Patching DTPMOD64 at 0x804192220 with module id 0x2
[LOADER][TLS] Patching DTPMOD64 at 0x804192230 with module id 0x2
[LOADER] TryLoadTableBytes: trying location=0x1D2688, size=0x2B0, imageBase=0x804000000
[LOADER] TryLoadTableBytes: trying guest address 0x8041D2688
[LOADER] TryLoadTableBytes: loaded from guest memory at 0x8041D2688
[LOADER] TryLoadTableBytes: trying location=0x19D000, size=0xBEC3, imageBase=0x804000000
[LOADER] TryLoadTableBytes: trying guest address 0x80419D000
[LOADER] TryLoadTableBytes: loaded from guest memory at 0x80419D000
[LOADER] TryLoadTableBytes: trying location=0x1A8EC8, size=0x11CE8, imageBase=0x804000000
[LOADER] TryLoadTableBytes: trying guest address 0x8041A8EC8
[LOADER] TryLoadTableBytes: loaded from guest memory at 0x8041A8EC8
[LOADER] Runtime symbol index populated: section=0, dynamic=2920, total=5840
[LOADER] TryLoadTableBytes: trying location=0x1D2688, size=0x2B0, imageBase=0x804000000
[LOADER] TryLoadTableBytes: trying guest address 0x8041D2688
[LOADER] TryLoadTableBytes: loaded from guest memory at 0x8041D2688
[LOADER][TEST] ResolveMappedAddressOrFallback addr=0x10 imageBase=0x0000000804000000
[LOADER][TEST] -> resolved raw 0x0000000804000010
[LOADER] TryLoadTableBytes: trying location=0x192808, size=0x8, imageBase=0x804000000
[LOADER] TryLoadTableBytes: trying guest address 0x804192808
[LOADER] TryLoadTableBytes: loaded from guest memory at 0x804192808
[LOADER][TEST] ResolveMappedAddressOrFallback addr=0x804000100 imageBase=0x0000000804000000
[LOADER][TEST] -> resolved raw 0x0000000804000100
[LOADER][TEST] ResolveMappedAddressOrFallback addr=0x10 imageBase=0x0000000804000000
[LOADER][TEST] -> resolved raw 0x0000000804000010
[LOADER] Initializers discovered: preinit=1, init=1
[LOADER] ELF e_entry: 0x0000000000000000
[LOADER] Generation: Gen5 (PS5)
[LOADER] Using image base: 0x0000000804000000
[LOADER] Final entry point: 0x0000000804000000
[LOADER] PH[0]: type=Load, vaddr=0x0000000000000000 -> 0x0000000804000000, memsz=0x115BF0
[LOADER] PH[1]: type=Load, vaddr=0x0000000000118000 -> 0x0000000804118000, memsz=0x73410
[LOADER] PH[2]: type=GnuEhFrame, vaddr=0x0000000000118000 -> 0x0000000804118000, memsz=0x9BEC
[LOADER][TLS] load_done assigned=2 next=3
[RUNTIME] Registered module handle=2 name=libc.prx base=0x0000000804000000 size=0x00000000001D2938
[RUNTIME] Loaded module libc.prx: entry=0x0000000804000000, imports=117, symbols=5840
[LOADER][TLS] load_start clear=False next=3 assigned=0 has_pt_tls=False
Total image size needed: 0x782120 (7872800 bytes)
[LOADER] Segment 0: VAddr=0x00000008043D3000, FileSize=0x3F3240, MemSize=0x3F3240, Align=0x4000
[LOADER] WARNING: Segment 0 ELF alignment mismatch! VAddr=0x8043D3000, Offset=0x4000, Align=0x4000, VAddr%Align=0x3000, Offset%Align=0x0
[LOADER] Segment 1: VAddr=0x00000008047C7000, FileSize=0x189C8C, MemSize=0x189C8C, Align=0x4000
[LOADER] WARNING: Segment 1 ELF alignment mismatch! VAddr=0x8047C7000, Offset=0x3F8000, Align=0x4000, VAddr%Align=0x3000, Offset%Align=0x0
[LOADER] Segment 3: VAddr=0x0000000804953000, FileSize=0x2488, MemSize=0x2488, Align=0x4000
[LOADER] WARNING: Segment 3 ELF alignment mismatch! VAddr=0x804953000, Offset=0x584000, Align=0x4000, VAddr%Align=0x3000, Offset%Align=0x0
[LOADER] Segment 7: VAddr=0x0000000804957000, FileSize=0xD8, MemSize=0x1880, Align=0x4000
[LOADER] WARNING: Segment 7 ELF alignment mismatch! VAddr=0x804957000, Offset=0x588000, Align=0x4000, VAddr%Align=0x3000, Offset%Align=0x0
[LOADER] Segment 8: VAddr=0x0000000804958880, FileSize=0x1FC8A0, MemSize=0x1FC8A0, Align=0x4000
[LOADER] WARNING: Segment 8 ELF alignment mismatch! VAddr=0x804958880, Offset=0x589880, Align=0x4000, VAddr%Align=0x880, Offset%Align=0x1880
[LOADER] TryLoadTableBytes: trying location=0x781DE0, size=0x340, imageBase=0x8043D3000
[LOADER] TryLoadTableBytes: trying guest address 0x804B54DE0
[LOADER] TryLoadTableBytes: loaded from guest memory at 0x804B54DE0
[LOADER] Dynamic Info: StrTab=0x585880, StrTabSize=0xA7BA6
[LOADER] Dynamic Info: SymTab=0x62D428, SymTabSize=0xFB7F0
[LOADER] Dynamic Info: Rela=0x7294B8, RelaSize=0x4BA8
[LOADER] Dynamic Info: JmpRel=0x728C18, JmpRelSize=0x8A0
[LOADER] Dynamic Info: PltGot=0x5820A8
[LOADER] TLS module id: 0
[LOADER] HasImportMetadata: True
[LOADER] TryLoadTableBytes: trying location=0x7294B8, size=0x4BA8, imageBase=0x8043D3000
[LOADER] TryLoadTableBytes: trying guest address 0x804AFC4B8
[LOADER] TryLoadTableBytes: loaded from guest memory at 0x804AFC4B8
[LOADER] TryLoadTableBytes: trying location=0x728C18, size=0x8A0, imageBase=0x8043D3000
[LOADER] TryLoadTableBytes: trying guest address 0x804AFBC18
[LOADER] TryLoadTableBytes: loaded from guest memory at 0x804AFBC18
[LOADER] ImageBase runtime: 0x00000008043D3000
[LOADER] Processing 899 relocations...
[LOADER] TryLoadTableBytes: trying location=0x585880, size=0xA7BA6, imageBase=0x8043D3000
[LOADER] TryLoadTableBytes: trying guest address 0x804958880
[LOADER] TryLoadTableBytes: loaded from guest memory at 0x804958880
[LOADER] TryLoadTableBytes: trying location=0x62D428, size=0xFB7F0, imageBase=0x8043D3000
[LOADER] TryLoadTableBytes: trying guest address 0x804A00428
[LOADER] TryLoadTableBytes: loaded from guest memory at 0x804A00428
[LOADER] Found 95 unique NIDs, 899 descriptors
[LOADER] CreateImportStubMapping: nids=95, required=0x5F0, map_size=0x1000
[LOADER] Created 95 import stubs
[LOADER] TryLoadTableBytes: trying location=0x781DE0, size=0x340, imageBase=0x8043D3000
[LOADER] TryLoadTableBytes: trying guest address 0x804B54DE0
[LOADER] TryLoadTableBytes: loaded from guest memory at 0x804B54DE0
[LOADER] TryLoadTableBytes: trying location=0x585880, size=0xA7BA6, imageBase=0x8043D3000
[LOADER] TryLoadTableBytes: trying guest address 0x804958880
[LOADER] TryLoadTableBytes: loaded from guest memory at 0x804958880
[LOADER] TryLoadTableBytes: trying location=0x62D428, size=0xFB7F0, imageBase=0x8043D3000
[LOADER] TryLoadTableBytes: trying guest address 0x804A00428
[LOADER] TryLoadTableBytes: loaded from guest memory at 0x804A00428
[LOADER] Runtime symbol index populated: section=0, dynamic=42826, total=85652
[LOADER] TryLoadTableBytes: trying location=0x781DE0, size=0x340, imageBase=0x8043D3000
[LOADER] TryLoadTableBytes: trying guest address 0x804B54DE0
[LOADER] TryLoadTableBytes: loaded from guest memory at 0x804B54DE0
[LOADER][TEST] ResolveMappedAddressOrFallback addr=0x10 imageBase=0x00000008043D3000
[LOADER][TEST] -> resolved raw 0x00000008043D3010
[LOADER][TEST] ResolveMappedAddressOrFallback addr=0x10 imageBase=0x00000008043D3000
[LOADER][TEST] -> resolved raw 0x00000008043D3010
[LOADER] Initializers discovered: preinit=0, init=1
[LOADER] ELF e_entry: 0x0000000000000000
[LOADER] Generation: Gen5 (PS5)
[LOADER] Using image base: 0x00000008043D3000
[LOADER] Final entry point: 0x00000008043D3000
[LOADER] PH[0]: type=Load, vaddr=0x0000000000000000 -> 0x00000008043D3000, memsz=0x3F3240
[LOADER] PH[1]: type=Load, vaddr=0x00000000003F4000 -> 0x00000008047C7000, memsz=0x189C8C
[LOADER] PH[2]: type=GnuEhFrame, vaddr=0x00000000003F4000 -> 0x00000008047C7000, memsz=0x54BE4
[LOADER][TLS] load_done assigned=0 next=3
[RUNTIME] Registered module handle=3 name=libSceNpCppWebApi.prx base=0x00000008043D3000 size=0x0000000000782120
[RUNTIME] Loaded module libSceNpCppWebApi.prx: entry=0x00000008043D3000, imports=95, symbols=85652
[LOADER][TLS] load_start clear=False next=3 assigned=3 has_pt_tls=True
Total image size needed: 0x58CA4F0 (93103344 bytes)
[LOADER] Segment 0: VAddr=0x0000000804D56000, FileSize=0x35BAFB1, MemSize=0x35BAFB1, Align=0x4000
[LOADER] WARNING: Segment 0 ELF alignment mismatch! VAddr=0x804D56000, Offset=0x4000, Align=0x4000, VAddr%Align=0x2000, Offset%Align=0x0
[LOADER] Segment 1: VAddr=0x0000000808312000, FileSize=0x1002C18, MemSize=0x1002C18, Align=0x4000
[LOADER] WARNING: Segment 1 ELF alignment mismatch! VAddr=0x808312000, Offset=0x35C0000, Align=0x4000, VAddr%Align=0x2000, Offset%Align=0x0
[LOADER] Segment 3: VAddr=0x0000000809316000, FileSize=0x28ECB8, MemSize=0x28ECB8, Align=0x4000
[LOADER] WARNING: Segment 3 ELF alignment mismatch! VAddr=0x809316000, Offset=0x45C4000, Align=0x4000, VAddr%Align=0x2000, Offset%Align=0x0
[LOADER] Segment 7: VAddr=0x00000008095A6000, FileSize=0x32ED3C, MemSize=0x55D8D8, Align=0x4000
[LOADER] WARNING: Segment 7 ELF alignment mismatch! VAddr=0x8095A6000, Offset=0x4854000, Align=0x4000, VAddr%Align=0x2000, Offset%Align=0x0
[LOADER] Segment 8: VAddr=0x0000000809B038E0, FileSize=0xB1CC10, MemSize=0xB1CC10, Align=0x4000
[LOADER] WARNING: Segment 8 ELF alignment mismatch! VAddr=0x809B038E0, Offset=0x4B858E0, Align=0x4000, VAddr%Align=0x38E0, Offset%Align=0x18E0
[LOADER][TLS] Module 3 TLS template: memsz=0x150 filesz=0x0 align=0x10 static_offset=0x680 total_static=0x680
[LOADER] TryLoadTableBytes: trying location=0x58CA0D0, size=0x420, imageBase=0x804D56000
[LOADER] TryLoadTableBytes: trying guest address 0x80A6200D0
[LOADER] TryLoadTableBytes: loaded from guest memory at 0x80A6200D0
[LOADER] Dynamic Info: StrTab=0x4DAD8E0, StrTabSize=0x2E54
[LOADER] Dynamic Info: SymTab=0x4DB0738, SymTabSize=0x4308
[LOADER] Dynamic Info: Rela=0x4DB6390, RelaSize=0xB126B8
[LOADER] Dynamic Info: JmpRel=0x4DB4A40, JmpRelSize=0x1950
[LOADER] Dynamic Info: PltGot=0x484E388
[LOADER] TLS module id: 3
[LOADER] HasImportMetadata: True
[LOADER] TryLoadTableBytes: trying location=0x4DB6390, size=0xB126B8, imageBase=0x804D56000
[LOADER] TryLoadTableBytes: trying guest address 0x809B0C390
[LOADER] TryLoadTableBytes: loaded from guest memory at 0x809B0C390
[LOADER] TryLoadTableBytes: trying location=0x4DB4A40, size=0x1950, imageBase=0x804D56000
[LOADER] TryLoadTableBytes: trying guest address 0x809B0AA40
[LOADER] TryLoadTableBytes: loaded from guest memory at 0x809B0AA40
[LOADER] ImageBase runtime: 0x0000000804D56000
[LOADER] Processing 484011 relocations...
[LOADER] TryLoadTableBytes: trying location=0x4DAD8E0, size=0x2E54, imageBase=0x804D56000
[LOADER] TryLoadTableBytes: trying guest address 0x809B038E0
[LOADER] TryLoadTableBytes: loaded from guest memory at 0x809B038E0
[LOADER] TryLoadTableBytes: trying location=0x4DB0738, size=0x4308, imageBase=0x804D56000
[LOADER] TryLoadTableBytes: trying guest address 0x809B06738
[LOADER] TryLoadTableBytes: loaded from guest memory at 0x809B06738
[LOADER] Found 294 unique NIDs, 484011 descriptors
[LOADER] CreateImportStubMapping: nids=294, required=0x1260, map_size=0x2000
[LOADER] Created 294 import stubs
[LOADER][TLS] Patching DTPMOD64 at 0x8095A4268 with module id 0x3
[LOADER] TryLoadTableBytes: trying location=0x58CA0D0, size=0x420, imageBase=0x804D56000
[LOADER] TryLoadTableBytes: trying guest address 0x80A6200D0
[LOADER] TryLoadTableBytes: loaded from guest memory at 0x80A6200D0
[LOADER] TryLoadTableBytes: trying location=0x4DAD8E0, size=0x2E54, imageBase=0x804D56000
[LOADER] TryLoadTableBytes: trying guest address 0x809B038E0
[LOADER] TryLoadTableBytes: loaded from guest memory at 0x809B038E0
[LOADER] TryLoadTableBytes: trying location=0x4DB0738, size=0x4308, imageBase=0x804D56000
[LOADER] TryLoadTableBytes: trying guest address 0x809B06738
[LOADER] TryLoadTableBytes: loaded from guest memory at 0x809B06738
[LOADER] Runtime symbol index populated: section=0, dynamic=420, total=840
[LOADER] TryLoadTableBytes: trying location=0x58CA0D0, size=0x420, imageBase=0x804D56000
[LOADER] TryLoadTableBytes: trying guest address 0x80A6200D0
[LOADER] TryLoadTableBytes: loaded from guest memory at 0x80A6200D0
[LOADER][TEST] ResolveMappedAddressOrFallback addr=0x10 imageBase=0x0000000804D56000
[LOADER][TEST] -> resolved raw 0x0000000804D56010
[LOADER][TEST] ResolveMappedAddressOrFallback addr=0x10 imageBase=0x0000000804D56000
[LOADER][TEST] -> resolved raw 0x0000000804D56010
[LOADER] Initializers discovered: preinit=0, init=1
[LOADER] ELF e_entry: 0x0000000000000000
[LOADER] Generation: Gen5 (PS5)
[LOADER] Using image base: 0x0000000804D56000
[LOADER] Final entry point: 0x0000000804D56000
[LOADER] PH[0]: type=Load, vaddr=0x0000000000000000 -> 0x0000000804D56000, memsz=0x35BAFB1
[LOADER] PH[1]: type=Load, vaddr=0x00000000035BC000 -> 0x0000000808312000, memsz=0x1002C18
[LOADER] PH[2]: type=GnuEhFrame, vaddr=0x00000000035BC000 -> 0x0000000808312000, memsz=0x1D18EC
[LOADER][TLS] load_done assigned=3 next=4
[RUNTIME] Registered module handle=4 name=Il2CppUserAssemblies.prx base=0x0000000804D56000 size=0x00000000058CA4F0
[RUNTIME] Loaded module Il2CppUserAssemblies.prx: entry=0x0000000804D56000, imports=294, symbols=840
[LOADER][TLS] load_start clear=False next=4 assigned=0 has_pt_tls=False
Total image size needed: 0xC818 (51224 bytes)
[LOADER] Segment 0: VAddr=0x000000080A821000, FileSize=0x4000, MemSize=0x4000, Align=0x4000
[LOADER] WARNING: Segment 0 ELF alignment mismatch! VAddr=0x80A821000, Offset=0x4000, Align=0x4000, VAddr%Align=0x1000, Offset%Align=0x0
[LOADER] Segment 1: VAddr=0x000000080A825000, FileSize=0x205, MemSize=0x205, Align=0x4000
[LOADER] WARNING: Segment 1 ELF alignment mismatch! VAddr=0x80A825000, Offset=0x8000, Align=0x4000, VAddr%Align=0x1000, Offset%Align=0x0
[LOADER] Segment 3: VAddr=0x000000080A829000, FileSize=0xC0, MemSize=0x4000, Align=0x4000
[LOADER] WARNING: Segment 3 ELF alignment mismatch! VAddr=0x80A829000, Offset=0xC000, Align=0x4000, VAddr%Align=0x1000, Offset%Align=0x0
[LOADER] Segment 7: VAddr=0x000000080A82D000, FileSize=0x11, MemSize=0x30, Align=0x4000
[LOADER] WARNING: Segment 7 ELF alignment mismatch! VAddr=0x80A82D000, Offset=0x10000, Align=0x4000, VAddr%Align=0x1000, Offset%Align=0x0
[LOADER] Segment 8: VAddr=0x000000080A82D030, FileSize=0x7E8, MemSize=0x7E8, Align=0x4000
[LOADER] WARNING: Segment 8 ELF alignment mismatch! VAddr=0x80A82D030, Offset=0x10030, Align=0x4000, VAddr%Align=0x1030, Offset%Align=0x30
[LOADER] TryLoadTableBytes: trying location=0xC598, size=0x280, imageBase=0x80A821000
[LOADER] TryLoadTableBytes: trying guest address 0x80A82D598
[LOADER] TryLoadTableBytes: loaded from guest memory at 0x80A82D598
[LOADER] Dynamic Info: StrTab=0xC030, StrTabSize=0x1BB
[LOADER] Dynamic Info: SymTab=0xC1F0, SymTabSize=0x1B0
[LOADER] Dynamic Info: Rela=0xC478, RelaSize=0x60
[LOADER] Dynamic Info: JmpRel=0xC3A0, JmpRelSize=0xD8
[LOADER] Dynamic Info: PltGot=0x8020
[LOADER] TLS module id: 0
[LOADER] HasImportMetadata: True
[LOADER] TryLoadTableBytes: trying location=0xC478, size=0x60, imageBase=0x80A821000
[LOADER] TryLoadTableBytes: trying guest address 0x80A82D478
[LOADER] TryLoadTableBytes: loaded from guest memory at 0x80A82D478
[LOADER] TryLoadTableBytes: trying location=0xC3A0, size=0xD8, imageBase=0x80A821000
[LOADER] TryLoadTableBytes: trying guest address 0x80A82D3A0
[LOADER] TryLoadTableBytes: loaded from guest memory at 0x80A82D3A0
[LOADER] ImageBase runtime: 0x000000080A821000
[LOADER] Processing 13 relocations...
[LOADER] TryLoadTableBytes: trying location=0xC030, size=0x1BB, imageBase=0x80A821000
[LOADER] TryLoadTableBytes: trying guest address 0x80A82D030
[LOADER] TryLoadTableBytes: loaded from guest memory at 0x80A82D030
[LOADER] TryLoadTableBytes: trying location=0xC1F0, size=0x1B0, imageBase=0x80A821000
[LOADER] TryLoadTableBytes: trying guest address 0x80A82D1F0
[LOADER] TryLoadTableBytes: loaded from guest memory at 0x80A82D1F0
[LOADER] Found 10 unique NIDs, 13 descriptors
[LOADER] CreateImportStubMapping: nids=10, required=0xA0, map_size=0x1000
[LOADER] Created 10 import stubs
[LOADER] TryLoadTableBytes: trying location=0xC598, size=0x280, imageBase=0x80A821000
[LOADER] TryLoadTableBytes: trying guest address 0x80A82D598
[LOADER] TryLoadTableBytes: loaded from guest memory at 0x80A82D598
[LOADER] TryLoadTableBytes: trying location=0xC030, size=0x1BB, imageBase=0x80A821000
[LOADER] TryLoadTableBytes: trying guest address 0x80A82D030
[LOADER] TryLoadTableBytes: loaded from guest memory at 0x80A82D030
[LOADER] TryLoadTableBytes: trying location=0xC1F0, size=0x1B0, imageBase=0x80A821000
[LOADER] TryLoadTableBytes: trying guest address 0x80A82D1F0
[LOADER] TryLoadTableBytes: loaded from guest memory at 0x80A82D1F0
[LOADER] Runtime symbol index populated: section=0, dynamic=7, total=14
[LOADER] TryLoadTableBytes: trying location=0xC598, size=0x280, imageBase=0x80A821000
[LOADER] TryLoadTableBytes: trying guest address 0x80A82D598
[LOADER] TryLoadTableBytes: loaded from guest memory at 0x80A82D598
[LOADER][TEST] ResolveMappedAddressOrFallback addr=0x10 imageBase=0x000000080A821000
[LOADER][TEST] -> resolved raw 0x000000080A821010
[LOADER][TEST] ResolveMappedAddressOrFallback addr=0x10 imageBase=0x000000080A821000
[LOADER][TEST] -> resolved raw 0x000000080A821010
[LOADER] Initializers discovered: preinit=0, init=1
[LOADER] ELF e_entry: 0x0000000000000000
[LOADER] Generation: Gen5 (PS5)
[LOADER] Using image base: 0x000000080A821000
[LOADER] Final entry point: 0x000000080A821000
[LOADER] PH[0]: type=Load, vaddr=0x0000000000000000 -> 0x000000080A821000, memsz=0x4000
[LOADER] PH[1]: type=Load, vaddr=0x0000000000004000 -> 0x000000080A825000, memsz=0x205
[LOADER] PH[2]: type=GnuEhFrame, vaddr=0x0000000000004000 -> 0x000000080A825000, memsz=0x64
[LOADER][TLS] load_done assigned=0 next=4
[RUNTIME] Registered module handle=5 name=PS5Util.prx base=0x000000080A821000 size=0x000000000000C818
[RUNTIME] Loaded module PS5Util.prx: entry=0x000000080A821000, imports=10, symbols=14
[LOADER][TLS] load_start clear=False next=4 assigned=0 has_pt_tls=False
Total image size needed: 0x1E7658 (1996376 bytes)
[LOADER] Segment 0: VAddr=0x000000080AA2E000, FileSize=0x12A080, MemSize=0x12A080, Align=0x4000
[LOADER] WARNING: Segment 0 ELF alignment mismatch! VAddr=0x80AA2E000, Offset=0x4000, Align=0x4000, VAddr%Align=0x2000, Offset%Align=0x0
[LOADER] Segment 1: VAddr=0x000000080AB5A000, FileSize=0x4E420, MemSize=0x4E420, Align=0x4000
[LOADER] WARNING: Segment 1 ELF alignment mismatch! VAddr=0x80AB5A000, Offset=0x130000, Align=0x4000, VAddr%Align=0x2000, Offset%Align=0x0
[LOADER] Segment 3: VAddr=0x000000080ABAA000, FileSize=0x3AF8, MemSize=0x3AF8, Align=0x4000
[LOADER] WARNING: Segment 3 ELF alignment mismatch! VAddr=0x80ABAA000, Offset=0x180000, Align=0x4000, VAddr%Align=0x2000, Offset%Align=0x0
[LOADER] Segment 7: VAddr=0x000000080ABAE000, FileSize=0xCBF8, MemSize=0x4CA50, Align=0x4000
[LOADER] WARNING: Segment 7 ELF alignment mismatch! VAddr=0x80ABAE000, Offset=0x184000, Align=0x4000, VAddr%Align=0x2000, Offset%Align=0x0
[LOADER] Segment 8: VAddr=0x000000080ABFAA50, FileSize=0x1AC08, MemSize=0x1AC08, Align=0x4000
[LOADER] WARNING: Segment 8 ELF alignment mismatch! VAddr=0x80ABFAA50, Offset=0x194A50, Align=0x4000, VAddr%Align=0x2A50, Offset%Align=0xA50
[LOADER] TryLoadTableBytes: trying location=0x1E7258, size=0x400, imageBase=0x80AA2E000
[LOADER] TryLoadTableBytes: trying guest address 0x80AC15258
[LOADER] TryLoadTableBytes: loaded from guest memory at 0x80AC15258
[LOADER] Dynamic Info: StrTab=0x1CCA50, StrTabSize=0x504C
[LOADER] Dynamic Info: SymTab=0x1D1AA0, SymTabSize=0x7638
[LOADER] Dynamic Info: Rela=0x1D9E58, RelaSize=0xAC68
[LOADER] Dynamic Info: JmpRel=0x1D90D8, JmpRelSize=0xD80
[LOADER] Dynamic Info: PltGot=0x17F5C8
[LOADER] TLS module id: 0
[LOADER] HasImportMetadata: True
[LOADER] TryLoadTableBytes: trying location=0x1D9E58, size=0xAC68, imageBase=0x80AA2E000
[LOADER] TryLoadTableBytes: trying guest address 0x80AC07E58
[LOADER] TryLoadTableBytes: loaded from guest memory at 0x80AC07E58
[LOADER] TryLoadTableBytes: trying location=0x1D90D8, size=0xD80, imageBase=0x80AA2E000
[LOADER] TryLoadTableBytes: trying guest address 0x80AC070D8
[LOADER] TryLoadTableBytes: loaded from guest memory at 0x80AC070D8
[LOADER] ImageBase runtime: 0x000000080AA2E000
[LOADER] Processing 1983 relocations...
[LOADER] TryLoadTableBytes: trying location=0x1CCA50, size=0x504C, imageBase=0x80AA2E000
[LOADER] TryLoadTableBytes: trying guest address 0x80ABFAA50
[LOADER] TryLoadTableBytes: loaded from guest memory at 0x80ABFAA50
[LOADER] TryLoadTableBytes: trying location=0x1D1AA0, size=0x7638, imageBase=0x80AA2E000
[LOADER] TryLoadTableBytes: trying guest address 0x80ABFFAA0
[LOADER] TryLoadTableBytes: loaded from guest memory at 0x80ABFFAA0
[LOADER] Found 148 unique NIDs, 1983 descriptors
[LOADER] CreateImportStubMapping: nids=148, required=0x940, map_size=0x1000
[LOADER] Created 148 import stubs
[LOADER] TryLoadTableBytes: trying location=0x1E7258, size=0x400, imageBase=0x80AA2E000
[LOADER] TryLoadTableBytes: trying guest address 0x80AC15258
[LOADER] TryLoadTableBytes: loaded from guest memory at 0x80AC15258
[LOADER] TryLoadTableBytes: trying location=0x1CCA50, size=0x504C, imageBase=0x80AA2E000
[LOADER] TryLoadTableBytes: trying guest address 0x80ABFAA50
[LOADER] TryLoadTableBytes: loaded from guest memory at 0x80ABFAA50
[LOADER] TryLoadTableBytes: trying location=0x1D1AA0, size=0x7638, imageBase=0x80AA2E000
[LOADER] TryLoadTableBytes: trying guest address 0x80ABFFAA0
[LOADER] TryLoadTableBytes: loaded from guest memory at 0x80ABFFAA0
[LOADER] Runtime symbol index populated: section=0, dynamic=1112, total=2224
[LOADER] TryLoadTableBytes: trying location=0x1E7258, size=0x400, imageBase=0x80AA2E000
[LOADER] TryLoadTableBytes: trying guest address 0x80AC15258
[LOADER] TryLoadTableBytes: loaded from guest memory at 0x80AC15258
[LOADER][TEST] ResolveMappedAddressOrFallback addr=0x10 imageBase=0x000000080AA2E000
[LOADER][TEST] -> resolved raw 0x000000080AA2E010
[LOADER][TEST] ResolveMappedAddressOrFallback addr=0x10 imageBase=0x000000080AA2E000
[LOADER][TEST] -> resolved raw 0x000000080AA2E010
[LOADER] Initializers discovered: preinit=0, init=1
[LOADER] ELF e_entry: 0x0000000000000000
[LOADER] Generation: Gen5 (PS5)
[LOADER] Using image base: 0x000000080AA2E000
[LOADER] Final entry point: 0x000000080AA2E000
[LOADER] PH[0]: type=Load, vaddr=0x0000000000000000 -> 0x000000080AA2E000, memsz=0x12A080
[LOADER] PH[1]: type=Load, vaddr=0x000000000012C000 -> 0x000000080AB5A000, memsz=0x4E420
[LOADER] PH[2]: type=GnuEhFrame, vaddr=0x000000000012C000 -> 0x000000080AB5A000, memsz=0x6EFC
[LOADER][TLS] load_done assigned=0 next=4
[RUNTIME] Installed FMOD compatibility hook: uPLTdl3psGk -> 0x000000080AB37030
[RUNTIME] Registered module handle=6 name=libfmod.prx base=0x000000080AA2E000 size=0x00000000001E7658
[RUNTIME] Loaded module libfmod.prx: entry=0x000000080AA2E000, imports=148, symbols=2224
[LOADER][TLS] load_start clear=False next=4 assigned=0 has_pt_tls=False
Total image size needed: 0x17F490 (1569936 bytes)
[LOADER] Segment 0: VAddr=0x000000080AE16000, FileSize=0x11E790, MemSize=0x11E790, Align=0x4000
[LOADER] WARNING: Segment 0 ELF alignment mismatch! VAddr=0x80AE16000, Offset=0x4000, Align=0x4000, VAddr%Align=0x2000, Offset%Align=0x0
[LOADER] Segment 1: VAddr=0x000000080AF36000, FileSize=0x3882C, MemSize=0x3882C, Align=0x4000
[LOADER] WARNING: Segment 1 ELF alignment mismatch! VAddr=0x80AF36000, Offset=0x124000, Align=0x4000, VAddr%Align=0x2000, Offset%Align=0x0
[LOADER] Segment 3: VAddr=0x000000080AF72000, FileSize=0x7798, MemSize=0x7798, Align=0x4000
[LOADER] WARNING: Segment 3 ELF alignment mismatch! VAddr=0x80AF72000, Offset=0x160000, Align=0x4000, VAddr%Align=0x2000, Offset%Align=0x0
[LOADER] Segment 7: VAddr=0x000000080AF7A000, FileSize=0x38, MemSize=0x1220, Align=0x4000
[LOADER] WARNING: Segment 7 ELF alignment mismatch! VAddr=0x80AF7A000, Offset=0x168000, Align=0x4000, VAddr%Align=0x2000, Offset%Align=0x0
[LOADER] Segment 8: VAddr=0x000000080AF7B220, FileSize=0x1A270, MemSize=0x1A270, Align=0x4000
[LOADER] WARNING: Segment 8 ELF alignment mismatch! VAddr=0x80AF7B220, Offset=0x169220, Align=0x4000, VAddr%Align=0x3220, Offset%Align=0x1220
[LOADER] TryLoadTableBytes: trying location=0x17F210, size=0x280, imageBase=0x80AE16000
[LOADER] TryLoadTableBytes: trying guest address 0x80AF95210
[LOADER] TryLoadTableBytes: loaded from guest memory at 0x80AF95210
[LOADER] Dynamic Info: StrTab=0x165220, StrTabSize=0x2553
[LOADER] Dynamic Info: SymTab=0x167778, SymTabSize=0x36F0
[LOADER] Dynamic Info: Rela=0x16BFC0, RelaSize=0x11FD0
[LOADER] Dynamic Info: JmpRel=0x16AE68, JmpRelSize=0x1158
[LOADER] Dynamic Info: PltGot=0x163160
[LOADER] TLS module id: 0
[LOADER] HasImportMetadata: True
[LOADER] TryLoadTableBytes: trying location=0x16BFC0, size=0x11FD0, imageBase=0x80AE16000
[LOADER] TryLoadTableBytes: trying guest address 0x80AF81FC0
[LOADER] TryLoadTableBytes: loaded from guest memory at 0x80AF81FC0
[LOADER] TryLoadTableBytes: trying location=0x16AE68, size=0x1158, imageBase=0x80AE16000
[LOADER] TryLoadTableBytes: trying guest address 0x80AF80E68
[LOADER] TryLoadTableBytes: loaded from guest memory at 0x80AF80E68
[LOADER] ImageBase runtime: 0x000000080AE16000
[LOADER] Processing 3255 relocations...
[LOADER] TryLoadTableBytes: trying location=0x165220, size=0x2553, imageBase=0x80AE16000
[LOADER] TryLoadTableBytes: trying guest address 0x80AF7B220
[LOADER] TryLoadTableBytes: loaded from guest memory at 0x80AF7B220
[LOADER] TryLoadTableBytes: trying location=0x167778, size=0x36F0, imageBase=0x80AE16000
[LOADER] TryLoadTableBytes: trying guest address 0x80AF7D778
[LOADER] TryLoadTableBytes: loaded from guest memory at 0x80AF7D778
[LOADER] Found 188 unique NIDs, 3255 descriptors
[LOADER] CreateImportStubMapping: nids=188, required=0xBC0, map_size=0x1000
[LOADER] Created 188 import stubs
[LOADER] TryLoadTableBytes: trying location=0x17F210, size=0x280, imageBase=0x80AE16000
[LOADER] TryLoadTableBytes: trying guest address 0x80AF95210
[LOADER] TryLoadTableBytes: loaded from guest memory at 0x80AF95210
[LOADER] TryLoadTableBytes: trying location=0x165220, size=0x2553, imageBase=0x80AE16000
[LOADER] TryLoadTableBytes: trying guest address 0x80AF7B220
[LOADER] TryLoadTableBytes: loaded from guest memory at 0x80AF7B220
[LOADER] TryLoadTableBytes: trying location=0x167778, size=0x36F0, imageBase=0x80AE16000
[LOADER] TryLoadTableBytes: trying guest address 0x80AF7D778
[LOADER] TryLoadTableBytes: loaded from guest memory at 0x80AF7D778
[LOADER] Runtime symbol index populated: section=0, dynamic=397, total=794
[LOADER] TryLoadTableBytes: trying location=0x17F210, size=0x280, imageBase=0x80AE16000
[LOADER] TryLoadTableBytes: trying guest address 0x80AF95210
[LOADER] TryLoadTableBytes: loaded from guest memory at 0x80AF95210
[LOADER][TEST] ResolveMappedAddressOrFallback addr=0x10 imageBase=0x000000080AE16000
[LOADER][TEST] -> resolved raw 0x000000080AE16010
[LOADER][TEST] ResolveMappedAddressOrFallback addr=0x10 imageBase=0x000000080AE16000
[LOADER][TEST] -> resolved raw 0x000000080AE16010
[LOADER] Initializers discovered: preinit=0, init=1
[LOADER] ELF e_entry: 0x0000000000000000
[LOADER] Generation: Gen5 (PS5)
[LOADER] Using image base: 0x000000080AE16000
[LOADER] Final entry point: 0x000000080AE16000
[LOADER] PH[0]: type=Load, vaddr=0x0000000000000000 -> 0x000000080AE16000, memsz=0x11E790
[LOADER] PH[1]: type=Load, vaddr=0x0000000000120000 -> 0x000000080AF36000, memsz=0x3882C
[LOADER] PH[2]: type=GnuEhFrame, vaddr=0x0000000000120000 -> 0x000000080AF36000, memsz=0x96AC
[LOADER][TLS] load_done assigned=0 next=4
[RUNTIME] Registered module handle=7 name=libfmodstudio.prx base=0x000000080AE16000 size=0x000000000017F490
[RUNTIME] Loaded module libfmodstudio.prx: entry=0x000000080AE16000, imports=188, symbols=794
[LOADER][TLS] load_start clear=False next=4 assigned=0 has_pt_tls=False
Total image size needed: 0x9A5D8 (632280 bytes)
[LOADER] Segment 0: VAddr=0x000000080B196000, FileSize=0x63590, MemSize=0x63590, Align=0x4000
[LOADER] WARNING: Segment 0 ELF alignment mismatch! VAddr=0x80B196000, Offset=0x4000, Align=0x4000, VAddr%Align=0x2000, Offset%Align=0x0
[LOADER] Segment 1: VAddr=0x000000080B1FA000, FileSize=0x299A4, MemSize=0x299A4, Align=0x4000
[LOADER] WARNING: Segment 1 ELF alignment mismatch! VAddr=0x80B1FA000, Offset=0x68000, Align=0x4000, VAddr%Align=0x2000, Offset%Align=0x0
[LOADER] Segment 3: VAddr=0x000000080B226000, FileSize=0x1C60, MemSize=0x1C60, Align=0x4000
[LOADER] WARNING: Segment 3 ELF alignment mismatch! VAddr=0x80B226000, Offset=0x94000, Align=0x4000, VAddr%Align=0x2000, Offset%Align=0x0
[LOADER] Segment 7: VAddr=0x000000080B22A000, FileSize=0x3B0, MemSize=0xB88, Align=0x4000
[LOADER] WARNING: Segment 7 ELF alignment mismatch! VAddr=0x80B22A000, Offset=0x98000, Align=0x4000, VAddr%Align=0x2000, Offset%Align=0x0
[LOADER] Segment 8: VAddr=0x000000080B22AB90, FileSize=0x5A48, MemSize=0x5A48, Align=0x4000
[LOADER] WARNING: Segment 8 ELF alignment mismatch! VAddr=0x80B22AB90, Offset=0x98B90, Align=0x4000, VAddr%Align=0x2B90, Offset%Align=0xB90
[LOADER] TryLoadTableBytes: trying location=0x9A398, size=0x240, imageBase=0x80B196000
[LOADER] TryLoadTableBytes: trying guest address 0x80B230398
[LOADER] TryLoadTableBytes: loaded from guest memory at 0x80B230398
[LOADER] Dynamic Info: StrTab=0x94B90, StrTabSize=0x6C1
[LOADER] Dynamic Info: SymTab=0x95258, SymTabSize=0x930
[LOADER] Dynamic Info: Rela=0x962F0, RelaSize=0x3D68
[LOADER] Dynamic Info: JmpRel=0x95B88, JmpRelSize=0x768
[LOADER] Dynamic Info: PltGot=0x91988
[LOADER] TLS module id: 0
[LOADER] HasImportMetadata: True
[LOADER] TryLoadTableBytes: trying location=0x962F0, size=0x3D68, imageBase=0x80B196000
[LOADER] TryLoadTableBytes: trying guest address 0x80B22C2F0
[LOADER] TryLoadTableBytes: loaded from guest memory at 0x80B22C2F0
[LOADER] TryLoadTableBytes: trying location=0x95B88, size=0x768, imageBase=0x80B196000
[LOADER] TryLoadTableBytes: trying guest address 0x80B22BB88
[LOADER] TryLoadTableBytes: loaded from guest memory at 0x80B22BB88
[LOADER] ImageBase runtime: 0x000000080B196000
[LOADER] Processing 734 relocations...
[LOADER] TryLoadTableBytes: trying location=0x94B90, size=0x6C1, imageBase=0x80B196000
[LOADER] TryLoadTableBytes: trying guest address 0x80B22AB90
[LOADER] TryLoadTableBytes: loaded from guest memory at 0x80B22AB90
[LOADER] TryLoadTableBytes: trying location=0x95258, size=0x930, imageBase=0x80B196000
[LOADER] TryLoadTableBytes: trying guest address 0x80B22B258
[LOADER] TryLoadTableBytes: loaded from guest memory at 0x80B22B258
[LOADER] Found 93 unique NIDs, 734 descriptors
[LOADER] CreateImportStubMapping: nids=93, required=0x5D0, map_size=0x1000
[LOADER] Created 93 import stubs
[LOADER] TryLoadTableBytes: trying location=0x9A398, size=0x240, imageBase=0x80B196000
[LOADER] TryLoadTableBytes: trying guest address 0x80B230398
[LOADER] TryLoadTableBytes: loaded from guest memory at 0x80B230398
[LOADER] TryLoadTableBytes: trying location=0x94B90, size=0x6C1, imageBase=0x80B196000
[LOADER] TryLoadTableBytes: trying guest address 0x80B22AB90
[LOADER] TryLoadTableBytes: loaded from guest memory at 0x80B22AB90
[LOADER] TryLoadTableBytes: trying location=0x95258, size=0x930, imageBase=0x80B196000
[LOADER] TryLoadTableBytes: trying guest address 0x80B22B258
[LOADER] TryLoadTableBytes: loaded from guest memory at 0x80B22B258
[LOADER] Runtime symbol index populated: section=0, dynamic=4, total=8
[LOADER] TryLoadTableBytes: trying location=0x9A398, size=0x240, imageBase=0x80B196000
[LOADER] TryLoadTableBytes: trying guest address 0x80B230398
[LOADER] TryLoadTableBytes: loaded from guest memory at 0x80B230398
[LOADER][TEST] ResolveMappedAddressOrFallback addr=0x10 imageBase=0x000000080B196000
[LOADER][TEST] -> resolved raw 0x000000080B196010
[LOADER][TEST] ResolveMappedAddressOrFallback addr=0x10 imageBase=0x000000080B196000
[LOADER][TEST] -> resolved raw 0x000000080B196010
[LOADER] Initializers discovered: preinit=0, init=1
[LOADER] ELF e_entry: 0x0000000000000000
[LOADER] Generation: Gen5 (PS5)
[LOADER] Using image base: 0x000000080B196000
[LOADER] Final entry point: 0x000000080B196000
[LOADER] PH[0]: type=Load, vaddr=0x0000000000000000 -> 0x000000080B196000, memsz=0x63590
[LOADER] PH[1]: type=Load, vaddr=0x0000000000064000 -> 0x000000080B1FA000, memsz=0x299A4
[LOADER] PH[2]: type=GnuEhFrame, vaddr=0x0000000000064000 -> 0x000000080B1FA000, memsz=0x230C
[LOADER][TLS] load_done assigned=0 next=4
[RUNTIME] Registered module handle=8 name=libresonanceaudio.prx base=0x000000080B196000 size=0x000000000009A5D8
[RUNTIME] Loaded module libresonanceaudio.prx: entry=0x000000080B196000, imports=93, symbols=8
[LOADER][TLS] load_start clear=False next=4 assigned=0 has_pt_tls=False
Total image size needed: 0xC9F8 (51704 bytes)
[LOADER] Segment 0: VAddr=0x000000080B431000, FileSize=0x6E0, MemSize=0x6E0, Align=0x4000
[LOADER] WARNING: Segment 0 ELF alignment mismatch! VAddr=0x80B431000, Offset=0x4000, Align=0x4000, VAddr%Align=0x1000, Offset%Align=0x0
[LOADER] Segment 1: VAddr=0x000000080B435000, FileSize=0x14C, MemSize=0x14C, Align=0x4000
[LOADER] WARNING: Segment 1 ELF alignment mismatch! VAddr=0x80B435000, Offset=0x8000, Align=0x4000, VAddr%Align=0x1000, Offset%Align=0x0
[LOADER] Segment 3: VAddr=0x000000080B439000, FileSize=0x90, MemSize=0x90, Align=0x4000
[LOADER] WARNING: Segment 3 ELF alignment mismatch! VAddr=0x80B439000, Offset=0xC000, Align=0x4000, VAddr%Align=0x1000, Offset%Align=0x0
[LOADER] Segment 7: VAddr=0x000000080B43D000, FileSize=0x102, MemSize=0x148, Align=0x4000
[LOADER] WARNING: Segment 7 ELF alignment mismatch! VAddr=0x80B43D000, Offset=0x10000, Align=0x4000, VAddr%Align=0x1000, Offset%Align=0x0
[LOADER] Segment 8: VAddr=0x000000080B43D150, FileSize=0x8A8, MemSize=0x8A8, Align=0x4000
[LOADER] WARNING: Segment 8 ELF alignment mismatch! VAddr=0x80B43D150, Offset=0x10150, Align=0x4000, VAddr%Align=0x1150, Offset%Align=0x150
[LOADER] TryLoadTableBytes: trying location=0xC7B8, size=0x240, imageBase=0x80B431000
[LOADER] TryLoadTableBytes: trying guest address 0x80B43D7B8
[LOADER] TryLoadTableBytes: loaded from guest memory at 0x80B43D7B8
[LOADER] Dynamic Info: StrTab=0xC150, StrTabSize=0x24A
[LOADER] Dynamic Info: SymTab=0xC3A0, SymTabSize=0x270
[LOADER] Dynamic Info: Rela=0xC640, RelaSize=0x78
[LOADER] Dynamic Info: JmpRel=0xC610, JmpRelSize=0x30
[LOADER] Dynamic Info: PltGot=0x8028
[LOADER] TLS module id: 0
[LOADER] HasImportMetadata: True
[LOADER] TryLoadTableBytes: trying location=0xC640, size=0x78, imageBase=0x80B431000
[LOADER] TryLoadTableBytes: trying guest address 0x80B43D640
[LOADER] TryLoadTableBytes: loaded from guest memory at 0x80B43D640
[LOADER] TryLoadTableBytes: trying location=0xC610, size=0x30, imageBase=0x80B431000
[LOADER] TryLoadTableBytes: trying guest address 0x80B43D610
[LOADER] TryLoadTableBytes: loaded from guest memory at 0x80B43D610
[LOADER] ImageBase runtime: 0x000000080B431000
[LOADER] Processing 7 relocations...
[LOADER] TryLoadTableBytes: trying location=0xC150, size=0x24A, imageBase=0x80B431000
[LOADER] TryLoadTableBytes: trying guest address 0x80B43D150
[LOADER] TryLoadTableBytes: loaded from guest memory at 0x80B43D150
[LOADER] TryLoadTableBytes: trying location=0xC3A0, size=0x270, imageBase=0x80B431000
[LOADER] TryLoadTableBytes: trying guest address 0x80B43D3A0
[LOADER] TryLoadTableBytes: loaded from guest memory at 0x80B43D3A0
[LOADER] Found 4 unique NIDs, 7 descriptors
[LOADER] CreateImportStubMapping: nids=4, required=0x40, map_size=0x1000
[LOADER] Created 4 import stubs
[LOADER] TryLoadTableBytes: trying location=0xC7B8, size=0x240, imageBase=0x80B431000
[LOADER] TryLoadTableBytes: trying guest address 0x80B43D7B8
[LOADER] TryLoadTableBytes: loaded from guest memory at 0x80B43D7B8
[LOADER] TryLoadTableBytes: trying location=0xC150, size=0x24A, imageBase=0x80B431000
[LOADER] TryLoadTableBytes: trying guest address 0x80B43D150
[LOADER] TryLoadTableBytes: loaded from guest memory at 0x80B43D150
[LOADER] TryLoadTableBytes: trying location=0xC3A0, size=0x270, imageBase=0x80B431000
[LOADER] TryLoadTableBytes: trying guest address 0x80B43D3A0
[LOADER] TryLoadTableBytes: loaded from guest memory at 0x80B43D3A0
[LOADER] Runtime symbol index populated: section=0, dynamic=21, total=42
[LOADER] TryLoadTableBytes: trying location=0xC7B8, size=0x240, imageBase=0x80B431000
[LOADER] TryLoadTableBytes: trying guest address 0x80B43D7B8
[LOADER] TryLoadTableBytes: loaded from guest memory at 0x80B43D7B8
[LOADER][TEST] ResolveMappedAddressOrFallback addr=0x10 imageBase=0x000000080B431000
[LOADER][TEST] -> resolved raw 0x000000080B431010
[LOADER][TEST] ResolveMappedAddressOrFallback addr=0x10 imageBase=0x000000080B431000
[LOADER][TEST] -> resolved raw 0x000000080B431010
[LOADER] Initializers discovered: preinit=0, init=1
[LOADER] ELF e_entry: 0x0000000000000000
[LOADER] Generation: Gen5 (PS5)
[LOADER] Using image base: 0x000000080B431000
[LOADER] Final entry point: 0x000000080B431000
[LOADER] PH[0]: type=Load, vaddr=0x0000000000000000 -> 0x000000080B431000, memsz=0x6E0
[LOADER] PH[1]: type=Load, vaddr=0x0000000000004000 -> 0x000000080B435000, memsz=0x14C
[LOADER] PH[2]: type=GnuEhFrame, vaddr=0x0000000000004000 -> 0x000000080B435000, memsz=0x3C
[LOADER][TLS] load_done assigned=0 next=4
[RUNTIME] Registered module handle=9 name=lib_burst_generated.prx base=0x000000080B431000 size=0x000000000000C9F8
[RUNTIME] Loaded module lib_burst_generated.prx: entry=0x000000080B431000, imports=4, symbols=42
[LOADER][TLS] load_start clear=False next=4 assigned=0 has_pt_tls=False
Total image size needed: 0x7C910 (510224 bytes)
[LOADER] Segment 0: VAddr=0x000000080B63E000, FileSize=0x3B000, MemSize=0x3B000, Align=0x4000
[LOADER] WARNING: Segment 0 ELF alignment mismatch! VAddr=0x80B63E000, Offset=0x4000, Align=0x4000, VAddr%Align=0x2000, Offset%Align=0x0
[LOADER] Segment 1: VAddr=0x000000080B67A000, FileSize=0x8510, MemSize=0x8510, Align=0x4000
[LOADER] WARNING: Segment 1 ELF alignment mismatch! VAddr=0x80B67A000, Offset=0x40000, Align=0x4000, VAddr%Align=0x2000, Offset%Align=0x0
[LOADER] Segment 3: VAddr=0x000000080B686000, FileSize=0x50A0, MemSize=0x50A0, Align=0x4000
[LOADER] WARNING: Segment 3 ELF alignment mismatch! VAddr=0x80B686000, Offset=0x4C000, Align=0x4000, VAddr%Align=0x2000, Offset%Align=0x0
[LOADER] Segment 7: VAddr=0x000000080B68E000, FileSize=0x19C, MemSize=0x380, Align=0x4000
[LOADER] WARNING: Segment 7 ELF alignment mismatch! VAddr=0x80B68E000, Offset=0x54000, Align=0x4000, VAddr%Align=0x2000, Offset%Align=0x0
[LOADER] Segment 8: VAddr=0x000000080B68E380, FileSize=0x2C590, MemSize=0x2C590, Align=0x4000
[LOADER] WARNING: Segment 8 ELF alignment mismatch! VAddr=0x80B68E380, Offset=0x54380, Align=0x4000, VAddr%Align=0x2380, Offset%Align=0x380
[LOADER] TryLoadTableBytes: trying location=0x7C190, size=0x780, imageBase=0x80B63E000
[LOADER] TryLoadTableBytes: trying guest address 0x80B6BA190
[LOADER] TryLoadTableBytes: loaded from guest memory at 0x80B6BA190
[LOADER] Dynamic Info: StrTab=0x50380, StrTabSize=0x9CB9
[LOADER] Dynamic Info: SymTab=0x5A040, SymTabSize=0xE568
[LOADER] Dynamic Info: Rela=0x76A20, RelaSize=0xAC8
[LOADER] Dynamic Info: JmpRel=0x685A8, JmpRelSize=0xE478
[LOADER] Dynamic Info: PltGot=0x483E0
[LOADER] TLS module id: 0
[LOADER] HasImportMetadata: True
[LOADER] TryLoadTableBytes: trying location=0x76A20, size=0xAC8, imageBase=0x80B63E000
[LOADER] TryLoadTableBytes: trying guest address 0x80B6B4A20
[LOADER] TryLoadTableBytes: loaded from guest memory at 0x80B6B4A20
[LOADER] TryLoadTableBytes: trying location=0x685A8, size=0xE478, imageBase=0x80B63E000
[LOADER] TryLoadTableBytes: trying guest address 0x80B6A65A8
[LOADER] TryLoadTableBytes: loaded from guest memory at 0x80B6A65A8
[LOADER] ImageBase runtime: 0x000000080B63E000
[LOADER] Processing 2552 relocations...
[LOADER] TryLoadTableBytes: trying location=0x50380, size=0x9CB9, imageBase=0x80B63E000
[LOADER] TryLoadTableBytes: trying guest address 0x80B68E380
[LOADER] TryLoadTableBytes: loaded from guest memory at 0x80B68E380
[LOADER] TryLoadTableBytes: trying location=0x5A040, size=0xE568, imageBase=0x80B63E000
[LOADER] TryLoadTableBytes: trying guest address 0x80B698040
[LOADER] TryLoadTableBytes: loaded from guest memory at 0x80B698040
[LOADER] Found 2439 unique NIDs, 2552 descriptors
[LOADER] CreateImportStubMapping: nids=2439, required=0x9870, map_size=0xA000
[LOADER] Created 2439 import stubs
[LOADER] TryLoadTableBytes: trying location=0x7C190, size=0x780, imageBase=0x80B63E000
[LOADER] TryLoadTableBytes: trying guest address 0x80B6BA190
[LOADER] TryLoadTableBytes: loaded from guest memory at 0x80B6BA190
[LOADER] TryLoadTableBytes: trying location=0x50380, size=0x9CB9, imageBase=0x80B63E000
[LOADER] TryLoadTableBytes: trying guest address 0x80B68E380
[LOADER] TryLoadTableBytes: loaded from guest memory at 0x80B68E380
[LOADER] TryLoadTableBytes: trying location=0x5A040, size=0xE568, imageBase=0x80B63E000
[LOADER] TryLoadTableBytes: trying guest address 0x80B698040
[LOADER] TryLoadTableBytes: loaded from guest memory at 0x80B698040
[LOADER] Runtime symbol index populated: section=0, dynamic=7, total=14
[LOADER] TryLoadTableBytes: trying location=0x7C190, size=0x780, imageBase=0x80B63E000
[LOADER] TryLoadTableBytes: trying guest address 0x80B6BA190
[LOADER] TryLoadTableBytes: loaded from guest memory at 0x80B6BA190
[LOADER][TEST] ResolveMappedAddressOrFallback addr=0x10 imageBase=0x000000080B63E000
[LOADER][TEST] -> resolved raw 0x000000080B63E010
[LOADER][TEST] ResolveMappedAddressOrFallback addr=0x10 imageBase=0x000000080B63E000
[LOADER][TEST] -> resolved raw 0x000000080B63E010
[LOADER] Initializers discovered: preinit=0, init=1
[LOADER] ELF e_entry: 0x0000000000000000
[LOADER] Generation: Gen5 (PS5)
[LOADER] Using image base: 0x000000080B63E000
[LOADER] Final entry point: 0x000000080B63E000
[LOADER] PH[0]: type=Load, vaddr=0x0000000000000000 -> 0x000000080B63E000, memsz=0x3B000
[LOADER] PH[1]: type=Load, vaddr=0x000000000003C000 -> 0x000000080B67A000, memsz=0x8510
[LOADER] PH[2]: type=GnuEhFrame, vaddr=0x000000000003C000 -> 0x000000080B67A000, memsz=0x133C
[LOADER][TLS] load_done assigned=0 next=4
[RUNTIME] Registered module handle=10 name=PSN.prx base=0x000000080B63E000 size=0x000000000007C910
[RUNTIME] Loaded module PSN.prx: entry=0x000000080B63E000, imports=2439, symbols=14
[LOADER][TLS] load_start clear=False next=4 assigned=0 has_pt_tls=False
Total image size needed: 0x2C01C8 (2884040 bytes)
[LOADER] Segment 0: VAddr=0x000000080B8BB000, FileSize=0x3D20, MemSize=0x3D20, Align=0x4000
[LOADER] WARNING: Segment 0 ELF alignment mismatch! VAddr=0x80B8BB000, Offset=0x4000, Align=0x4000, VAddr%Align=0x3000, Offset%Align=0x0
[LOADER] Segment 1: VAddr=0x000000080B8BF000, FileSize=0x19A5, MemSize=0x19A5, Align=0x4000
[LOADER] WARNING: Segment 1 ELF alignment mismatch! VAddr=0x80B8BF000, Offset=0x8000, Align=0x4000, VAddr%Align=0x3000, Offset%Align=0x0
[LOADER] Segment 3: VAddr=0x000000080B8C3000, FileSize=0x230, MemSize=0x230, Align=0x4000
[LOADER] WARNING: Segment 3 ELF alignment mismatch! VAddr=0x80B8C3000, Offset=0xC000, Align=0x4000, VAddr%Align=0x3000, Offset%Align=0x0
[LOADER] Segment 7: VAddr=0x000000080B8C7000, FileSize=0x11, MemSize=0x2B2748, Align=0x4000
[LOADER] WARNING: Segment 7 ELF alignment mismatch! VAddr=0x80B8C7000, Offset=0x10000, Align=0x4000, VAddr%Align=0x3000, Offset%Align=0x0
[LOADER] Segment 8: VAddr=0x000000080BB79750, FileSize=0x1A78, MemSize=0x1A78, Align=0x4000
[LOADER] WARNING: Segment 8 ELF alignment mismatch! VAddr=0x80BB79750, Offset=0x12750, Align=0x4000, VAddr%Align=0x1750, Offset%Align=0x2750
[LOADER] TryLoadTableBytes: trying location=0x2BFE48, size=0x380, imageBase=0x80B8BB000
[LOADER] TryLoadTableBytes: trying guest address 0x80BB7AE48
[LOADER] TryLoadTableBytes: loaded from guest memory at 0x80BB7AE48
[LOADER] Dynamic Info: StrTab=0x2BE750, StrTabSize=0x6A3
[LOADER] Dynamic Info: SymTab=0x2BEDF8, SymTabSize=0x7E0
[LOADER] Dynamic Info: Rela=0x2BFAD0, RelaSize=0xA8
[LOADER] Dynamic Info: JmpRel=0x2BF5D8, JmpRelSize=0x4F8
[LOADER] Dynamic Info: PltGot=0x8028
[LOADER] TLS module id: 0
[LOADER] HasImportMetadata: True
[LOADER] TryLoadTableBytes: trying location=0x2BFAD0, size=0xA8, imageBase=0x80B8BB000
[LOADER] TryLoadTableBytes: trying guest address 0x80BB7AAD0
[LOADER] TryLoadTableBytes: loaded from guest memory at 0x80BB7AAD0
[LOADER] TryLoadTableBytes: trying location=0x2BF5D8, size=0x4F8, imageBase=0x80B8BB000
[LOADER] TryLoadTableBytes: trying guest address 0x80BB7A5D8
[LOADER] TryLoadTableBytes: loaded from guest memory at 0x80BB7A5D8
[LOADER] ImageBase runtime: 0x000000080B8BB000
[LOADER] Processing 60 relocations...
[LOADER] TryLoadTableBytes: trying location=0x2BE750, size=0x6A3, imageBase=0x80B8BB000
[LOADER] TryLoadTableBytes: trying guest address 0x80BB79750
[LOADER] TryLoadTableBytes: loaded from guest memory at 0x80BB79750
[LOADER] TryLoadTableBytes: trying location=0x2BEDF8, size=0x7E0, imageBase=0x80B8BB000
[LOADER] TryLoadTableBytes: trying guest address 0x80BB79DF8
[LOADER] TryLoadTableBytes: loaded from guest memory at 0x80BB79DF8
[LOADER] Found 55 unique NIDs, 60 descriptors
[LOADER] CreateImportStubMapping: nids=55, required=0x370, map_size=0x1000
[LOADER] Created 55 import stubs
[LOADER] TryLoadTableBytes: trying location=0x2BFE48, size=0x380, imageBase=0x80B8BB000
[LOADER] TryLoadTableBytes: trying guest address 0x80BB7AE48
[LOADER] TryLoadTableBytes: loaded from guest memory at 0x80BB7AE48
[LOADER] TryLoadTableBytes: trying location=0x2BE750, size=0x6A3, imageBase=0x80B8BB000
[LOADER] TryLoadTableBytes: trying guest address 0x80BB79750
[LOADER] TryLoadTableBytes: loaded from guest memory at 0x80BB79750
[LOADER] TryLoadTableBytes: trying location=0x2BEDF8, size=0x7E0, imageBase=0x80B8BB000
[LOADER] TryLoadTableBytes: trying guest address 0x80BB79DF8
[LOADER] TryLoadTableBytes: loaded from guest memory at 0x80BB79DF8
[LOADER] Runtime symbol index populated: section=0, dynamic=28, total=56
[LOADER] TryLoadTableBytes: trying location=0x2BFE48, size=0x380, imageBase=0x80B8BB000
[LOADER] TryLoadTableBytes: trying guest address 0x80BB7AE48
[LOADER] TryLoadTableBytes: loaded from guest memory at 0x80BB7AE48
[LOADER][TEST] ResolveMappedAddressOrFallback addr=0x10 imageBase=0x000000080B8BB000
[LOADER][TEST] -> resolved raw 0x000000080B8BB010
[LOADER][TEST] ResolveMappedAddressOrFallback addr=0x10 imageBase=0x000000080B8BB000
[LOADER][TEST] -> resolved raw 0x000000080B8BB010
[LOADER] Initializers discovered: preinit=0, init=1
[LOADER] ELF e_entry: 0x0000000000000000
[LOADER] Generation: Gen5 (PS5)
[LOADER] Using image base: 0x000000080B8BB000
[LOADER] Final entry point: 0x000000080B8BB000
[LOADER] PH[0]: type=Load, vaddr=0x0000000000000000 -> 0x000000080B8BB000, memsz=0x3D20
[LOADER] PH[1]: type=Load, vaddr=0x0000000000004000 -> 0x000000080B8BF000, memsz=0x19A5
[LOADER] PH[2]: type=GnuEhFrame, vaddr=0x0000000000004000 -> 0x000000080B8BF000, memsz=0x424
[LOADER][TLS] load_done assigned=0 next=4
[RUNTIME] Registered module handle=11 name=SaveData.prx base=0x000000080B8BB000 size=0x00000000002C01C8
[RUNTIME] Loaded module SaveData.prx: entry=0x000000080B8BB000, imports=55, symbols=56
[RUNTIME] Module preload summary: loaded=10, failed=0, merged_imports=3443, merged_symbols=95467
[RUNTIME] Imported data rebind: rebound=56, unresolved=0
[RUNTIME] Starting module libc.prx: dt_init=0x0000000804000010
[DISPATCHER] === DispatchModuleInitializer START ===
[DISPATCHER] moduleInit=0x0000000804000010, generation=Gen5, module=libc.prx
[DISPATCHER] DispatchEntryCore STARTING...
[LOADER][INFO] VEH trampoline built: bytes=709 native_worker_abort=True
[LOADER][INFO] Raw exception handler installed: 0x000001D59EA6DE10
[LOADER][INFO] Guest image CPU write tracking: disabled
[LOADER][INFO] VEH trampoline built: bytes=709 native_worker_abort=True
[LOADER][INFO] Exception handler installed: 0x000001D59EA6DF30
[LOADER][INFO] VEH trampoline built: bytes=709 native_worker_abort=True
[LOADER][INFO] Native guest workers prewarmed: 4/4 max_concurrent=2
[LOADER][INFO] === Execute START ===
[LOADER][INFO] EntryPoint: 0x0000000804000010, ImportStubs: 4053
[LOADER][INFO] RuntimeSymbols: 95473
[LOADER][INFO] ExportCheck fputs: libc:fputs
[LOADER][INFO] ExportCheck map_direct: libKernel:sceKernelMapDirectMemory
[LOADER][INFO] Setting up 4053 import stubs...
[LOADER][INFO] LLE redirect: 0x0000700000000010 QI-x0SL8jhw -> QI-x0SL8jhw@0x000000080403E3E0
[LOADER][INFO] LLE redirect: 0x0000700000000020 EH-x713A99c -> EH-x713A99c@0x0000000804041130
[LOADER][INFO] LLE redirect: 0x0000700000000030 gQX+4GDQjpM -> gQX+4GDQjpM@0x0000000804006020
[LOADER][INFO] LLE redirect: 0x0000700000000040 Y7aJ1uydPMo -> Y7aJ1uydPMo@0x0000000804006050
[LOADER][INFO] LLE redirect: 0x0000700000000050 tIhsqj0qsFE -> tIhsqj0qsFE@0x0000000804006030
[LOADER][INFO] LLE redirect: 0x0000700000000060 lKEN2IebgJ0 -> lKEN2IebgJ0@0x0000000804054900
[LOADER][INFO] LLE redirect: 0x0000700000000070 zr094EQ39Ww -> zr094EQ39Ww@0x0000000804035940
[LOADER][INFO] LLE redirect: 0x0000700000000080 ZE6RNL+eLbk -> ZE6RNL+eLbk@0x000000080404FE40
[LOADER][INFO] LLE redirect: 0x0000700000000090 weDug8QD-lE -> weDug8QD-lE@0x0000000804040AA0
[LOADER][INFO] LLE redirect: 0x00007000000000A0 GZWjF-YIFFk -> GZWjF-YIFFk@0x0000000804040170
[LOADER][INFO] LLE redirect: 0x00007000000000B0 H8AprKeZtNg -> H8AprKeZtNg@0x0000000804194480
[LOADER][INFO] LLE redirect: 0x00007000000000C0 c+4r-T-tEIc -> c+4r-T-tEIc@0x000000080404C430
[LOADER][INFO] LLE redirect: 0x00007000000000D0 2sWzhYqFH4E -> 2sWzhYqFH4E@0x00000008041942B8
[LOADER][INFO] LLE redirect: 0x00007000000000E0 8zTFvBIAIN8 -> 8zTFvBIAIN8@0x0000000804010360
[LOADER][INFO] LLE redirect: 0x0000700000000170 DfivPArhucg -> DfivPArhucg@0x0000000804032F00
[LOADER][INFO] LLE redirect: 0x0000700000000180 tQIo+GIPklo -> tQIo+GIPklo@0x0000000804016560
[LOADER][INFO] LLE redirect: 0x00007000000001C0 eT2UsmTewbU -> eT2UsmTewbU@0x0000000804016430
[LOADER][INFO] LLE redirect: 0x00007000000001D0 gNQ1V2vfXDE -> gNQ1V2vfXDE@0x00000008040548B0
[LOADER][INFO] LLE redirect: 0x00007000000001E0 Ujf3KzMvRmI -> Ujf3KzMvRmI@0x0000000804006070
[LOADER][INFO] LLE redirect: 0x00007000000001F0 OGybVuPAhAY -> OGybVuPAhAY@0x0000000804006090
[LOADER][INFO] LLE redirect: 0x0000700000000230 ozMAr28BwSY -> ozMAr28BwSY@0x0000000804016640
[LOADER][INFO] LLE redirect: 0x00007000000002B0 1Pk0qZQGeWo -> 1Pk0qZQGeWo@0x000000080405A5D0
[LOADER][INFO] LLE redirect: 0x00007000000002D0 zlfEH8FmyUA -> zlfEH8FmyUA@0x000000080403DEB0
[LOADER][INFO] LLE redirect: 0x00007000000002E0 xEszJVGpybs -> xEszJVGpybs@0x000000080405B3B0
[LOADER][INFO] LLE redirect: 0x00007000000002F0 5TjaJwkLWxE -> 5TjaJwkLWxE@0x0000000804032F40
[LOADER][INFO] LLE redirect: 0x0000700000000300 JBcgYuW8lPU -> JBcgYuW8lPU@0x000000080403E160
[LOADER][INFO] LLE redirect: 0x0000700000000320 YQ0navp+YIc -> YQ0navp+YIc@0x0000000804036360
[LOADER][INFO] LLE redirect: 0x0000700000000330 JrwFIMzKNr0 -> JrwFIMzKNr0@0x0000000804049760
[LOADER][INFO] LLE redirect: 0x0000700000000340 lA94ZgT+vMM -> lA94ZgT+vMM@0x0000000804046E60
[LOADER][INFO] LLE redirect: 0x0000700000000350 wLlFkwG9UcQ -> wLlFkwG9UcQ@0x000000080406EEF0
[LOADER][INFO] LLE redirect: 0x0000700000000430 mXlxhmLNMPg -> mXlxhmLNMPg@0x000000080403DA80
[LOADER][INFO] LLE redirect: 0x0000700000000440 AEJdIVZTEmo -> AEJdIVZTEmo@0x0000000804063320
[LOADER][INFO] LLE redirect: 0x0000700000000490 1mecP7RgI2A -> 1mecP7RgI2A@0x000000080406ECA0
[LOADER][INFO] LLE redirect: 0x00007000000004D0 0WMHDb5Dt94 -> 0WMHDb5Dt94@0x000000080404C080
[LOADER][INFO] LLE redirect: 0x00007000000004E0 g7zzzLDYGw0 -> g7zzzLDYGw0@0x000000080406E5C0
[LOADER][INFO] LLE redirect: 0x00007000000004F0 MELi-cKqWq0 -> MELi-cKqWq0@0x00000008040169C0
[LOADER][INFO] LLE redirect: 0x0000700000000500 3+UPM-9E6xY -> 3+UPM-9E6xY@0x000000080404C220
[LOADER][INFO] LLE redirect: 0x0000700000000510 rDMyAf1Jhug -> rDMyAf1Jhug@0x000000080404D850
[LOADER][INFO] LLE redirect: 0x0000700000000530 T7uyNqP7vQA -> T7uyNqP7vQA@0x000000080404F940
[LOADER][INFO] LLE redirect: 0x0000700000000540 HUbZmOnT-Dg -> HUbZmOnT-Dg@0x0000000804041CF0
[LOADER][INFO] LLE redirect: 0x00007000000006A0 2X5agFjKxMc -> 2X5agFjKxMc@0x0000000804006040
[LOADER][INFO] LLE redirect: 0x00007000000008E0 pXvbDfchu6k -> pXvbDfchu6k@0x000000080406E700
[LOADER][INFO] LLE redirect: 0x0000700000000980 NU-T4QowTNA -> NU-T4QowTNA@0x0000000804016480
[LOADER][INFO] LLE redirect: 0x00007000000009E0 2vDqwBlpF-o -> 2vDqwBlpF-o@0x000000080405C470
[LOADER][INFO] LLE redirect: 0x0000700000000A00 QZP6I9ZZxpE -> QZP6I9ZZxpE@0x000000080406EBC0
[LOADER][INFO] LLE redirect: 0x0000700000000D50 oVkZ8W8-Q8A -> oVkZ8W8-Q8A@0x000000080406D990
[LOADER][INFO] LLE redirect: 0x0000700000000E80 M4YYbSFfJ8g -> M4YYbSFfJ8g@0x0000000804FB8030
[LOADER][INFO] LLE redirect: 0x0000700000000EB0 35NoyMOtYpE -> 35NoyMOtYpE@0x0000000804FB7FD0
[LOADER][INFO] Setup 4053/4053 import stubs (direct bridge, lle_redirects=2744)
[LOADER][INFO] TLS handler at 0x0000000803000000
[LOADER][INFO] Patched 0 TLS loads, 164 TLS stores, 0 stack-canary accesses, 0 SSE4a EXTRQ blends
[LOADER][INFO] Patched 369 TLS loads, 0 TLS stores, 0 stack-canary accesses, 0 SSE4a EXTRQ blends (lazy-commit rescan 0x0000000800000000-0x0000000808000000)
[LOADER][INFO] ExecuteEntry starting at 0x0000000804000010
[LOADER][INFO] RSP=0x00007FFFF01FFFD8, RDI=0x0000000000000000
[LOADER][INFO] StackTop: 0x00007FFFF01FFFD8
[LOADER][INFO] Calling guest entry...
[LOADER][TRACE] pthread_cond_broadcast: cond=0x000000080419A7A8 mutex=0x0000000000000000 waiters=0 epoch=0x1 timed=False result=0x00000000
[LOADER][TRACE] pthread_cond_broadcast: cond=0x000000080419A7A8 mutex=0x0000000000000000 waiters=0 epoch=0x2 timed=False result=0x00000000
[LOADER][TRACE] pthread_cond_broadcast: cond=0x000000080419A7A8 mutex=0x0000000000000000 waiters=0 epoch=0x3 timed=False result=0x00000000
[LOADER][TRACE] pthread_cond_broadcast: cond=0x000000080419A7A8 mutex=0x0000000000000000 waiters=0 epoch=0x4 timed=False result=0x00000000
[LOADER][TRACE] pthread_cond_broadcast: cond=0x000000080419A7A8 mutex=0x0000000000000000 waiters=0 epoch=0x5 timed=False result=0x00000000
[LOADER][TRACE] pthread_cond_broadcast: cond=0x000000080419A7A8 mutex=0x0000000000000000 waiters=0 epoch=0x6 timed=False result=0x00000000
[LOADER][TRACE] pthread_cond_broadcast: cond=0x000000080419A7A8 mutex=0x0000000000000000 waiters=0 epoch=0x7 timed=False result=0x00000000
[LOADER][INFO] Guest returned: 0
[LOADER][INFO] === Execute END (LastError: null) ===
[RUNTIME] Starting module libSceNpCppWebApi.prx: dt_init=0x00000008043D3010
[DISPATCHER] === DispatchModuleInitializer START ===
[DISPATCHER] moduleInit=0x00000008043D3010, generation=Gen5, module=libSceNpCppWebApi.prx
[DISPATCHER] DispatchEntryCore STARTING...
[LOADER][INFO] === Execute START ===
[LOADER][INFO] EntryPoint: 0x00000008043D3010, ImportStubs: 4053
[LOADER][INFO] RuntimeSymbols: 95473
[LOADER][INFO] ExportCheck fputs: libc:fputs
[LOADER][INFO] ExportCheck map_direct: libKernel:sceKernelMapDirectMemory
[LOADER][INFO] Setting up 4053 import stubs...
[LOADER][INFO] LLE redirect: 0x0000700000000010 QI-x0SL8jhw -> QI-x0SL8jhw@0x000000080403E3E0
[LOADER][INFO] LLE redirect: 0x0000700000000020 EH-x713A99c -> EH-x713A99c@0x0000000804041130
[LOADER][INFO] LLE redirect: 0x0000700000000030 gQX+4GDQjpM -> gQX+4GDQjpM@0x0000000804006020
[LOADER][INFO] LLE redirect: 0x0000700000000040 Y7aJ1uydPMo -> Y7aJ1uydPMo@0x0000000804006050
[LOADER][INFO] LLE redirect: 0x0000700000000050 tIhsqj0qsFE -> tIhsqj0qsFE@0x0000000804006030
[LOADER][INFO] LLE redirect: 0x0000700000000060 lKEN2IebgJ0 -> lKEN2IebgJ0@0x0000000804054900
[LOADER][INFO] LLE redirect: 0x0000700000000070 zr094EQ39Ww -> zr094EQ39Ww@0x0000000804035940
[LOADER][INFO] LLE redirect: 0x0000700000000080 ZE6RNL+eLbk -> ZE6RNL+eLbk@0x000000080404FE40
[LOADER][INFO] LLE redirect: 0x0000700000000090 weDug8QD-lE -> weDug8QD-lE@0x0000000804040AA0
[LOADER][INFO] LLE redirect: 0x00007000000000A0 GZWjF-YIFFk -> GZWjF-YIFFk@0x0000000804040170
[LOADER][INFO] LLE redirect: 0x00007000000000B0 H8AprKeZtNg -> H8AprKeZtNg@0x0000000804194480
[LOADER][INFO] LLE redirect: 0x00007000000000C0 c+4r-T-tEIc -> c+4r-T-tEIc@0x000000080404C430
[LOADER][INFO] LLE redirect: 0x00007000000000D0 2sWzhYqFH4E -> 2sWzhYqFH4E@0x00000008041942B8
[LOADER][INFO] LLE redirect: 0x00007000000000E0 8zTFvBIAIN8 -> 8zTFvBIAIN8@0x0000000804010360
[LOADER][INFO] LLE redirect: 0x0000700000000170 DfivPArhucg -> DfivPArhucg@0x0000000804032F00
[LOADER][INFO] LLE redirect: 0x0000700000000180 tQIo+GIPklo -> tQIo+GIPklo@0x0000000804016560
[LOADER][INFO] LLE redirect: 0x00007000000001C0 eT2UsmTewbU -> eT2UsmTewbU@0x0000000804016430
[LOADER][INFO] LLE redirect: 0x00007000000001D0 gNQ1V2vfXDE -> gNQ1V2vfXDE@0x00000008040548B0
[LOADER][INFO] LLE redirect: 0x00007000000001E0 Ujf3KzMvRmI -> Ujf3KzMvRmI@0x0000000804006070
[LOADER][INFO] LLE redirect: 0x00007000000001F0 OGybVuPAhAY -> OGybVuPAhAY@0x0000000804006090
[LOADER][INFO] LLE redirect: 0x0000700000000230 ozMAr28BwSY -> ozMAr28BwSY@0x0000000804016640
[LOADER][INFO] LLE redirect: 0x00007000000002B0 1Pk0qZQGeWo -> 1Pk0qZQGeWo@0x000000080405A5D0
[LOADER][INFO] LLE redirect: 0x00007000000002D0 zlfEH8FmyUA -> zlfEH8FmyUA@0x000000080403DEB0
[LOADER][INFO] LLE redirect: 0x00007000000002E0 xEszJVGpybs -> xEszJVGpybs@0x000000080405B3B0
[LOADER][INFO] LLE redirect: 0x00007000000002F0 5TjaJwkLWxE -> 5TjaJwkLWxE@0x0000000804032F40
[LOADER][INFO] LLE redirect: 0x0000700000000300 JBcgYuW8lPU -> JBcgYuW8lPU@0x000000080403E160
[LOADER][INFO] LLE redirect: 0x0000700000000320 YQ0navp+YIc -> YQ0navp+YIc@0x0000000804036360
[LOADER][INFO] LLE redirect: 0x0000700000000330 JrwFIMzKNr0 -> JrwFIMzKNr0@0x0000000804049760
[LOADER][INFO] LLE redirect: 0x0000700000000340 lA94ZgT+vMM -> lA94ZgT+vMM@0x0000000804046E60
[LOADER][INFO] LLE redirect: 0x0000700000000350 wLlFkwG9UcQ -> wLlFkwG9UcQ@0x000000080406EEF0
[LOADER][INFO] LLE redirect: 0x0000700000000430 mXlxhmLNMPg -> mXlxhmLNMPg@0x000000080403DA80
[LOADER][INFO] LLE redirect: 0x0000700000000440 AEJdIVZTEmo -> AEJdIVZTEmo@0x0000000804063320
[LOADER][INFO] LLE redirect: 0x0000700000000490 1mecP7RgI2A -> 1mecP7RgI2A@0x000000080406ECA0
[LOADER][INFO] LLE redirect: 0x00007000000004D0 0WMHDb5Dt94 -> 0WMHDb5Dt94@0x000000080404C080
[LOADER][INFO] LLE redirect: 0x00007000000004E0 g7zzzLDYGw0 -> g7zzzLDYGw0@0x000000080406E5C0
[LOADER][INFO] LLE redirect: 0x00007000000004F0 MELi-cKqWq0 -> MELi-cKqWq0@0x00000008040169C0
[LOADER][INFO] LLE redirect: 0x0000700000000500 3+UPM-9E6xY -> 3+UPM-9E6xY@0x000000080404C220
[LOADER][INFO] LLE redirect: 0x0000700000000510 rDMyAf1Jhug -> rDMyAf1Jhug@0x000000080404D850
[LOADER][INFO] LLE redirect: 0x0000700000000530 T7uyNqP7vQA -> T7uyNqP7vQA@0x000000080404F940
[LOADER][INFO] LLE redirect: 0x0000700000000540 HUbZmOnT-Dg -> HUbZmOnT-Dg@0x0000000804041CF0
[LOADER][INFO] LLE redirect: 0x00007000000006A0 2X5agFjKxMc -> 2X5agFjKxMc@0x0000000804006040
[LOADER][INFO] LLE redirect: 0x00007000000008E0 pXvbDfchu6k -> pXvbDfchu6k@0x000000080406E700
[LOADER][INFO] LLE redirect: 0x0000700000000980 NU-T4QowTNA -> NU-T4QowTNA@0x0000000804016480
[LOADER][INFO] LLE redirect: 0x00007000000009E0 2vDqwBlpF-o -> 2vDqwBlpF-o@0x000000080405C470
[LOADER][INFO] LLE redirect: 0x0000700000000A00 QZP6I9ZZxpE -> QZP6I9ZZxpE@0x000000080406EBC0
[LOADER][INFO] LLE redirect: 0x0000700000000D50 oVkZ8W8-Q8A -> oVkZ8W8-Q8A@0x000000080406D990
[LOADER][INFO] LLE redirect: 0x0000700000000E80 M4YYbSFfJ8g -> M4YYbSFfJ8g@0x0000000804FB8030
[LOADER][INFO] LLE redirect: 0x0000700000000EB0 35NoyMOtYpE -> 35NoyMOtYpE@0x0000000804FB7FD0
[LOADER][INFO] Setup 4053/4053 import stubs (direct bridge, lle_redirects=2744)
[LOADER][INFO] TLS handler at 0x00000008033D0000
[LOADER][INFO] Patched 0 TLS loads, 0 TLS stores, 0 stack-canary accesses, 0 SSE4a EXTRQ blends
[LOADER][INFO] ExecuteEntry starting at 0x00000008043D3010
[LOADER][INFO] RSP=0x00007FFFF01FFFD8, RDI=0x0000000000000000
[LOADER][INFO] StackTop: 0x00007FFFF01FFFD8
[LOADER][INFO] Calling guest entry...
[LOADER][INFO] Guest returned: 0
[LOADER][INFO] === Execute END (LastError: null) ===
[RUNTIME] Starting module Il2CppUserAssemblies.prx: dt_init=0x0000000804D56010
[DISPATCHER] === DispatchModuleInitializer START ===
[DISPATCHER] moduleInit=0x0000000804D56010, generation=Gen5, module=Il2CppUserAssemblies.prx
[DISPATCHER] DispatchEntryCore STARTING...
[LOADER][INFO] === Execute START ===
[LOADER][INFO] EntryPoint: 0x0000000804D56010, ImportStubs: 4053
[LOADER][INFO] RuntimeSymbols: 95473
[LOADER][INFO] ExportCheck fputs: libc:fputs
[LOADER][INFO] ExportCheck map_direct: libKernel:sceKernelMapDirectMemory
[LOADER][INFO] Setting up 4053 import stubs...
[LOADER][INFO] LLE redirect: 0x0000700000000010 QI-x0SL8jhw -> QI-x0SL8jhw@0x000000080403E3E0
[LOADER][INFO] LLE redirect: 0x0000700000000020 EH-x713A99c -> EH-x713A99c@0x0000000804041130
[LOADER][INFO] LLE redirect: 0x0000700000000030 gQX+4GDQjpM -> gQX+4GDQjpM@0x0000000804006020
[LOADER][INFO] LLE redirect: 0x0000700000000040 Y7aJ1uydPMo -> Y7aJ1uydPMo@0x0000000804006050
[LOADER][INFO] LLE redirect: 0x0000700000000050 tIhsqj0qsFE -> tIhsqj0qsFE@0x0000000804006030
[LOADER][INFO] LLE redirect: 0x0000700000000060 lKEN2IebgJ0 -> lKEN2IebgJ0@0x0000000804054900
[LOADER][INFO] LLE redirect: 0x0000700000000070 zr094EQ39Ww -> zr094EQ39Ww@0x0000000804035940
[LOADER][INFO] LLE redirect: 0x0000700000000080 ZE6RNL+eLbk -> ZE6RNL+eLbk@0x000000080404FE40
[LOADER][INFO] LLE redirect: 0x0000700000000090 weDug8QD-lE -> weDug8QD-lE@0x0000000804040AA0
[LOADER][INFO] LLE redirect: 0x00007000000000A0 GZWjF-YIFFk -> GZWjF-YIFFk@0x0000000804040170
[LOADER][INFO] LLE redirect: 0x00007000000000B0 H8AprKeZtNg -> H8AprKeZtNg@0x0000000804194480
[LOADER][INFO] LLE redirect: 0x00007000000000C0 c+4r-T-tEIc -> c+4r-T-tEIc@0x000000080404C430
[LOADER][INFO] LLE redirect: 0x00007000000000D0 2sWzhYqFH4E -> 2sWzhYqFH4E@0x00000008041942B8
[LOADER][INFO] LLE redirect: 0x00007000000000E0 8zTFvBIAIN8 -> 8zTFvBIAIN8@0x0000000804010360
[LOADER][INFO] LLE redirect: 0x0000700000000170 DfivPArhucg -> DfivPArhucg@0x0000000804032F00
[LOADER][INFO] LLE redirect: 0x0000700000000180 tQIo+GIPklo -> tQIo+GIPklo@0x0000000804016560
[LOADER][INFO] LLE redirect: 0x00007000000001C0 eT2UsmTewbU -> eT2UsmTewbU@0x0000000804016430
[LOADER][INFO] LLE redirect: 0x00007000000001D0 gNQ1V2vfXDE -> gNQ1V2vfXDE@0x00000008040548B0
[LOADER][INFO] LLE redirect: 0x00007000000001E0 Ujf3KzMvRmI -> Ujf3KzMvRmI@0x0000000804006070
[LOADER][INFO] LLE redirect: 0x00007000000001F0 OGybVuPAhAY -> OGybVuPAhAY@0x0000000804006090
[LOADER][INFO] LLE redirect: 0x0000700000000230 ozMAr28BwSY -> ozMAr28BwSY@0x0000000804016640
[LOADER][INFO] LLE redirect: 0x00007000000002B0 1Pk0qZQGeWo -> 1Pk0qZQGeWo@0x000000080405A5D0
[LOADER][INFO] LLE redirect: 0x00007000000002D0 zlfEH8FmyUA -> zlfEH8FmyUA@0x000000080403DEB0
[LOADER][INFO] LLE redirect: 0x00007000000002E0 xEszJVGpybs -> xEszJVGpybs@0x000000080405B3B0
[LOADER][INFO] LLE redirect: 0x00007000000002F0 5TjaJwkLWxE -> 5TjaJwkLWxE@0x0000000804032F40
[LOADER][INFO] LLE redirect: 0x0000700000000300 JBcgYuW8lPU -> JBcgYuW8lPU@0x000000080403E160
[LOADER][INFO] LLE redirect: 0x0000700000000320 YQ0navp+YIc -> YQ0navp+YIc@0x0000000804036360
[LOADER][INFO] LLE redirect: 0x0000700000000330 JrwFIMzKNr0 -> JrwFIMzKNr0@0x0000000804049760
[LOADER][INFO] LLE redirect: 0x0000700000000340 lA94ZgT+vMM -> lA94ZgT+vMM@0x0000000804046E60
[LOADER][INFO] LLE redirect: 0x0000700000000350 wLlFkwG9UcQ -> wLlFkwG9UcQ@0x000000080406EEF0
[LOADER][INFO] LLE redirect: 0x0000700000000430 mXlxhmLNMPg -> mXlxhmLNMPg@0x000000080403DA80
[LOADER][INFO] LLE redirect: 0x0000700000000440 AEJdIVZTEmo -> AEJdIVZTEmo@0x0000000804063320
[LOADER][INFO] LLE redirect: 0x0000700000000490 1mecP7RgI2A -> 1mecP7RgI2A@0x000000080406ECA0
[LOADER][INFO] LLE redirect: 0x00007000000004D0 0WMHDb5Dt94 -> 0WMHDb5Dt94@0x000000080404C080
[LOADER][INFO] LLE redirect: 0x00007000000004E0 g7zzzLDYGw0 -> g7zzzLDYGw0@0x000000080406E5C0
[LOADER][INFO] LLE redirect: 0x00007000000004F0 MELi-cKqWq0 -> MELi-cKqWq0@0x00000008040169C0
[LOADER][INFO] LLE redirect: 0x0000700000000500 3+UPM-9E6xY -> 3+UPM-9E6xY@0x000000080404C220
[LOADER][INFO] LLE redirect: 0x0000700000000510 rDMyAf1Jhug -> rDMyAf1Jhug@0x000000080404D850
[LOADER][INFO] LLE redirect: 0x0000700000000530 T7uyNqP7vQA -> T7uyNqP7vQA@0x000000080404F940
[LOADER][INFO] LLE redirect: 0x0000700000000540 HUbZmOnT-Dg -> HUbZmOnT-Dg@0x0000000804041CF0
[LOADER][INFO] LLE redirect: 0x00007000000006A0 2X5agFjKxMc -> 2X5agFjKxMc@0x0000000804006040
[LOADER][INFO] LLE redirect: 0x00007000000008E0 pXvbDfchu6k -> pXvbDfchu6k@0x000000080406E700
[LOADER][INFO] LLE redirect: 0x0000700000000980 NU-T4QowTNA -> NU-T4QowTNA@0x0000000804016480
[LOADER][INFO] LLE redirect: 0x00007000000009E0 2vDqwBlpF-o -> 2vDqwBlpF-o@0x000000080405C470
[LOADER][INFO] LLE redirect: 0x0000700000000A00 QZP6I9ZZxpE -> QZP6I9ZZxpE@0x000000080406EBC0
[LOADER][INFO] LLE redirect: 0x0000700000000D50 oVkZ8W8-Q8A -> oVkZ8W8-Q8A@0x000000080406D990
[LOADER][INFO] LLE redirect: 0x0000700000000E80 M4YYbSFfJ8g -> M4YYbSFfJ8g@0x0000000804FB8030
[LOADER][INFO] LLE redirect: 0x0000700000000EB0 35NoyMOtYpE -> 35NoyMOtYpE@0x0000000804FB7FD0
[LOADER][INFO] Setup 4053/4053 import stubs (direct bridge, lle_redirects=2744)
[LOADER][INFO] TLS handler at 0x0000000803D50000
[LOADER][INFO] Patched 0 TLS loads, 0 TLS stores, 0 stack-canary accesses, 0 SSE4a EXTRQ blends
[LOADER][INFO] ExecuteEntry starting at 0x0000000804D56010
[LOADER][INFO] RSP=0x00007FFFF01FFFD8, RDI=0x0000000000000000
[LOADER][INFO] StackTop: 0x00007FFFF01FFFD8
[LOADER][INFO] Calling guest entry...
[LOADER][INFO] Guest returned: 0
[LOADER][INFO] === Execute END (LastError: null) ===
[RUNTIME] Starting module PS5Util.prx: dt_init=0x000000080A821010
[DISPATCHER] === DispatchModuleInitializer START ===
[DISPATCHER] moduleInit=0x000000080A821010, generation=Gen5, module=PS5Util.prx
[DISPATCHER] DispatchEntryCore STARTING...
[LOADER][INFO] === Execute START ===
[LOADER][INFO] EntryPoint: 0x000000080A821010, ImportStubs: 4053
[LOADER][INFO] RuntimeSymbols: 95473
[LOADER][INFO] ExportCheck fputs: libc:fputs
[LOADER][INFO] ExportCheck map_direct: libKernel:sceKernelMapDirectMemory
[LOADER][INFO] Setting up 4053 import stubs...
[LOADER][INFO] LLE redirect: 0x0000700000000010 QI-x0SL8jhw -> QI-x0SL8jhw@0x000000080403E3E0
[LOADER][INFO] LLE redirect: 0x0000700000000020 EH-x713A99c -> EH-x713A99c@0x0000000804041130
[LOADER][INFO] LLE redirect: 0x0000700000000030 gQX+4GDQjpM -> gQX+4GDQjpM@0x0000000804006020
[LOADER][INFO] LLE redirect: 0x0000700000000040 Y7aJ1uydPMo -> Y7aJ1uydPMo@0x0000000804006050
[LOADER][INFO] LLE redirect: 0x0000700000000050 tIhsqj0qsFE -> tIhsqj0qsFE@0x0000000804006030
[LOADER][INFO] LLE redirect: 0x0000700000000060 lKEN2IebgJ0 -> lKEN2IebgJ0@0x0000000804054900
[LOADER][INFO] LLE redirect: 0x0000700000000070 zr094EQ39Ww -> zr094EQ39Ww@0x0000000804035940
[LOADER][INFO] LLE redirect: 0x0000700000000080 ZE6RNL+eLbk -> ZE6RNL+eLbk@0x000000080404FE40
[LOADER][INFO] LLE redirect: 0x0000700000000090 weDug8QD-lE -> weDug8QD-lE@0x0000000804040AA0
[LOADER][INFO] LLE redirect: 0x00007000000000A0 GZWjF-YIFFk -> GZWjF-YIFFk@0x0000000804040170
[LOADER][INFO] LLE redirect: 0x00007000000000B0 H8AprKeZtNg -> H8AprKeZtNg@0x0000000804194480
[LOADER][INFO] LLE redirect: 0x00007000000000C0 c+4r-T-tEIc -> c+4r-T-tEIc@0x000000080404C430
[LOADER][INFO] LLE redirect: 0x00007000000000D0 2sWzhYqFH4E -> 2sWzhYqFH4E@0x00000008041942B8
[LOADER][INFO] LLE redirect: 0x00007000000000E0 8zTFvBIAIN8 -> 8zTFvBIAIN8@0x0000000804010360
[LOADER][INFO] LLE redirect: 0x0000700000000170 DfivPArhucg -> DfivPArhucg@0x0000000804032F00
[LOADER][INFO] LLE redirect: 0x0000700000000180 tQIo+GIPklo -> tQIo+GIPklo@0x0000000804016560
[LOADER][INFO] LLE redirect: 0x00007000000001C0 eT2UsmTewbU -> eT2UsmTewbU@0x0000000804016430
[LOADER][INFO] LLE redirect: 0x00007000000001D0 gNQ1V2vfXDE -> gNQ1V2vfXDE@0x00000008040548B0
[LOADER][INFO] LLE redirect: 0x00007000000001E0 Ujf3KzMvRmI -> Ujf3KzMvRmI@0x0000000804006070
[LOADER][INFO] LLE redirect: 0x00007000000001F0 OGybVuPAhAY -> OGybVuPAhAY@0x0000000804006090
[LOADER][INFO] LLE redirect: 0x0000700000000230 ozMAr28BwSY -> ozMAr28BwSY@0x0000000804016640
[LOADER][INFO] LLE redirect: 0x00007000000002B0 1Pk0qZQGeWo -> 1Pk0qZQGeWo@0x000000080405A5D0
[LOADER][INFO] LLE redirect: 0x00007000000002D0 zlfEH8FmyUA -> zlfEH8FmyUA@0x000000080403DEB0
[LOADER][INFO] LLE redirect: 0x00007000000002E0 xEszJVGpybs -> xEszJVGpybs@0x000000080405B3B0
[LOADER][INFO] LLE redirect: 0x00007000000002F0 5TjaJwkLWxE -> 5TjaJwkLWxE@0x0000000804032F40
[LOADER][INFO] LLE redirect: 0x0000700000000300 JBcgYuW8lPU -> JBcgYuW8lPU@0x000000080403E160
[LOADER][INFO] LLE redirect: 0x0000700000000320 YQ0navp+YIc -> YQ0navp+YIc@0x0000000804036360
[LOADER][INFO] LLE redirect: 0x0000700000000330 JrwFIMzKNr0 -> JrwFIMzKNr0@0x0000000804049760
[LOADER][INFO] LLE redirect: 0x0000700000000340 lA94ZgT+vMM -> lA94ZgT+vMM@0x0000000804046E60
[LOADER][INFO] LLE redirect: 0x0000700000000350 wLlFkwG9UcQ -> wLlFkwG9UcQ@0x000000080406EEF0
[LOADER][INFO] LLE redirect: 0x0000700000000430 mXlxhmLNMPg -> mXlxhmLNMPg@0x000000080403DA80
[LOADER][INFO] LLE redirect: 0x0000700000000440 AEJdIVZTEmo -> AEJdIVZTEmo@0x0000000804063320
[LOADER][INFO] LLE redirect: 0x0000700000000490 1mecP7RgI2A -> 1mecP7RgI2A@0x000000080406ECA0
[LOADER][INFO] LLE redirect: 0x00007000000004D0 0WMHDb5Dt94 -> 0WMHDb5Dt94@0x000000080404C080
[LOADER][INFO] LLE redirect: 0x00007000000004E0 g7zzzLDYGw0 -> g7zzzLDYGw0@0x000000080406E5C0
[LOADER][INFO] LLE redirect: 0x00007000000004F0 MELi-cKqWq0 -> MELi-cKqWq0@0x00000008040169C0
[LOADER][INFO] LLE redirect: 0x0000700000000500 3+UPM-9E6xY -> 3+UPM-9E6xY@0x000000080404C220
[LOADER][INFO] LLE redirect: 0x0000700000000510 rDMyAf1Jhug -> rDMyAf1Jhug@0x000000080404D850
[LOADER][INFO] LLE redirect: 0x0000700000000530 T7uyNqP7vQA -> T7uyNqP7vQA@0x000000080404F940
[LOADER][INFO] LLE redirect: 0x0000700000000540 HUbZmOnT-Dg -> HUbZmOnT-Dg@0x0000000804041CF0
[LOADER][INFO] LLE redirect: 0x00007000000006A0 2X5agFjKxMc -> 2X5agFjKxMc@0x0000000804006040
[LOADER][INFO] LLE redirect: 0x00007000000008E0 pXvbDfchu6k -> pXvbDfchu6k@0x000000080406E700
[LOADER][INFO] LLE redirect: 0x0000700000000980 NU-T4QowTNA -> NU-T4QowTNA@0x0000000804016480
[LOADER][INFO] LLE redirect: 0x00007000000009E0 2vDqwBlpF-o -> 2vDqwBlpF-o@0x000000080405C470
[LOADER][INFO] LLE redirect: 0x0000700000000A00 QZP6I9ZZxpE -> QZP6I9ZZxpE@0x000000080406EBC0
[LOADER][INFO] LLE redirect: 0x0000700000000D50 oVkZ8W8-Q8A -> oVkZ8W8-Q8A@0x000000080406D990
[LOADER][INFO] LLE redirect: 0x0000700000000E80 M4YYbSFfJ8g -> M4YYbSFfJ8g@0x0000000804FB8030
[LOADER][INFO] LLE redirect: 0x0000700000000EB0 35NoyMOtYpE -> 35NoyMOtYpE@0x0000000804FB7FD0
[LOADER][INFO] Setup 4053/4053 import stubs (direct bridge, lle_redirects=2744)
[LOADER][INFO] TLS handler at 0x000000080B820000
[LOADER][INFO] Patched 0 TLS loads, 0 TLS stores, 0 stack-canary accesses, 0 SSE4a EXTRQ blends
[LOADER][INFO] ExecuteEntry starting at 0x000000080A821010
[LOADER][INFO] RSP=0x00007FFFF01FFFD8, RDI=0x0000000000000000
[LOADER][INFO] StackTop: 0x00007FFFF01FFFD8
[LOADER][INFO] Calling guest entry...
[LOADER][INFO] Guest returned: 0
[LOADER][INFO] === Execute END (LastError: null) ===
[RUNTIME] Starting module libfmod.prx: dt_init=0x000000080AA2E010
[DISPATCHER] === DispatchModuleInitializer START ===
[DISPATCHER] moduleInit=0x000000080AA2E010, generation=Gen5, module=libfmod.prx
[DISPATCHER] DispatchEntryCore STARTING...
[LOADER][INFO] === Execute START ===
[LOADER][INFO] EntryPoint: 0x000000080AA2E010, ImportStubs: 4053
[LOADER][INFO] RuntimeSymbols: 95473
[LOADER][INFO] ExportCheck fputs: libc:fputs
[LOADER][INFO] ExportCheck map_direct: libKernel:sceKernelMapDirectMemory
[LOADER][INFO] Setting up 4053 import stubs...
[LOADER][INFO] LLE redirect: 0x0000700000000010 QI-x0SL8jhw -> QI-x0SL8jhw@0x000000080403E3E0
[LOADER][INFO] LLE redirect: 0x0000700000000020 EH-x713A99c -> EH-x713A99c@0x0000000804041130
[LOADER][INFO] LLE redirect: 0x0000700000000030 gQX+4GDQjpM -> gQX+4GDQjpM@0x0000000804006020
[LOADER][INFO] LLE redirect: 0x0000700000000040 Y7aJ1uydPMo -> Y7aJ1uydPMo@0x0000000804006050
[LOADER][INFO] LLE redirect: 0x0000700000000050 tIhsqj0qsFE -> tIhsqj0qsFE@0x0000000804006030
[LOADER][INFO] LLE redirect: 0x0000700000000060 lKEN2IebgJ0 -> lKEN2IebgJ0@0x0000000804054900
[LOADER][INFO] LLE redirect: 0x0000700000000070 zr094EQ39Ww -> zr094EQ39Ww@0x0000000804035940
[LOADER][INFO] LLE redirect: 0x0000700000000080 ZE6RNL+eLbk -> ZE6RNL+eLbk@0x000000080404FE40
[LOADER][INFO] LLE redirect: 0x0000700000000090 weDug8QD-lE -> weDug8QD-lE@0x0000000804040AA0
[LOADER][INFO] LLE redirect: 0x00007000000000A0 GZWjF-YIFFk -> GZWjF-YIFFk@0x0000000804040170
[LOADER][INFO] LLE redirect: 0x00007000000000B0 H8AprKeZtNg -> H8AprKeZtNg@0x0000000804194480
[LOADER][INFO] LLE redirect: 0x00007000000000C0 c+4r-T-tEIc -> c+4r-T-tEIc@0x000000080404C430
[LOADER][INFO] LLE redirect: 0x00007000000000D0 2sWzhYqFH4E -> 2sWzhYqFH4E@0x00000008041942B8
[LOADER][INFO] LLE redirect: 0x00007000000000E0 8zTFvBIAIN8 -> 8zTFvBIAIN8@0x0000000804010360
[LOADER][INFO] LLE redirect: 0x0000700000000170 DfivPArhucg -> DfivPArhucg@0x0000000804032F00
[LOADER][INFO] LLE redirect: 0x0000700000000180 tQIo+GIPklo -> tQIo+GIPklo@0x0000000804016560
[LOADER][INFO] LLE redirect: 0x00007000000001C0 eT2UsmTewbU -> eT2UsmTewbU@0x0000000804016430
[LOADER][INFO] LLE redirect: 0x00007000000001D0 gNQ1V2vfXDE -> gNQ1V2vfXDE@0x00000008040548B0
[LOADER][INFO] LLE redirect: 0x00007000000001E0 Ujf3KzMvRmI -> Ujf3KzMvRmI@0x0000000804006070
[LOADER][INFO] LLE redirect: 0x00007000000001F0 OGybVuPAhAY -> OGybVuPAhAY@0x0000000804006090
[LOADER][INFO] LLE redirect: 0x0000700000000230 ozMAr28BwSY -> ozMAr28BwSY@0x0000000804016640
[LOADER][INFO] LLE redirect: 0x00007000000002B0 1Pk0qZQGeWo -> 1Pk0qZQGeWo@0x000000080405A5D0
[LOADER][INFO] LLE redirect: 0x00007000000002D0 zlfEH8FmyUA -> zlfEH8FmyUA@0x000000080403DEB0
[LOADER][INFO] LLE redirect: 0x00007000000002E0 xEszJVGpybs -> xEszJVGpybs@0x000000080405B3B0
[LOADER][INFO] LLE redirect: 0x00007000000002F0 5TjaJwkLWxE -> 5TjaJwkLWxE@0x0000000804032F40
[LOADER][INFO] LLE redirect: 0x0000700000000300 JBcgYuW8lPU -> JBcgYuW8lPU@0x000000080403E160
[LOADER][INFO] LLE redirect: 0x0000700000000320 YQ0navp+YIc -> YQ0navp+YIc@0x0000000804036360
[LOADER][INFO] LLE redirect: 0x0000700000000330 JrwFIMzKNr0 -> JrwFIMzKNr0@0x0000000804049760
[LOADER][INFO] LLE redirect: 0x0000700000000340 lA94ZgT+vMM -> lA94ZgT+vMM@0x0000000804046E60
[LOADER][INFO] LLE redirect: 0x0000700000000350 wLlFkwG9UcQ -> wLlFkwG9UcQ@0x000000080406EEF0
[LOADER][INFO] LLE redirect: 0x0000700000000430 mXlxhmLNMPg -> mXlxhmLNMPg@0x000000080403DA80
[LOADER][INFO] LLE redirect: 0x0000700000000440 AEJdIVZTEmo -> AEJdIVZTEmo@0x0000000804063320
[LOADER][INFO] LLE redirect: 0x0000700000000490 1mecP7RgI2A -> 1mecP7RgI2A@0x000000080406ECA0
[LOADER][INFO] LLE redirect: 0x00007000000004D0 0WMHDb5Dt94 -> 0WMHDb5Dt94@0x000000080404C080
[LOADER][INFO] LLE redirect: 0x00007000000004E0 g7zzzLDYGw0 -> g7zzzLDYGw0@0x000000080406E5C0
[LOADER][INFO] LLE redirect: 0x00007000000004F0 MELi-cKqWq0 -> MELi-cKqWq0@0x00000008040169C0
[LOADER][INFO] LLE redirect: 0x0000700000000500 3+UPM-9E6xY -> 3+UPM-9E6xY@0x000000080404C220
[LOADER][INFO] LLE redirect: 0x0000700000000510 rDMyAf1Jhug -> rDMyAf1Jhug@0x000000080404D850
[LOADER][INFO] LLE redirect: 0x0000700000000530 T7uyNqP7vQA -> T7uyNqP7vQA@0x000000080404F940
[LOADER][INFO] LLE redirect: 0x0000700000000540 HUbZmOnT-Dg -> HUbZmOnT-Dg@0x0000000804041CF0
[LOADER][INFO] LLE redirect: 0x00007000000006A0 2X5agFjKxMc -> 2X5agFjKxMc@0x0000000804006040
[LOADER][INFO] LLE redirect: 0x00007000000008E0 pXvbDfchu6k -> pXvbDfchu6k@0x000000080406E700
[LOADER][INFO] LLE redirect: 0x0000700000000980 NU-T4QowTNA -> NU-T4QowTNA@0x0000000804016480
[LOADER][INFO] LLE redirect: 0x00007000000009E0 2vDqwBlpF-o -> 2vDqwBlpF-o@0x000000080405C470
[LOADER][INFO] LLE redirect: 0x0000700000000A00 QZP6I9ZZxpE -> QZP6I9ZZxpE@0x000000080406EBC0
[LOADER][INFO] LLE redirect: 0x0000700000000D50 oVkZ8W8-Q8A -> oVkZ8W8-Q8A@0x000000080406D990
[LOADER][INFO] LLE redirect: 0x0000700000000E80 M4YYbSFfJ8g -> M4YYbSFfJ8g@0x0000000804FB8030
[LOADER][INFO] LLE redirect: 0x0000700000000EB0 35NoyMOtYpE -> 35NoyMOtYpE@0x0000000804FB7FD0
[LOADER][INFO] Setup 4053/4053 import stubs (direct bridge, lle_redirects=2744)
[LOADER][INFO] TLS handler at 0x000000080CA20000
[LOADER][INFO] Patched 0 TLS loads, 0 TLS stores, 0 stack-canary accesses, 0 SSE4a EXTRQ blends
[LOADER][INFO] ExecuteEntry starting at 0x000000080AA2E010
[LOADER][INFO] RSP=0x00007FFFF01FFFD8, RDI=0x0000000000000000
[LOADER][INFO] StackTop: 0x00007FFFF01FFFD8
[LOADER][INFO] Calling guest entry...
[LOADER][INFO] Guest returned: 0
[LOADER][INFO] === Execute END (LastError: null) ===
[RUNTIME] Starting module libfmodstudio.prx: dt_init=0x000000080AE16010
[DISPATCHER] === DispatchModuleInitializer START ===
[DISPATCHER] moduleInit=0x000000080AE16010, generation=Gen5, module=libfmodstudio.prx
[DISPATCHER] DispatchEntryCore STARTING...
[LOADER][INFO] === Execute START ===
[LOADER][INFO] EntryPoint: 0x000000080AE16010, ImportStubs: 4053
[LOADER][INFO] RuntimeSymbols: 95473
[LOADER][INFO] ExportCheck fputs: libc:fputs
[LOADER][INFO] ExportCheck map_direct: libKernel:sceKernelMapDirectMemory
[LOADER][INFO] Setting up 4053 import stubs...
[LOADER][INFO] LLE redirect: 0x0000700000000010 QI-x0SL8jhw -> QI-x0SL8jhw@0x000000080403E3E0
[LOADER][INFO] LLE redirect: 0x0000700000000020 EH-x713A99c -> EH-x713A99c@0x0000000804041130
[LOADER][INFO] LLE redirect: 0x0000700000000030 gQX+4GDQjpM -> gQX+4GDQjpM@0x0000000804006020
[LOADER][INFO] LLE redirect: 0x0000700000000040 Y7aJ1uydPMo -> Y7aJ1uydPMo@0x0000000804006050
[LOADER][INFO] LLE redirect: 0x0000700000000050 tIhsqj0qsFE -> tIhsqj0qsFE@0x0000000804006030
[LOADER][INFO] LLE redirect: 0x0000700000000060 lKEN2IebgJ0 -> lKEN2IebgJ0@0x0000000804054900
[LOADER][INFO] LLE redirect: 0x0000700000000070 zr094EQ39Ww -> zr094EQ39Ww@0x0000000804035940
[LOADER][INFO] LLE redirect: 0x0000700000000080 ZE6RNL+eLbk -> ZE6RNL+eLbk@0x000000080404FE40
[LOADER][INFO] LLE redirect: 0x0000700000000090 weDug8QD-lE -> weDug8QD-lE@0x0000000804040AA0
[LOADER][INFO] LLE redirect: 0x00007000000000A0 GZWjF-YIFFk -> GZWjF-YIFFk@0x0000000804040170
[LOADER][INFO] LLE redirect: 0x00007000000000B0 H8AprKeZtNg -> H8AprKeZtNg@0x0000000804194480
[LOADER][INFO] LLE redirect: 0x00007000000000C0 c+4r-T-tEIc -> c+4r-T-tEIc@0x000000080404C430
[LOADER][INFO] LLE redirect: 0x00007000000000D0 2sWzhYqFH4E -> 2sWzhYqFH4E@0x00000008041942B8
[LOADER][INFO] LLE redirect: 0x00007000000000E0 8zTFvBIAIN8 -> 8zTFvBIAIN8@0x0000000804010360
[LOADER][INFO] LLE redirect: 0x0000700000000170 DfivPArhucg -> DfivPArhucg@0x0000000804032F00
[LOADER][INFO] LLE redirect: 0x0000700000000180 tQIo+GIPklo -> tQIo+GIPklo@0x0000000804016560
[LOADER][INFO] LLE redirect: 0x00007000000001C0 eT2UsmTewbU -> eT2UsmTewbU@0x0000000804016430
[LOADER][INFO] LLE redirect: 0x00007000000001D0 gNQ1V2vfXDE -> gNQ1V2vfXDE@0x00000008040548B0
[LOADER][INFO] LLE redirect: 0x00007000000001E0 Ujf3KzMvRmI -> Ujf3KzMvRmI@0x0000000804006070
[LOADER][INFO] LLE redirect: 0x00007000000001F0 OGybVuPAhAY -> OGybVuPAhAY@0x0000000804006090
[LOADER][INFO] LLE redirect: 0x0000700000000230 ozMAr28BwSY -> ozMAr28BwSY@0x0000000804016640
[LOADER][INFO] LLE redirect: 0x00007000000002B0 1Pk0qZQGeWo -> 1Pk0qZQGeWo@0x000000080405A5D0
[LOADER][INFO] LLE redirect: 0x00007000000002D0 zlfEH8FmyUA -> zlfEH8FmyUA@0x000000080403DEB0
[LOADER][INFO] LLE redirect: 0x00007000000002E0 xEszJVGpybs -> xEszJVGpybs@0x000000080405B3B0
[LOADER][INFO] LLE redirect: 0x00007000000002F0 5TjaJwkLWxE -> 5TjaJwkLWxE@0x0000000804032F40
[LOADER][INFO] LLE redirect: 0x0000700000000300 JBcgYuW8lPU -> JBcgYuW8lPU@0x000000080403E160
[LOADER][INFO] LLE redirect: 0x0000700000000320 YQ0navp+YIc -> YQ0navp+YIc@0x0000000804036360
[LOADER][INFO] LLE redirect: 0x0000700000000330 JrwFIMzKNr0 -> JrwFIMzKNr0@0x0000000804049760
[LOADER][INFO] LLE redirect: 0x0000700000000340 lA94ZgT+vMM -> lA94ZgT+vMM@0x0000000804046E60
[LOADER][INFO] LLE redirect: 0x0000700000000350 wLlFkwG9UcQ -> wLlFkwG9UcQ@0x000000080406EEF0
[LOADER][INFO] LLE redirect: 0x0000700000000430 mXlxhmLNMPg -> mXlxhmLNMPg@0x000000080403DA80
[LOADER][INFO] LLE redirect: 0x0000700000000440 AEJdIVZTEmo -> AEJdIVZTEmo@0x0000000804063320
[LOADER][INFO] LLE redirect: 0x0000700000000490 1mecP7RgI2A -> 1mecP7RgI2A@0x000000080406ECA0
[LOADER][INFO] LLE redirect: 0x00007000000004D0 0WMHDb5Dt94 -> 0WMHDb5Dt94@0x000000080404C080
[LOADER][INFO] LLE redirect: 0x00007000000004E0 g7zzzLDYGw0 -> g7zzzLDYGw0@0x000000080406E5C0
[LOADER][INFO] LLE redirect: 0x00007000000004F0 MELi-cKqWq0 -> MELi-cKqWq0@0x00000008040169C0
[LOADER][INFO] LLE redirect: 0x0000700000000500 3+UPM-9E6xY -> 3+UPM-9E6xY@0x000000080404C220
[LOADER][INFO] LLE redirect: 0x0000700000000510 rDMyAf1Jhug -> rDMyAf1Jhug@0x000000080404D850
[LOADER][INFO] LLE redirect: 0x0000700000000530 T7uyNqP7vQA -> T7uyNqP7vQA@0x000000080404F940
[LOADER][INFO] LLE redirect: 0x0000700000000540 HUbZmOnT-Dg -> HUbZmOnT-Dg@0x0000000804041CF0
[LOADER][INFO] LLE redirect: 0x00007000000006A0 2X5agFjKxMc -> 2X5agFjKxMc@0x0000000804006040
[LOADER][INFO] LLE redirect: 0x00007000000008E0 pXvbDfchu6k -> pXvbDfchu6k@0x000000080406E700
[LOADER][INFO] LLE redirect: 0x0000700000000980 NU-T4QowTNA -> NU-T4QowTNA@0x0000000804016480
[LOADER][INFO] LLE redirect: 0x00007000000009E0 2vDqwBlpF-o -> 2vDqwBlpF-o@0x000000080405C470
[LOADER][INFO] LLE redirect: 0x0000700000000A00 QZP6I9ZZxpE -> QZP6I9ZZxpE@0x000000080406EBC0
[LOADER][INFO] LLE redirect: 0x0000700000000D50 oVkZ8W8-Q8A -> oVkZ8W8-Q8A@0x000000080406D990
[LOADER][INFO] LLE redirect: 0x0000700000000E80 M4YYbSFfJ8g -> M4YYbSFfJ8g@0x0000000804FB8030
[LOADER][INFO] LLE redirect: 0x0000700000000EB0 35NoyMOtYpE -> 35NoyMOtYpE@0x0000000804FB7FD0
[LOADER][INFO] Setup 4053/4053 import stubs (direct bridge, lle_redirects=2744)
[LOADER][INFO] TLS handler at 0x000000080BE10000
[LOADER][INFO] Patched 0 TLS loads, 0 TLS stores, 0 stack-canary accesses, 0 SSE4a EXTRQ blends
[LOADER][INFO] ExecuteEntry starting at 0x000000080AE16010
[LOADER][INFO] RSP=0x00007FFFF01FFFD8, RDI=0x0000000000000000
[LOADER][INFO] StackTop: 0x00007FFFF01FFFD8
[LOADER][INFO] Calling guest entry...
[LOADER][INFO] Guest returned: 0
[LOADER][INFO] === Execute END (LastError: null) ===
[RUNTIME] Dispatching, gen: Gen5
[RUNTIME] About to call DispatchEntry with entryPoint=0x0000000800000070
[DISPATCHER] === DispatchEntry START ===
[DISPATCHER] entryPoint=0x0000000800000070, generation=Gen5
[DISPATCHER] DispatchEntryCore STARTING...
[LOADER][INFO] === Execute START ===
[LOADER][INFO] EntryPoint: 0x0000000800000070, ImportStubs: 4053
[LOADER][INFO] RuntimeSymbols: 95473
[LOADER][INFO] ExportCheck fputs: libc:fputs
[LOADER][INFO] ExportCheck map_direct: libKernel:sceKernelMapDirectMemory
[LOADER][INFO] Setting up 4053 import stubs...
[LOADER][INFO] LLE redirect: 0x0000700000000010 QI-x0SL8jhw -> QI-x0SL8jhw@0x000000080403E3E0
[LOADER][INFO] LLE redirect: 0x0000700000000020 EH-x713A99c -> EH-x713A99c@0x0000000804041130
[LOADER][INFO] LLE redirect: 0x0000700000000030 gQX+4GDQjpM -> gQX+4GDQjpM@0x0000000804006020
[LOADER][INFO] LLE redirect: 0x0000700000000040 Y7aJ1uydPMo -> Y7aJ1uydPMo@0x0000000804006050
[LOADER][INFO] LLE redirect: 0x0000700000000050 tIhsqj0qsFE -> tIhsqj0qsFE@0x0000000804006030
[LOADER][INFO] LLE redirect: 0x0000700000000060 lKEN2IebgJ0 -> lKEN2IebgJ0@0x0000000804054900
[LOADER][INFO] LLE redirect: 0x0000700000000070 zr094EQ39Ww -> zr094EQ39Ww@0x0000000804035940
[LOADER][INFO] LLE redirect: 0x0000700000000080 ZE6RNL+eLbk -> ZE6RNL+eLbk@0x000000080404FE40
[LOADER][INFO] LLE redirect: 0x0000700000000090 weDug8QD-lE -> weDug8QD-lE@0x0000000804040AA0
[LOADER][INFO] LLE redirect: 0x00007000000000A0 GZWjF-YIFFk -> GZWjF-YIFFk@0x0000000804040170
[LOADER][INFO] LLE redirect: 0x00007000000000B0 H8AprKeZtNg -> H8AprKeZtNg@0x0000000804194480
[LOADER][INFO] LLE redirect: 0x00007000000000C0 c+4r-T-tEIc -> c+4r-T-tEIc@0x000000080404C430
[LOADER][INFO] LLE redirect: 0x00007000000000D0 2sWzhYqFH4E -> 2sWzhYqFH4E@0x00000008041942B8
[LOADER][INFO] LLE redirect: 0x00007000000000E0 8zTFvBIAIN8 -> 8zTFvBIAIN8@0x0000000804010360
[LOADER][INFO] LLE redirect: 0x0000700000000170 DfivPArhucg -> DfivPArhucg@0x0000000804032F00
[LOADER][INFO] LLE redirect: 0x0000700000000180 tQIo+GIPklo -> tQIo+GIPklo@0x0000000804016560
[LOADER][INFO] LLE redirect: 0x00007000000001C0 eT2UsmTewbU -> eT2UsmTewbU@0x0000000804016430
[LOADER][INFO] LLE redirect: 0x00007000000001D0 gNQ1V2vfXDE -> gNQ1V2vfXDE@0x00000008040548B0
[LOADER][INFO] LLE redirect: 0x00007000000001E0 Ujf3KzMvRmI -> Ujf3KzMvRmI@0x0000000804006070
[LOADER][INFO] LLE redirect: 0x00007000000001F0 OGybVuPAhAY -> OGybVuPAhAY@0x0000000804006090
[LOADER][INFO] LLE redirect: 0x0000700000000230 ozMAr28BwSY -> ozMAr28BwSY@0x0000000804016640
[LOADER][INFO] LLE redirect: 0x00007000000002B0 1Pk0qZQGeWo -> 1Pk0qZQGeWo@0x000000080405A5D0
[LOADER][INFO] LLE redirect: 0x00007000000002D0 zlfEH8FmyUA -> zlfEH8FmyUA@0x000000080403DEB0
[LOADER][INFO] LLE redirect: 0x00007000000002E0 xEszJVGpybs -> xEszJVGpybs@0x000000080405B3B0
[LOADER][INFO] LLE redirect: 0x00007000000002F0 5TjaJwkLWxE -> 5TjaJwkLWxE@0x0000000804032F40
[LOADER][INFO] LLE redirect: 0x0000700000000300 JBcgYuW8lPU -> JBcgYuW8lPU@0x000000080403E160
[LOADER][INFO] LLE redirect: 0x0000700000000320 YQ0navp+YIc -> YQ0navp+YIc@0x0000000804036360
[LOADER][INFO] LLE redirect: 0x0000700000000330 JrwFIMzKNr0 -> JrwFIMzKNr0@0x0000000804049760
[LOADER][INFO] LLE redirect: 0x0000700000000340 lA94ZgT+vMM -> lA94ZgT+vMM@0x0000000804046E60
[LOADER][INFO] LLE redirect: 0x0000700000000350 wLlFkwG9UcQ -> wLlFkwG9UcQ@0x000000080406EEF0
[LOADER][INFO] LLE redirect: 0x0000700000000430 mXlxhmLNMPg -> mXlxhmLNMPg@0x000000080403DA80
[LOADER][INFO] LLE redirect: 0x0000700000000440 AEJdIVZTEmo -> AEJdIVZTEmo@0x0000000804063320
[LOADER][INFO] LLE redirect: 0x0000700000000490 1mecP7RgI2A -> 1mecP7RgI2A@0x000000080406ECA0
[LOADER][INFO] LLE redirect: 0x00007000000004D0 0WMHDb5Dt94 -> 0WMHDb5Dt94@0x000000080404C080
[LOADER][INFO] LLE redirect: 0x00007000000004E0 g7zzzLDYGw0 -> g7zzzLDYGw0@0x000000080406E5C0
[LOADER][INFO] LLE redirect: 0x00007000000004F0 MELi-cKqWq0 -> MELi-cKqWq0@0x00000008040169C0
[LOADER][INFO] LLE redirect: 0x0000700000000500 3+UPM-9E6xY -> 3+UPM-9E6xY@0x000000080404C220
[LOADER][INFO] LLE redirect: 0x0000700000000510 rDMyAf1Jhug -> rDMyAf1Jhug@0x000000080404D850
[LOADER][INFO] LLE redirect: 0x0000700000000530 T7uyNqP7vQA -> T7uyNqP7vQA@0x000000080404F940
[LOADER][INFO] LLE redirect: 0x0000700000000540 HUbZmOnT-Dg -> HUbZmOnT-Dg@0x0000000804041CF0
[LOADER][INFO] LLE redirect: 0x00007000000006A0 2X5agFjKxMc -> 2X5agFjKxMc@0x0000000804006040
[LOADER][INFO] LLE redirect: 0x00007000000008E0 pXvbDfchu6k -> pXvbDfchu6k@0x000000080406E700
[LOADER][INFO] LLE redirect: 0x0000700000000980 NU-T4QowTNA -> NU-T4QowTNA@0x0000000804016480
[LOADER][INFO] LLE redirect: 0x00007000000009E0 2vDqwBlpF-o -> 2vDqwBlpF-o@0x000000080405C470
[LOADER][INFO] LLE redirect: 0x0000700000000A00 QZP6I9ZZxpE -> QZP6I9ZZxpE@0x000000080406EBC0
[LOADER][INFO] LLE redirect: 0x0000700000000D50 oVkZ8W8-Q8A -> oVkZ8W8-Q8A@0x000000080406D990
[LOADER][INFO] LLE redirect: 0x0000700000000E80 M4YYbSFfJ8g -> M4YYbSFfJ8g@0x0000000804FB8030
[LOADER][INFO] LLE redirect: 0x0000700000000EB0 35NoyMOtYpE -> 35NoyMOtYpE@0x0000000804FB7FD0
[LOADER][INFO] Setup 4053/4053 import stubs (direct bridge, lle_redirects=2744)
[LOADER][INFO] TLS handler at 0x00000007FF000000
[LOADER][INFO] Patched 0 TLS loads, 0 TLS stores, 0 stack-canary accesses, 0 SSE4a EXTRQ blends
[LOADER][INFO] ExecuteEntry starting at 0x0000000800000070
[LOADER][INFO] RSP=0x00007FFFF01FFF98, RDI=0x00007FFFF01FFFA0
[LOADER][INFO] StackTop: 0x00007FFFF01FFF98
[LOADER][INFO] Calling guest entry...
[LOADER][TRACE] bzQExy189ZI#868: rdi=0x00007FFFF01FFFA0 rsi=0x00007FFDD0000000 rdx=0x0000000000000000 ret=0x0000000800000089
[LOADER][TRACE] 8G2LB+A3rzg#869: rdi=0x00007FFDD0000000 rsi=0x00007FFDD0000000 rdx=0x0000000000000000 ret=0x0000000800000091
[LOADER][TRACE] 8G2LB+A3rzg#870: rdi=0x000000080189BA40 rsi=0x00007FFDD0000000 rdx=0x0000000000000000 ret=0x000000080000009D
[LOADER][TRACE] ImportCtx#1020: nid=tsvEmnenz48 ret=0x0000000800000064 rdi=0x0000000800B43280 rsi=0x0000000801EBC408 rdx=0x0000000801DF4000 rcx=0x0000000801EBC408
[LOADER][TRACE] ImportNV#1020: rbx=0x0000000801C67A98 rbp=0x00007FFFF01FFF50 r12=0x00000019FF97ED60 r13=0x00000019FF97EEE0 r14=0x0000000000000001 r15=0x00007FFFF01FFFA8
[LOADER][TRACE] ImportStackHead#1020: rsp=0x00007FFFF01FFF38 [0]=0x0000000800000064 [20]=0x00000008000000A2 [40]=0x00000019FF97EF28
[LOADER][TRACE] ImportStack#1020: rsp=0x00007FFFF01FFF38 [0]=0x0000000800000064 [8]=0x00007FFDD0000000 [10]=0x0000000000000001 [18]=0x00007FFFF01FFF80 [20]=0x00000008000000A2 [28]=0x0000000800000070 [30]=0x00000019FF97EE10 [38]=0x00000019FF97EEF0 [40]=0x00000019FF97EF28
[LOADER][TRACE] ImportRet#1020: nid=tsvEmnenz48 result=ORBIS_GEN2_OK rax=0x0000000000000000
[LOADER][TRACE] ImportCtx#1023: nid=tsvEmnenz48 ret=0x000000080099FF63 rdi=0x00000008007B0820 rsi=0x0000000801EBC580 rdx=0x0000000801DF4000 rcx=0x0000000000000001
[LOADER][TRACE] ImportNV#1023: rbx=0x0000000801EBC580 rbp=0x00007FFFF01FFF30 r12=0x00000019FF97ED60 r13=0x00000019FF97EEE0 r14=0x0000000000000001 r15=0x00007FFFF01FFFA8
[LOADER][TRACE] ImportStackHead#1023: rsp=0x00007FFFF01FFF18 [0]=0x000000080099FF63 [20]=0x0000000800000064 [40]=0x00000008000000A2
[LOADER][TRACE] ImportStack#1023: rsp=0x00007FFFF01FFF18 [0]=0x000000080099FF63 [8]=0x0000000801EBC408 [10]=0x0000000801C67A90 [18]=0x00007FFFF01FFF50 [20]=0x0000000800000064 [28]=0x00007FFDD0000000 [30]=0x0000000000000001 [38]=0x00007FFFF01FFF80 [40]=0x00000008000000A2
[LOADER][TRACE] ImportRet#1023: nid=tsvEmnenz48 result=ORBIS_GEN2_OK rax=0x0000000000000000
[LOADER][TRACE] ImportCtx#1024: nid=tsvEmnenz48 ret=0x000000080099FFF9 rdi=0x0000000800B43280 rsi=0x0000000801EBC690 rdx=0x0000000801DF4000 rcx=0x0000000801EBC690
[LOADER][TRACE] ImportNV#1024: rbx=0x0000000801EBC580 rbp=0x00007FFFF01FFF30 r12=0x00000019FF97ED60 r13=0x00000019FF97EEE0 r14=0x0000000000000001 r15=0x00007FFFF01FFFA8
[LOADER][TRACE] ImportStackHead#1024: rsp=0x00007FFFF01FFF18 [0]=0x000000080099FFF9 [20]=0x0000000800000064 [40]=0x00000008000000A2
[LOADER][TRACE] ImportStack#1024: rsp=0x00007FFFF01FFF18 [0]=0x000000080099FFF9 [8]=0x0000000801EBC408 [10]=0x0000000801C67A90 [18]=0x00007FFFF01FFF50 [20]=0x0000000800000064 [28]=0x00007FFDD0000000 [30]=0x0000000000000001 [38]=0x00007FFFF01FFF80 [40]=0x00000008000000A2
[LOADER][TRACE] ImportRet#1024: nid=tsvEmnenz48 result=ORBIS_GEN2_OK rax=0x0000000000000000
[LOADER][TRACE] ImportCtx#1025: nid=tsvEmnenz48 ret=0x00000008009A70C3 rdi=0x000000080047A620 rsi=0x0000000801EBC790 rdx=0x0000000801DF4000 rcx=0x0000000801EBC690
[LOADER][TRACE] ImportNV#1025: rbx=0x000000080047A620 rbp=0x00007FFFF01FFF30 r12=0x00000019FF97ED60 r13=0x00000019FF97EEE0 r14=0x0000000801DF4000 r15=0x00007FFFF01FFFA8
[LOADER][TRACE] ImportStackHead#1025: rsp=0x00007FFFF01FFF18 [0]=0x00000008009A70C3 [20]=0x0000000800000064 [40]=0x00000008000000A2
[LOADER][TRACE] ImportStack#1025: rsp=0x00007FFFF01FFF18 [0]=0x00000008009A70C3 [8]=0x0000000801C67A88 [10]=0x0000000000000001 [18]=0x00007FFFF01FFF50 [20]=0x0000000800000064 [28]=0x00007FFDD0000000 [30]=0x0000000000000001 [38]=0x00007FFFF01FFF80 [40]=0x00000008000000A2
[LOADER][TRACE] ImportRet#1025: nid=tsvEmnenz48 result=ORBIS_GEN2_OK rax=0x0000000000000000
[LOADER][TRACE] ImportCtx#1026: nid=tsvEmnenz48 ret=0x00000008009A7100 rdi=0x000000080047A620 rsi=0x0000000801EBC7B0 rdx=0x0000000801DF4000 rcx=0x0000000801EBC690
[LOADER][TRACE] ImportNV#1026: rbx=0x000000080047A620 rbp=0x00007FFFF01FFF30 r12=0x00000019FF97ED60 r13=0x00000019FF97EEE0 r14=0x0000000801DF4000 r15=0x00007FFFF01FFFA8
[LOADER][TRACE] ImportStackHead#1026: rsp=0x00007FFFF01FFF18 [0]=0x00000008009A7100 [20]=0x0000000800000064 [40]=0x00000008000000A2
[LOADER][TRACE] ImportStack#1026: rsp=0x00007FFFF01FFF18 [0]=0x00000008009A7100 [8]=0x0000000801C67A88 [10]=0x0000000000000001 [18]=0x00007FFFF01FFF50 [20]=0x0000000800000064 [28]=0x00007FFDD0000000 [30]=0x0000000000000001 [38]=0x00007FFFF01FFF80 [40]=0x00000008000000A2
[LOADER][TRACE] ImportRet#1026: nid=tsvEmnenz48 result=ORBIS_GEN2_OK rax=0x0000000000000000
[LOADER][TRACE] ImportCtx#1027: nid=tsvEmnenz48 ret=0x00000008009A713D rdi=0x000000080047A620 rsi=0x0000000801EBC7D0 rdx=0x0000000801DF4000 rcx=0x0000000801EBC690
[LOADER][TRACE] ImportNV#1027: rbx=0x000000080047A620 rbp=0x00007FFFF01FFF30 r12=0x00000019FF97ED60 r13=0x00000019FF97EEE0 r14=0x0000000801DF4000 r15=0x00007FFFF01FFFA8
[LOADER][TRACE] ImportStackHead#1027: rsp=0x00007FFFF01FFF18 [0]=0x00000008009A713D [20]=0x0000000800000064 [40]=0x00000008000000A2
[LOADER][TRACE] ImportStack#1027: rsp=0x00007FFFF01FFF18 [0]=0x00000008009A713D [8]=0x0000000801C67A88 [10]=0x0000000000000001 [18]=0x00007FFFF01FFF50 [20]=0x0000000800000064 [28]=0x00007FFDD0000000 [30]=0x0000000000000001 [38]=0x00007FFFF01FFF80 [40]=0x00000008000000A2
[LOADER][TRACE] ImportRet#1027: nid=tsvEmnenz48 result=ORBIS_GEN2_OK rax=0x0000000000000000
[LOADER][TRACE] ImportCtx#1028: nid=tsvEmnenz48 ret=0x0000000800000064 rdi=0x0000000800B43280 rsi=0x0000000801EBC840 rdx=0x0000000801DF4000 rcx=0x0000000801EBC840
[LOADER][TRACE] ImportNV#1028: rbx=0x0000000801C67A88 rbp=0x00007FFFF01FFF50 r12=0x00000019FF97ED60 r13=0x00000019FF97EEE0 r14=0x0000000000000001 r15=0x00007FFFF01FFFA8
[LOADER][TRACE] ImportStackHead#1028: rsp=0x00007FFFF01FFF38 [0]=0x0000000800000064 [20]=0x00000008000000A2 [40]=0x00000019FF97EF28
[LOADER][TRACE] ImportStack#1028: rsp=0x00007FFFF01FFF38 [0]=0x0000000800000064 [8]=0x00007FFDD0000000 [10]=0x0000000000000001 [18]=0x00007FFFF01FFF80 [20]=0x00000008000000A2 [28]=0x0000000800000070 [30]=0x00000019FF97EE10 [38]=0x00000019FF97EEF0 [40]=0x00000019FF97EF28
[LOADER][TRACE] ImportRet#1028: nid=tsvEmnenz48 result=ORBIS_GEN2_OK rax=0x0000000000000000
[LOADER][TRACE] ImportCtx#1031: nid=tsvEmnenz48 ret=0x0000000800000064 rdi=0x00000008007B0820 rsi=0x0000000801EBC980 rdx=0x0000000801DF4000 rcx=0x0000000000000018
[LOADER][TRACE] ImportNV#1031: rbx=0x0000000801C67A80 rbp=0x00007FFFF01FFF50 r12=0x00000019FF97ED60 r13=0x00000019FF97EEE0 r14=0x0000000000000001 r15=0x00007FFFF01FFFA8
[LOADER][TRACE] ImportStackHead#1031: rsp=0x00007FFFF01FFF38 [0]=0x0000000800000064 [20]=0x00000008000000A2 [40]=0x00000019FF97EF28
[LOADER][TRACE] ImportStack#1031: rsp=0x00007FFFF01FFF38 [0]=0x0000000800000064 [8]=0x00007FFDD0000000 [10]=0x0000000000000001 [18]=0x00007FFFF01FFF80 [20]=0x00000008000000A2 [28]=0x0000000800000070 [30]=0x00000019FF97EE10 [38]=0x00000019FF97EEF0 [40]=0x00000019FF97EF28
[LOADER][TRACE] ImportRet#1031: nid=tsvEmnenz48 result=ORBIS_GEN2_OK rax=0x0000000000000000
[LOADER][TRACE] ImportCtx#1032: nid=tsvEmnenz48 ret=0x00000008009B05C3 rdi=0x00000008007E4590 rsi=0x0000000801EDEF20 rdx=0x0000000801DF4000 rcx=0x0000000801A905AF
[LOADER][TRACE] ImportNV#1032: rbx=0x00000008007D8D70 rbp=0x00007FFFF01FFF30 r12=0x00000019FF97ED60 r13=0x00000019FF97EEE0 r14=0xFFFFFFFF00000000 r15=0x00007FFFF01FFFA8
[LOADER][TRACE] ImportStackHead#1032: rsp=0x00007FFFF01FFF18 [0]=0x00000008009B05C3 [20]=0x0000000800000064 [40]=0x00000008000000A2
[LOADER][TRACE] ImportStack#1032: rsp=0x00007FFFF01FFF18 [0]=0x00000008009B05C3 [8]=0x0000000801C67A78 [10]=0x0000000000000001 [18]=0x00007FFFF01FFF50 [20]=0x0000000800000064 [28]=0x00007FFDD0000000 [30]=0x0000000000000001 [38]=0x00007FFFF01FFF80 [40]=0x00000008000000A2
[LOADER][TRACE] ImportRet#1032: nid=tsvEmnenz48 result=ORBIS_GEN2_OK rax=0x0000000000000000
[LOADER][TRACE] ImportCtx#1033: nid=tsvEmnenz48 ret=0x0000000800000064 rdi=0x00000008007E4590 rsi=0x0000000801EDF250 rdx=0x0000000801DF4000 rcx=0x0000000801E14738
[LOADER][TRACE] ImportNV#1033: rbx=0x0000000801C67A78 rbp=0x00007FFFF01FFF50 r12=0x00000019FF97ED60 r13=0x00000019FF97EEE0 r14=0x0000000000000001 r15=0x00007FFFF01FFFA8
[LOADER][TRACE] ImportStackHead#1033: rsp=0x00007FFFF01FFF38 [0]=0x0000000800000064 [20]=0x00000008000000A2 [40]=0x00000019FF97EF28
[LOADER][TRACE] ImportStack#1033: rsp=0x00007FFFF01FFF38 [0]=0x0000000800000064 [8]=0x00007FFDD0000000 [10]=0x0000000000000001 [18]=0x00007FFFF01FFF80 [20]=0x00000008000000A2 [28]=0x0000000800000070 [30]=0x00000019FF97EE10 [38]=0x00000019FF97EEF0 [40]=0x00000019FF97EF28
[LOADER][TRACE] ImportRet#1033: nid=tsvEmnenz48 result=ORBIS_GEN2_OK rax=0x0000000000000000
[LOADER][TRACE] ImportCtx#1034: nid=tsvEmnenz48 ret=0x00000008009B71B4 rdi=0x0000000800B43280 rsi=0x0000000801EBCC98 rdx=0x0000000801DF4000 rcx=0x0000000801EBCC98
[LOADER][TRACE] ImportNV#1034: rbx=0x0000000801C67A70 rbp=0x00007FFFF01FFF30 r12=0x00000019FF97ED60 r13=0x00000019FF97EEE0 r14=0x0000000000000001 r15=0x00007FFFF01FFFA8
[LOADER][TRACE] ImportStackHead#1034: rsp=0x00007FFFF01FFF18 [0]=0x00000008009B71B4 [20]=0x0000000800000064 [40]=0x00000008000000A2
[LOADER][TRACE] ImportStack#1034: rsp=0x00007FFFF01FFF18 [0]=0x00000008009B71B4 [8]=0x0000000801C67A70 [10]=0x0000000000000001 [18]=0x00007FFFF01FFF50 [20]=0x0000000800000064 [28]=0x00007FFDD0000000 [30]=0x0000000000000001 [38]=0x00007FFFF01FFF80 [40]=0x00000008000000A2
[LOADER][TRACE] ImportRet#1034: nid=tsvEmnenz48 result=ORBIS_GEN2_OK rax=0x0000000000000000
[LOADER][TRACE] ImportCtx#1035: nid=tsvEmnenz48 ret=0x00000008009B7263 rdi=0x0000000800044F50 rsi=0x0000000801EBCCD0 rdx=0x0000000801DF4000 rcx=0x0000000000000001
[LOADER][TRACE] ImportNV#1035: rbx=0x0000000801EBCCD0 rbp=0x00007FFFF01FFF30 r12=0x00000019FF97ED60 r13=0x00000019FF97EEE0 r14=0x0000000801DF4000 r15=0x00007FFFF01FFFA8
[LOADER][TRACE] ImportStackHead#1035: rsp=0x00007FFFF01FFF18 [0]=0x00000008009B7263 [20]=0x0000000800000064 [40]=0x00000008000000A2
[LOADER][TRACE] ImportStack#1035: rsp=0x00007FFFF01FFF18 [0]=0x00000008009B7263 [8]=0x0000000801C67A70 [10]=0x0000000000000001 [18]=0x00007FFFF01FFF50 [20]=0x0000000800000064 [28]=0x00007FFDD0000000 [30]=0x0000000000000001 [38]=0x00007FFFF01FFF80 [40]=0x00000008000000A2
[LOADER][TRACE] ImportRet#1035: nid=tsvEmnenz48 result=ORBIS_GEN2_OK rax=0x0000000000000000
[LOADER][TRACE] ImportCtx#1036: nid=tsvEmnenz48 ret=0x00000008009B72B7 rdi=0x000000080095FBD0 rsi=0x0000000801EBCD20 rdx=0x0000000801DF4000 rcx=0x0000000000000001
[LOADER][TRACE] ImportNV#1036: rbx=0x0000000801EBCCD0 rbp=0x00007FFFF01FFF30 r12=0x00000019FF97ED60 r13=0x00000019FF97EEE0 r14=0x0000000801DF4000 r15=0x00007FFFF01FFFA8
[LOADER][TRACE] ImportStackHead#1036: rsp=0x00007FFFF01FFF18 [0]=0x00000008009B72B7 [20]=0x0000000800000064 [40]=0x00000008000000A2
[LOADER][TRACE] ImportStack#1036: rsp=0x00007FFFF01FFF18 [0]=0x00000008009B72B7 [8]=0x0000000801C67A70 [10]=0x0000000000000001 [18]=0x00007FFFF01FFF50 [20]=0x0000000800000064 [28]=0x00007FFDD0000000 [30]=0x0000000000000001 [38]=0x00007FFFF01FFF80 [40]=0x00000008000000A2
[LOADER][TRACE] ImportRet#1036: nid=tsvEmnenz48 result=ORBIS_GEN2_OK rax=0x0000000000000000
[LOADER][TRACE] ImportCtx#1037: nid=tsvEmnenz48 ret=0x00000008009CF938 rdi=0x00000008007E4590 rsi=0x0000000801EBCD90 rdx=0x0000000801DF4000 rcx=0x0000000801A57C10
[LOADER][TRACE] ImportNV#1037: rbx=0x0000000801C67A68 rbp=0x00007FFFF01FFF30 r12=0x00000019FF97ED60 r13=0x00000019FF97EEE0 r14=0x0000000000000001 r15=0x00007FFFF01FFFA8
[LOADER][TRACE] ImportStackHead#1037: rsp=0x00007FFFF01FFF28 [0]=0x00000008009CF938 [20]=0x0000000000000001 [40]=0x00000019FF97EE10
[LOADER][TRACE] ImportStack#1037: rsp=0x00007FFFF01FFF28 [0]=0x00000008009CF938 [8]=0x00007FFFF01FFF50 [10]=0x0000000800000064 [18]=0x00007FFDD0000000 [20]=0x0000000000000001 [28]=0x00007FFFF01FFF80 [30]=0x00000008000000A2 [38]=0x0000000800000070 [40]=0x00000019FF97EE10
[LOADER][TRACE] ImportRet#1037: nid=tsvEmnenz48 result=ORBIS_GEN2_OK rax=0x0000000000000000
[LOADER][TRACE] ImportCtx#1038: nid=tsvEmnenz48 ret=0x00000008009D9CCF rdi=0x00000008007CA820 rsi=0x0000000801EBCFC8 rdx=0x0000000801DF4000 rcx=0x0000000801EB4A70
[LOADER][TRACE] ImportNV#1038: rbx=0x0000000801C67A60 rbp=0x00007FFFF01FFF30 r12=0x00000019FF97ED60 r13=0x00000019FF97EEE0 r14=0x0000000000000001 r15=0x00007FFFF01FFFA8
[LOADER][TRACE] ImportStackHead#1038: rsp=0x00007FFFF01FFF28 [0]=0x00000008009D9CCF [20]=0x0000000000000001 [40]=0x00000019FF97EE10
[LOADER][TRACE] ImportStack#1038: rsp=0x00007FFFF01FFF28 [0]=0x00000008009D9CCF [8]=0x00007FFFF01FFF50 [10]=0x0000000800000064 [18]=0x00007FFDD0000000 [20]=0x0000000000000001 [28]=0x00007FFFF01FFF80 [30]=0x00000008000000A2 [38]=0x0000000800000070 [40]=0x00000019FF97EE10
[LOADER][TRACE] ImportRet#1038: nid=tsvEmnenz48 result=ORBIS_GEN2_OK rax=0x0000000000000000
[LOADER][WARN] Import#2288 result: ORBIS_GEN2_ERROR_NOT_FOUND (rVjRvHJ0X6c) rdi=0x0000000600100000 rsi=0x0000000000000001 rdx=0x00007FFFF01FFEB8 rcx=0x0000000000000048 ret=0x0000000801373692
[LOADER][WARN] Import#2291 result: ORBIS_GEN2_ERROR_DELETED (BHouLQzh0X0) rdi=0x0000000010000000 rsi=0x0000000000000001 rdx=0x00007FFFF01FFEB8 rcx=0x0000000000000018 ret=0x00000008013736F8
[DEBUG][PRINF] Argument Count = 1
[DEBUG][PRINF] Arg 0 = eboot.bin
********** LAUNCHER CONTROL ************************************
[DEBUG][PRINF] 	File System Root = NONE SPECIFIED
[DEBUG][PRINF] 	Launcher Path = NONE SPECIFIED
[DEBUG][PRINF] 	Launcher Arguments NONE SPECIFIED
**********/LAUNCHER CONTROL ************************************
[LOADER][WARN] Import#4116 result: -1 (wuCroIGjt2g) rdi=0x0000000801B193AA rsi=0x0000000000000000 rdx=0x0000000000000002 rcx=0xC0DEC0DECAFEBA00 ret=0x0000000800A3E5F1
[LOADER][WARN] Import#4117 result: -1 (wuCroIGjt2g) rdi=0x0000000801B40813 rsi=0x0000000000000004 rdx=0x0000000000000002 rcx=0xC0DEC0DECAFEBA00 ret=0x0000000800A3E60B
[LOADER][WARN] Import#5047 result: -1 (wuCroIGjt2g) rdi=0x0000000801B193AA rsi=0x0000000000000000 rdx=0x0000000000000033 rcx=0xC0DEC0DECAFEBA00 ret=0x0000000800A3E5F1
[LOADER][WARN] Import#5048 result: -1 (wuCroIGjt2g) rdi=0x0000000801B40813 rsi=0x0000000000000004 rdx=0x0000000000000033 rcx=0xC0DEC0DECAFEBA00 ret=0x0000000800A3E60B
[LOADER][INFO] Scheduled guest thread 'AssetGarbageCollectorHelper' handle=0x000001D59E7E0DB0 entry=0x0000000800B68880 arg=0x00000006006CF730 priority=700 host_priority=Normal affinity=0x7F
[LOADER][INFO] Scheduled guest thread 'AssetGarbageCollectorHelper' handle=0x000001D59E7E2DD0 entry=0x0000000800B68880 arg=0x00000006006CF880 priority=700 host_priority=Normal affinity=0x7F
[LOADER][INFO] Scheduled guest thread 'AssetGarbageCollectorHelper' handle=0x000001D59E7E3DE0 entry=0x0000000800B68880 arg=0x00000006006CF9D0 priority=700 host_priority=Normal affinity=0x7F
[LOADER][INFO] Scheduled guest thread 'AssetGarbageCollectorHelper' handle=0x000001D59E7E1DC0 entry=0x0000000800B68880 arg=0x00000006006CFB20 priority=700 host_priority=Normal affinity=0x7F
[LOADER][INFO] Scheduled guest thread 'AssetGarbageCollectorHelper' handle=0x000001D59E7E8E30 entry=0x0000000800B68880 arg=0x00000006006CFC70 priority=700 host_priority=Normal affinity=0x7F
[LOADER][INFO] Scheduled guest thread 'AssetGarbageCollectorHelper' handle=0x000001D59E7E7E20 entry=0x0000000800B68880 arg=0x00000006006CFDC0 priority=700 host_priority=Normal affinity=0x7F
[LOADER][INFO] Scheduled guest thread 'AssetGarbageCollectorHelper' handle=0x000001D59E7E5E00 entry=0x0000000800B68880 arg=0x00000006006CFF10 priority=700 host_priority=Normal affinity=0x7F
[LOADER][INFO] Scheduled guest thread 'AssetGarbageCollectorHelper' handle=0x000001D59E7E9E40 entry=0x0000000800B68880 arg=0x00000006006D0060 priority=700 host_priority=Normal affinity=0x7F
[LOADER][INFO] Scheduled guest thread 'AssetGarbageCollectorHelper' handle=0x000001D59E7E6E10 entry=0x0000000800B68880 arg=0x00000006006D01B0 priority=700 host_priority=Normal affinity=0x7F
[LOADER][INFO] Scheduled guest thread 'AssetGarbageCollectorHelper' handle=0x000001D59E7ECE70 entry=0x0000000800B68880 arg=0x00000006006D0300 priority=700 host_priority=Normal affinity=0x7F
[LOADER][INFO] Scheduled guest thread 'AssetGarbageCollectorHelper' handle=0x000001D59E7EBE60 entry=0x0000000800B68880 arg=0x00000006006D0450 priority=700 host_priority=Normal affinity=0x7F
[LOADER][INFO] Scheduled guest thread 'AssetGarbageCollectorHelper' handle=0x000001D59E7EAE50 entry=0x0000000800B68880 arg=0x00000006006D05A0 priority=700 host_priority=Normal affinity=0x7F
[LOADER][INFO] Scheduled guest thread 'AssetGarbageCollectorHelper' handle=0x000001D59B1E9FE0 entry=0x0000000800B68880 arg=0x00000006006D06F0 priority=700 host_priority=Normal affinity=0x7F
[LOADER][INFO] Keyboard controls: Arrow keys = D-pad, WASD = left stick, IJKL = right stick, Z/Enter = Cross, X/Esc = Circle, C = Square, V = Triangle, Q = L1, E = R1, R = L2, F = R2, Tab/Backspace = Options. A DualSense or Xbox controller will be used automatically when plugged in.
[LOADER][WARN] Import#9036 result: -2137915385 (xk0AcarP3V4) rdi=0x0000000010000000 rsi=0x0000000000000002 rdx=0x0000000000000000 rcx=0x0000000000000000 ret=0x000000080138E1DF
[LOADER][WARN] Import#9143 result: ORBIS_GEN2_ERROR_NOT_FOUND (1-LFLmRFxxM) rdi=0x00007FFFF01FB430 rsi=0x00000000000001FF rdx=0x0000000000000000 rcx=0x0000000000000001 ret=0x000000080136D9C6
[LOADER][TRACE] sema.create handle=0x00000002 name='SuspendSemaphore' attr=0x0 init=0 max=256
[LOADER][TRACE] sema.create handle=0x00000003 name='ResumeSemaphore' attr=0x0 init=0 max=256
[LOADER][INFO] Scheduled guest thread 'Thread-1D59B1EAFF0' handle=0x000001D59B1EAFF0 entry=0x0000000804F40B30 arg=0x00000001014D7960 priority=700 host_priority=Normal affinity=0x3C
[LOADER][TRACE] pthread_cond_wait-enter: cond=0x0000000100000BB0 mutex=0x0000000100000BA8 waiters=1 epoch=0x0 timed=False result=0x00000000
[LOADER][TRACE] guest_exception.queued target=0x000001D59E7DED90 type=0x1E mode=external
[LOADER][TRACE] guest_exception.raise target=0x000001D59E7DED90 type=0x1E handler=0x000000080A821210
[LOADER][TRACE] sema.wait-block handle=0x00000002 name='SuspendSemaphore' need=1 count=0 timeout=infinite waiters=1 guest=0x000001D59B1EAFF0 ret=0x0000000804FFBA0E
[LOADER][TRACE] guest_exception.safe_point_enter target=0x000001D59E7DED90 type=0x1E rip=0x0000000804F3A074
[LOADER][TRACE] sema.signal handle=0x00000002 name='SuspendSemaphore' signal=1 count=1 waiters=1 guest=0x0000000000000000 ret=0x00000008050075FE
[LOADER][TRACE] sema.wait-wake handle=0x00000002 name='SuspendSemaphore' need=1 count=0
[LOADER][TRACE] sema.signal handle=0x00000003 name='ResumeSemaphore' signal=1 count=1 waiters=1 guest=0x0000000000000000 ret=0x0000000805007634
[LOADER][TRACE] sema.wait-recheck handle=0x00000003 name='ResumeSemaphore' need=1 count=0 guest=0x000001D59B1EAFF0 ret=0x00000008050076A2
[LOADER][TRACE] guest_exception.queued target=0x000001D59E7DED90 type=0x1E mode=external
[LOADER][TRACE] guest_exception.raise target=0x000001D59E7DED90 type=0x1E handler=0x000000080A821210
[LOADER][TRACE] sema.wait-block handle=0x00000002 name='SuspendSemaphore' need=1 count=0 timeout=infinite waiters=1 guest=0x000001D59B1EAFF0 ret=0x000000080500701C
[LOADER][TRACE] guest_exception.safe_point_enter target=0x000001D59E7DED90 type=0x1E rip=0x0000000804F3A074
[LOADER][TRACE] sema.signal handle=0x00000002 name='SuspendSemaphore' signal=1 count=1 waiters=1 guest=0x0000000000000000 ret=0x00000008050075FE
[LOADER][TRACE] sema.wait-wake handle=0x00000002 name='SuspendSemaphore' need=1 count=0
[LOADER][TRACE] sema.wait-block handle=0x00000003 name='ResumeSemaphore' need=1 count=0 timeout=infinite waiters=1 guest=0x000001D59B1EAFF0 ret=0x00000008050076A2
[LOADER][TRACE] sema.signal handle=0x00000003 name='ResumeSemaphore' signal=1 count=1 waiters=1 guest=0x0000000000000000 ret=0x0000000805007634
[LOADER][TRACE] sema.wait-wake handle=0x00000003 name='ResumeSemaphore' need=1 count=0
[LOADER][TRACE] pthread_cond_broadcast: cond=0x0000000100000BB0 mutex=0x0000000000000000 waiters=0 epoch=0x1 timed=False result=0x00000000
[LOADER][TRACE] pthread_cond_wait-enter: cond=0x0000000100000B70 mutex=0x0000000100000B68 waiters=1 epoch=0x0 timed=False result=0x00000000
[LOADER][TRACE] pthread_cond_wait-block: cond=0x0000000100000B70 mutex=0x0000000100000B68 waiters=1 epoch=0x0 timed=False result=0x00000000
[LOADER][TRACE] pthread_cond_wait-exit: cond=0x0000000100000BB0 mutex=0x0000000100000BA8 waiters=0 epoch=0x1 timed=False result=0x00000000
[LOADER][TRACE] guest_exception.delivery_enter target=0x000001D59B1EAFF0 type=0x1E mode=parked rip=0x0000000804F3A074 rsp=0x00007FFFD31FFED0 rbp=0x00007FFFD31FFF40 rbx=0x0000000100000B60 r12=0x0000000804FF36B0 r13=0x00000001014D7960 r14=0x00000001014D7980 r15=0x0000000000000000 stack=0x00007FFFD1000000 callback=0x0000000805007510
[LOADER][TRACE] guest_exception.raise target=0x000001D59B1EAFF0 type=0x1E handler=0x000000080A821210
[LOADER][TRACE] sema.wait-host-block handle=0x00000002 name='SuspendSemaphore' need=1 count=0 timeout=infinite guest=0x0000000000000000 ret=0x0000000804FFBA0E
[LOADER][TRACE] sema.signal handle=0x00000002 name='SuspendSemaphore' signal=1 count=1 waiters=1 guest=0x000001D59B1EAFF0 ret=0x00000008050075FE
[LOADER][TRACE] sema.wait-host-wake handle=0x00000002 name='SuspendSemaphore' need=1 count=0 guest=0x0000000000000000 ret=0x0000000804FFBA0E
[LOADER][TRACE] sema.wait-host-block handle=0x00000003 name='ResumeSemaphore' need=1 count=0 timeout=infinite guest=0x0000000000000000 ret=0x00000008050076A2
[LOADER][TRACE] sema.signal handle=0x00000003 name='ResumeSemaphore' signal=1 count=1 waiters=1 guest=0x000001D59B1EAFF0 ret=0x0000000805007634
[LOADER][TRACE] sema.wait-host-wake handle=0x00000003 name='ResumeSemaphore' need=1 count=0 guest=0x0000000000000000 ret=0x00000008050076A2
[LOADER][TRACE] guest_exception.delivery_exit target=0x000001D59B1EAFF0 type=0x1E success=True error=none elapsed_ms=2.666 record=0x0000000000000000 stack_bound=0x0000000000000000 recorded_rsp=0x0000000000000000
[LOADER][TRACE] guest_exception.delivery_enter target=0x000001D59B1EAFF0 type=0x1E mode=parked rip=0x0000000804F3A074 rsp=0x00007FFFD31FFED0 rbp=0x00007FFFD31FFF40 rbx=0x0000000100000B60 r12=0x0000000804FF36B0 r13=0x00000001014D7960 r14=0x00000001014D7980 r15=0x0000000000000000 stack=0x00007FFFD1000000 callback=0x0000000805007510
[LOADER][TRACE] guest_exception.raise target=0x000001D59B1EAFF0 type=0x1E handler=0x000000080A821210
[LOADER][TRACE] sema.signal handle=0x00000002 name='SuspendSemaphore' signal=1 count=1 waiters=0 guest=0x000001D59B1EAFF0 ret=0x00000008050075FE
[LOADER][TRACE] sema.wait handle=0x00000002 name='SuspendSemaphore' need=1 count=0 timeout=infinite
[LOADER][TRACE] sema.wait-host-block handle=0x00000003 name='ResumeSemaphore' need=1 count=0 timeout=infinite guest=0x0000000000000000 ret=0x00000008050076A2
[LOADER][TRACE] sema.signal handle=0x00000003 name='ResumeSemaphore' signal=1 count=1 waiters=1 guest=0x000001D59B1EAFF0 ret=0x0000000805007634
[LOADER][TRACE] sema.wait-host-wake handle=0x00000003 name='ResumeSemaphore' need=1 count=0 guest=0x0000000000000000 ret=0x00000008050076A2
[LOADER][TRACE] guest_exception.delivery_exit target=0x000001D59B1EAFF0 type=0x1E success=True error=none elapsed_ms=3.119 record=0x0000000000000000 stack_bound=0x0000000000000000 recorded_rsp=0x0000000000000000
[LOADER][INFO] Scheduled guest thread 'Job.Worker 0' handle=0x000001D59B1EC000 entry=0x0000000800B68880 arg=0x00000006006FC580 priority=700 host_priority=Normal affinity=0x7F
[LOADER][INFO] Scheduled guest thread 'Job.Worker 1' handle=0x000001D59B1ED010 entry=0x0000000800B68880 arg=0x00000006006FC5F0 priority=700 host_priority=Normal affinity=0x7F
[LOADER][INFO] Scheduled guest thread 'Job.Worker 2' handle=0x000001D59B1F1050 entry=0x0000000800B68880 arg=0x00000006006FC660 priority=700 host_priority=Normal affinity=0x7F
[LOADER][INFO] Scheduled guest thread 'Job.Worker 3' handle=0x000001D59B1EF030 entry=0x0000000800B68880 arg=0x00000006006FC6D0 priority=700 host_priority=Normal affinity=0x7F
[LOADER][INFO] Scheduled guest thread 'Job.Worker 4' handle=0x000001D59B1EE020 entry=0x0000000800B68880 arg=0x00000006006FC740 priority=700 host_priority=Normal affinity=0x7F
[LOADER][INFO] Scheduled guest thread 'Job.Worker 5' handle=0x000001D59B1F3070 entry=0x0000000800B68880 arg=0x00000006006FC7B0 priority=700 host_priority=Normal affinity=0x7F
[LOADER][INFO] Scheduled guest thread 'Job.Worker 6' handle=0x000001D59B1F2060 entry=0x0000000800B68880 arg=0x00000006006FC820 priority=700 host_priority=Normal affinity=0x7F
[LOADER][INFO] Scheduled guest thread 'Job.Worker 7' handle=0x000001D59B1F0040 entry=0x0000000800B68880 arg=0x00000006006FC890 priority=700 host_priority=Normal affinity=0x7F
[LOADER][INFO] Scheduled guest thread 'Job.Worker 8' handle=0x000001D59B1F70B0 entry=0x0000000800B68880 arg=0x00000006006FC900 priority=700 host_priority=Normal affinity=0x7F
[LOADER][INFO] Scheduled guest thread 'Job.Worker 9' handle=0x000001D59B1F60A0 entry=0x0000000800B68880 arg=0x00000006006FC970 priority=700 host_priority=Normal affinity=0x7F
[LOADER][INFO] Scheduled guest thread 'Job.Worker 10' handle=0x000001D59B1F4080 entry=0x0000000800B68880 arg=0x00000006006FC9E0 priority=700 host_priority=Normal affinity=0x7F
[LOADER][INFO] Scheduled guest thread 'Job.Worker 11' handle=0x000001D59B1F80C0 entry=0x0000000800B68880 arg=0x00000006006FCA50 priority=700 host_priority=Normal affinity=0x7F
[LOADER][INFO] Scheduled guest thread 'Job.Worker 12' handle=0x000001D59B1F5090 entry=0x0000000800B68880 arg=0x00000006006FCAC0 priority=700 host_priority=Normal affinity=0x7F
[LOADER][INFO] Scheduled guest thread 'Background Job.Worker 0' handle=0x000001D59B1FC100 entry=0x0000000800B68880 arg=0x00000006006C40B0 priority=700 host_priority=Normal affinity=0x7F
[LOADER][INFO] Scheduled guest thread 'Background Job.Worker 1' handle=0x000001D59B1FB0F0 entry=0x0000000800B68880 arg=0x00000006006C4120 priority=700 host_priority=Normal affinity=0x7F
[LOADER][INFO] Scheduled guest thread 'Background Job.Worker 2' handle=0x000001D59B1F90D0 entry=0x0000000800B68880 arg=0x00000006006C4190 priority=700 host_priority=Normal affinity=0x7F
[LOADER][INFO] Scheduled guest thread 'Background Job.Worker 3' handle=0x000001D59B1FA0E0 entry=0x0000000800B68880 arg=0x00000006006C4200 priority=700 host_priority=Normal affinity=0x7F
[LOADER][INFO] Scheduled guest thread 'Background Job.Worker 4' handle=0x000001D59B1FF130 entry=0x0000000800B68880 arg=0x00000006006C4270 priority=700 host_priority=Normal affinity=0x7F
[LOADER][INFO] Scheduled guest thread 'Background Job.Worker 5' handle=0x000001D59B200140 entry=0x0000000800B68880 arg=0x00000006006C42E0 priority=700 host_priority=Normal affinity=0x7F
[LOADER][INFO] Scheduled guest thread 'Background Job.Worker 6' handle=0x000001D59B1FE120 entry=0x0000000800B68880 arg=0x00000006006C4350 priority=700 host_priority=Normal affinity=0x7F
[LOADER][INFO] Scheduled guest thread 'Background Job.Worker 7' handle=0x000001D59B1FD110 entry=0x0000000800B68880 arg=0x00000006006C43C0 priority=700 host_priority=Normal affinity=0x7F
[LOADER][INFO] Scheduled guest thread 'Background Job.Worker 8' handle=0x000001D59B204180 entry=0x0000000800B68880 arg=0x00000006006C4430 priority=700 host_priority=Normal affinity=0x7F
[LOADER][INFO] Scheduled guest thread 'Background Job.Worker 9' handle=0x000001D59B203170 entry=0x0000000800B68880 arg=0x00000006006C44A0 priority=700 host_priority=Normal affinity=0x7F
[LOADER][INFO] Scheduled guest thread 'Background Job.Worker 10' handle=0x000001D59B201150 entry=0x0000000800B68880 arg=0x00000006006C4510 priority=700 host_priority=Normal affinity=0x7F
[LOADER][INFO] Scheduled guest thread 'Background Job.Worker 11' handle=0x000001D59B205190 entry=0x0000000800B68880 arg=0x00000006006C4580 priority=700 host_priority=Normal affinity=0x7F
[LOADER][INFO] Scheduled guest thread 'Background Job.Worker 12' handle=0x000001D59B202160 entry=0x0000000800B68880 arg=0x00000006006C45F0 priority=700 host_priority=Normal affinity=0x7F
[LOADER][INFO] Scheduled guest thread 'Background Job.Worker 13' handle=0x000001D59B2061A0 entry=0x0000000800B68880 arg=0x00000006006C4660 priority=700 host_priority=Normal affinity=0x7F
[LOADER][INFO] Scheduled guest thread 'Background Job.Worker 14' handle=0x000001D59B2071B0 entry=0x0000000800B68880 arg=0x00000006006C46D0 priority=700 host_priority=Normal affinity=0x7F
[LOADER][INFO] Scheduled guest thread 'Background Job.Worker 15' handle=0x000001D59B2081C0 entry=0x0000000800B68880 arg=0x00000006006C4740 priority=700 host_priority=Normal affinity=0x7F
[LOADER][INFO] Scheduled guest thread 'BatchDeleteObjects' handle=0x000001D59E7E4DF0 entry=0x0000000800B68880 arg=0x00000006006C3A80 priority=700 host_priority=Normal affinity=0x7F
[LOADER][INFO] Scheduled guest thread 'Loading.AsyncRead' handle=0x000001D59B8431B0 entry=0x0000000800B68880 arg=0x0000000600702EA0 priority=700 host_priority=Normal affinity=0x7F
[LOADER][WARN] Import#386172 result: -2144796650 (Nv8c-Kb+DUM) rdi=0x0000000000000001 rsi=0x00000000D000000A rdx=0x0000000000000000 rcx=0x0000000000000000 ret=0x00000008013EE15A
[LOADER][INFO] Scheduled guest thread 'Thread-1D59B8421A0' handle=0x000001D59B8421A0 entry=0x00000008013EEC20 arg=0x0000000000000000 priority=256 host_priority=Highest affinity=0x7F
[LOADER][WARN] Import#388007 result: -1 (wuCroIGjt2g) rdi=0x0000000801B193AA rsi=0x0000000000000000 rdx=0x0000000000000000 rcx=0x0000000000000001 ret=0x0000000800A3E5F1
[LOADER][WARN] Import#388008 result: -1 (wuCroIGjt2g) rdi=0x0000000801B40813 rsi=0x0000000000000004 rdx=0x0000000000000000 rcx=0x0000000000000001 ret=0x0000000800A3E60B
[LOADER][INFO] Scheduled guest thread 'UnityEOPThread' handle=0x000001D59B840180 entry=0x0000000800B68880 arg=0x00000006007DCFA8 priority=700 host_priority=Normal affinity=0x7F
[DEBUG][PRINF] todo: void GfxDevicePS5SharedData::CreateWorkload()
[LOADER][INFO] Scheduled guest thread 'GfxFlipThread' handle=0x000001D59B841190 entry=0x0000000800B68880 arg=0x0000000600110160 priority=700 host_priority=Normal affinity=0x7F
[LOADER][INFO] Scheduled guest thread 'UnityGfxDeviceWorker' handle=0x000001D59B8471F0 entry=0x0000000800B68880 arg=0x00000006001100F0 priority=700 host_priority=Normal affinity=0x7F
[LOADER][INFO] Scheduled guest thread 'Gfx Task Executor' handle=0x000001D59B8451D0 entry=0x0000000800B68880 arg=0x0000000600110080 priority=700 host_priority=Normal affinity=0x7F
[LOADER][TRACE] guest_thread.snapshot handle=0x000001D59E7E0DB0 name='AssetGarbageCollectorHelper' state=Blocked executor=False imports=28 nid=04AjkP0jO9U ret=0x000000080A821799 block=_umtx_op_wait wake=sceKernelSyncOnAddress:00000006006CF7D8 host_managed=0 host_tid=0
[LOADER][TRACE] guest_thread.snapshot handle=0x000001D59E7E2DD0 name='AssetGarbageCollectorHelper' state=Blocked executor=False imports=27 nid=04AjkP0jO9U ret=0x000000080A821799 block=_umtx_op_wait wake=sceKernelSyncOnAddress:00000006006CF928 host_managed=0 host_tid=0
[LOADER][TRACE] guest_thread.snapshot handle=0x000001D59E7E3DE0 name='AssetGarbageCollectorHelper' state=Blocked executor=False imports=28 nid=04AjkP0jO9U ret=0x000000080A821799 block=_umtx_op_wait wake=sceKernelSyncOnAddress:00000006006CFA78 host_managed=0 host_tid=0
[LOADER][TRACE] guest_thread.snapshot handle=0x000001D59E7E1DC0 name='AssetGarbageCollectorHelper' state=Blocked executor=False imports=27 nid=04AjkP0jO9U ret=0x000000080A821799 block=_umtx_op_wait wake=sceKernelSyncOnAddress:00000006006CFBC8 host_managed=0 host_tid=0
[LOADER][TRACE] guest_thread.snapshot handle=0x000001D59E7E8E30 name='AssetGarbageCollectorHelper' state=Blocked executor=False imports=28 nid=04AjkP0jO9U ret=0x000000080A821799 block=_umtx_op_wait wake=sceKernelSyncOnAddress:00000006006CFD18 host_managed=0 host_tid=0
[LOADER][TRACE] guest_thread.snapshot handle=0x000001D59E7E7E20 name='AssetGarbageCollectorHelper' state=Blocked executor=False imports=27 nid=04AjkP0jO9U ret=0x000000080A821799 block=_umtx_op_wait wake=sceKernelSyncOnAddress:00000006006CFE68 host_managed=0 host_tid=0
[LOADER][TRACE] guest_thread.snapshot handle=0x000001D59E7E5E00 name='AssetGarbageCollectorHelper' state=Blocked executor=False imports=28 nid=04AjkP0jO9U ret=0x000000080A821799 block=_umtx_op_wait wake=sceKernelSyncOnAddress:00000006006CFFB8 host_managed=0 host_tid=0
[LOADER][TRACE] guest_thread.snapshot handle=0x000001D59E7E9E40 name='AssetGarbageCollectorHelper' state=Blocked executor=False imports=27 nid=04AjkP0jO9U ret=0x000000080A821799 block=_umtx_op_wait wake=sceKernelSyncOnAddress:00000006006D0108 host_managed=0 host_tid=0
[LOADER][TRACE] guest_thread.snapshot handle=0x000001D59E7E6E10 name='AssetGarbageCollectorHelper' state=Blocked executor=False imports=28 nid=04AjkP0jO9U ret=0x000000080A821799 block=_umtx_op_wait wake=sceKernelSyncOnAddress:00000006006D0258 host_managed=0 host_tid=0
[LOADER][TRACE] guest_thread.snapshot handle=0x000001D59E7ECE70 name='AssetGarbageCollectorHelper' state=Blocked executor=False imports=27 nid=04AjkP0jO9U ret=0x000000080A821799 block=_umtx_op_wait wake=sceKernelSyncOnAddress:00000006006D03A8 host_managed=0 host_tid=0
[LOADER][TRACE] guest_thread.snapshot handle=0x000001D59E7EBE60 name='AssetGarbageCollectorHelper' state=Blocked executor=False imports=28 nid=04AjkP0jO9U ret=0x000000080A821799 block=_umtx_op_wait wake=sceKernelSyncOnAddress:00000006006D04F8 host_managed=0 host_tid=0
[LOADER][TRACE] guest_thread.snapshot handle=0x000001D59E7EAE50 name='AssetGarbageCollectorHelper' state=Blocked executor=False imports=26 nid=04AjkP0jO9U ret=0x000000080A821799 block=_umtx_op_wait wake=sceKernelSyncOnAddress:00000006006D0648 host_managed=0 host_tid=0
[LOADER][TRACE] guest_thread.snapshot handle=0x000001D59B1E9FE0 name='AssetGarbageCollectorHelper' state=Blocked executor=False imports=28 nid=04AjkP0jO9U ret=0x000000080A821799 block=_umtx_op_wait wake=sceKernelSyncOnAddress:00000006006D0798 host_managed=0 host_tid=0
[LOADER][TRACE] guest_thread.snapshot handle=0x000001D59B1EAFF0 name='Thread-1D59B1EAFF0' state=Blocked executor=False imports=123 nid=4czppHBiriw ret=0x0000000805007634 block=pthread_cond_wait wake=pthread_cond_waiter:1 host_managed=0 host_tid=0
[LOADER][TRACE] guest_thread.snapshot handle=0x000001D59B1EC000 name='Job.Worker 0' state=Blocked executor=False imports=16 nid=JTvBflhYazQ ret=0x0000000800A27985 block=sceKernelWaitEventFlag wake=event_flag:0x0000000000000003 host_managed=0 host_tid=0
[LOADER][TRACE] guest_thread.snapshot handle=0x000001D59B1ED010 name='Job.Worker 1' state=Blocked executor=False imports=16 nid=JTvBflhYazQ ret=0x0000000800A27985 block=sceKernelWaitEventFlag wake=event_flag:0x0000000000000003 host_managed=0 host_tid=0
[LOADER][TRACE] guest_thread.snapshot handle=0x000001D59B1F1050 name='Job.Worker 2' state=Blocked executor=False imports=16 nid=JTvBflhYazQ ret=0x0000000800A27985 block=sceKernelWaitEventFlag wake=event_flag:0x0000000000000003 host_managed=0 host_tid=0
[LOADER][TRACE] guest_thread.snapshot handle=0x000001D59B1EF030 name='Job.Worker 3' state=Blocked executor=False imports=16 nid=JTvBflhYazQ ret=0x0000000800A27985 block=sceKernelWaitEventFlag wake=event_flag:0x0000000000000003 host_managed=0 host_tid=0
[LOADER][TRACE] guest_thread.snapshot handle=0x000001D59B1EE020 name='Job.Worker 4' state=Blocked executor=False imports=16 nid=JTvBflhYazQ ret=0x0000000800A27985 block=sceKernelWaitEventFlag wake=event_flag:0x0000000000000003 host_managed=0 host_tid=0
[LOADER][TRACE] guest_thread.snapshot handle=0x000001D59B1F3070 name='Job.Worker 5' state=Blocked executor=False imports=16 nid=JTvBflhYazQ ret=0x0000000800A27985 block=sceKernelWaitEventFlag wake=event_flag:0x0000000000000003 host_managed=0 host_tid=0
[LOADER][TRACE] guest_thread.snapshot handle=0x000001D59B1F2060 name='Job.Worker 6' state=Blocked executor=False imports=16 nid=JTvBflhYazQ ret=0x0000000800A27985 block=sceKernelWaitEventFlag wake=event_flag:0x0000000000000003 host_managed=0 host_tid=0
[LOADER][TRACE] guest_thread.snapshot handle=0x000001D59B1F0040 name='Job.Worker 7' state=Blocked executor=False imports=16 nid=JTvBflhYazQ ret=0x0000000800A27985 block=sceKernelWaitEventFlag wake=event_flag:0x0000000000000003 host_managed=0 host_tid=0
[LOADER][TRACE] guest_thread.snapshot handle=0x000001D59B1F70B0 name='Job.Worker 8' state=Blocked executor=False imports=16 nid=JTvBflhYazQ ret=0x0000000800A27985 block=sceKernelWaitEventFlag wake=event_flag:0x0000000000000003 host_managed=0 host_tid=0
[LOADER][TRACE] guest_thread.snapshot handle=0x000001D59B1F60A0 name='Job.Worker 9' state=Blocked executor=False imports=16 nid=JTvBflhYazQ ret=0x0000000800A27985 block=sceKernelWaitEventFlag wake=event_flag:0x0000000000000003 host_managed=0 host_tid=0
[LOADER][TRACE] guest_thread.snapshot handle=0x000001D59B1F4080 name='Job.Worker 10' state=Blocked executor=False imports=16 nid=JTvBflhYazQ ret=0x0000000800A27985 block=sceKernelWaitEventFlag wake=event_flag:0x0000000000000003 host_managed=0 host_tid=0
[LOADER][TRACE] guest_thread.snapshot handle=0x000001D59B1F80C0 name='Job.Worker 11' state=Blocked executor=False imports=16 nid=JTvBflhYazQ ret=0x0000000800A27985 block=sceKernelWaitEventFlag wake=event_flag:0x0000000000000003 host_managed=0 host_tid=0
[LOADER][TRACE] guest_thread.snapshot handle=0x000001D59B1F5090 name='Job.Worker 12' state=Blocked executor=False imports=16 nid=JTvBflhYazQ ret=0x0000000800A27985 block=sceKernelWaitEventFlag wake=event_flag:0x0000000000000003 host_managed=0 host_tid=0
[LOADER][TRACE] guest_thread.snapshot handle=0x000001D59B1FC100 name='Background Job.Worker 0' state=Blocked executor=False imports=18 nid=JTvBflhYazQ ret=0x0000000800A27985 block=sceKernelWaitEventFlag wake=event_flag:0x0000000000000004 host_managed=0 host_tid=0
[LOADER][TRACE] guest_thread.snapshot handle=0x000001D59B1FB0F0 name='Background Job.Worker 1' state=Blocked executor=False imports=17 nid=JTvBflhYazQ ret=0x0000000800A27985 block=sceKernelWaitEventFlag wake=event_flag:0x0000000000000004 host_managed=0 host_tid=0
[LOADER][TRACE] guest_thread.snapshot handle=0x000001D59B1F90D0 name='Background Job.Worker 2' state=Blocked executor=False imports=17 nid=JTvBflhYazQ ret=0x0000000800A27985 block=sceKernelWaitEventFlag wake=event_flag:0x0000000000000004 host_managed=0 host_tid=0
[LOADER][TRACE] guest_thread.snapshot handle=0x000001D59B1FA0E0 name='Background Job.Worker 3' state=Blocked executor=False imports=17 nid=JTvBflhYazQ ret=0x0000000800A27985 block=sceKernelWaitEventFlag wake=event_flag:0x0000000000000004 host_managed=0 host_tid=0
[LOADER][TRACE] guest_thread.snapshot handle=0x000001D59B1FF130 name='Background Job.Worker 4' state=Blocked executor=False imports=18 nid=JTvBflhYazQ ret=0x0000000800A27985 block=sceKernelWaitEventFlag wake=event_flag:0x0000000000000004 host_managed=0 host_tid=0
[LOADER][TRACE] guest_thread.snapshot handle=0x000001D59B200140 name='Background Job.Worker 5' state=Blocked executor=False imports=17 nid=JTvBflhYazQ ret=0x0000000800A27985 block=sceKernelWaitEventFlag wake=event_flag:0x0000000000000004 host_managed=0 host_tid=0
[LOADER][TRACE] guest_thread.snapshot handle=0x000001D59B1FE120 name='Background Job.Worker 6' state=Blocked executor=False imports=17 nid=JTvBflhYazQ ret=0x0000000800A27985 block=sceKernelWaitEventFlag wake=event_flag:0x0000000000000004 host_managed=0 host_tid=0
[LOADER][TRACE] guest_thread.snapshot handle=0x000001D59B1FD110 name='Background Job.Worker 7' state=Blocked executor=False imports=17 nid=JTvBflhYazQ ret=0x0000000800A27985 block=sceKernelWaitEventFlag wake=event_flag:0x0000000000000004 host_managed=0 host_tid=0
[LOADER][TRACE] guest_thread.snapshot handle=0x000001D59B204180 name='Background Job.Worker 8' state=Blocked executor=False imports=18 nid=JTvBflhYazQ ret=0x0000000800A27985 block=sceKernelWaitEventFlag wake=event_flag:0x0000000000000004 host_managed=0 host_tid=0
[LOADER][TRACE] guest_thread.snapshot handle=0x000001D59B203170 name='Background Job.Worker 9' state=Blocked executor=False imports=17 nid=JTvBflhYazQ ret=0x0000000800A27985 block=sceKernelWaitEventFlag wake=event_flag:0x0000000000000004 host_managed=0 host_tid=0
[LOADER][TRACE] guest_thread.snapshot handle=0x000001D59B201150 name='Background Job.Worker 10' state=Blocked executor=False imports=17 nid=JTvBflhYazQ ret=0x0000000800A27985 block=sceKernelWaitEventFlag wake=event_flag:0x0000000000000004 host_managed=0 host_tid=0
[LOADER][TRACE] guest_thread.snapshot handle=0x000001D59B205190 name='Background Job.Worker 11' state=Blocked executor=False imports=17 nid=JTvBflhYazQ ret=0x0000000800A27985 block=sceKernelWaitEventFlag wake=event_flag:0x0000000000000004 host_managed=0 host_tid=0
[LOADER][TRACE] guest_thread.snapshot handle=0x000001D59B202160 name='Background Job.Worker 12' state=Blocked executor=False imports=18 nid=JTvBflhYazQ ret=0x0000000800A27985 block=sceKernelWaitEventFlag wake=event_flag:0x0000000000000004 host_managed=0 host_tid=0
[LOADER][TRACE] guest_thread.snapshot handle=0x000001D59B2061A0 name='Background Job.Worker 13' state=Blocked executor=False imports=17 nid=JTvBflhYazQ ret=0x0000000800A27985 block=sceKernelWaitEventFlag wake=event_flag:0x0000000000000004 host_managed=0 host_tid=0
[LOADER][TRACE] guest_thread.snapshot handle=0x000001D59B2071B0 name='Background Job.Worker 14' state=Blocked executor=False imports=17 nid=JTvBflhYazQ ret=0x0000000800A27985 block=sceKernelWaitEventFlag wake=event_flag:0x0000000000000004 host_managed=0 host_tid=0
[LOADER][TRACE] guest_thread.snapshot handle=0x000001D59B2081C0 name='Background Job.Worker 15' state=Blocked executor=False imports=17 nid=JTvBflhYazQ ret=0x0000000800A27985 block=sceKernelWaitEventFlag wake=event_flag:0x0000000000000004 host_managed=0 host_tid=0
[LOADER][TRACE] guest_thread.snapshot handle=0x000001D59E7E4DF0 name='BatchDeleteObjects' state=Blocked executor=False imports=23 nid=04AjkP0jO9U ret=0x000000080A821799 block=_umtx_op_wait wake=sceKernelSyncOnAddress:00000006039098A0 host_managed=0 host_tid=0
[LOADER][TRACE] guest_thread.snapshot handle=0x000001D59B8431B0 name='Loading.AsyncRead' state=Blocked executor=False imports=22 nid=04AjkP0jO9U ret=0x000000080A821799 block=_umtx_op_wait wake=sceKernelSyncOnAddress:0000000600702F50 host_managed=0 host_tid=0
[LOADER][TRACE] guest_thread.snapshot handle=0x000001D59B8421A0 name='Thread-1D59B8421A0' state=Running executor=True imports=0 nid=none ret=0x0000000000000000 block=none wake=none host_managed=71 host_tid=34620
[LOADER][TRACE] guest_thread.snapshot handle=0x000001D59B840180 name='UnityEOPThread' state=Blocked executor=False imports=18 nid=fzyMKs9kim0 ret=0x00000008013E33D3 block=sceKernelWaitEqueue wake=sceKernelWaitEqueue:0000000000000003:0000000000000002 host_managed=0 host_tid=0
[LOADER][TRACE] guest_thread.snapshot handle=0x000001D59B841190 name='GfxFlipThread' state=Blocked executor=False imports=18 nid=fzyMKs9kim0 ret=0x00000008013BFDEF block=sceKernelWaitEqueue wake=sceKernelWaitEqueue:0000000000000005:0000000000000004 host_managed=0 host_tid=0
[LOADER][TRACE] guest_thread.snapshot handle=0x000001D59B8471F0 name='UnityGfxDeviceWorker' state=Blocked executor=False imports=210 nid=04AjkP0jO9U ret=0x000000080A821799 block=_umtx_op_wait wake=sceKernelSyncOnAddress:0000000603911DD0 host_managed=0 host_tid=0
[LOADER][TRACE] guest_thread.snapshot handle=0x000001D59B8451D0 name='Gfx Task Executor' state=Blocked executor=False imports=35 nid=04AjkP0jO9U ret=0x000000080A821799 block=_umtx_op_wait wake=sceKernelSyncOnAddress:0000000603922B70 host_managed=0 host_tid=0
[LOADER][INFO] SDL3 window ready: mode=Windowed size=1920x1080 display=0 refresh=auto
[LOADER][INFO] SDL3 display HDR: enabled=True sdr_white=3.500 headroom=2.170
[LOADER][INFO] Vulkan candidate: NVIDIA GeForce RTX 5060 Laptop GPU (DiscreteGpu) score=800
[LOADER][INFO] Vulkan candidate: AMD Radeon(TM) 780M Graphics (IntegratedGpu) score=-950
[LOADER][INFO] Vulkan compute limits groups=2147483647x65535x65535 local=1024x1024x64 invocations=1024 storage_alignment=16
[LOADER][INFO] Vulkan subgroup default=32 stages=ShaderStageAllGraphics, ComputeBit, ShaderStageTaskBitNV, MeshBitNV, ShaderStageRaygenBitKhr, ShaderStageAnyHitBitKhr, ShaderStageClosestHitBitKhr, MissBitNV, ShaderStageIntersectionBitNV, CallableBitNV ops=BasicBit, VoteBit, ArithmeticBit, BallotBit, SubgroupFeatureShuffleBit, SubgroupFeatureShuffleRelativeBit, SubgroupFeatureClusteredBit, SubgroupFeatureQuadBit, SubgroupFeaturePartitionedBitNV, RotateBit, RotateClusteredBit size_control=32-32 required_stages=ShaderStageAllGraphics, ComputeBit, ShaderStageTaskBitNV, MeshBitNV, ShaderStageRaygenBitKhr, ShaderStageAnyHitBitKhr, ShaderStageClosestHitBitKhr, MissBitNV, ShaderStageIntersectionBitNV, CallableBitNV max_compute_subgroups=32
[LOADER][INFO] Vulkan guest depth backed by D32SfloatS8Uint (32-bit float depth + 8-bit stencil; stencil writes have storage).
[LOADER][INFO] Vulkan device: NVIDIA GeForce RTX 5060 Laptop GPU (DiscreteGpu)
[LOADER][INFO] Vulkan pipeline cache ready: path=C:\Users\chayt\Downloads\SharpEmu-Source\artifacts\bin\Release\net10.0\win-x64\user\pipeline_cache\PPSA22623\vulkan-pipeline-cache.bin initial=0 bytes
[LOADER][INFO] Vulkan output color: requested=Auto display_hdr=True guest_hdr=False active=False format=B8G8R8A8Unorm colorspace=SpaceSrgbNonlinearKhr sdr_white=1.000 headroom=1.000
[LOADER][TRACE] guest_exception.delivery_enter target=0x000001D59B1EAFF0 type=0x1E mode=parked rip=0x0000000804F3A074 rsp=0x00007FFFD31FFED0 rbp=0x00007FFFD31FFF40 rbx=0x0000000100000B60 r12=0x0000000804FF36B0 r13=0x00000001014D7960 r14=0x00000001014D7980 r15=0x0000000000000000 stack=0x00007FFFD1000000 callback=0x0000000805007510
[LOADER][TRACE] guest_exception.raise target=0x000001D59B1EAFF0 type=0x1E handler=0x000000080A821210
[LOADER][TRACE] sema.signal handle=0x00000002 name='SuspendSemaphore' signal=1 count=1 waiters=0 guest=0x000001D59B1EAFF0 ret=0x00000008050075FE
[LOADER][TRACE] sema.wait handle=0x00000002 name='SuspendSemaphore' need=1 count=0 timeout=infinite
[LOADER][TRACE] sema.wait-host-block handle=0x00000003 name='ResumeSemaphore' need=1 count=0 timeout=infinite guest=0x0000000000000000 ret=0x00000008050076A2
[LOADER][TRACE] sema.signal handle=0x00000003 name='ResumeSemaphore' signal=1 count=1 waiters=1 guest=0x000001D59B1EAFF0 ret=0x0000000805007634
[LOADER][TRACE] sema.wait-host-wake handle=0x00000003 name='ResumeSemaphore' need=1 count=0 guest=0x0000000000000000 ret=0x00000008050076A2
[LOADER][TRACE] guest_exception.delivery_exit target=0x000001D59B1EAFF0 type=0x1E success=True error=none elapsed_ms=2.937 record=0x0000000000000000 stack_bound=0x0000000000000000 recorded_rsp=0x0000000000000000
[LOADER][INFO] Scheduled guest thread 'Loading.PreloadManager' handle=0x000001D59B8552D0 entry=0x0000000800B68880 arg=0x0000000606E0BF30 priority=700 host_priority=Normal affinity=0x7F
[LOADER][INFO] Vulkan VideoOut ready: 1920x1080, format=B8G8R8A8Unorm
[LOADER][INFO] Vulkan VideoOut recreating swapchain after restored SDL window: SuboptimalKhr
[LOADER][INFO] Vulkan output color: requested=Auto display_hdr=True guest_hdr=False active=False format=B8G8R8A8Unorm colorspace=SpaceSrgbNonlinearKhr sdr_white=1.000 headroom=1.000
[LOADER][INFO] Vulkan VideoOut recreated swapchain: 1920x1080, format=B8G8R8A8Unorm
[LOADER][INFO] Vulkan VideoOut presented splash: 3840x2160
[LOADER][TRACE] guest_thread.snapshot handle=0x000001D59E7E0DB0 name='AssetGarbageCollectorHelper' state=Blocked executor=False imports=38 nid=04AjkP0jO9U ret=0x000000080A821799 block=_umtx_op_wait wake=sceKernelSyncOnAddress:00000006006CF7D8 host_managed=0 host_tid=0
[LOADER][TRACE] guest_thread.snapshot handle=0x000001D59E7E2DD0 name='AssetGarbageCollectorHelper' state=Blocked executor=False imports=37 nid=04AjkP0jO9U ret=0x000000080A821799 block=_umtx_op_wait wake=sceKernelSyncOnAddress:00000006006CF928 host_managed=0 host_tid=0
[LOADER][TRACE] guest_thread.snapshot handle=0x000001D59E7E3DE0 name='AssetGarbageCollectorHelper' state=Blocked executor=False imports=38 nid=04AjkP0jO9U ret=0x000000080A821799 block=_umtx_op_wait wake=sceKernelSyncOnAddress:00000006006CFA78 host_managed=0 host_tid=0
[LOADER][TRACE] guest_thread.snapshot handle=0x000001D59E7E1DC0 name='AssetGarbageCollectorHelper' state=Blocked executor=False imports=37 nid=04AjkP0jO9U ret=0x000000080A821799 block=_umtx_op_wait wake=sceKernelSyncOnAddress:00000006006CFBC8 host_managed=0 host_tid=0
[LOADER][TRACE] guest_thread.snapshot handle=0x000001D59E7E8E30 name='AssetGarbageCollectorHelper' state=Blocked executor=False imports=38 nid=04AjkP0jO9U ret=0x000000080A821799 block=_umtx_op_wait wake=sceKernelSyncOnAddress:00000006006CFD18 host_managed=0 host_tid=0
[LOADER][TRACE] guest_thread.snapshot handle=0x000001D59E7E7E20 name='AssetGarbageCollectorHelper' state=Blocked executor=False imports=37 nid=04AjkP0jO9U ret=0x000000080A821799 block=_umtx_op_wait wake=sceKernelSyncOnAddress:00000006006CFE68 host_managed=0 host_tid=0
[LOADER][TRACE] guest_thread.snapshot handle=0x000001D59E7E5E00 name='AssetGarbageCollectorHelper' state=Blocked executor=False imports=38 nid=04AjkP0jO9U ret=0x000000080A821799 block=_umtx_op_wait wake=sceKernelSyncOnAddress:00000006006CFFB8 host_managed=0 host_tid=0
[LOADER][TRACE] guest_thread.snapshot handle=0x000001D59E7E9E40 name='AssetGarbageCollectorHelper' state=Blocked executor=False imports=37 nid=04AjkP0jO9U ret=0x000000080A821799 block=_umtx_op_wait wake=sceKernelSyncOnAddress:00000006006D0108 host_managed=0 host_tid=0
[LOADER][TRACE] guest_thread.snapshot handle=0x000001D59E7E6E10 name='AssetGarbageCollectorHelper' state=Blocked executor=False imports=38 nid=04AjkP0jO9U ret=0x000000080A821799 block=_umtx_op_wait wake=sceKernelSyncOnAddress:00000006006D0258 host_managed=0 host_tid=0
[LOADER][TRACE] guest_thread.snapshot handle=0x000001D59E7ECE70 name='AssetGarbageCollectorHelper' state=Blocked executor=False imports=37 nid=04AjkP0jO9U ret=0x000000080A821799 block=_umtx_op_wait wake=sceKernelSyncOnAddress:00000006006D03A8 host_managed=0 host_tid=0
[LOADER][TRACE] guest_thread.snapshot handle=0x000001D59E7EBE60 name='AssetGarbageCollectorHelper' state=Blocked executor=False imports=38 nid=04AjkP0jO9U ret=0x000000080A821799 block=_umtx_op_wait wake=sceKernelSyncOnAddress:00000006006D04F8 host_managed=0 host_tid=0
[LOADER][TRACE] guest_thread.snapshot handle=0x000001D59E7EAE50 name='AssetGarbageCollectorHelper' state=Blocked executor=False imports=36 nid=04AjkP0jO9U ret=0x000000080A821799 block=_umtx_op_wait wake=sceKernelSyncOnAddress:00000006006D0648 host_managed=0 host_tid=0
[LOADER][TRACE] guest_thread.snapshot handle=0x000001D59B1E9FE0 name='AssetGarbageCollectorHelper' state=Blocked executor=False imports=38 nid=04AjkP0jO9U ret=0x000000080A821799 block=_umtx_op_wait wake=sceKernelSyncOnAddress:00000006006D0798 host_managed=0 host_tid=0
[LOADER][TRACE] guest_thread.snapshot handle=0x000001D59B1EAFF0 name='Thread-1D59B1EAFF0' state=Blocked executor=False imports=128 nid=4czppHBiriw ret=0x0000000805007634 block=pthread_cond_wait wake=pthread_cond_waiter:1 host_managed=0 host_tid=0
[LOADER][TRACE] guest_thread.snapshot handle=0x000001D59B1EC000 name='Job.Worker 0' state=Blocked executor=False imports=16 nid=JTvBflhYazQ ret=0x0000000800A27985 block=sceKernelWaitEventFlag wake=event_flag:0x0000000000000003 host_managed=0 host_tid=0
[LOADER][TRACE] guest_thread.snapshot handle=0x000001D59B1ED010 name='Job.Worker 1' state=Blocked executor=False imports=16 nid=JTvBflhYazQ ret=0x0000000800A27985 block=sceKernelWaitEventFlag wake=event_flag:0x0000000000000003 host_managed=0 host_tid=0
[LOADER][TRACE] guest_thread.snapshot handle=0x000001D59B1F1050 name='Job.Worker 2' state=Blocked executor=False imports=16 nid=JTvBflhYazQ ret=0x0000000800A27985 block=sceKernelWaitEventFlag wake=event_flag:0x0000000000000003 host_managed=0 host_tid=0
[LOADER][TRACE] guest_thread.snapshot handle=0x000001D59B1EF030 name='Job.Worker 3' state=Blocked executor=False imports=16 nid=JTvBflhYazQ ret=0x0000000800A27985 block=sceKernelWaitEventFlag wake=event_flag:0x0000000000000003 host_managed=0 host_tid=0
[LOADER][TRACE] guest_thread.snapshot handle=0x000001D59B1EE020 name='Job.Worker 4' state=Blocked executor=False imports=16 nid=JTvBflhYazQ ret=0x0000000800A27985 block=sceKernelWaitEventFlag wake=event_flag:0x0000000000000003 host_managed=0 host_tid=0
[LOADER][TRACE] guest_thread.snapshot handle=0x000001D59B1F3070 name='Job.Worker 5' state=Blocked executor=False imports=16 nid=JTvBflhYazQ ret=0x0000000800A27985 block=sceKernelWaitEventFlag wake=event_flag:0x0000000000000003 host_managed=0 host_tid=0
[LOADER][TRACE] guest_thread.snapshot handle=0x000001D59B1F2060 name='Job.Worker 6' state=Blocked executor=False imports=16 nid=JTvBflhYazQ ret=0x0000000800A27985 block=sceKernelWaitEventFlag wake=event_flag:0x0000000000000003 host_managed=0 host_tid=0
[LOADER][TRACE] guest_thread.snapshot handle=0x000001D59B1F0040 name='Job.Worker 7' state=Blocked executor=False imports=16 nid=JTvBflhYazQ ret=0x0000000800A27985 block=sceKernelWaitEventFlag wake=event_flag:0x0000000000000003 host_managed=0 host_tid=0
[LOADER][TRACE] guest_thread.snapshot handle=0x000001D59B1F70B0 name='Job.Worker 8' state=Blocked executor=False imports=16 nid=JTvBflhYazQ ret=0x0000000800A27985 block=sceKernelWaitEventFlag wake=event_flag:0x0000000000000003 host_managed=0 host_tid=0
[LOADER][TRACE] guest_thread.snapshot handle=0x000001D59B1F60A0 name='Job.Worker 9' state=Blocked executor=False imports=16 nid=JTvBflhYazQ ret=0x0000000800A27985 block=sceKernelWaitEventFlag wake=event_flag:0x0000000000000003 host_managed=0 host_tid=0
[LOADER][TRACE] guest_thread.snapshot handle=0x000001D59B1F4080 name='Job.Worker 10' state=Blocked executor=False imports=16 nid=JTvBflhYazQ ret=0x0000000800A27985 block=sceKernelWaitEventFlag wake=event_flag:0x0000000000000003 host_managed=0 host_tid=0
[LOADER][TRACE] guest_thread.snapshot handle=0x000001D59B1F80C0 name='Job.Worker 11' state=Blocked executor=False imports=16 nid=JTvBflhYazQ ret=0x0000000800A27985 block=sceKernelWaitEventFlag wake=event_flag:0x0000000000000003 host_managed=0 host_tid=0
[LOADER][TRACE] guest_thread.snapshot handle=0x000001D59B1F5090 name='Job.Worker 12' state=Blocked executor=False imports=16 nid=JTvBflhYazQ ret=0x0000000800A27985 block=sceKernelWaitEventFlag wake=event_flag:0x0000000000000003 host_managed=0 host_tid=0
[LOADER][TRACE] guest_thread.snapshot handle=0x000001D59B1FC100 name='Background Job.Worker 0' state=Blocked executor=False imports=19 nid=JTvBflhYazQ ret=0x0000000800A27985 block=sceKernelWaitEventFlag wake=event_flag:0x0000000000000004 host_managed=0 host_tid=0
[LOADER][TRACE] guest_thread.snapshot handle=0x000001D59B1FB0F0 name='Background Job.Worker 1' state=Blocked executor=False imports=18 nid=JTvBflhYazQ ret=0x0000000800A27985 block=sceKernelWaitEventFlag wake=event_flag:0x0000000000000004 host_managed=0 host_tid=0
[LOADER][TRACE] guest_thread.snapshot handle=0x000001D59B1F90D0 name='Background Job.Worker 2' state=Blocked executor=False imports=29 nid=JTvBflhYazQ ret=0x0000000800A27985 block=sceKernelWaitEventFlag wake=event_flag:0x0000000000000004 host_managed=0 host_tid=0
[LOADER][TRACE] guest_thread.snapshot handle=0x000001D59B1FA0E0 name='Background Job.Worker 3' state=Blocked executor=False imports=18 nid=JTvBflhYazQ ret=0x0000000800A27985 block=sceKernelWaitEventFlag wake=event_flag:0x0000000000000004 host_managed=0 host_tid=0
[LOADER][TRACE] guest_thread.snapshot handle=0x000001D59B1FF130 name='Background Job.Worker 4' state=Blocked executor=False imports=19 nid=JTvBflhYazQ ret=0x0000000800A27985 block=sceKernelWaitEventFlag wake=event_flag:0x0000000000000004 host_managed=0 host_tid=0
[LOADER][TRACE] guest_thread.snapshot handle=0x000001D59B200140 name='Background Job.Worker 5' state=Blocked executor=False imports=18 nid=JTvBflhYazQ ret=0x0000000800A27985 block=sceKernelWaitEventFlag wake=event_flag:0x0000000000000004 host_managed=0 host_tid=0
[LOADER][TRACE] guest_thread.snapshot handle=0x000001D59B1FE120 name='Background Job.Worker 6' state=Blocked executor=False imports=18 nid=JTvBflhYazQ ret=0x0000000800A27985 block=sceKernelWaitEventFlag wake=event_flag:0x0000000000000004 host_managed=0 host_tid=0
[LOADER][TRACE] guest_thread.snapshot handle=0x000001D59B1FD110 name='Background Job.Worker 7' state=Blocked executor=False imports=18 nid=JTvBflhYazQ ret=0x0000000800A27985 block=sceKernelWaitEventFlag wake=event_flag:0x0000000000000004 host_managed=0 host_tid=0
[LOADER][TRACE] guest_thread.snapshot handle=0x000001D59B204180 name='Background Job.Worker 8' state=Blocked executor=False imports=19 nid=JTvBflhYazQ ret=0x0000000800A27985 block=sceKernelWaitEventFlag wake=event_flag:0x0000000000000004 host_managed=0 host_tid=0
[LOADER][TRACE] guest_thread.snapshot handle=0x000001D59B203170 name='Background Job.Worker 9' state=Blocked executor=False imports=18 nid=JTvBflhYazQ ret=0x0000000800A27985 block=sceKernelWaitEventFlag wake=event_flag:0x0000000000000004 host_managed=0 host_tid=0
[LOADER][TRACE] guest_thread.snapshot handle=0x000001D59B201150 name='Background Job.Worker 10' state=Blocked executor=False imports=18 nid=JTvBflhYazQ ret=0x0000000800A27985 block=sceKernelWaitEventFlag wake=event_flag:0x0000000000000004 host_managed=0 host_tid=0
[LOADER][TRACE] guest_thread.snapshot handle=0x000001D59B205190 name='Background Job.Worker 11' state=Blocked executor=False imports=18 nid=JTvBflhYazQ ret=0x0000000800A27985 block=sceKernelWaitEventFlag wake=event_flag:0x0000000000000004 host_managed=0 host_tid=0
[LOADER][TRACE] guest_thread.snapshot handle=0x000001D59B202160 name='Background Job.Worker 12' state=Blocked executor=False imports=19 nid=JTvBflhYazQ ret=0x0000000800A27985 block=sceKernelWaitEventFlag wake=event_flag:0x0000000000000004 host_managed=0 host_tid=0
[LOADER][TRACE] guest_thread.snapshot handle=0x000001D59B2061A0 name='Background Job.Worker 13' state=Blocked executor=False imports=18 nid=JTvBflhYazQ ret=0x0000000800A27985 block=sceKernelWaitEventFlag wake=event_flag:0x0000000000000004 host_managed=0 host_tid=0
[LOADER][TRACE] guest_thread.snapshot handle=0x000001D59B2071B0 name='Background Job.Worker 14' state=Blocked executor=False imports=18 nid=JTvBflhYazQ ret=0x0000000800A27985 block=sceKernelWaitEventFlag wake=event_flag:0x0000000000000004 host_managed=0 host_tid=0
[LOADER][TRACE] guest_thread.snapshot handle=0x000001D59B2081C0 name='Background Job.Worker 15' state=Blocked executor=False imports=18 nid=JTvBflhYazQ ret=0x0000000800A27985 block=sceKernelWaitEventFlag wake=event_flag:0x0000000000000004 host_managed=0 host_tid=0
[LOADER][TRACE] guest_thread.snapshot handle=0x000001D59E7E4DF0 name='BatchDeleteObjects' state=Blocked executor=False imports=33 nid=04AjkP0jO9U ret=0x000000080A821799 block=_umtx_op_wait wake=sceKernelSyncOnAddress:00000006039098A0 host_managed=0 host_tid=0
[LOADER][TRACE] guest_thread.snapshot handle=0x000001D59B8431B0 name='Loading.AsyncRead' state=Blocked executor=False imports=66 nid=04AjkP0jO9U ret=0x000000080A821799 block=_umtx_op_wait wake=sceKernelSyncOnAddress:0000000600702F50 host_managed=0 host_tid=0
[LOADER][TRACE] guest_thread.snapshot handle=0x000001D59B8421A0 name='Thread-1D59B8421A0' state=Running executor=True imports=3 nid=tn3VlD0hG60 ret=0x00000008013EED51 block=none wake=none host_managed=71 host_tid=34620
[LOADER][TRACE] guest_thread.snapshot handle=0x000001D59B840180 name='UnityEOPThread' state=Blocked executor=False imports=18 nid=fzyMKs9kim0 ret=0x00000008013E33D3 block=sceKernelWaitEqueue wake=sceKernelWaitEqueue:0000000000000003:0000000000000002 host_managed=0 host_tid=0
[LOADER][TRACE] guest_thread.snapshot handle=0x000001D59B841190 name='GfxFlipThread' state=Blocked executor=False imports=20 nid=fzyMKs9kim0 ret=0x00000008013BFDEF block=sceKernelWaitEqueue wake=sceKernelWaitEqueue:0000000000000005:0000000000000004 host_managed=0 host_tid=0
[LOADER][TRACE] guest_thread.snapshot handle=0x000001D59B8471F0 name='UnityGfxDeviceWorker' state=Blocked executor=False imports=255 nid=04AjkP0jO9U ret=0x000000080A821799 block=_umtx_op_wait wake=sceKernelSyncOnAddress:0000000603911DD0 host_managed=0 host_tid=0
[LOADER][TRACE] guest_thread.snapshot handle=0x000001D59B8451D0 name='Gfx Task Executor' state=Blocked executor=False imports=45 nid=04AjkP0jO9U ret=0x000000080A821799 block=_umtx_op_wait wake=sceKernelSyncOnAddress:0000000603922B70 host_managed=0 host_tid=0
[LOADER][TRACE] guest_thread.snapshot handle=0x000001D59B8552D0 name='Loading.PreloadManager' state=Running executor=True imports=260138 nid=9UK1vLZQft4 ret=0x00000008007CBC61 block=none wake=none host_managed=77 host_tid=34728
[LOADER][TRACE] vk.ordered_action_fence_wait count=1 queue=dcb.graphics submission='SharpEmu offscreen mrt=1 ps=0x0000000601D40D00 first=0x0000000010DA0000 1920x1080'
[LOADER][INFO] Vulkan VideoOut presented first frame: 1920x1080
[LOADER][INFO] Vulkan VideoOut presented guest frame: image=0x0000000010DA0000 1920x1080
[LOADER][TRACE] guest_thread.snapshot handle=0x000001D59E7E0DB0 name='AssetGarbageCollectorHelper' state=Blocked executor=False imports=48 nid=04AjkP0jO9U ret=0x000000080A821799 block=_umtx_op_wait wake=sceKernelSyncOnAddress:00000006006CF7D8 host_managed=0 host_tid=0
[LOADER][TRACE] guest_thread.snapshot handle=0x000001D59E7E2DD0 name='AssetGarbageCollectorHelper' state=Blocked executor=False imports=47 nid=04AjkP0jO9U ret=0x000000080A821799 block=_umtx_op_wait wake=sceKernelSyncOnAddress:00000006006CF928 host_managed=0 host_tid=0
[LOADER][TRACE] guest_thread.snapshot handle=0x000001D59E7E3DE0 name='AssetGarbageCollectorHelper' state=Blocked executor=False imports=48 nid=04AjkP0jO9U ret=0x000000080A821799 block=_umtx_op_wait wake=sceKernelSyncOnAddress:00000006006CFA78 host_managed=0 host_tid=0
[LOADER][TRACE] guest_thread.snapshot handle=0x000001D59E7E1DC0 name='AssetGarbageCollectorHelper' state=Blocked executor=False imports=47 nid=04AjkP0jO9U ret=0x000000080A821799 block=_umtx_op_wait wake=sceKernelSyncOnAddress:00000006006CFBC8 host_managed=0 host_tid=0
[LOADER][TRACE] guest_thread.snapshot handle=0x000001D59E7E8E30 name='AssetGarbageCollectorHelper' state=Blocked executor=False imports=48 nid=04AjkP0jO9U ret=0x000000080A821799 block=_umtx_op_wait wake=sceKernelSyncOnAddress:00000006006CFD18 host_managed=0 host_tid=0
[LOADER][TRACE] guest_thread.snapshot handle=0x000001D59E7E7E20 name='AssetGarbageCollectorHelper' state=Blocked executor=False imports=47 nid=04AjkP0jO9U ret=0x000000080A821799 block=_umtx_op_wait wake=sceKernelSyncOnAddress:00000006006CFE68 host_managed=0 host_tid=0
[LOADER][TRACE] guest_thread.snapshot handle=0x000001D59E7E5E00 name='AssetGarbageCollectorHelper' state=Blocked executor=False imports=48 nid=04AjkP0jO9U ret=0x000000080A821799 block=_umtx_op_wait wake=sceKernelSyncOnAddress:00000006006CFFB8 host_managed=0 host_tid=0
[LOADER][TRACE] guest_thread.snapshot handle=0x000001D59E7E9E40 name='AssetGarbageCollectorHelper' state=Blocked executor=False imports=47 nid=04AjkP0jO9U ret=0x000000080A821799 block=_umtx_op_wait wake=sceKernelSyncOnAddress:00000006006D0108 host_managed=0 host_tid=0
[LOADER][TRACE] guest_thread.snapshot handle=0x000001D59E7E6E10 name='AssetGarbageCollectorHelper' state=Blocked executor=False imports=48 nid=04AjkP0jO9U ret=0x000000080A821799 block=_umtx_op_wait wake=sceKernelSyncOnAddress:00000006006D0258 host_managed=0 host_tid=0
[LOADER][TRACE] guest_thread.snapshot handle=0x000001D59E7ECE70 name='AssetGarbageCollectorHelper' state=Blocked executor=False imports=47 nid=04AjkP0jO9U ret=0x000000080A821799 block=_umtx_op_wait wake=sceKernelSyncOnAddress:00000006006D03A8 host_managed=0 host_tid=0
[LOADER][TRACE] guest_thread.snapshot handle=0x000001D59E7EBE60 name='AssetGarbageCollectorHelper' state=Blocked executor=False imports=48 nid=04AjkP0jO9U ret=0x000000080A821799 block=_umtx_op_wait wake=sceKernelSyncOnAddress:00000006006D04F8 host_managed=0 host_tid=0
[LOADER][TRACE] guest_thread.snapshot handle=0x000001D59E7EAE50 name='AssetGarbageCollectorHelper' state=Blocked executor=False imports=46 nid=04AjkP0jO9U ret=0x000000080A821799 block=_umtx_op_wait wake=sceKernelSyncOnAddress:00000006006D0648 host_managed=0 host_tid=0
[LOADER][TRACE] guest_thread.snapshot handle=0x000001D59B1E9FE0 name='AssetGarbageCollectorHelper' state=Blocked executor=False imports=48 nid=04AjkP0jO9U ret=0x000000080A821799 block=_umtx_op_wait wake=sceKernelSyncOnAddress:00000006006D0798 host_managed=0 host_tid=0
[LOADER][TRACE] guest_thread.snapshot handle=0x000001D59B1EAFF0 name='Thread-1D59B1EAFF0' state=Blocked executor=False imports=128 nid=4czppHBiriw ret=0x0000000805007634 block=pthread_cond_wait wake=pthread_cond_waiter:1 host_managed=0 host_tid=0
[LOADER][TRACE] guest_thread.snapshot handle=0x000001D59B1EC000 name='Job.Worker 0' state=Blocked executor=False imports=38 nid=JTvBflhYazQ ret=0x0000000800A27985 block=sceKernelWaitEventFlag wake=event_flag:0x0000000000000003 host_managed=0 host_tid=0
[LOADER][TRACE] guest_thread.snapshot handle=0x000001D59B1ED010 name='Job.Worker 1' state=Blocked executor=False imports=517 nid=JTvBflhYazQ ret=0x0000000800A27985 block=sceKernelWaitEventFlag wake=event_flag:0x0000000000000003 host_managed=0 host_tid=0
[LOADER][TRACE] guest_thread.snapshot handle=0x000001D59B1F1050 name='Job.Worker 2' state=Blocked executor=False imports=20 nid=JTvBflhYazQ ret=0x0000000800A27985 block=sceKernelWaitEventFlag wake=event_flag:0x0000000000000003 host_managed=0 host_tid=0
[LOADER][TRACE] guest_thread.snapshot handle=0x000001D59B1EF030 name='Job.Worker 3' state=Blocked executor=False imports=21 nid=JTvBflhYazQ ret=0x0000000800A27985 block=sceKernelWaitEventFlag wake=event_flag:0x0000000000000003 host_managed=0 host_tid=0
[LOADER][TRACE] guest_thread.snapshot handle=0x000001D59B1EE020 name='Job.Worker 4' state=Blocked executor=False imports=19 nid=JTvBflhYazQ ret=0x0000000800A27985 block=sceKernelWaitEventFlag wake=event_flag:0x0000000000000003 host_managed=0 host_tid=0
[LOADER][TRACE] guest_thread.snapshot handle=0x000001D59B1F3070 name='Job.Worker 5' state=Blocked executor=False imports=18 nid=JTvBflhYazQ ret=0x0000000800A27985 block=sceKernelWaitEventFlag wake=event_flag:0x0000000000000003 host_managed=0 host_tid=0
[LOADER][TRACE] guest_thread.snapshot handle=0x000001D59B1F2060 name='Job.Worker 6' state=Blocked executor=False imports=19 nid=JTvBflhYazQ ret=0x0000000800A27985 block=sceKernelWaitEventFlag wake=event_flag:0x0000000000000003 host_managed=0 host_tid=0
[LOADER][TRACE] guest_thread.snapshot handle=0x000001D59B1F0040 name='Job.Worker 7' state=Blocked executor=False imports=21 nid=JTvBflhYazQ ret=0x0000000800A27985 block=sceKernelWaitEventFlag wake=event_flag:0x0000000000000003 host_managed=0 host_tid=0
[LOADER][TRACE] guest_thread.snapshot handle=0x000001D59B1F70B0 name='Job.Worker 8' state=Blocked executor=False imports=18 nid=JTvBflhYazQ ret=0x0000000800A27985 block=sceKernelWaitEventFlag wake=event_flag:0x0000000000000003 host_managed=0 host_tid=0
[LOADER][TRACE] guest_thread.snapshot handle=0x000001D59B1F60A0 name='Job.Worker 9' state=Blocked executor=False imports=23 nid=JTvBflhYazQ ret=0x0000000800A27985 block=sceKernelWaitEventFlag wake=event_flag:0x0000000000000003 host_managed=0 host_tid=0
[LOADER][TRACE] guest_thread.snapshot handle=0x000001D59B1F4080 name='Job.Worker 10' state=Blocked executor=False imports=19 nid=JTvBflhYazQ ret=0x0000000800A27985 block=sceKernelWaitEventFlag wake=event_flag:0x0000000000000003 host_managed=0 host_tid=0
[LOADER][TRACE] guest_thread.snapshot handle=0x000001D59B1F80C0 name='Job.Worker 11' state=Blocked executor=False imports=19 nid=JTvBflhYazQ ret=0x0000000800A27985 block=sceKernelWaitEventFlag wake=event_flag:0x0000000000000003 host_managed=0 host_tid=0
[LOADER][TRACE] guest_thread.snapshot handle=0x000001D59B1F5090 name='Job.Worker 12' state=Blocked executor=False imports=18 nid=JTvBflhYazQ ret=0x0000000800A27985 block=sceKernelWaitEventFlag wake=event_flag:0x0000000000000003 host_managed=0 host_tid=0
[LOADER][TRACE] guest_thread.snapshot handle=0x000001D59B1FC100 name='Background Job.Worker 0' state=Blocked executor=False imports=4927 nid=JTvBflhYazQ ret=0x0000000800A27985 block=sceKernelWaitEventFlag wake=event_flag:0x0000000000000004 host_managed=0 host_tid=0
[LOADER][TRACE] guest_thread.snapshot handle=0x000001D59B1FB0F0 name='Background Job.Worker 1' state=Blocked executor=False imports=4047 nid=JTvBflhYazQ ret=0x0000000800A27985 block=sceKernelWaitEventFlag wake=event_flag:0x0000000000000004 host_managed=0 host_tid=0
[LOADER][TRACE] guest_thread.snapshot handle=0x000001D59B1F90D0 name='Background Job.Worker 2' state=Blocked executor=False imports=4270 nid=JTvBflhYazQ ret=0x0000000800A27985 block=sceKernelWaitEventFlag wake=event_flag:0x0000000000000004 host_managed=0 host_tid=0
[LOADER][TRACE] guest_thread.snapshot handle=0x000001D59B1FA0E0 name='Background Job.Worker 3' state=Blocked executor=False imports=3286 nid=JTvBflhYazQ ret=0x0000000800A27985 block=sceKernelWaitEventFlag wake=event_flag:0x0000000000000004 host_managed=0 host_tid=0
[LOADER][TRACE] guest_thread.snapshot handle=0x000001D59B1FF130 name='Background Job.Worker 4' state=Blocked executor=False imports=2345 nid=JTvBflhYazQ ret=0x0000000800A27985 block=sceKernelWaitEventFlag wake=event_flag:0x0000000000000004 host_managed=0 host_tid=0
[LOADER][TRACE] guest_thread.snapshot handle=0x000001D59B200140 name='Background Job.Worker 5' state=Blocked executor=False imports=2462 nid=JTvBflhYazQ ret=0x0000000800A27985 block=sceKernelWaitEventFlag wake=event_flag:0x0000000000000004 host_managed=0 host_tid=0
[LOADER][TRACE] guest_thread.snapshot handle=0x000001D59B1FE120 name='Background Job.Worker 6' state=Blocked executor=False imports=1694 nid=JTvBflhYazQ ret=0x0000000800A27985 block=sceKernelWaitEventFlag wake=event_flag:0x0000000000000004 host_managed=0 host_tid=0
[LOADER][TRACE] guest_thread.snapshot handle=0x000001D59B1FD110 name='Background Job.Worker 7' state=Blocked executor=False imports=1942 nid=JTvBflhYazQ ret=0x0000000800A27985 block=sceKernelWaitEventFlag wake=event_flag:0x0000000000000004 host_managed=0 host_tid=0
[LOADER][TRACE] guest_thread.snapshot handle=0x000001D59B204180 name='Background Job.Worker 8' state=Blocked executor=False imports=1411 nid=JTvBflhYazQ ret=0x0000000800A27985 block=sceKernelWaitEventFlag wake=event_flag:0x0000000000000004 host_managed=0 host_tid=0
[LOADER][TRACE] guest_thread.snapshot handle=0x000001D59B203170 name='Background Job.Worker 9' state=Blocked executor=False imports=1228 nid=JTvBflhYazQ ret=0x0000000800A27985 block=sceKernelWaitEventFlag wake=event_flag:0x0000000000000004 host_managed=0 host_tid=0
[LOADER][TRACE] guest_thread.snapshot handle=0x000001D59B201150 name='Background Job.Worker 10' state=Blocked executor=False imports=718 nid=JTvBflhYazQ ret=0x0000000800A27985 block=sceKernelWaitEventFlag wake=event_flag:0x0000000000000004 host_managed=0 host_tid=0
[LOADER][TRACE] guest_thread.snapshot handle=0x000001D59B205190 name='Background Job.Worker 11' state=Blocked executor=False imports=1141 nid=JTvBflhYazQ ret=0x0000000800A27985 block=sceKernelWaitEventFlag wake=event_flag:0x0000000000000004 host_managed=0 host_tid=0
[LOADER][TRACE] guest_thread.snapshot handle=0x000001D59B202160 name='Background Job.Worker 12' state=Blocked executor=False imports=840 nid=JTvBflhYazQ ret=0x0000000800A27985 block=sceKernelWaitEventFlag wake=event_flag:0x0000000000000004 host_managed=0 host_tid=0
[LOADER][TRACE] guest_thread.snapshot handle=0x000001D59B2061A0 name='Background Job.Worker 13' state=Blocked executor=False imports=999 nid=JTvBflhYazQ ret=0x0000000800A27985 block=sceKernelWaitEventFlag wake=event_flag:0x0000000000000004 host_managed=0 host_tid=0
[LOADER][TRACE] guest_thread.snapshot handle=0x000001D59B2071B0 name='Background Job.Worker 14' state=Blocked executor=False imports=882 nid=JTvBflhYazQ ret=0x0000000800A27985 block=sceKernelWaitEventFlag wake=event_flag:0x0000000000000004 host_managed=0 host_tid=0
[LOADER][TRACE] guest_thread.snapshot handle=0x000001D59B2081C0 name='Background Job.Worker 15' state=Blocked executor=False imports=1017 nid=JTvBflhYazQ ret=0x0000000800A27985 block=sceKernelWaitEventFlag wake=event_flag:0x0000000000000004 host_managed=0 host_tid=0
[LOADER][TRACE] guest_thread.snapshot handle=0x000001D59E7E4DF0 name='BatchDeleteObjects' state=Blocked executor=False imports=43 nid=04AjkP0jO9U ret=0x000000080A821799 block=_umtx_op_wait wake=sceKernelSyncOnAddress:00000006039098A0 host_managed=0 host_tid=0
[LOADER][TRACE] guest_thread.snapshot handle=0x000001D59B8431B0 name='Loading.AsyncRead' state=Blocked executor=False imports=14286 nid=04AjkP0jO9U ret=0x000000080A821799 block=_umtx_op_wait wake=sceKernelSyncOnAddress:0000000600702F50 host_managed=0 host_tid=0
[LOADER][TRACE] guest_thread.snapshot handle=0x000001D59B8421A0 name='Thread-1D59B8421A0' state=Running executor=True imports=6 nid=tn3VlD0hG60 ret=0x00000008013EED51 block=none wake=none host_managed=71 host_tid=34620
[LOADER][TRACE] guest_thread.snapshot handle=0x000001D59B840180 name='UnityEOPThread' state=Blocked executor=False imports=20 nid=fzyMKs9kim0 ret=0x00000008013E33D3 block=sceKernelWaitEqueue wake=sceKernelWaitEqueue:0000000000000003:0000000000000002 host_managed=0 host_tid=0
[LOADER][TRACE] guest_thread.snapshot handle=0x000001D59B841190 name='GfxFlipThread' state=Blocked executor=False imports=23 nid=fzyMKs9kim0 ret=0x00000008013BFDEF block=sceKernelWaitEqueue wake=sceKernelWaitEqueue:0000000000000005:0000000000000004 host_managed=0 host_tid=0
[LOADER][TRACE] guest_thread.snapshot handle=0x000001D59B8471F0 name='UnityGfxDeviceWorker' state=Blocked executor=False imports=265 nid=04AjkP0jO9U ret=0x000000080A821799 block=_umtx_op_wait wake=sceKernelSyncOnAddress:0000000603911DD0 host_managed=0 host_tid=0
[LOADER][TRACE] guest_thread.snapshot handle=0x000001D59B8451D0 name='Gfx Task Executor' state=Blocked executor=False imports=55 nid=04AjkP0jO9U ret=0x000000080A821799 block=_umtx_op_wait wake=sceKernelSyncOnAddress:0000000603922B70 host_managed=0 host_tid=0
[LOADER][TRACE] guest_thread.snapshot handle=0x000001D59B8552D0 name='Loading.PreloadManager' state=Running executor=True imports=921321 nid=ob5xAW4ln-0 ret=0x0000000800ABFC16 block=none wake=none host_managed=77 host_tid=34728
[LOADER][TRACE] guest_exception.queued target=0x000001D59E7DED90 type=0x1E mode=external
[LOADER][TRACE] guest_exception.raise target=0x000001D59E7DED90 type=0x1E handler=0x000000080A821210
[LOADER][TRACE] guest_exception.safe_point_enter target=0x000001D59E7DED90 type=0x1E rip=0x000000080A821799
[LOADER][TRACE] guest_exception.delivery_enter target=0x000001D59B1EAFF0 type=0x1E mode=parked rip=0x0000000804F3A074 rsp=0x00007FFFD31FFED0 rbp=0x00007FFFD31FFF40 rbx=0x0000000100000B60 r12=0x0000000804FF36B0 r13=0x00000001014D7960 r14=0x00000001014D7980 r15=0x0000000000000000 stack=0x00007FFFD1000000 callback=0x0000000805007510
[LOADER][TRACE] guest_exception.raise target=0x000001D59B1EAFF0 type=0x1E handler=0x000000080A821210
[LOADER][TRACE] sema.signal handle=0x00000002 name='SuspendSemaphore' signal=1 count=1 waiters=0 guest=0x0000000000000000 ret=0x00000008050075FE
[LOADER][TRACE] sema.signal handle=0x00000002 name='SuspendSemaphore' signal=1 count=2 waiters=0 guest=0x000001D59B1EAFF0 ret=0x00000008050075FE
[LOADER][TRACE] sema.wait handle=0x00000002 name='SuspendSemaphore' need=2 count=0 timeout=infinite
[LOADER][TRACE] sema.wait-block handle=0x00000003 name='ResumeSemaphore' need=2 count=0 timeout=infinite waiters=1 guest=0x000001D59B8552D0 ret=0x00000008050076A2
[LOADER][TRACE] sema.signal handle=0x00000003 name='ResumeSemaphore' signal=1 count=1 waiters=1 guest=0x0000000000000000 ret=0x0000000805007634
[LOADER][TRACE] sema.signal handle=0x00000003 name='ResumeSemaphore' signal=1 count=2 waiters=1 guest=0x000001D59B1EAFF0 ret=0x0000000805007634
[LOADER][TRACE] sema.wait-wake handle=0x00000003 name='ResumeSemaphore' need=2 count=0
[LOADER][TRACE] guest_exception.delivery_exit target=0x000001D59B1EAFF0 type=0x1E success=True error=none elapsed_ms=2.831 record=0x0000000000000000 stack_bound=0x0000000000000000 recorded_rsp=0x0000000000000000
[LOADER][TRACE] VEH_AV first-chance at 0x0000000807F94D3D type=0 target=0x000000000000012A
[LOADER][INFO] =========================================
[LOADER][INFO] NATIVE EXCEPTION CAUGHT!
[LOADER][INFO]   Code: 0xC0000005
[LOADER][INFO]   Exception Address: 0x0000000807F94D3D
[LOADER][INFO]   RIP: 0x0000000807F94D3D
[LOADER][INFO]   Host thread: managed=77 name='SharpEmu-Loading.PreloadManager'
[LOADER][INFO]   Guest thread: handle=0x000001D59B8552D0 name='Loading.PreloadManager' state=Running last_import=2Z+PpY6CaJg last_ret=0x0000000804FFEA5B
[LOADER][INFO]   Last import registers: rax=0x0000000000000000 result_valid=True rdi=0x0000000809B01CF0 rsi=0x0000000000000690 rdx=0x0000000000000000 rcx=0x0000000012729ED0 r8=0x0000000012729F30 r9=0x0000000809B021B8
[LOADER][INFO]   Last import stack args: 0=0x0000000000000000 1=0x0000000000000001 2=0x0000000000000008 3=0x0000000012717D20 4=0x0000000000000028 5=0x0000000000000000
[LOADER][INFO]   RIP symbol: -pnj3-7a6QA#K#A+0x2F8D6DD (0x0000000805007660)
[LOADER][INFO]   RAX: 0x0000000000000000
[LOADER][INFO]   RBX: 0x00000000127363C0
[LOADER][INFO]   RCX: 0x000000000000049C
[LOADER][INFO]   RDX: 0x00000008098EF7F8
[LOADER][INFO]   RSI: 0x0000000102E5FAA0
[LOADER][INFO]   RDI: 0x00000000127363D0
[LOADER][INFO]   RBP: 0x00007FFFAB1FF300
[LOADER][INFO]   RSP: 0x00007FFFAB1FF2D0
[LOADER][INFO]   R8 : 0x0000000012729F30
[LOADER][INFO]   R9 : 0x0000000809B021B8
[LOADER][INFO]   R10: 0x00007FFFAB1FF158
[LOADER][INFO]   R11: 0x0000000000000034
[LOADER][INFO]   R12: 0x0000000000000001
[LOADER][INFO]   R13: 0x0000000012729F30
[LOADER][INFO]   R14: 0x0000000102E619C8
[LOADER][INFO]   R15: 0x0000000012729000
[LOADER][INFO]   Flags: 0x00000000
[LOADER][INFO]   AV access: read
[LOADER][INFO]   AV target: 0x000000000000012A
[LOADER][INFO]   AV target region: base=0x0000000000000000 size=0x0000000010000000 state=0x00010000 protect=0x00000001
[LOADER][INFO]   Stack qwords (RSP..):
[LOADER][INFO]     [rsp+0x00] @0x00007FFFAB1FF2D0 = 0x00000000127363C0
[LOADER][INFO]     [rsp+0x08] @0x00007FFFAB1FF2D8 = 0x0000000012729000
[LOADER][INFO]     [rsp+0x10] @0x00007FFFAB1FF2E0 = 0x0000000012736438
[LOADER][INFO]     [rsp+0x18] @0x00007FFFAB1FF2E8 = 0x0000000012717D20
[LOADER][INFO]     [rsp+0x20] @0x00007FFFAB1FF2F0 = 0x0000000102E615C0
[LOADER][INFO]     [rsp+0x28] @0x00007FFFAB1FF2F8 = 0x00000000127363C0
[LOADER][INFO]     [rsp+0x30] @0x00007FFFAB1FF300 = 0x00007FFFAB1FF330
[LOADER][INFO]     [rsp+0x38] @0x00007FFFAB1FF308 = 0x00000008058F475B
[LOADER][INFO]     [rsp+0x40] @0x00007FFFAB1FF310 = 0x00000008097115A8
[LOADER][INFO]     [rsp+0x48] @0x00007FFFAB1FF318 = 0x0000000012736420
[LOADER][INFO]     [rsp+0x50] @0x00007FFFAB1FF320 = 0x0000000012729000
[LOADER][INFO]     [rsp+0x58] @0x00007FFFAB1FF328 = 0x00000000127363F0
[LOADER][INFO]     [rsp+0x60] @0x00007FFFAB1FF330 = 0x00007FFFAB1FF370
[LOADER][INFO]     [rsp+0x68] @0x00007FFFAB1FF338 = 0x0000000805B757CF
[LOADER][INFO]     [rsp+0x70] @0x00007FFFAB1FF340 = 0x00007FFFAB1FF370
[LOADER][INFO]     [rsp+0x78] @0x00007FFFAB1FF348 = 0x3F80000004F89833
[LOADER][INFO]   fault-register-rbx window @0x00000000127363C0:
[LOADER][INFO]     +0x00: 0x0000000102E61660
[LOADER][INFO]     +0x08: 0x0000000000000000
[LOADER][INFO]     +0x10: 0x0000000012729F30
[LOADER][INFO]     +0x18: 0x0000000000000000
[LOADER][INFO]     +0x20: 0x0000000000000000
[LOADER][INFO]     +0x28: 0x0000000000000000
[LOADER][INFO]     +0x30: 0x0000000102E61660
[LOADER][INFO]     +0x38: 0x0000000000000000
[LOADER][INFO]     +0x40: 0x0000000012714280
[LOADER][INFO]     +0x48: 0x0000000100000001
[LOADER][INFO]     +0x50: 0x0000000000000000
[LOADER][INFO]     +0x58: 0x0000000000000000
[LOADER][INFO]   fault-register-rsi window @0x0000000102E5FAA0:
[LOADER][INFO]     +0x00: 0x0000000101463BE8
[LOADER][INFO]     +0x08: 0x0000000000000000
[LOADER][INFO]     +0x10: 0x000000010043DC72
[LOADER][INFO]     +0x18: 0x000000010043DA0F
[LOADER][INFO]     +0x20: 0x0000000102E24CC0
[LOADER][INFO]     +0x28: 0x0000000000150000
[LOADER][INFO]     +0x30: 0x0000000102E24CC0
[LOADER][INFO]     +0x38: 0x0000000020150000
[LOADER][INFO]     +0x40: 0x0000000102E5FAA0
[LOADER][INFO]     +0x48: 0x0000000102E5FAA0
[LOADER][INFO]     +0x50: 0x0000000000000000
[LOADER][INFO]     +0x58: 0x0000000000000000
[LOADER][INFO]   fault-register-rdi window @0x00000000127363D0:
[LOADER][INFO]     +0x00: 0x0000000012729F30
[LOADER][INFO]     +0x08: 0x0000000000000000
[LOADER][INFO]     +0x10: 0x0000000000000000
[LOADER][INFO]     +0x18: 0x0000000000000000
[LOADER][INFO]     +0x20: 0x0000000102E61660
[LOADER][INFO]     +0x28: 0x0000000000000000
[LOADER][INFO]     +0x30: 0x0000000012714280
[LOADER][INFO]     +0x38: 0x0000000100000001
[LOADER][INFO]     +0x40: 0x0000000000000000
[LOADER][INFO]     +0x48: 0x0000000000000000
[LOADER][INFO]     +0x50: 0x0000000103220E20
[LOADER][INFO]     +0x58: 0x0000000000000000
[LOADER][INFO]   fault-register-r13 window @0x0000000012729F30:
[LOADER][INFO]     +0x00: 0x0000000102E5F278
[LOADER][INFO]     +0x08: 0x0000000000000000
[LOADER][INFO]     +0x10: 0x0000000000000000
[LOADER][INFO]     +0x18: 0x0000000000000001
[LOADER][INFO]     +0x20: 0x0000000000000000
[LOADER][INFO]     +0x28: 0x0000000000000000
[LOADER][INFO]     +0x30: 0x00000001036A6E50
[LOADER][INFO]     +0x38: 0x0000000000000000
[LOADER][INFO]     +0x40: 0x0000000000000000
[LOADER][INFO]     +0x48: 0x0000000000000000
[LOADER][INFO]     +0x50: 0x0000000000000000
[LOADER][INFO]     +0x58: 0x0000000000000000
[LOADER][INFO]   fault-register-r14 window @0x0000000102E619C8:
[LOADER][INFO]     +0x00: 0x0000000807F94B50 [-pnj3-7a6QA#K#A+0x2F8D4F0 (0x0000000805007660)]
[LOADER][INFO]     +0x08: 0x0000000807F94B50 [-pnj3-7a6QA#K#A+0x2F8D4F0 (0x0000000805007660)]
[LOADER][INFO]     +0x10: 0x0000000804D954E0 [S5-tk4jGzoc#G#A+0x43E4C8 (0x0000000804957018)]
[LOADER][INFO]     +0x18: 0x0000000100362A60
[LOADER][INFO]     +0x20: 0x0000000102E61660
[LOADER][INFO]     +0x28: 0x00000008096034E0 [-pnj3-7a6QA#K#A+0x45FBE80 (0x0000000805007660)]
[LOADER][INFO]     +0x30: 0x0000000102E61A20
[LOADER][INFO]     +0x38: 0x0000000100781D8C
[LOADER][INFO]     +0x40: 0x0000000102E39FF8
[LOADER][INFO]     +0x48: 0x000018860600302A [P330P3dFF68+0x16B0684B44BA (0x000001D59DB4EB70)]
[LOADER][INFO]     +0x50: 0x000000000201FFFF
[LOADER][INFO]     +0x58: 0x0000000102E61A28
[LOADER][INFO]   Frame chain (RBP walk):
[LOADER][INFO]     frame#0: rbp=0x00007FFFAB1FF300 ret=0x00000008058F475B [-pnj3-7a6QA#K#A+0x8ED0FB (0x0000000805007660)] next=0x00007FFFAB1FF330
[LOADER][INFO]     frame#1: rbp=0x00007FFFAB1FF330 ret=0x0000000805B757CF [-pnj3-7a6QA#K#A+0xB6E16F (0x0000000805007660)] next=0x00007FFFAB1FF370
[LOADER][INFO]     frame#2: rbp=0x00007FFFAB1FF370 ret=0x0000000805B64772 [-pnj3-7a6QA#K#A+0xB5D112 (0x0000000805007660)] next=0x00007FFFAB1FF3B0
[LOADER][INFO]     frame#3: rbp=0x00007FFFAB1FF3B0 ret=0x000000080646F78D [-pnj3-7a6QA#K#A+0x146812D (0x0000000805007660)] next=0x00007FFFAB1FF3F0
[LOADER][INFO]     frame#4: rbp=0x00007FFFAB1FF3F0 ret=0x0000000804F8C571 [0Z2sdqi9LGg#K#A+0x1B4E1 (0x0000000804F71090)] next=0x00007FFFAB1FF480
[LOADER][INFO]     frame#5: rbp=0x00007FFFAB1FF480 ret=0x0000000804F8C4C1 [0Z2sdqi9LGg#K#A+0x1B431 (0x0000000804F71090)] next=0x00007FFFAB1FF4B0
[LOADER][INFO]     frame#6: rbp=0x00007FFFAB1FF4B0 ret=0x0000000804F937CB [0Z2sdqi9LGg#K#A+0x2273B (0x0000000804F71090)] next=0x00007FFFAB1FF510
[LOADER][INFO]     frame#7: rbp=0x00007FFFAB1FF510 ret=0x0000000800C90996 next=0x00007FFFAB1FF610
[LOADER][INFO]     frame#8: rbp=0x00007FFFAB1FF610 ret=0x0000000800C94A3F next=0x00007FFFAB1FF700
[LOADER][INFO]     frame#9: rbp=0x00007FFFAB1FF700 ret=0x0000000800C9403D next=0x00007FFFAB1FF770
[LOADER][INFO]     frame#10: rbp=0x00007FFFAB1FF770 ret=0x00000008007E9B49 next=0x00007FFFAB1FF8A0
[LOADER][INFO]     frame#11: rbp=0x00007FFFAB1FF8A0 ret=0x0000000800CA6E9E next=0x00007FFFAB1FFAB0
[LOADER][ERROR]   Type: Access Violation
[LOADER][ERROR]   This usually means:
[LOADER][ERROR]     - Guest code called an unmapped import
[LOADER][ERROR]     - Guest code accessed unmapped memory
[LOADER][ERROR]     - Need to implement HLE for this NID
[LOADER][INFO]   Code at RIP: 0F B7 88 2A 01 00 00 48 85 C9 74 2A 48 8B 90 B0
[LOADER][INFO]   Code before RIP: 75 0B 48 89 F7 E8 89 3E FE FC 48 89 C6 49 8B 07
[LOADER][INFO]   Code window [RIP-0x20..]: 80 C0 00 00 00 48 8B 70 10 F6 86 32 01 00 00 01 75 0B 48 89 F7 E8 89 3E FE FC 48 89 C6 49 8B 07 0F B7 88 2A 01 00 00 48 85 C9 74 2A 48 8B 90 B0 00 00 00 48 C1 E1 04 31 FF 66 2E 0F 1F 84 00 00
[LOADER][INFO]   Stack guest-code candidate [rsp+0x38]=0x00000008058F475B, bytes [-0x18..]: 85 C0 74 54 49 8B 4E 38 49 89 C7 48 89 DE 4C 89 FF 48 8B 51 08 FF 52 08 4C 89 F8 48 83 C4 08 5B 41 5E 41 5F 5D C3 48 8D 3D 68 C1 E5 03 E8 CB 1B
[LOADER][INFO]   Stack guest-code candidate [rsp+0x40]=0x00000008097115A8, bytes [-0x18..]: 19 6E 03 C0 00 00 00 00 1B 6E 03 C0 00 00 00 00 C1 06 04 C0 00 00 00 00 C0 15 E6 02 01 00 00 00 1D 6E 03 C0 00 00 00 00 C5 06 04 C0 00 00 00 00
[LOADER][INFO]   Stack guest-code candidate [rsp+0x68]=0x0000000805B757CF, bytes [-0x18..]: DC 48 8D 05 E9 BD B9 03 4C 89 F7 C5 FA 11 43 10 48 8B 30 E8 41 EF D7 FF 48 89 43 18 4C 89 E7 48 89 C6 48 83 C4 10 5B 41 5C 41 5E 41 5F 5D E9 B6
[INFO][Native] DirectExecutionBackend.Diagnostics.cs:224    Recent import calls for managed=77 guest=0x000001D59B8552D0 (64):
[INFO][Native] DirectExecutionBackend.Diagnostics.cs:230      #1885284 managed=2 guest=0x0000000000000000 nid=9UK1vLZQft4 ret=0x000000080138A44B rdi=0x0000000100000388 rsi=0x0000000103529560 rdx=0x00000000000000E0
[INFO][Native] DirectExecutionBackend.Diagnostics.cs:230      #1885286 managed=2 guest=0x0000000000000000 nid=K-jXhbt2gn4 ret=0x00000008050019CC rdi=0x0000000809B01CF0 rsi=0x0000000000000002 rdx=0x0000000000000140
[INFO][Native] DirectExecutionBackend.Diagnostics.cs:230      #1885289 managed=2 guest=0x0000000000000000 nid=04AjkP0jO9U ret=0x000000080A821799 rdi=0x0000000603911DD0 rsi=0x0000000000000003 rdx=0x0000000000000001
[INFO][Native] DirectExecutionBackend.Diagnostics.cs:230      #1885290 managed=2 guest=0x0000000000000000 nid=9UK1vLZQft4 ret=0x0000000800C97865 rdi=0x00000006006C3830 rsi=0x0000000000000050 rdx=0x000000060053D320
[INFO][Native] DirectExecutionBackend.Diagnostics.cs:230      #1885292 managed=2 guest=0x0000000000000000 nid=9UK1vLZQft4 ret=0x0000000800C97927 rdi=0x00000006006C3820 rsi=0x0000000000000050 rdx=0x0000000801B733F0
[INFO][Native] DirectExecutionBackend.Diagnostics.cs:230      #1885293 managed=2 guest=0x0000000000000000 nid=9UK1vLZQft4 ret=0x0000000800C97A78 rdi=0x00000006006C3830 rsi=0x0000000000000050 rdx=0x0000000000000001
[INFO][Native] DirectExecutionBackend.Diagnostics.cs:230      #1885295 managed=2 guest=0x0000000000000000 nid=9UK1vLZQft4 ret=0x0000000800C942FA rdi=0x00000006006C3830 rsi=0x0000000606BAFD40 rdx=0x0000000000000002
[INFO][Native] DirectExecutionBackend.Diagnostics.cs:230      #1885616 managed=2 guest=0x0000000000000000 nid=9UK1vLZQft4 ret=0x00000008008E4C68 rdi=0x0000000600703808 rsi=0x0000000000000000 rdx=0x0000000606BAD110
[INFO][Native] DirectExecutionBackend.Diagnostics.cs:230      #1885635 managed=2 guest=0x0000000000000000 nid=9UK1vLZQft4 ret=0x0000000800C973DC rdi=0x00000006006C3830 rsi=0x000000000000213C rdx=0x0000000000000000
[INFO][Native] DirectExecutionBackend.Diagnostics.cs:230      #1885638 managed=2 guest=0x0000000000000000 nid=9UK1vLZQft4 ret=0x0000000800C95C03 rdi=0x00000006006C3830 rsi=0x0000000000000020 rdx=0x0000000606DC59D0
[INFO][Native] DirectExecutionBackend.Diagnostics.cs:230      #1885640 managed=2 guest=0x0000000000000000 nid=9UK1vLZQft4 ret=0x0000000800C94EE4 rdi=0x00000006006C3830 rsi=0x00007FFFF01FB5B8 rdx=0x0000000000000001
[INFO][Native] DirectExecutionBackend.Diagnostics.cs:230      #1885778 managed=2 guest=0x0000000000000000 nid=04AjkP0jO9U ret=0x000000080A821799 rdi=0x0000000603911DD0 rsi=0x0000000000000003 rdx=0x0000000000000001
[INFO][Native] DirectExecutionBackend.Diagnostics.cs:230      #1885813 managed=2 guest=0x0000000000000000 nid=ob5xAW4ln-0 ret=0x0000000800ABFC16 rdi=0x00007FFFF01FABC0 rsi=0x000000000000002E rdx=0x0000000000000060
[INFO][Native] DirectExecutionBackend.Diagnostics.cs:230      #1885994 managed=2 guest=0x0000000000000000 nid=9UK1vLZQft4 ret=0x0000000800C97865 rdi=0x00000006006C3830 rsi=0x0000000000000078 rdx=0x000000060053D320
[INFO][Native] DirectExecutionBackend.Diagnostics.cs:230      #1885996 managed=2 guest=0x0000000000000000 nid=9UK1vLZQft4 ret=0x0000000800C97927 rdi=0x00000006006C3820 rsi=0x0000000000000078 rdx=0x0000000801B733F0
[INFO][Native] DirectExecutionBackend.Diagnostics.cs:230      #1885997 managed=2 guest=0x0000000000000000 nid=9UK1vLZQft4 ret=0x0000000800C97A78 rdi=0x00000006006C3830 rsi=0x0000000000000078 rdx=0x0000000000000001
[INFO][Native] DirectExecutionBackend.Diagnostics.cs:230      #1885999 managed=2 guest=0x0000000000000000 nid=9UK1vLZQft4 ret=0x0000000800C942FA rdi=0x00000006006C3830 rsi=0x00000006007CE3B0 rdx=0x0000000000000003
[INFO][Native] DirectExecutionBackend.Diagnostics.cs:230      #1886004 managed=2 guest=0x0000000000000000 nid=9UK1vLZQft4 ret=0x00000008008E4C68 rdi=0x0000000600703808 rsi=0x0000000000000000 rdx=0x00000006007CE580
[INFO][Native] DirectExecutionBackend.Diagnostics.cs:230      #1886005 managed=2 guest=0x0000000000000000 nid=yDBwVAolDgg ret=0x000000080136CF52 rdi=0x0000000010200000 rsi=0x00007FFFF01FB458 rdx=0x00007FFFF01FB450
[INFO][Native] DirectExecutionBackend.Diagnostics.cs:230      #1886017 managed=2 guest=0x0000000000000000 nid=9UK1vLZQft4 ret=0x0000000800C973DC rdi=0x00000006006C3830 rsi=0x00000000000055C8 rdx=0x0000000000000000
[INFO][Native] DirectExecutionBackend.Diagnostics.cs:230      #1886019 managed=2 guest=0x0000000000000000 nid=9UK1vLZQft4 ret=0x0000000800C95C03 rdi=0x00000006006C3830 rsi=0x0000000000000001 rdx=0x0000000000000001
[INFO][Native] DirectExecutionBackend.Diagnostics.cs:230      #1886021 managed=2 guest=0x0000000000000000 nid=9UK1vLZQft4 ret=0x0000000800C94EE4 rdi=0x00000006006C3830 rsi=0x00007FFFF01FB608 rdx=0x0000000000000001
[INFO][Native] DirectExecutionBackend.Diagnostics.cs:230      #1886045 managed=2 guest=0x0000000000000000 nid=04AjkP0jO9U ret=0x000000080A821799 rdi=0x0000000603911DD0 rsi=0x0000000000000003 rdx=0x0000000000000001
[INFO][Native] DirectExecutionBackend.Diagnostics.cs:230      #1886062 managed=2 guest=0x0000000000000000 nid=9UK1vLZQft4 ret=0x00000008008330E8 rdi=0x00000006007862E8 rsi=0x00000006001A9F90 rdx=0x0000000000000001
[INFO][Native] DirectExecutionBackend.Diagnostics.cs:230      #1886071 managed=2 guest=0x0000000000000000 nid=K-jXhbt2gn4 ret=0x0000000805001861 rdi=0x0000000809B01CF0 rsi=0x0000000000000000 rdx=0x0000000000000001
[INFO][Native] DirectExecutionBackend.Diagnostics.cs:230      #1886073 managed=2 guest=0x0000000000000000 nid=K-jXhbt2gn4 ret=0x0000000804FFEA08 rdi=0x0000000809B01CF0 rsi=0x0000000000000000 rdx=0x00000008098D4B30
[INFO][Native] DirectExecutionBackend.Diagnostics.cs:230      #1886083 managed=2 guest=0x0000000000000000 nid=K-jXhbt2gn4 ret=0x0000000804FF7C12 rdi=0x0000000809B01CF0 rsi=0x00000001029BB360 rdx=0x0000000000000001
[INFO][Native] DirectExecutionBackend.Diagnostics.cs:230      #1886490 managed=2 guest=0x0000000000000000 nid=9UK1vLZQft4 ret=0x0000000801388716 rdi=0x0000000100000388 rsi=0x0000000000000058 rdx=0x0000000000000008
[INFO][Native] DirectExecutionBackend.Diagnostics.cs:230      #1886492 managed=2 guest=0x0000000000000000 nid=9UK1vLZQft4 ret=0x00000008013885C2 rdi=0x0000000100000388 rsi=0x00000000000000E1 rdx=0x0000000103529570
[INFO][Native] DirectExecutionBackend.Diagnostics.cs:230      #1886494 managed=2 guest=0x0000000000000000 nid=9UK1vLZQft4 ret=0x000000080138A44B rdi=0x0000000100000388 rsi=0x0000000103529520 rdx=0x0000000000000000
[INFO][Native] DirectExecutionBackend.Diagnostics.cs:230      #1886496 managed=2 guest=0x0000000000000000 nid=K-jXhbt2gn4 ret=0x00000008050019CC rdi=0x0000000809B01CF0 rsi=0x0000000000000002 rdx=0x0000000000000140
[INFO][Native] DirectExecutionBackend.Diagnostics.cs:230      #1886514 managed=2 guest=0x0000000000000000 nid=F8bUHwAG284 ret=0x000000080151326E rdi=0x00007FFFF01FB648 rsi=0x00000000000001B8 rdx=0x0000000035002807
[INFO][Native] DirectExecutionBackend.Diagnostics.cs:230      #1886515 managed=2 guest=0x0000000000000000 nid=iMp8QpE+XO4 ret=0x00000008015132A7 rdi=0x00007FFFF01FB648 rsi=0x0000000000000002 rdx=0x0000000035002807
[INFO][Native] DirectExecutionBackend.Diagnostics.cs:230      #1886516 managed=2 guest=0x0000000000000000 nid=1FGvU0i9saQ ret=0x00000008015132E0 rdi=0x00007FFFF01FB648 rsi=0x0000000000000001 rdx=0x0000000035002807
[INFO][Native] DirectExecutionBackend.Diagnostics.cs:230      #1886517 managed=2 guest=0x0000000000000000 nid=cmo1RIYva9o ret=0x00000008015134CF rdi=0x0000000606E0C040 rsi=0x00007FFFF01FB648 rdx=0x0000000000000000
[INFO][Native] DirectExecutionBackend.Diagnostics.cs:230      #1886518 managed=2 guest=0x0000000000000000 nid=smWEktiyyG0 ret=0x000000080151350A rdi=0x00007FFFF01FB648 rsi=0x00007FFFF01FB648 rdx=0x0000000000000000
[INFO][Native] DirectExecutionBackend.Diagnostics.cs:230      #1886519 managed=2 guest=0x0000000000000000 nid=F8bUHwAG284 ret=0x000000080151326E rdi=0x00007FFFF01FB648 rsi=0x00007FFFF01FB648 rdx=0x0000000000000000
[INFO][Native] DirectExecutionBackend.Diagnostics.cs:230      #1886520 managed=2 guest=0x0000000000000000 nid=iMp8QpE+XO4 ret=0x00000008015132A7 rdi=0x00007FFFF01FB648 rsi=0x0000000000000002 rdx=0x0000000000000000
[INFO][Native] DirectExecutionBackend.Diagnostics.cs:230      #1886521 managed=2 guest=0x0000000000000000 nid=1FGvU0i9saQ ret=0x00000008015132E0 rdi=0x00007FFFF01FB648 rsi=0x0000000000000001 rdx=0x0000000000000000
[INFO][Native] DirectExecutionBackend.Diagnostics.cs:230      #1886522 managed=2 guest=0x0000000000000000 nid=cmo1RIYva9o ret=0x00000008015134CF rdi=0x0000000606E0C050 rsi=0x00007FFFF01FB648 rdx=0x0000000000000000
[INFO][Native] DirectExecutionBackend.Diagnostics.cs:230      #1886523 managed=2 guest=0x0000000000000000 nid=smWEktiyyG0 ret=0x000000080151350A rdi=0x00007FFFF01FB648 rsi=0x00007FFFF01FB648 rdx=0x0000000000000000
[INFO][Native] DirectExecutionBackend.Diagnostics.cs:230      #1886524 managed=2 guest=0x0000000000000000 nid=9UK1vLZQft4 ret=0x0000000800A83A43 rdi=0x0000000606E0C040 rsi=0x0000000606E0AA00 rdx=0x00000000D193F300
[INFO][Native] DirectExecutionBackend.Diagnostics.cs:230      #1886527 managed=2 guest=0x0000000000000000 nid=9UK1vLZQft4 ret=0x0000000800A89388 rdi=0x0000000606E0C040 rsi=0x0000000000000000 rdx=0x00000055709C68A9
[INFO][Native] DirectExecutionBackend.Diagnostics.cs:230      #1886529 managed=2 guest=0x0000000000000000 nid=nsYoNRywwNg ret=0x00000008013F224F rdi=0x00007FFFF01FB730 rsi=0x0000000606E0BF30 rdx=0x0000000000080000
[INFO][Native] DirectExecutionBackend.Diagnostics.cs:230      #1886530 managed=2 guest=0x0000000000000000 nid=UTXzJbWhhTE ret=0x00000008013F23D9 rdi=0x00007FFFF01FB730 rsi=0x0000000000080000 rdx=0x0000000000080000
[INFO][Native] DirectExecutionBackend.Diagnostics.cs:230      #1886531 managed=2 guest=0x0000000000000000 nid=eXbUSpEaTsA ret=0x00000008013F23E3 rdi=0x00007FFFF01FB730 rsi=0x0000000000000000 rdx=0x0000000000080000
[INFO][Native] DirectExecutionBackend.Diagnostics.cs:230      #1886532 managed=2 guest=0x0000000000000000 nid=4+h9EzwKF4I ret=0x00000008013F23F0 rdi=0x00007FFFF01FB730 rsi=0x0000000000000003 rdx=0x0000000000080000
[INFO][Native] DirectExecutionBackend.Diagnostics.cs:230      #1886533 managed=2 guest=0x0000000000000000 nid=FXPWHNk8Of0 ret=0x00000008013F244D rdi=0x00007FFFF01FB730 rsi=0x00007FFFF01FB738 rdx=0x0000000000000002
[INFO][Native] DirectExecutionBackend.Diagnostics.cs:230      #1886534 managed=2 guest=0x0000000000000000 nid=6UgtwV+0zb4 ret=0x00000008013F2487 rdi=0x0000000606E0BF40 rsi=0x00007FFFF01FB730 rdx=0x0000000800B68880
[INFO][Native] DirectExecutionBackend.Diagnostics.cs:230      #1886535 managed=2 guest=0x0000000000000000 nid=62KCwEMmzcM ret=0x00000008013F24A4 rdi=0x00007FFFF01FB730 rsi=0x00007FFFF01FB730 rdx=0x0000000800B68880
[INFO][Native] DirectExecutionBackend.Diagnostics.cs:230      #1886536 managed=2 guest=0x0000000000000000 nid=bt3CTBKmGyI ret=0x00000008013F24B6 rdi=0x000001D59B8552D0 rsi=0x0000000000001FFA rdx=0x0000000800B68880
[INFO][Native] DirectExecutionBackend.Diagnostics.cs:230      #1886537 managed=2 guest=0x0000000000000000 nid=P41kTWUS3EI ret=0x00000008013F2550 rdi=0x000001D59B8552D0 rsi=0x00007FFFF01FB68C rdx=0x00007FFFF01FB688
[INFO][Native] DirectExecutionBackend.Diagnostics.cs:230      #1886538 managed=2 guest=0x0000000000000000 nid=oIRFTjoILbg ret=0x00000008013F260B rdi=0x000001D59B8552D0 rsi=0x0000000000000001 rdx=0x00007FFFF01FB688
[INFO][Native] DirectExecutionBackend.Diagnostics.cs:230      #1886539 managed=2 guest=0x0000000000000000 nid=P41kTWUS3EI ret=0x00000008013F267F rdi=0x000001D59B8552D0 rsi=0x00007FFFF01FB68C rdx=0x00007FFFF01FB684
[INFO][Native] DirectExecutionBackend.Diagnostics.cs:230      #1886540 managed=2 guest=0x0000000000000000 nid=04AjkP0jO9U ret=0x000000080A821799 rdi=0x0000000603911DD0 rsi=0x0000000000000003 rdx=0x0000000000000001
[INFO][Native] DirectExecutionBackend.Diagnostics.cs:230      #1886541 managed=2 guest=0x0000000000000000 nid=9UK1vLZQft4 ret=0x0000000800A8884B rdi=0x0000000606E0C040 rsi=0x0000000000000003 rdx=0x0000000000000001
[INFO][Native] DirectExecutionBackend.Diagnostics.cs:230      #1886543 managed=2 guest=0x0000000000000000 nid=9UK1vLZQft4 ret=0x0000000800A89388 rdi=0x0000000606E0C040 rsi=0x0000000603909500 rdx=0x0000000000000000
[INFO][Native] DirectExecutionBackend.Diagnostics.cs:230      #1886545 managed=2 guest=0x0000000000000000 nid=04AjkP0jO9U ret=0x000000080A821799 rdi=0x0000000603911DD0 rsi=0x0000000000000003 rdx=0x0000000000000001
[INFO][Native] DirectExecutionBackend.Diagnostics.cs:230      #1886546 managed=2 guest=0x0000000000000000 nid=9UK1vLZQft4 ret=0x0000000800A8884B rdi=0x0000000606E0C040 rsi=0x0000000000000003 rdx=0x0000000000000001
[INFO][Native] DirectExecutionBackend.Diagnostics.cs:230      #1886548 managed=2 guest=0x0000000000000000 nid=lLMT9vJAck0 ret=0x000000080A821566 rdi=0x000000000000000F rsi=0x00007FFFF01FB730 rdx=0x0000000000000000
[INFO][Native] DirectExecutionBackend.Diagnostics.cs:230      #1886549 managed=2 guest=0x0000000000000000 nid=04AjkP0jO9U ret=0x000000080A821799 rdi=0x0000000606E0C098 rsi=0x0000000000000002 rdx=0x0000000000000000
[INFO][Native] DirectExecutionBackend.Diagnostics.cs:230      #1886552 managed=2 guest=0x0000000000000000 nid=4czppHBiriw ret=0x00000008050075FE rdi=0x0000000000000002 rsi=0x0000000000000001 rdx=0x0000000809B02670
[INFO][Native] DirectExecutionBackend.Diagnostics.cs:230      #1886553 managed=2 guest=0x0000000000000000 nid=JTvBflhYazQ ret=0x0000000805007623 rdi=0x0000000000000002 rsi=0x0000000000000001 rdx=0x0000000000000001
[INFO][Native] DirectExecutionBackend.Diagnostics.cs:230      #1886554 managed=2 guest=0x0000000000000000 nid=4czppHBiriw ret=0x0000000805007634 rdi=0x0000000000000003 rsi=0x0000000000000001 rdx=0x0000000000000001
[LOADER][INFO] =========================================
