[DEBUG] SharpEmu starting with 4 args
[DEBUG] Log file: C:\Users\chayt\Downloads\SharpEmu-Source\artifacts\boot-investigation\current-baseline.log
[DEBUG] SharpEmu starting with 4 args
[DEBUG] Full path: C:\Users\chayt\Downloads\PSX\eboot.bin
[DEBUG] Creating runtime...
[LOADER][INFO] Kernel TSC frequency: 3792944938 Hz (calibrated-rdtsc)
[HLE] Warmed 3794 type initializers (0 threw) + JIT-compiled 24484 methods (149 skipped) across 11 HLE assemblies, plus 3311 framework type initializers.
[DEBUG] Running: C:\Users\chayt\Downloads\PSX\eboot.bin
[RUNTIME] Loading: C:\Users\chayt\Downloads\PSX\eboot.bin
[LOADER][INFO] ampr.app0_index_cache_hit root=C:\Users\chayt\Downloads\PSX files=72 ids=288 elapsed_ms=16.9
[LOADER][TLS] load_start clear=True next=1 assigned=1 has_pt_tls=True
[LOADER] Segment 0: VAddr=0x0000000800000000, FileSize=0x189BA8C, MemSize=0x189BA8C, Align=0x4000
[LOADER] Segment 1: VAddr=0x000000080189C000, FileSize=0x32CC28, MemSize=0x32CC28, Align=0x4000
[LOADER] Segment 3: VAddr=0x0000000801BCC000, FileSize=0x9BD40, MemSize=0x9BD40, Align=0x4000
[LOADER] Segment 7: VAddr=0x0000000801C68000, FileSize=0x1B65A8, MemSize=0x2F5C70, Align=0x4000
[LOADER] Segment 8: VAddr=0x0000000801F5DC70, FileSize=0x12DFE0, MemSize=0x12DFE0, Align=0x4000
[LOADER][TLS] Module 1 TLS template: memsz=0xC0 filesz=0x0 align=0x8 static_offset=0xC0 total_static=0xC0
[LOADER] TryLoadTableBytes: trying guest address 0x80208B140
[LOADER] TryLoadTableBytes: loaded from guest memory at 0x80208B140
[LOADER] TryLoadTableBytes: trying guest address 0x801F679F0
[LOADER] TryLoadTableBytes: loaded from guest memory at 0x801F679F0
[LOADER] TryLoadTableBytes: trying guest address 0x801F64150
[LOADER] TryLoadTableBytes: loaded from guest memory at 0x801F64150
[LOADER] TryLoadTableBytes: trying guest address 0x801F5DC70
[LOADER] TryLoadTableBytes: loaded from guest memory at 0x801F5DC70
[LOADER] TryLoadTableBytes: trying guest address 0x801F607F0
[LOADER] TryLoadTableBytes: loaded from guest memory at 0x801F607F0
[LOADER] CreateImportStubMapping: nids=609, required=0x2610, map_size=0x3000
[LOADER] TryLoadTableBytes: trying guest address 0x80208B140
[LOADER] TryLoadTableBytes: loaded from guest memory at 0x80208B140
[LOADER] TryLoadTableBytes: trying guest address 0x801F5DC70
[LOADER] TryLoadTableBytes: loaded from guest memory at 0x801F5DC70
[LOADER] TryLoadTableBytes: trying guest address 0x801F607F0
[LOADER] TryLoadTableBytes: loaded from guest memory at 0x801F607F0
[LOADER] Runtime symbol index populated: section=0, dynamic=1, total=2
[LOADER] TryLoadTableBytes: trying guest address 0x80208B140
[LOADER] TryLoadTableBytes: loaded from guest memory at 0x80208B140
[LOADER][TEST] ResolveMappedAddressOrFallback addr=0x10 imageBase=0x0000000800000000
[LOADER][TEST] -> resolved raw 0x0000000800000010
[LOADER][TEST] ResolveMappedAddressOrFallback addr=0x10 imageBase=0x0000000800000000
[LOADER][TEST] -> resolved raw 0x0000000800000010
[LOADER] Initializers discovered: preinit=0, init=1
[LOADER][TLS] load_done assigned=1 next=2
[RUNTIME] Registered module handle=1 name=eboot.bin base=0x0000000800000000 size=0x000000000208BC50
[RUNTIME] Entry: 0x0000000800000070
[RUNTIME] Module search directories: C:\Users\chayt\Downloads\PSX\sce_module, C:\Users\chayt\Downloads\PSX\Media\Modules, C:\Users\chayt\Downloads\PSX, C:\Users\chayt\Downloads\PSX\Media\Plugins
[RUNTIME] Loading 10 module(s)...
[LOADER][TLS] load_start clear=False next=2 assigned=2 has_pt_tls=True
[LOADER] Segment 0: VAddr=0x0000000804000000, FileSize=0x115BF0, MemSize=0x115BF0, Align=0x4000
[LOADER] Segment 1: VAddr=0x0000000804118000, FileSize=0x73410, MemSize=0x73410, Align=0x4000
[LOADER] Segment 3: VAddr=0x000000080418C000, FileSize=0x6830, MemSize=0x6830, Align=0x4000
[LOADER] Segment 7: VAddr=0x0000000804194000, FileSize=0x3C78, MemSize=0x9000, Align=0x4000
[LOADER] Segment 8: VAddr=0x000000080419D000, FileSize=0x35938, MemSize=0x35938, Align=0x4000
[LOADER][TLS] Module 2 TLS template: memsz=0x468 filesz=0x180 align=0x10 static_offset=0x530 total_static=0x530
[LOADER] TryLoadTableBytes: trying guest address 0x8041D2688
[LOADER] TryLoadTableBytes: loaded from guest memory at 0x8041D2688
[LOADER] TryLoadTableBytes: trying guest address 0x8041BB678
[LOADER] TryLoadTableBytes: loaded from guest memory at 0x8041BB678
[LOADER] TryLoadTableBytes: trying guest address 0x8041BABB0
[LOADER] TryLoadTableBytes: loaded from guest memory at 0x8041BABB0
[LOADER] TryLoadTableBytes: trying guest address 0x80419D000
[LOADER] TryLoadTableBytes: loaded from guest memory at 0x80419D000
[LOADER] TryLoadTableBytes: trying guest address 0x8041A8EC8
[LOADER] TryLoadTableBytes: loaded from guest memory at 0x8041A8EC8
[LOADER] CreateImportStubMapping: nids=117, required=0x750, map_size=0x1000
[LOADER][TLS] Patching DTPMOD64 at 0x8041921E0 with module id 0x2
[LOADER][TLS] Patching DTPMOD64 at 0x804192220 with module id 0x2
[LOADER][TLS] Patching DTPMOD64 at 0x804192230 with module id 0x2
[LOADER] TryLoadTableBytes: trying guest address 0x8041D2688
[LOADER] TryLoadTableBytes: loaded from guest memory at 0x8041D2688
[LOADER] TryLoadTableBytes: trying guest address 0x80419D000
[LOADER] TryLoadTableBytes: loaded from guest memory at 0x80419D000
[LOADER] TryLoadTableBytes: trying guest address 0x8041A8EC8
[LOADER] TryLoadTableBytes: loaded from guest memory at 0x8041A8EC8
[LOADER] Runtime symbol index populated: section=0, dynamic=2920, total=5840
[LOADER] TryLoadTableBytes: trying guest address 0x8041D2688
[LOADER] TryLoadTableBytes: loaded from guest memory at 0x8041D2688
[LOADER][TEST] ResolveMappedAddressOrFallback addr=0x10 imageBase=0x0000000804000000
[LOADER][TEST] -> resolved raw 0x0000000804000010
[LOADER] TryLoadTableBytes: trying guest address 0x804192808
[LOADER] TryLoadTableBytes: loaded from guest memory at 0x804192808
[LOADER][TEST] ResolveMappedAddressOrFallback addr=0x804000100 imageBase=0x0000000804000000
[LOADER][TEST] -> resolved raw 0x0000000804000100
[LOADER][TEST] ResolveMappedAddressOrFallback addr=0x10 imageBase=0x0000000804000000
[LOADER][TEST] -> resolved raw 0x0000000804000010
[LOADER] Initializers discovered: preinit=1, init=1
[LOADER][TLS] load_done assigned=2 next=3
[RUNTIME] Registered module handle=2 name=libc.prx base=0x0000000804000000 size=0x00000000001D2938
[RUNTIME] Loaded module libc.prx: entry=0x0000000804000000, imports=117, symbols=5840
[LOADER][TLS] load_start clear=False next=3 assigned=0 has_pt_tls=False
[LOADER] Segment 0: VAddr=0x00000008043D3000, FileSize=0x3F3240, MemSize=0x3F3240, Align=0x4000
[LOADER] WARNING: Segment 0 ELF alignment mismatch! VAddr=0x8043D3000, Offset=0x4000, Align=0x4000, VAddr%Align=0x3000, Offset%Align=0x0
[LOADER] Segment 1: VAddr=0x00000008047C7000, FileSize=0x189C8C, MemSize=0x189C8C, Align=0x4000
[LOADER] WARNING: Segment 1 ELF alignment mismatch! VAddr=0x8047C7000, Offset=0x3F8000, Align=0x4000, VAddr%Align=0x3000, Offset%Align=0x0
[LOADER] Segment 3: VAddr=0x0000000804953000, FileSize=0x2488, MemSize=0x2488, Align=0x4000
[LOADER] WARNING: Segment 3 ELF alignment mismatch! VAddr=0x804953000, Offset=0x584000, Align=0x4000, VAddr%Align=0x3000, Offset%Align=0x0
[LOADER] Segment 7: VAddr=0x0000000804957000, FileSize=0xD8, MemSize=0x1880, Align=0x4000
[LOADER] WARNING: Segment 7 ELF alignment mismatch! VAddr=0x804957000, Offset=0x588000, Align=0x4000, VAddr%Align=0x3000, Offset%Align=0x0
[LOADER] Segment 8: VAddr=0x0000000804958880, FileSize=0x1FC8A0, MemSize=0x1FC8A0, Align=0x4000
[LOADER] WARNING: Segment 8 ELF alignment mismatch! VAddr=0x804958880, Offset=0x589880, Align=0x4000, VAddr%Align=0x880, Offset%Align=0x1880
[LOADER] TryLoadTableBytes: trying guest address 0x804B54DE0
[LOADER] TryLoadTableBytes: loaded from guest memory at 0x804B54DE0
[LOADER] TryLoadTableBytes: trying guest address 0x804AFC4B8
[LOADER] TryLoadTableBytes: loaded from guest memory at 0x804AFC4B8
[LOADER] TryLoadTableBytes: trying guest address 0x804AFBC18
[LOADER] TryLoadTableBytes: loaded from guest memory at 0x804AFBC18
[LOADER] TryLoadTableBytes: trying guest address 0x804958880
[LOADER] TryLoadTableBytes: loaded from guest memory at 0x804958880
[LOADER] TryLoadTableBytes: trying guest address 0x804A00428
[LOADER] TryLoadTableBytes: loaded from guest memory at 0x804A00428
[LOADER] CreateImportStubMapping: nids=95, required=0x5F0, map_size=0x1000
[LOADER] TryLoadTableBytes: trying guest address 0x804B54DE0
[LOADER] TryLoadTableBytes: loaded from guest memory at 0x804B54DE0
[LOADER] TryLoadTableBytes: trying guest address 0x804958880
[LOADER] TryLoadTableBytes: loaded from guest memory at 0x804958880
[LOADER] TryLoadTableBytes: trying guest address 0x804A00428
[LOADER] TryLoadTableBytes: loaded from guest memory at 0x804A00428
[LOADER] Runtime symbol index populated: section=0, dynamic=42826, total=85652
[LOADER] TryLoadTableBytes: trying guest address 0x804B54DE0
[LOADER] TryLoadTableBytes: loaded from guest memory at 0x804B54DE0
[LOADER][TEST] ResolveMappedAddressOrFallback addr=0x10 imageBase=0x00000008043D3000
[LOADER][TEST] -> resolved raw 0x00000008043D3010
[LOADER][TEST] ResolveMappedAddressOrFallback addr=0x10 imageBase=0x00000008043D3000
[LOADER][TEST] -> resolved raw 0x00000008043D3010
[LOADER] Initializers discovered: preinit=0, init=1
[LOADER][TLS] load_done assigned=0 next=3
[RUNTIME] Registered module handle=3 name=libSceNpCppWebApi.prx base=0x00000008043D3000 size=0x0000000000782120
[RUNTIME] Loaded module libSceNpCppWebApi.prx: entry=0x00000008043D3000, imports=95, symbols=85652
[LOADER][TLS] load_start clear=False next=3 assigned=3 has_pt_tls=True
[LOADER] Segment 0: VAddr=0x0000000804D56000, FileSize=0x35BAFB1, MemSize=0x35BAFB1, Align=0x4000
[LOADER] WARNING: Segment 0 ELF alignment mismatch! VAddr=0x804D56000, Offset=0x4000, Align=0x4000, VAddr%Align=0x2000, Offset%Align=0x0
[LOADER] Segment 1: VAddr=0x0000000808312000, FileSize=0x1002C18, MemSize=0x1002C18, Align=0x4000
[LOADER] WARNING: Segment 1 ELF alignment mismatch! VAddr=0x808312000, Offset=0x35C0000, Align=0x4000, VAddr%Align=0x2000, Offset%Align=0x0
[LOADER] Segment 3: VAddr=0x0000000809316000, FileSize=0x28ECB8, MemSize=0x28ECB8, Align=0x4000
[LOADER] WARNING: Segment 3 ELF alignment mismatch! VAddr=0x809316000, Offset=0x45C4000, Align=0x4000, VAddr%Align=0x2000, Offset%Align=0x0
[LOADER] Segment 7: VAddr=0x00000008095A6000, FileSize=0x32ED3C, MemSize=0x55D8D8, Align=0x4000
[LOADER] WARNING: Segment 7 ELF alignment mismatch! VAddr=0x8095A6000, Offset=0x4854000, Align=0x4000, VAddr%Align=0x2000, Offset%Align=0x0
[LOADER] Segment 8: VAddr=0x0000000809B038E0, FileSize=0xB1CC10, MemSize=0xB1CC10, Align=0x4000
[LOADER] WARNING: Segment 8 ELF alignment mismatch! VAddr=0x809B038E0, Offset=0x4B858E0, Align=0x4000, VAddr%Align=0x38E0, Offset%Align=0x18E0
[LOADER][TLS] Module 3 TLS template: memsz=0x150 filesz=0x0 align=0x10 static_offset=0x680 total_static=0x680
[LOADER] TryLoadTableBytes: trying guest address 0x80A6200D0
[LOADER] TryLoadTableBytes: loaded from guest memory at 0x80A6200D0
[LOADER] TryLoadTableBytes: trying guest address 0x809B0C390
[LOADER] TryLoadTableBytes: loaded from guest memory at 0x809B0C390
[LOADER] TryLoadTableBytes: trying guest address 0x809B0AA40
[LOADER] TryLoadTableBytes: loaded from guest memory at 0x809B0AA40
[LOADER] TryLoadTableBytes: trying guest address 0x809B038E0
[LOADER] TryLoadTableBytes: loaded from guest memory at 0x809B038E0
[LOADER] TryLoadTableBytes: trying guest address 0x809B06738
[LOADER] TryLoadTableBytes: loaded from guest memory at 0x809B06738
[LOADER] CreateImportStubMapping: nids=294, required=0x1260, map_size=0x2000
[LOADER][TLS] Patching DTPMOD64 at 0x8095A4268 with module id 0x3
[LOADER] TryLoadTableBytes: trying guest address 0x80A6200D0
[LOADER] TryLoadTableBytes: loaded from guest memory at 0x80A6200D0
[LOADER] TryLoadTableBytes: trying guest address 0x809B038E0
[LOADER] TryLoadTableBytes: loaded from guest memory at 0x809B038E0
[LOADER] TryLoadTableBytes: trying guest address 0x809B06738
[LOADER] TryLoadTableBytes: loaded from guest memory at 0x809B06738
[LOADER] Runtime symbol index populated: section=0, dynamic=420, total=840
[LOADER] TryLoadTableBytes: trying guest address 0x80A6200D0
[LOADER] TryLoadTableBytes: loaded from guest memory at 0x80A6200D0
[LOADER][TEST] ResolveMappedAddressOrFallback addr=0x10 imageBase=0x0000000804D56000
[LOADER][TEST] -> resolved raw 0x0000000804D56010
[LOADER][TEST] ResolveMappedAddressOrFallback addr=0x10 imageBase=0x0000000804D56000
[LOADER][TEST] -> resolved raw 0x0000000804D56010
[LOADER] Initializers discovered: preinit=0, init=1
[LOADER][TLS] load_done assigned=3 next=4
[RUNTIME] Registered module handle=4 name=Il2CppUserAssemblies.prx base=0x0000000804D56000 size=0x00000000058CA4F0
[RUNTIME] Loaded module Il2CppUserAssemblies.prx: entry=0x0000000804D56000, imports=294, symbols=840
[LOADER][TLS] load_start clear=False next=4 assigned=0 has_pt_tls=False
[LOADER] Segment 0: VAddr=0x000000080A821000, FileSize=0x4000, MemSize=0x4000, Align=0x4000
[LOADER] WARNING: Segment 0 ELF alignment mismatch! VAddr=0x80A821000, Offset=0x4000, Align=0x4000, VAddr%Align=0x1000, Offset%Align=0x0
[LOADER] Segment 1: VAddr=0x000000080A825000, FileSize=0x205, MemSize=0x205, Align=0x4000
[LOADER] WARNING: Segment 1 ELF alignment mismatch! VAddr=0x80A825000, Offset=0x8000, Align=0x4000, VAddr%Align=0x1000, Offset%Align=0x0
[LOADER] Segment 3: VAddr=0x000000080A829000, FileSize=0xC0, MemSize=0x4000, Align=0x4000
[LOADER] WARNING: Segment 3 ELF alignment mismatch! VAddr=0x80A829000, Offset=0xC000, Align=0x4000, VAddr%Align=0x1000, Offset%Align=0x0
[LOADER] Segment 7: VAddr=0x000000080A82D000, FileSize=0x11, MemSize=0x30, Align=0x4000
[LOADER] WARNING: Segment 7 ELF alignment mismatch! VAddr=0x80A82D000, Offset=0x10000, Align=0x4000, VAddr%Align=0x1000, Offset%Align=0x0
[LOADER] Segment 8: VAddr=0x000000080A82D030, FileSize=0x7E8, MemSize=0x7E8, Align=0x4000
[LOADER] WARNING: Segment 8 ELF alignment mismatch! VAddr=0x80A82D030, Offset=0x10030, Align=0x4000, VAddr%Align=0x1030, Offset%Align=0x30
[LOADER] TryLoadTableBytes: trying guest address 0x80A82D598
[LOADER] TryLoadTableBytes: loaded from guest memory at 0x80A82D598
[LOADER] TryLoadTableBytes: trying guest address 0x80A82D478
[LOADER] TryLoadTableBytes: loaded from guest memory at 0x80A82D478
[LOADER] TryLoadTableBytes: trying guest address 0x80A82D3A0
[LOADER] TryLoadTableBytes: loaded from guest memory at 0x80A82D3A0
[LOADER] TryLoadTableBytes: trying guest address 0x80A82D030
[LOADER] TryLoadTableBytes: loaded from guest memory at 0x80A82D030
[LOADER] TryLoadTableBytes: trying guest address 0x80A82D1F0
[LOADER] TryLoadTableBytes: loaded from guest memory at 0x80A82D1F0
[LOADER] CreateImportStubMapping: nids=10, required=0xA0, map_size=0x1000
[LOADER] TryLoadTableBytes: trying guest address 0x80A82D598
[LOADER] TryLoadTableBytes: loaded from guest memory at 0x80A82D598
[LOADER] TryLoadTableBytes: trying guest address 0x80A82D030
[LOADER] TryLoadTableBytes: loaded from guest memory at 0x80A82D030
[LOADER] TryLoadTableBytes: trying guest address 0x80A82D1F0
[LOADER] TryLoadTableBytes: loaded from guest memory at 0x80A82D1F0
[LOADER] Runtime symbol index populated: section=0, dynamic=7, total=14
[LOADER] TryLoadTableBytes: trying guest address 0x80A82D598
[LOADER] TryLoadTableBytes: loaded from guest memory at 0x80A82D598
[LOADER][TEST] ResolveMappedAddressOrFallback addr=0x10 imageBase=0x000000080A821000
[LOADER][TEST] -> resolved raw 0x000000080A821010
[LOADER][TEST] ResolveMappedAddressOrFallback addr=0x10 imageBase=0x000000080A821000
[LOADER][TEST] -> resolved raw 0x000000080A821010
[LOADER] Initializers discovered: preinit=0, init=1
[LOADER][TLS] load_done assigned=0 next=4
[RUNTIME] Registered module handle=5 name=PS5Util.prx base=0x000000080A821000 size=0x000000000000C818
[RUNTIME] Loaded module PS5Util.prx: entry=0x000000080A821000, imports=10, symbols=14
[LOADER][TLS] load_start clear=False next=4 assigned=0 has_pt_tls=False
[LOADER] Segment 0: VAddr=0x000000080AA2E000, FileSize=0x12A080, MemSize=0x12A080, Align=0x4000
[LOADER] WARNING: Segment 0 ELF alignment mismatch! VAddr=0x80AA2E000, Offset=0x4000, Align=0x4000, VAddr%Align=0x2000, Offset%Align=0x0
[LOADER] Segment 1: VAddr=0x000000080AB5A000, FileSize=0x4E420, MemSize=0x4E420, Align=0x4000
[LOADER] WARNING: Segment 1 ELF alignment mismatch! VAddr=0x80AB5A000, Offset=0x130000, Align=0x4000, VAddr%Align=0x2000, Offset%Align=0x0
[LOADER] Segment 3: VAddr=0x000000080ABAA000, FileSize=0x3AF8, MemSize=0x3AF8, Align=0x4000
[LOADER] WARNING: Segment 3 ELF alignment mismatch! VAddr=0x80ABAA000, Offset=0x180000, Align=0x4000, VAddr%Align=0x2000, Offset%Align=0x0
[LOADER] Segment 7: VAddr=0x000000080ABAE000, FileSize=0xCBF8, MemSize=0x4CA50, Align=0x4000
[LOADER] WARNING: Segment 7 ELF alignment mismatch! VAddr=0x80ABAE000, Offset=0x184000, Align=0x4000, VAddr%Align=0x2000, Offset%Align=0x0
[LOADER] Segment 8: VAddr=0x000000080ABFAA50, FileSize=0x1AC08, MemSize=0x1AC08, Align=0x4000
[LOADER] WARNING: Segment 8 ELF alignment mismatch! VAddr=0x80ABFAA50, Offset=0x194A50, Align=0x4000, VAddr%Align=0x2A50, Offset%Align=0xA50
[LOADER] TryLoadTableBytes: trying guest address 0x80AC15258
[LOADER] TryLoadTableBytes: loaded from guest memory at 0x80AC15258
[LOADER] TryLoadTableBytes: trying guest address 0x80AC07E58
[LOADER] TryLoadTableBytes: loaded from guest memory at 0x80AC07E58
[LOADER] TryLoadTableBytes: trying guest address 0x80AC070D8
[LOADER] TryLoadTableBytes: loaded from guest memory at 0x80AC070D8
[LOADER] TryLoadTableBytes: trying guest address 0x80ABFAA50
[LOADER] TryLoadTableBytes: loaded from guest memory at 0x80ABFAA50
[LOADER] TryLoadTableBytes: trying guest address 0x80ABFFAA0
[LOADER] TryLoadTableBytes: loaded from guest memory at 0x80ABFFAA0
[LOADER] CreateImportStubMapping: nids=148, required=0x940, map_size=0x1000
[LOADER] TryLoadTableBytes: trying guest address 0x80AC15258
[LOADER] TryLoadTableBytes: loaded from guest memory at 0x80AC15258
[LOADER] TryLoadTableBytes: trying guest address 0x80ABFAA50
[LOADER] TryLoadTableBytes: loaded from guest memory at 0x80ABFAA50
[LOADER] TryLoadTableBytes: trying guest address 0x80ABFFAA0
[LOADER] TryLoadTableBytes: loaded from guest memory at 0x80ABFFAA0
[LOADER] Runtime symbol index populated: section=0, dynamic=1112, total=2224
[LOADER] TryLoadTableBytes: trying guest address 0x80AC15258
[LOADER] TryLoadTableBytes: loaded from guest memory at 0x80AC15258
[LOADER][TEST] ResolveMappedAddressOrFallback addr=0x10 imageBase=0x000000080AA2E000
[LOADER][TEST] -> resolved raw 0x000000080AA2E010
[LOADER][TEST] ResolveMappedAddressOrFallback addr=0x10 imageBase=0x000000080AA2E000
[LOADER][TEST] -> resolved raw 0x000000080AA2E010
[LOADER] Initializers discovered: preinit=0, init=1
[LOADER][TLS] load_done assigned=0 next=4
[RUNTIME] Installed FMOD compatibility hook: uPLTdl3psGk -> 0x000000080AB37030
[RUNTIME] Registered module handle=6 name=libfmod.prx base=0x000000080AA2E000 size=0x00000000001E7658
[RUNTIME] Loaded module libfmod.prx: entry=0x000000080AA2E000, imports=148, symbols=2224
[LOADER][TLS] load_start clear=False next=4 assigned=0 has_pt_tls=False
[LOADER] Segment 0: VAddr=0x000000080AE16000, FileSize=0x11E790, MemSize=0x11E790, Align=0x4000
[LOADER] WARNING: Segment 0 ELF alignment mismatch! VAddr=0x80AE16000, Offset=0x4000, Align=0x4000, VAddr%Align=0x2000, Offset%Align=0x0
[LOADER] Segment 1: VAddr=0x000000080AF36000, FileSize=0x3882C, MemSize=0x3882C, Align=0x4000
[LOADER] WARNING: Segment 1 ELF alignment mismatch! VAddr=0x80AF36000, Offset=0x124000, Align=0x4000, VAddr%Align=0x2000, Offset%Align=0x0
[LOADER] Segment 3: VAddr=0x000000080AF72000, FileSize=0x7798, MemSize=0x7798, Align=0x4000
[LOADER] WARNING: Segment 3 ELF alignment mismatch! VAddr=0x80AF72000, Offset=0x160000, Align=0x4000, VAddr%Align=0x2000, Offset%Align=0x0
[LOADER] Segment 7: VAddr=0x000000080AF7A000, FileSize=0x38, MemSize=0x1220, Align=0x4000
[LOADER] WARNING: Segment 7 ELF alignment mismatch! VAddr=0x80AF7A000, Offset=0x168000, Align=0x4000, VAddr%Align=0x2000, Offset%Align=0x0
[LOADER] Segment 8: VAddr=0x000000080AF7B220, FileSize=0x1A270, MemSize=0x1A270, Align=0x4000
[LOADER] WARNING: Segment 8 ELF alignment mismatch! VAddr=0x80AF7B220, Offset=0x169220, Align=0x4000, VAddr%Align=0x3220, Offset%Align=0x1220
[LOADER] TryLoadTableBytes: trying guest address 0x80AF95210
[LOADER] TryLoadTableBytes: loaded from guest memory at 0x80AF95210
[LOADER] TryLoadTableBytes: trying guest address 0x80AF81FC0
[LOADER] TryLoadTableBytes: loaded from guest memory at 0x80AF81FC0
[LOADER] TryLoadTableBytes: trying guest address 0x80AF80E68
[LOADER] TryLoadTableBytes: loaded from guest memory at 0x80AF80E68
[LOADER] TryLoadTableBytes: trying guest address 0x80AF7B220
[LOADER] TryLoadTableBytes: loaded from guest memory at 0x80AF7B220
[LOADER] TryLoadTableBytes: trying guest address 0x80AF7D778
[LOADER] TryLoadTableBytes: loaded from guest memory at 0x80AF7D778
[LOADER] CreateImportStubMapping: nids=188, required=0xBC0, map_size=0x1000
[LOADER] TryLoadTableBytes: trying guest address 0x80AF95210
[LOADER] TryLoadTableBytes: loaded from guest memory at 0x80AF95210
[LOADER] TryLoadTableBytes: trying guest address 0x80AF7B220
[LOADER] TryLoadTableBytes: loaded from guest memory at 0x80AF7B220
[LOADER] TryLoadTableBytes: trying guest address 0x80AF7D778
[LOADER] TryLoadTableBytes: loaded from guest memory at 0x80AF7D778
[LOADER] Runtime symbol index populated: section=0, dynamic=397, total=794
[LOADER] TryLoadTableBytes: trying guest address 0x80AF95210
[LOADER] TryLoadTableBytes: loaded from guest memory at 0x80AF95210
[LOADER][TEST] ResolveMappedAddressOrFallback addr=0x10 imageBase=0x000000080AE16000
[LOADER][TEST] -> resolved raw 0x000000080AE16010
[LOADER][TEST] ResolveMappedAddressOrFallback addr=0x10 imageBase=0x000000080AE16000
[LOADER][TEST] -> resolved raw 0x000000080AE16010
[LOADER] Initializers discovered: preinit=0, init=1
[LOADER][TLS] load_done assigned=0 next=4
[RUNTIME] Registered module handle=7 name=libfmodstudio.prx base=0x000000080AE16000 size=0x000000000017F490
[RUNTIME] Loaded module libfmodstudio.prx: entry=0x000000080AE16000, imports=188, symbols=794
[LOADER][TLS] load_start clear=False next=4 assigned=0 has_pt_tls=False
[LOADER] Segment 0: VAddr=0x000000080B196000, FileSize=0x63590, MemSize=0x63590, Align=0x4000
[LOADER] WARNING: Segment 0 ELF alignment mismatch! VAddr=0x80B196000, Offset=0x4000, Align=0x4000, VAddr%Align=0x2000, Offset%Align=0x0
[LOADER] Segment 1: VAddr=0x000000080B1FA000, FileSize=0x299A4, MemSize=0x299A4, Align=0x4000
[LOADER] WARNING: Segment 1 ELF alignment mismatch! VAddr=0x80B1FA000, Offset=0x68000, Align=0x4000, VAddr%Align=0x2000, Offset%Align=0x0
[LOADER] Segment 3: VAddr=0x000000080B226000, FileSize=0x1C60, MemSize=0x1C60, Align=0x4000
[LOADER] WARNING: Segment 3 ELF alignment mismatch! VAddr=0x80B226000, Offset=0x94000, Align=0x4000, VAddr%Align=0x2000, Offset%Align=0x0
[LOADER] Segment 7: VAddr=0x000000080B22A000, FileSize=0x3B0, MemSize=0xB88, Align=0x4000
[LOADER] WARNING: Segment 7 ELF alignment mismatch! VAddr=0x80B22A000, Offset=0x98000, Align=0x4000, VAddr%Align=0x2000, Offset%Align=0x0
[LOADER] Segment 8: VAddr=0x000000080B22AB90, FileSize=0x5A48, MemSize=0x5A48, Align=0x4000
[LOADER] WARNING: Segment 8 ELF alignment mismatch! VAddr=0x80B22AB90, Offset=0x98B90, Align=0x4000, VAddr%Align=0x2B90, Offset%Align=0xB90
[LOADER] TryLoadTableBytes: trying guest address 0x80B230398
[LOADER] TryLoadTableBytes: loaded from guest memory at 0x80B230398
[LOADER] TryLoadTableBytes: trying guest address 0x80B22C2F0
[LOADER] TryLoadTableBytes: loaded from guest memory at 0x80B22C2F0
[LOADER] TryLoadTableBytes: trying guest address 0x80B22BB88
[LOADER] TryLoadTableBytes: loaded from guest memory at 0x80B22BB88
[LOADER] TryLoadTableBytes: trying guest address 0x80B22AB90
[LOADER] TryLoadTableBytes: loaded from guest memory at 0x80B22AB90
[LOADER] TryLoadTableBytes: trying guest address 0x80B22B258
[LOADER] TryLoadTableBytes: loaded from guest memory at 0x80B22B258
[LOADER] CreateImportStubMapping: nids=93, required=0x5D0, map_size=0x1000
[LOADER] TryLoadTableBytes: trying guest address 0x80B230398
[LOADER] TryLoadTableBytes: loaded from guest memory at 0x80B230398
[LOADER] TryLoadTableBytes: trying guest address 0x80B22AB90
[LOADER] TryLoadTableBytes: loaded from guest memory at 0x80B22AB90
[LOADER] TryLoadTableBytes: trying guest address 0x80B22B258
[LOADER] TryLoadTableBytes: loaded from guest memory at 0x80B22B258
[LOADER] Runtime symbol index populated: section=0, dynamic=4, total=8
[LOADER] TryLoadTableBytes: trying guest address 0x80B230398
[LOADER] TryLoadTableBytes: loaded from guest memory at 0x80B230398
[LOADER][TEST] ResolveMappedAddressOrFallback addr=0x10 imageBase=0x000000080B196000
[LOADER][TEST] -> resolved raw 0x000000080B196010
[LOADER][TEST] ResolveMappedAddressOrFallback addr=0x10 imageBase=0x000000080B196000
[LOADER][TEST] -> resolved raw 0x000000080B196010
[LOADER] Initializers discovered: preinit=0, init=1
[LOADER][TLS] load_done assigned=0 next=4
[RUNTIME] Registered module handle=8 name=libresonanceaudio.prx base=0x000000080B196000 size=0x000000000009A5D8
[RUNTIME] Loaded module libresonanceaudio.prx: entry=0x000000080B196000, imports=93, symbols=8
[LOADER][TLS] load_start clear=False next=4 assigned=0 has_pt_tls=False
[LOADER] Segment 0: VAddr=0x000000080B431000, FileSize=0x6E0, MemSize=0x6E0, Align=0x4000
[LOADER] WARNING: Segment 0 ELF alignment mismatch! VAddr=0x80B431000, Offset=0x4000, Align=0x4000, VAddr%Align=0x1000, Offset%Align=0x0
[LOADER] Segment 1: VAddr=0x000000080B435000, FileSize=0x14C, MemSize=0x14C, Align=0x4000
[LOADER] WARNING: Segment 1 ELF alignment mismatch! VAddr=0x80B435000, Offset=0x8000, Align=0x4000, VAddr%Align=0x1000, Offset%Align=0x0
[LOADER] Segment 3: VAddr=0x000000080B439000, FileSize=0x90, MemSize=0x90, Align=0x4000
[LOADER] WARNING: Segment 3 ELF alignment mismatch! VAddr=0x80B439000, Offset=0xC000, Align=0x4000, VAddr%Align=0x1000, Offset%Align=0x0
[LOADER] Segment 7: VAddr=0x000000080B43D000, FileSize=0x102, MemSize=0x148, Align=0x4000
[LOADER] WARNING: Segment 7 ELF alignment mismatch! VAddr=0x80B43D000, Offset=0x10000, Align=0x4000, VAddr%Align=0x1000, Offset%Align=0x0
[LOADER] Segment 8: VAddr=0x000000080B43D150, FileSize=0x8A8, MemSize=0x8A8, Align=0x4000
[LOADER] WARNING: Segment 8 ELF alignment mismatch! VAddr=0x80B43D150, Offset=0x10150, Align=0x4000, VAddr%Align=0x1150, Offset%Align=0x150
[LOADER] TryLoadTableBytes: trying guest address 0x80B43D7B8
[LOADER] TryLoadTableBytes: loaded from guest memory at 0x80B43D7B8
[LOADER] TryLoadTableBytes: trying guest address 0x80B43D640
[LOADER] TryLoadTableBytes: loaded from guest memory at 0x80B43D640
[LOADER] TryLoadTableBytes: trying guest address 0x80B43D610
[LOADER] TryLoadTableBytes: loaded from guest memory at 0x80B43D610
[LOADER] TryLoadTableBytes: trying guest address 0x80B43D150
[LOADER] TryLoadTableBytes: loaded from guest memory at 0x80B43D150
[LOADER] TryLoadTableBytes: trying guest address 0x80B43D3A0
[LOADER] TryLoadTableBytes: loaded from guest memory at 0x80B43D3A0
[LOADER] CreateImportStubMapping: nids=4, required=0x40, map_size=0x1000
[LOADER] TryLoadTableBytes: trying guest address 0x80B43D7B8
[LOADER] TryLoadTableBytes: loaded from guest memory at 0x80B43D7B8
[LOADER] TryLoadTableBytes: trying guest address 0x80B43D150
[LOADER] TryLoadTableBytes: loaded from guest memory at 0x80B43D150
[LOADER] TryLoadTableBytes: trying guest address 0x80B43D3A0
[LOADER] TryLoadTableBytes: loaded from guest memory at 0x80B43D3A0
[LOADER] Runtime symbol index populated: section=0, dynamic=21, total=42
[LOADER] TryLoadTableBytes: trying guest address 0x80B43D7B8
[LOADER] TryLoadTableBytes: loaded from guest memory at 0x80B43D7B8
[LOADER][TEST] ResolveMappedAddressOrFallback addr=0x10 imageBase=0x000000080B431000
[LOADER][TEST] -> resolved raw 0x000000080B431010
[LOADER][TEST] ResolveMappedAddressOrFallback addr=0x10 imageBase=0x000000080B431000
[LOADER][TEST] -> resolved raw 0x000000080B431010
[LOADER] Initializers discovered: preinit=0, init=1
[LOADER][TLS] load_done assigned=0 next=4
[RUNTIME] Registered module handle=9 name=lib_burst_generated.prx base=0x000000080B431000 size=0x000000000000C9F8
[RUNTIME] Loaded module lib_burst_generated.prx: entry=0x000000080B431000, imports=4, symbols=42
[LOADER][TLS] load_start clear=False next=4 assigned=0 has_pt_tls=False
[LOADER] Segment 0: VAddr=0x000000080B63E000, FileSize=0x3B000, MemSize=0x3B000, Align=0x4000
[LOADER] WARNING: Segment 0 ELF alignment mismatch! VAddr=0x80B63E000, Offset=0x4000, Align=0x4000, VAddr%Align=0x2000, Offset%Align=0x0
[LOADER] Segment 1: VAddr=0x000000080B67A000, FileSize=0x8510, MemSize=0x8510, Align=0x4000
[LOADER] WARNING: Segment 1 ELF alignment mismatch! VAddr=0x80B67A000, Offset=0x40000, Align=0x4000, VAddr%Align=0x2000, Offset%Align=0x0
[LOADER] Segment 3: VAddr=0x000000080B686000, FileSize=0x50A0, MemSize=0x50A0, Align=0x4000
[LOADER] WARNING: Segment 3 ELF alignment mismatch! VAddr=0x80B686000, Offset=0x4C000, Align=0x4000, VAddr%Align=0x2000, Offset%Align=0x0
[LOADER] Segment 7: VAddr=0x000000080B68E000, FileSize=0x19C, MemSize=0x380, Align=0x4000
[LOADER] WARNING: Segment 7 ELF alignment mismatch! VAddr=0x80B68E000, Offset=0x54000, Align=0x4000, VAddr%Align=0x2000, Offset%Align=0x0
[LOADER] Segment 8: VAddr=0x000000080B68E380, FileSize=0x2C590, MemSize=0x2C590, Align=0x4000
[LOADER] WARNING: Segment 8 ELF alignment mismatch! VAddr=0x80B68E380, Offset=0x54380, Align=0x4000, VAddr%Align=0x2380, Offset%Align=0x380
[LOADER] TryLoadTableBytes: trying guest address 0x80B6BA190
[LOADER] TryLoadTableBytes: loaded from guest memory at 0x80B6BA190
[LOADER] TryLoadTableBytes: trying guest address 0x80B6B4A20
[LOADER] TryLoadTableBytes: loaded from guest memory at 0x80B6B4A20
[LOADER] TryLoadTableBytes: trying guest address 0x80B6A65A8
[LOADER] TryLoadTableBytes: loaded from guest memory at 0x80B6A65A8
[LOADER] TryLoadTableBytes: trying guest address 0x80B68E380
[LOADER] TryLoadTableBytes: loaded from guest memory at 0x80B68E380
[LOADER] TryLoadTableBytes: trying guest address 0x80B698040
[LOADER] TryLoadTableBytes: loaded from guest memory at 0x80B698040
[LOADER] CreateImportStubMapping: nids=2439, required=0x9870, map_size=0xA000
[LOADER] TryLoadTableBytes: trying guest address 0x80B6BA190
[LOADER] TryLoadTableBytes: loaded from guest memory at 0x80B6BA190
[LOADER] TryLoadTableBytes: trying guest address 0x80B68E380
[LOADER] TryLoadTableBytes: loaded from guest memory at 0x80B68E380
[LOADER] TryLoadTableBytes: trying guest address 0x80B698040
[LOADER] TryLoadTableBytes: loaded from guest memory at 0x80B698040
[LOADER] Runtime symbol index populated: section=0, dynamic=7, total=14
[LOADER] TryLoadTableBytes: trying guest address 0x80B6BA190
[LOADER] TryLoadTableBytes: loaded from guest memory at 0x80B6BA190
[LOADER][TEST] ResolveMappedAddressOrFallback addr=0x10 imageBase=0x000000080B63E000
[LOADER][TEST] -> resolved raw 0x000000080B63E010
[LOADER][TEST] ResolveMappedAddressOrFallback addr=0x10 imageBase=0x000000080B63E000
[LOADER][TEST] -> resolved raw 0x000000080B63E010
[LOADER] Initializers discovered: preinit=0, init=1
[LOADER][TLS] load_done assigned=0 next=4
[RUNTIME] Registered module handle=10 name=PSN.prx base=0x000000080B63E000 size=0x000000000007C910
[RUNTIME] Loaded module PSN.prx: entry=0x000000080B63E000, imports=2439, symbols=14
[LOADER][TLS] load_start clear=False next=4 assigned=0 has_pt_tls=False
[LOADER] Segment 0: VAddr=0x000000080B8BB000, FileSize=0x3D20, MemSize=0x3D20, Align=0x4000
[LOADER] WARNING: Segment 0 ELF alignment mismatch! VAddr=0x80B8BB000, Offset=0x4000, Align=0x4000, VAddr%Align=0x3000, Offset%Align=0x0
[LOADER] Segment 1: VAddr=0x000000080B8BF000, FileSize=0x19A5, MemSize=0x19A5, Align=0x4000
[LOADER] WARNING: Segment 1 ELF alignment mismatch! VAddr=0x80B8BF000, Offset=0x8000, Align=0x4000, VAddr%Align=0x3000, Offset%Align=0x0
[LOADER] Segment 3: VAddr=0x000000080B8C3000, FileSize=0x230, MemSize=0x230, Align=0x4000
[LOADER] WARNING: Segment 3 ELF alignment mismatch! VAddr=0x80B8C3000, Offset=0xC000, Align=0x4000, VAddr%Align=0x3000, Offset%Align=0x0
[LOADER] Segment 7: VAddr=0x000000080B8C7000, FileSize=0x11, MemSize=0x2B2748, Align=0x4000
[LOADER] WARNING: Segment 7 ELF alignment mismatch! VAddr=0x80B8C7000, Offset=0x10000, Align=0x4000, VAddr%Align=0x3000, Offset%Align=0x0
[LOADER] Segment 8: VAddr=0x000000080BB79750, FileSize=0x1A78, MemSize=0x1A78, Align=0x4000
[LOADER] WARNING: Segment 8 ELF alignment mismatch! VAddr=0x80BB79750, Offset=0x12750, Align=0x4000, VAddr%Align=0x1750, Offset%Align=0x2750
[LOADER] TryLoadTableBytes: trying guest address 0x80BB7AE48
[LOADER] TryLoadTableBytes: loaded from guest memory at 0x80BB7AE48
[LOADER] TryLoadTableBytes: trying guest address 0x80BB7AAD0
[LOADER] TryLoadTableBytes: loaded from guest memory at 0x80BB7AAD0
[LOADER] TryLoadTableBytes: trying guest address 0x80BB7A5D8
[LOADER] TryLoadTableBytes: loaded from guest memory at 0x80BB7A5D8
[LOADER] TryLoadTableBytes: trying guest address 0x80BB79750
[LOADER] TryLoadTableBytes: loaded from guest memory at 0x80BB79750
[LOADER] TryLoadTableBytes: trying guest address 0x80BB79DF8
[LOADER] TryLoadTableBytes: loaded from guest memory at 0x80BB79DF8
[LOADER] CreateImportStubMapping: nids=55, required=0x370, map_size=0x1000
[LOADER] TryLoadTableBytes: trying guest address 0x80BB7AE48
[LOADER] TryLoadTableBytes: loaded from guest memory at 0x80BB7AE48
[LOADER] TryLoadTableBytes: trying guest address 0x80BB79750
[LOADER] TryLoadTableBytes: loaded from guest memory at 0x80BB79750
[LOADER] TryLoadTableBytes: trying guest address 0x80BB79DF8
[LOADER] TryLoadTableBytes: loaded from guest memory at 0x80BB79DF8
[LOADER] Runtime symbol index populated: section=0, dynamic=28, total=56
[LOADER] TryLoadTableBytes: trying guest address 0x80BB7AE48
[LOADER] TryLoadTableBytes: loaded from guest memory at 0x80BB7AE48
[LOADER][TEST] ResolveMappedAddressOrFallback addr=0x10 imageBase=0x000000080B8BB000
[LOADER][TEST] -> resolved raw 0x000000080B8BB010
[LOADER][TEST] ResolveMappedAddressOrFallback addr=0x10 imageBase=0x000000080B8BB000
[LOADER][TEST] -> resolved raw 0x000000080B8BB010
[LOADER] Initializers discovered: preinit=0, init=1
[LOADER][TLS] load_done assigned=0 next=4
[RUNTIME] Registered module handle=11 name=SaveData.prx base=0x000000080B8BB000 size=0x00000000002C01C8
[RUNTIME] Loaded module SaveData.prx: entry=0x000000080B8BB000, imports=55, symbols=56
[RUNTIME] Module preload summary: loaded=10, failed=0, merged_imports=3443, merged_symbols=95467
[RUNTIME] Imported data rebind: rebound=56, unresolved=0
[RUNTIME] Starting module libc.prx: dt_init=0x0000000804000010
[DISPATCHER] === DispatchModuleInitializer START ===
[DISPATCHER] moduleInit=0x0000000804000010, generation=Gen5, module=libc.prx
[DISPATCHER] DispatchEntryCore STARTING...
[LOADER][INFO] VEH trampoline built: bytes=709 native_worker_abort=True
[LOADER][INFO] Raw exception handler installed: 0x0000020D9E32A650
[LOADER][INFO] Guest image CPU write tracking: disabled
[LOADER][INFO] VEH trampoline built: bytes=709 native_worker_abort=True
[LOADER][INFO] Exception handler installed: 0x0000020D9E32A530
[LOADER][INFO] VEH trampoline built: bytes=709 native_worker_abort=True
[LOADER][INFO] Native guest workers prewarmed: 4/4 max_concurrent=2
[LOADER][INFO] === Execute START ===
[LOADER][INFO] EntryPoint: 0x0000000804000010, ImportStubs: 4053
[LOADER][INFO] RuntimeSymbols: 95473
[LOADER][INFO] ExportCheck fputs: libc:fputs
[LOADER][INFO] ExportCheck map_direct: libKernel:sceKernelMapDirectMemory
[LOADER][INFO] Setting up 4053 import stubs...
[LOADER][INFO] LLE redirect: 0x0000700000000010 QI-x0SL8jhw -> QI-x0SL8jhw@0x000000080403E3E0
[LOADER][INFO] LLE redirect: 0x0000700000000020 EH-x713A99c -> EH-x713A99c@0x0000000804041130
[LOADER][INFO] LLE redirect: 0x0000700000000030 gQX+4GDQjpM -> gQX+4GDQjpM@0x0000000804006020
[LOADER][INFO] LLE redirect: 0x0000700000000040 Y7aJ1uydPMo -> Y7aJ1uydPMo@0x0000000804006050
[LOADER][INFO] LLE redirect: 0x0000700000000050 tIhsqj0qsFE -> tIhsqj0qsFE@0x0000000804006030
[LOADER][INFO] LLE redirect: 0x0000700000000060 lKEN2IebgJ0 -> lKEN2IebgJ0@0x0000000804054900
[LOADER][INFO] LLE redirect: 0x0000700000000070 zr094EQ39Ww -> zr094EQ39Ww@0x0000000804035940
[LOADER][INFO] LLE redirect: 0x0000700000000080 ZE6RNL+eLbk -> ZE6RNL+eLbk@0x000000080404FE40
[LOADER][INFO] LLE redirect: 0x0000700000000090 weDug8QD-lE -> weDug8QD-lE@0x0000000804040AA0
[LOADER][INFO] LLE redirect: 0x00007000000000A0 GZWjF-YIFFk -> GZWjF-YIFFk@0x0000000804040170
[LOADER][INFO] LLE redirect: 0x00007000000000B0 H8AprKeZtNg -> H8AprKeZtNg@0x0000000804194480
[LOADER][INFO] LLE redirect: 0x00007000000000C0 c+4r-T-tEIc -> c+4r-T-tEIc@0x000000080404C430
[LOADER][INFO] LLE redirect: 0x00007000000000D0 2sWzhYqFH4E -> 2sWzhYqFH4E@0x00000008041942B8
[LOADER][INFO] LLE redirect: 0x00007000000000E0 8zTFvBIAIN8 -> 8zTFvBIAIN8@0x0000000804010360
[LOADER][INFO] LLE redirect: 0x0000700000000170 DfivPArhucg -> DfivPArhucg@0x0000000804032F00
[LOADER][INFO] LLE redirect: 0x0000700000000180 tQIo+GIPklo -> tQIo+GIPklo@0x0000000804016560
[LOADER][INFO] LLE redirect: 0x00007000000001C0 eT2UsmTewbU -> eT2UsmTewbU@0x0000000804016430
[LOADER][INFO] LLE redirect: 0x00007000000001D0 gNQ1V2vfXDE -> gNQ1V2vfXDE@0x00000008040548B0
[LOADER][INFO] LLE redirect: 0x00007000000001E0 Ujf3KzMvRmI -> Ujf3KzMvRmI@0x0000000804006070
[LOADER][INFO] LLE redirect: 0x00007000000001F0 OGybVuPAhAY -> OGybVuPAhAY@0x0000000804006090
[LOADER][INFO] LLE redirect: 0x0000700000000230 ozMAr28BwSY -> ozMAr28BwSY@0x0000000804016640
[LOADER][INFO] LLE redirect: 0x00007000000002B0 1Pk0qZQGeWo -> 1Pk0qZQGeWo@0x000000080405A5D0
[LOADER][INFO] LLE redirect: 0x00007000000002D0 zlfEH8FmyUA -> zlfEH8FmyUA@0x000000080403DEB0
[LOADER][INFO] LLE redirect: 0x00007000000002E0 xEszJVGpybs -> xEszJVGpybs@0x000000080405B3B0
[LOADER][INFO] LLE redirect: 0x00007000000002F0 5TjaJwkLWxE -> 5TjaJwkLWxE@0x0000000804032F40
[LOADER][INFO] LLE redirect: 0x0000700000000300 JBcgYuW8lPU -> JBcgYuW8lPU@0x000000080403E160
[LOADER][INFO] LLE redirect: 0x0000700000000320 YQ0navp+YIc -> YQ0navp+YIc@0x0000000804036360
[LOADER][INFO] LLE redirect: 0x0000700000000330 JrwFIMzKNr0 -> JrwFIMzKNr0@0x0000000804049760
[LOADER][INFO] LLE redirect: 0x0000700000000340 lA94ZgT+vMM -> lA94ZgT+vMM@0x0000000804046E60
[LOADER][INFO] LLE redirect: 0x0000700000000350 wLlFkwG9UcQ -> wLlFkwG9UcQ@0x000000080406EEF0
[LOADER][INFO] LLE redirect: 0x0000700000000430 mXlxhmLNMPg -> mXlxhmLNMPg@0x000000080403DA80
[LOADER][INFO] LLE redirect: 0x0000700000000440 AEJdIVZTEmo -> AEJdIVZTEmo@0x0000000804063320
[LOADER][INFO] LLE redirect: 0x0000700000000490 1mecP7RgI2A -> 1mecP7RgI2A@0x000000080406ECA0
[LOADER][INFO] LLE redirect: 0x00007000000004D0 0WMHDb5Dt94 -> 0WMHDb5Dt94@0x000000080404C080
[LOADER][INFO] LLE redirect: 0x00007000000004E0 g7zzzLDYGw0 -> g7zzzLDYGw0@0x000000080406E5C0
[LOADER][INFO] LLE redirect: 0x00007000000004F0 MELi-cKqWq0 -> MELi-cKqWq0@0x00000008040169C0
[LOADER][INFO] LLE redirect: 0x0000700000000500 3+UPM-9E6xY -> 3+UPM-9E6xY@0x000000080404C220
[LOADER][INFO] LLE redirect: 0x0000700000000510 rDMyAf1Jhug -> rDMyAf1Jhug@0x000000080404D850
[LOADER][INFO] LLE redirect: 0x0000700000000530 T7uyNqP7vQA -> T7uyNqP7vQA@0x000000080404F940
[LOADER][INFO] LLE redirect: 0x0000700000000540 HUbZmOnT-Dg -> HUbZmOnT-Dg@0x0000000804041CF0
[LOADER][INFO] LLE redirect: 0x00007000000006A0 2X5agFjKxMc -> 2X5agFjKxMc@0x0000000804006040
[LOADER][INFO] LLE redirect: 0x00007000000008E0 pXvbDfchu6k -> pXvbDfchu6k@0x000000080406E700
[LOADER][INFO] LLE redirect: 0x0000700000000980 NU-T4QowTNA -> NU-T4QowTNA@0x0000000804016480
[LOADER][INFO] LLE redirect: 0x00007000000009E0 2vDqwBlpF-o -> 2vDqwBlpF-o@0x000000080405C470
[LOADER][INFO] LLE redirect: 0x0000700000000A00 QZP6I9ZZxpE -> QZP6I9ZZxpE@0x000000080406EBC0
[LOADER][INFO] LLE redirect: 0x0000700000000D50 oVkZ8W8-Q8A -> oVkZ8W8-Q8A@0x000000080406D990
[LOADER][INFO] LLE redirect: 0x0000700000000E80 M4YYbSFfJ8g -> M4YYbSFfJ8g@0x0000000804FB8030
[LOADER][INFO] LLE redirect: 0x0000700000000EB0 35NoyMOtYpE -> 35NoyMOtYpE@0x0000000804FB7FD0
[LOADER][INFO] Setup 4053/4053 import stubs (direct bridge, lle_redirects=2744)
[LOADER][INFO] TLS handler at 0x0000000803000000
[LOADER][INFO] Patched 0 TLS loads, 164 TLS stores, 0 stack-canary accesses, 0 SSE4a EXTRQ blends
[LOADER][INFO] Patched 369 TLS loads, 0 TLS stores, 0 stack-canary accesses, 0 SSE4a EXTRQ blends (lazy-commit rescan 0x0000000800000000-0x0000000808000000)
[LOADER][INFO] ExecuteEntry starting at 0x0000000804000010
[LOADER][INFO] RSP=0x00007FFFF01FFFD8, RDI=0x0000000000000000
[LOADER][INFO] StackTop: 0x00007FFFF01FFFD8
[LOADER][INFO] Calling guest entry...
[LOADER][INFO] Guest returned: 0
[LOADER][INFO] === Execute END (LastError: null) ===
[RUNTIME] Starting module libSceNpCppWebApi.prx: dt_init=0x00000008043D3010
[DISPATCHER] === DispatchModuleInitializer START ===
[DISPATCHER] moduleInit=0x00000008043D3010, generation=Gen5, module=libSceNpCppWebApi.prx
[DISPATCHER] DispatchEntryCore STARTING...
[LOADER][INFO] === Execute START ===
[LOADER][INFO] EntryPoint: 0x00000008043D3010, ImportStubs: 4053
[LOADER][INFO] RuntimeSymbols: 95473
[LOADER][INFO] ExportCheck fputs: libc:fputs
[LOADER][INFO] ExportCheck map_direct: libKernel:sceKernelMapDirectMemory
[LOADER][INFO] Setting up 4053 import stubs...
[LOADER][INFO] LLE redirect: 0x0000700000000010 QI-x0SL8jhw -> QI-x0SL8jhw@0x000000080403E3E0
[LOADER][INFO] LLE redirect: 0x0000700000000020 EH-x713A99c -> EH-x713A99c@0x0000000804041130
[LOADER][INFO] LLE redirect: 0x0000700000000030 gQX+4GDQjpM -> gQX+4GDQjpM@0x0000000804006020
[LOADER][INFO] LLE redirect: 0x0000700000000040 Y7aJ1uydPMo -> Y7aJ1uydPMo@0x0000000804006050
[LOADER][INFO] LLE redirect: 0x0000700000000050 tIhsqj0qsFE -> tIhsqj0qsFE@0x0000000804006030
[LOADER][INFO] LLE redirect: 0x0000700000000060 lKEN2IebgJ0 -> lKEN2IebgJ0@0x0000000804054900
[LOADER][INFO] LLE redirect: 0x0000700000000070 zr094EQ39Ww -> zr094EQ39Ww@0x0000000804035940
[LOADER][INFO] LLE redirect: 0x0000700000000080 ZE6RNL+eLbk -> ZE6RNL+eLbk@0x000000080404FE40
[LOADER][INFO] LLE redirect: 0x0000700000000090 weDug8QD-lE -> weDug8QD-lE@0x0000000804040AA0
[LOADER][INFO] LLE redirect: 0x00007000000000A0 GZWjF-YIFFk -> GZWjF-YIFFk@0x0000000804040170
[LOADER][INFO] LLE redirect: 0x00007000000000B0 H8AprKeZtNg -> H8AprKeZtNg@0x0000000804194480
[LOADER][INFO] LLE redirect: 0x00007000000000C0 c+4r-T-tEIc -> c+4r-T-tEIc@0x000000080404C430
[LOADER][INFO] LLE redirect: 0x00007000000000D0 2sWzhYqFH4E -> 2sWzhYqFH4E@0x00000008041942B8
[LOADER][INFO] LLE redirect: 0x00007000000000E0 8zTFvBIAIN8 -> 8zTFvBIAIN8@0x0000000804010360
[LOADER][INFO] LLE redirect: 0x0000700000000170 DfivPArhucg -> DfivPArhucg@0x0000000804032F00
[LOADER][INFO] LLE redirect: 0x0000700000000180 tQIo+GIPklo -> tQIo+GIPklo@0x0000000804016560
[LOADER][INFO] LLE redirect: 0x00007000000001C0 eT2UsmTewbU -> eT2UsmTewbU@0x0000000804016430
[LOADER][INFO] LLE redirect: 0x00007000000001D0 gNQ1V2vfXDE -> gNQ1V2vfXDE@0x00000008040548B0
[LOADER][INFO] LLE redirect: 0x00007000000001E0 Ujf3KzMvRmI -> Ujf3KzMvRmI@0x0000000804006070
[LOADER][INFO] LLE redirect: 0x00007000000001F0 OGybVuPAhAY -> OGybVuPAhAY@0x0000000804006090
[LOADER][INFO] LLE redirect: 0x0000700000000230 ozMAr28BwSY -> ozMAr28BwSY@0x0000000804016640
[LOADER][INFO] LLE redirect: 0x00007000000002B0 1Pk0qZQGeWo -> 1Pk0qZQGeWo@0x000000080405A5D0
[LOADER][INFO] LLE redirect: 0x00007000000002D0 zlfEH8FmyUA -> zlfEH8FmyUA@0x000000080403DEB0
[LOADER][INFO] LLE redirect: 0x00007000000002E0 xEszJVGpybs -> xEszJVGpybs@0x000000080405B3B0
[LOADER][INFO] LLE redirect: 0x00007000000002F0 5TjaJwkLWxE -> 5TjaJwkLWxE@0x0000000804032F40
[LOADER][INFO] LLE redirect: 0x0000700000000300 JBcgYuW8lPU -> JBcgYuW8lPU@0x000000080403E160
[LOADER][INFO] LLE redirect: 0x0000700000000320 YQ0navp+YIc -> YQ0navp+YIc@0x0000000804036360
[LOADER][INFO] LLE redirect: 0x0000700000000330 JrwFIMzKNr0 -> JrwFIMzKNr0@0x0000000804049760
[LOADER][INFO] LLE redirect: 0x0000700000000340 lA94ZgT+vMM -> lA94ZgT+vMM@0x0000000804046E60
[LOADER][INFO] LLE redirect: 0x0000700000000350 wLlFkwG9UcQ -> wLlFkwG9UcQ@0x000000080406EEF0
[LOADER][INFO] LLE redirect: 0x0000700000000430 mXlxhmLNMPg -> mXlxhmLNMPg@0x000000080403DA80
[LOADER][INFO] LLE redirect: 0x0000700000000440 AEJdIVZTEmo -> AEJdIVZTEmo@0x0000000804063320
[LOADER][INFO] LLE redirect: 0x0000700000000490 1mecP7RgI2A -> 1mecP7RgI2A@0x000000080406ECA0
[LOADER][INFO] LLE redirect: 0x00007000000004D0 0WMHDb5Dt94 -> 0WMHDb5Dt94@0x000000080404C080
[LOADER][INFO] LLE redirect: 0x00007000000004E0 g7zzzLDYGw0 -> g7zzzLDYGw0@0x000000080406E5C0
[LOADER][INFO] LLE redirect: 0x00007000000004F0 MELi-cKqWq0 -> MELi-cKqWq0@0x00000008040169C0
[LOADER][INFO] LLE redirect: 0x0000700000000500 3+UPM-9E6xY -> 3+UPM-9E6xY@0x000000080404C220
[LOADER][INFO] LLE redirect: 0x0000700000000510 rDMyAf1Jhug -> rDMyAf1Jhug@0x000000080404D850
[LOADER][INFO] LLE redirect: 0x0000700000000530 T7uyNqP7vQA -> T7uyNqP7vQA@0x000000080404F940
[LOADER][INFO] LLE redirect: 0x0000700000000540 HUbZmOnT-Dg -> HUbZmOnT-Dg@0x0000000804041CF0
[LOADER][INFO] LLE redirect: 0x00007000000006A0 2X5agFjKxMc -> 2X5agFjKxMc@0x0000000804006040
[LOADER][INFO] LLE redirect: 0x00007000000008E0 pXvbDfchu6k -> pXvbDfchu6k@0x000000080406E700
[LOADER][INFO] LLE redirect: 0x0000700000000980 NU-T4QowTNA -> NU-T4QowTNA@0x0000000804016480
[LOADER][INFO] LLE redirect: 0x00007000000009E0 2vDqwBlpF-o -> 2vDqwBlpF-o@0x000000080405C470
[LOADER][INFO] LLE redirect: 0x0000700000000A00 QZP6I9ZZxpE -> QZP6I9ZZxpE@0x000000080406EBC0
[LOADER][INFO] LLE redirect: 0x0000700000000D50 oVkZ8W8-Q8A -> oVkZ8W8-Q8A@0x000000080406D990
[LOADER][INFO] LLE redirect: 0x0000700000000E80 M4YYbSFfJ8g -> M4YYbSFfJ8g@0x0000000804FB8030
[LOADER][INFO] LLE redirect: 0x0000700000000EB0 35NoyMOtYpE -> 35NoyMOtYpE@0x0000000804FB7FD0
[LOADER][INFO] Setup 4053/4053 import stubs (direct bridge, lle_redirects=2744)
[LOADER][INFO] TLS handler at 0x00000008033D0000
[LOADER][INFO] Patched 0 TLS loads, 0 TLS stores, 0 stack-canary accesses, 0 SSE4a EXTRQ blends
[LOADER][INFO] ExecuteEntry starting at 0x00000008043D3010
[LOADER][INFO] RSP=0x00007FFFF01FFFD8, RDI=0x0000000000000000
[LOADER][INFO] StackTop: 0x00007FFFF01FFFD8
[LOADER][INFO] Calling guest entry...
[LOADER][INFO] Guest returned: 0
[LOADER][INFO] === Execute END (LastError: null) ===
[RUNTIME] Starting module Il2CppUserAssemblies.prx: dt_init=0x0000000804D56010
[DISPATCHER] === DispatchModuleInitializer START ===
[DISPATCHER] moduleInit=0x0000000804D56010, generation=Gen5, module=Il2CppUserAssemblies.prx
[DISPATCHER] DispatchEntryCore STARTING...
[LOADER][INFO] === Execute START ===
[LOADER][INFO] EntryPoint: 0x0000000804D56010, ImportStubs: 4053
[LOADER][INFO] RuntimeSymbols: 95473
[LOADER][INFO] ExportCheck fputs: libc:fputs
[LOADER][INFO] ExportCheck map_direct: libKernel:sceKernelMapDirectMemory
[LOADER][INFO] Setting up 4053 import stubs...
[LOADER][INFO] LLE redirect: 0x0000700000000010 QI-x0SL8jhw -> QI-x0SL8jhw@0x000000080403E3E0
[LOADER][INFO] LLE redirect: 0x0000700000000020 EH-x713A99c -> EH-x713A99c@0x0000000804041130
[LOADER][INFO] LLE redirect: 0x0000700000000030 gQX+4GDQjpM -> gQX+4GDQjpM@0x0000000804006020
[LOADER][INFO] LLE redirect: 0x0000700000000040 Y7aJ1uydPMo -> Y7aJ1uydPMo@0x0000000804006050
[LOADER][INFO] LLE redirect: 0x0000700000000050 tIhsqj0qsFE -> tIhsqj0qsFE@0x0000000804006030
[LOADER][INFO] LLE redirect: 0x0000700000000060 lKEN2IebgJ0 -> lKEN2IebgJ0@0x0000000804054900
[LOADER][INFO] LLE redirect: 0x0000700000000070 zr094EQ39Ww -> zr094EQ39Ww@0x0000000804035940
[LOADER][INFO] LLE redirect: 0x0000700000000080 ZE6RNL+eLbk -> ZE6RNL+eLbk@0x000000080404FE40
[LOADER][INFO] LLE redirect: 0x0000700000000090 weDug8QD-lE -> weDug8QD-lE@0x0000000804040AA0
[LOADER][INFO] LLE redirect: 0x00007000000000A0 GZWjF-YIFFk -> GZWjF-YIFFk@0x0000000804040170
[LOADER][INFO] LLE redirect: 0x00007000000000B0 H8AprKeZtNg -> H8AprKeZtNg@0x0000000804194480
[LOADER][INFO] LLE redirect: 0x00007000000000C0 c+4r-T-tEIc -> c+4r-T-tEIc@0x000000080404C430
[LOADER][INFO] LLE redirect: 0x00007000000000D0 2sWzhYqFH4E -> 2sWzhYqFH4E@0x00000008041942B8
[LOADER][INFO] LLE redirect: 0x00007000000000E0 8zTFvBIAIN8 -> 8zTFvBIAIN8@0x0000000804010360
[LOADER][INFO] LLE redirect: 0x0000700000000170 DfivPArhucg -> DfivPArhucg@0x0000000804032F00
[LOADER][INFO] LLE redirect: 0x0000700000000180 tQIo+GIPklo -> tQIo+GIPklo@0x0000000804016560
[LOADER][INFO] LLE redirect: 0x00007000000001C0 eT2UsmTewbU -> eT2UsmTewbU@0x0000000804016430
[LOADER][INFO] LLE redirect: 0x00007000000001D0 gNQ1V2vfXDE -> gNQ1V2vfXDE@0x00000008040548B0
[LOADER][INFO] LLE redirect: 0x00007000000001E0 Ujf3KzMvRmI -> Ujf3KzMvRmI@0x0000000804006070
[LOADER][INFO] LLE redirect: 0x00007000000001F0 OGybVuPAhAY -> OGybVuPAhAY@0x0000000804006090
[LOADER][INFO] LLE redirect: 0x0000700000000230 ozMAr28BwSY -> ozMAr28BwSY@0x0000000804016640
[LOADER][INFO] LLE redirect: 0x00007000000002B0 1Pk0qZQGeWo -> 1Pk0qZQGeWo@0x000000080405A5D0
[LOADER][INFO] LLE redirect: 0x00007000000002D0 zlfEH8FmyUA -> zlfEH8FmyUA@0x000000080403DEB0
[LOADER][INFO] LLE redirect: 0x00007000000002E0 xEszJVGpybs -> xEszJVGpybs@0x000000080405B3B0
[LOADER][INFO] LLE redirect: 0x00007000000002F0 5TjaJwkLWxE -> 5TjaJwkLWxE@0x0000000804032F40
[LOADER][INFO] LLE redirect: 0x0000700000000300 JBcgYuW8lPU -> JBcgYuW8lPU@0x000000080403E160
[LOADER][INFO] LLE redirect: 0x0000700000000320 YQ0navp+YIc -> YQ0navp+YIc@0x0000000804036360
[LOADER][INFO] LLE redirect: 0x0000700000000330 JrwFIMzKNr0 -> JrwFIMzKNr0@0x0000000804049760
[LOADER][INFO] LLE redirect: 0x0000700000000340 lA94ZgT+vMM -> lA94ZgT+vMM@0x0000000804046E60
[LOADER][INFO] LLE redirect: 0x0000700000000350 wLlFkwG9UcQ -> wLlFkwG9UcQ@0x000000080406EEF0
[LOADER][INFO] LLE redirect: 0x0000700000000430 mXlxhmLNMPg -> mXlxhmLNMPg@0x000000080403DA80
[LOADER][INFO] LLE redirect: 0x0000700000000440 AEJdIVZTEmo -> AEJdIVZTEmo@0x0000000804063320
[LOADER][INFO] LLE redirect: 0x0000700000000490 1mecP7RgI2A -> 1mecP7RgI2A@0x000000080406ECA0
[LOADER][INFO] LLE redirect: 0x00007000000004D0 0WMHDb5Dt94 -> 0WMHDb5Dt94@0x000000080404C080
[LOADER][INFO] LLE redirect: 0x00007000000004E0 g7zzzLDYGw0 -> g7zzzLDYGw0@0x000000080406E5C0
[LOADER][INFO] LLE redirect: 0x00007000000004F0 MELi-cKqWq0 -> MELi-cKqWq0@0x00000008040169C0
[LOADER][INFO] LLE redirect: 0x0000700000000500 3+UPM-9E6xY -> 3+UPM-9E6xY@0x000000080404C220
[LOADER][INFO] LLE redirect: 0x0000700000000510 rDMyAf1Jhug -> rDMyAf1Jhug@0x000000080404D850
[LOADER][INFO] LLE redirect: 0x0000700000000530 T7uyNqP7vQA -> T7uyNqP7vQA@0x000000080404F940
[LOADER][INFO] LLE redirect: 0x0000700000000540 HUbZmOnT-Dg -> HUbZmOnT-Dg@0x0000000804041CF0
[LOADER][INFO] LLE redirect: 0x00007000000006A0 2X5agFjKxMc -> 2X5agFjKxMc@0x0000000804006040
[LOADER][INFO] LLE redirect: 0x00007000000008E0 pXvbDfchu6k -> pXvbDfchu6k@0x000000080406E700
[LOADER][INFO] LLE redirect: 0x0000700000000980 NU-T4QowTNA -> NU-T4QowTNA@0x0000000804016480
[LOADER][INFO] LLE redirect: 0x00007000000009E0 2vDqwBlpF-o -> 2vDqwBlpF-o@0x000000080405C470
[LOADER][INFO] LLE redirect: 0x0000700000000A00 QZP6I9ZZxpE -> QZP6I9ZZxpE@0x000000080406EBC0
[LOADER][INFO] LLE redirect: 0x0000700000000D50 oVkZ8W8-Q8A -> oVkZ8W8-Q8A@0x000000080406D990
[LOADER][INFO] LLE redirect: 0x0000700000000E80 M4YYbSFfJ8g -> M4YYbSFfJ8g@0x0000000804FB8030
[LOADER][INFO] LLE redirect: 0x0000700000000EB0 35NoyMOtYpE -> 35NoyMOtYpE@0x0000000804FB7FD0
[LOADER][INFO] Setup 4053/4053 import stubs (direct bridge, lle_redirects=2744)
[LOADER][INFO] TLS handler at 0x0000000803D50000
[LOADER][INFO] Patched 0 TLS loads, 0 TLS stores, 0 stack-canary accesses, 0 SSE4a EXTRQ blends
[LOADER][INFO] ExecuteEntry starting at 0x0000000804D56010
[LOADER][INFO] RSP=0x00007FFFF01FFFD8, RDI=0x0000000000000000
[LOADER][INFO] StackTop: 0x00007FFFF01FFFD8
[LOADER][INFO] Calling guest entry...
[LOADER][INFO] Guest returned: 0
[LOADER][INFO] === Execute END (LastError: null) ===
[RUNTIME] Starting module PS5Util.prx: dt_init=0x000000080A821010
[DISPATCHER] === DispatchModuleInitializer START ===
[DISPATCHER] moduleInit=0x000000080A821010, generation=Gen5, module=PS5Util.prx
[DISPATCHER] DispatchEntryCore STARTING...
[LOADER][INFO] === Execute START ===
[LOADER][INFO] EntryPoint: 0x000000080A821010, ImportStubs: 4053
[LOADER][INFO] RuntimeSymbols: 95473
[LOADER][INFO] ExportCheck fputs: libc:fputs
[LOADER][INFO] ExportCheck map_direct: libKernel:sceKernelMapDirectMemory
[LOADER][INFO] Setting up 4053 import stubs...
[LOADER][INFO] LLE redirect: 0x0000700000000010 QI-x0SL8jhw -> QI-x0SL8jhw@0x000000080403E3E0
[LOADER][INFO] LLE redirect: 0x0000700000000020 EH-x713A99c -> EH-x713A99c@0x0000000804041130
[LOADER][INFO] LLE redirect: 0x0000700000000030 gQX+4GDQjpM -> gQX+4GDQjpM@0x0000000804006020
[LOADER][INFO] LLE redirect: 0x0000700000000040 Y7aJ1uydPMo -> Y7aJ1uydPMo@0x0000000804006050
[LOADER][INFO] LLE redirect: 0x0000700000000050 tIhsqj0qsFE -> tIhsqj0qsFE@0x0000000804006030
[LOADER][INFO] LLE redirect: 0x0000700000000060 lKEN2IebgJ0 -> lKEN2IebgJ0@0x0000000804054900
[LOADER][INFO] LLE redirect: 0x0000700000000070 zr094EQ39Ww -> zr094EQ39Ww@0x0000000804035940
[LOADER][INFO] LLE redirect: 0x0000700000000080 ZE6RNL+eLbk -> ZE6RNL+eLbk@0x000000080404FE40
[LOADER][INFO] LLE redirect: 0x0000700000000090 weDug8QD-lE -> weDug8QD-lE@0x0000000804040AA0
[LOADER][INFO] LLE redirect: 0x00007000000000A0 GZWjF-YIFFk -> GZWjF-YIFFk@0x0000000804040170
[LOADER][INFO] LLE redirect: 0x00007000000000B0 H8AprKeZtNg -> H8AprKeZtNg@0x0000000804194480
[LOADER][INFO] LLE redirect: 0x00007000000000C0 c+4r-T-tEIc -> c+4r-T-tEIc@0x000000080404C430
[LOADER][INFO] LLE redirect: 0x00007000000000D0 2sWzhYqFH4E -> 2sWzhYqFH4E@0x00000008041942B8
[LOADER][INFO] LLE redirect: 0x00007000000000E0 8zTFvBIAIN8 -> 8zTFvBIAIN8@0x0000000804010360
[LOADER][INFO] LLE redirect: 0x0000700000000170 DfivPArhucg -> DfivPArhucg@0x0000000804032F00
[LOADER][INFO] LLE redirect: 0x0000700000000180 tQIo+GIPklo -> tQIo+GIPklo@0x0000000804016560
[LOADER][INFO] LLE redirect: 0x00007000000001C0 eT2UsmTewbU -> eT2UsmTewbU@0x0000000804016430
[LOADER][INFO] LLE redirect: 0x00007000000001D0 gNQ1V2vfXDE -> gNQ1V2vfXDE@0x00000008040548B0
[LOADER][INFO] LLE redirect: 0x00007000000001E0 Ujf3KzMvRmI -> Ujf3KzMvRmI@0x0000000804006070
[LOADER][INFO] LLE redirect: 0x00007000000001F0 OGybVuPAhAY -> OGybVuPAhAY@0x0000000804006090
[LOADER][INFO] LLE redirect: 0x0000700000000230 ozMAr28BwSY -> ozMAr28BwSY@0x0000000804016640
[LOADER][INFO] LLE redirect: 0x00007000000002B0 1Pk0qZQGeWo -> 1Pk0qZQGeWo@0x000000080405A5D0
[LOADER][INFO] LLE redirect: 0x00007000000002D0 zlfEH8FmyUA -> zlfEH8FmyUA@0x000000080403DEB0
[LOADER][INFO] LLE redirect: 0x00007000000002E0 xEszJVGpybs -> xEszJVGpybs@0x000000080405B3B0
[LOADER][INFO] LLE redirect: 0x00007000000002F0 5TjaJwkLWxE -> 5TjaJwkLWxE@0x0000000804032F40
[LOADER][INFO] LLE redirect: 0x0000700000000300 JBcgYuW8lPU -> JBcgYuW8lPU@0x000000080403E160
[LOADER][INFO] LLE redirect: 0x0000700000000320 YQ0navp+YIc -> YQ0navp+YIc@0x0000000804036360
[LOADER][INFO] LLE redirect: 0x0000700000000330 JrwFIMzKNr0 -> JrwFIMzKNr0@0x0000000804049760
[LOADER][INFO] LLE redirect: 0x0000700000000340 lA94ZgT+vMM -> lA94ZgT+vMM@0x0000000804046E60
[LOADER][INFO] LLE redirect: 0x0000700000000350 wLlFkwG9UcQ -> wLlFkwG9UcQ@0x000000080406EEF0
[LOADER][INFO] LLE redirect: 0x0000700000000430 mXlxhmLNMPg -> mXlxhmLNMPg@0x000000080403DA80
[LOADER][INFO] LLE redirect: 0x0000700000000440 AEJdIVZTEmo -> AEJdIVZTEmo@0x0000000804063320
[LOADER][INFO] LLE redirect: 0x0000700000000490 1mecP7RgI2A -> 1mecP7RgI2A@0x000000080406ECA0
[LOADER][INFO] LLE redirect: 0x00007000000004D0 0WMHDb5Dt94 -> 0WMHDb5Dt94@0x000000080404C080
[LOADER][INFO] LLE redirect: 0x00007000000004E0 g7zzzLDYGw0 -> g7zzzLDYGw0@0x000000080406E5C0
[LOADER][INFO] LLE redirect: 0x00007000000004F0 MELi-cKqWq0 -> MELi-cKqWq0@0x00000008040169C0
[LOADER][INFO] LLE redirect: 0x0000700000000500 3+UPM-9E6xY -> 3+UPM-9E6xY@0x000000080404C220
[LOADER][INFO] LLE redirect: 0x0000700000000510 rDMyAf1Jhug -> rDMyAf1Jhug@0x000000080404D850
[LOADER][INFO] LLE redirect: 0x0000700000000530 T7uyNqP7vQA -> T7uyNqP7vQA@0x000000080404F940
[LOADER][INFO] LLE redirect: 0x0000700000000540 HUbZmOnT-Dg -> HUbZmOnT-Dg@0x0000000804041CF0
[LOADER][INFO] LLE redirect: 0x00007000000006A0 2X5agFjKxMc -> 2X5agFjKxMc@0x0000000804006040
[LOADER][INFO] LLE redirect: 0x00007000000008E0 pXvbDfchu6k -> pXvbDfchu6k@0x000000080406E700
[LOADER][INFO] LLE redirect: 0x0000700000000980 NU-T4QowTNA -> NU-T4QowTNA@0x0000000804016480
[LOADER][INFO] LLE redirect: 0x00007000000009E0 2vDqwBlpF-o -> 2vDqwBlpF-o@0x000000080405C470
[LOADER][INFO] LLE redirect: 0x0000700000000A00 QZP6I9ZZxpE -> QZP6I9ZZxpE@0x000000080406EBC0
[LOADER][INFO] LLE redirect: 0x0000700000000D50 oVkZ8W8-Q8A -> oVkZ8W8-Q8A@0x000000080406D990
[LOADER][INFO] LLE redirect: 0x0000700000000E80 M4YYbSFfJ8g -> M4YYbSFfJ8g@0x0000000804FB8030
[LOADER][INFO] LLE redirect: 0x0000700000000EB0 35NoyMOtYpE -> 35NoyMOtYpE@0x0000000804FB7FD0
[LOADER][INFO] Setup 4053/4053 import stubs (direct bridge, lle_redirects=2744)
[LOADER][INFO] TLS handler at 0x000000080B820000
[LOADER][INFO] Patched 0 TLS loads, 0 TLS stores, 0 stack-canary accesses, 0 SSE4a EXTRQ blends
[LOADER][INFO] ExecuteEntry starting at 0x000000080A821010
[LOADER][INFO] RSP=0x00007FFFF01FFFD8, RDI=0x0000000000000000
[LOADER][INFO] StackTop: 0x00007FFFF01FFFD8
[LOADER][INFO] Calling guest entry...
[LOADER][INFO] Guest returned: 0
[LOADER][INFO] === Execute END (LastError: null) ===
[RUNTIME] Starting module libfmod.prx: dt_init=0x000000080AA2E010
[DISPATCHER] === DispatchModuleInitializer START ===
[DISPATCHER] moduleInit=0x000000080AA2E010, generation=Gen5, module=libfmod.prx
[DISPATCHER] DispatchEntryCore STARTING...
[LOADER][INFO] === Execute START ===
[LOADER][INFO] EntryPoint: 0x000000080AA2E010, ImportStubs: 4053
[LOADER][INFO] RuntimeSymbols: 95473
[LOADER][INFO] ExportCheck fputs: libc:fputs
[LOADER][INFO] ExportCheck map_direct: libKernel:sceKernelMapDirectMemory
[LOADER][INFO] Setting up 4053 import stubs...
[LOADER][INFO] LLE redirect: 0x0000700000000010 QI-x0SL8jhw -> QI-x0SL8jhw@0x000000080403E3E0
[LOADER][INFO] LLE redirect: 0x0000700000000020 EH-x713A99c -> EH-x713A99c@0x0000000804041130
[LOADER][INFO] LLE redirect: 0x0000700000000030 gQX+4GDQjpM -> gQX+4GDQjpM@0x0000000804006020
[LOADER][INFO] LLE redirect: 0x0000700000000040 Y7aJ1uydPMo -> Y7aJ1uydPMo@0x0000000804006050
[LOADER][INFO] LLE redirect: 0x0000700000000050 tIhsqj0qsFE -> tIhsqj0qsFE@0x0000000804006030
[LOADER][INFO] LLE redirect: 0x0000700000000060 lKEN2IebgJ0 -> lKEN2IebgJ0@0x0000000804054900
[LOADER][INFO] LLE redirect: 0x0000700000000070 zr094EQ39Ww -> zr094EQ39Ww@0x0000000804035940
[LOADER][INFO] LLE redirect: 0x0000700000000080 ZE6RNL+eLbk -> ZE6RNL+eLbk@0x000000080404FE40
[LOADER][INFO] LLE redirect: 0x0000700000000090 weDug8QD-lE -> weDug8QD-lE@0x0000000804040AA0
[LOADER][INFO] LLE redirect: 0x00007000000000A0 GZWjF-YIFFk -> GZWjF-YIFFk@0x0000000804040170
[LOADER][INFO] LLE redirect: 0x00007000000000B0 H8AprKeZtNg -> H8AprKeZtNg@0x0000000804194480
[LOADER][INFO] LLE redirect: 0x00007000000000C0 c+4r-T-tEIc -> c+4r-T-tEIc@0x000000080404C430
[LOADER][INFO] LLE redirect: 0x00007000000000D0 2sWzhYqFH4E -> 2sWzhYqFH4E@0x00000008041942B8
[LOADER][INFO] LLE redirect: 0x00007000000000E0 8zTFvBIAIN8 -> 8zTFvBIAIN8@0x0000000804010360
[LOADER][INFO] LLE redirect: 0x0000700000000170 DfivPArhucg -> DfivPArhucg@0x0000000804032F00
[LOADER][INFO] LLE redirect: 0x0000700000000180 tQIo+GIPklo -> tQIo+GIPklo@0x0000000804016560
[LOADER][INFO] LLE redirect: 0x00007000000001C0 eT2UsmTewbU -> eT2UsmTewbU@0x0000000804016430
[LOADER][INFO] LLE redirect: 0x00007000000001D0 gNQ1V2vfXDE -> gNQ1V2vfXDE@0x00000008040548B0
[LOADER][INFO] LLE redirect: 0x00007000000001E0 Ujf3KzMvRmI -> Ujf3KzMvRmI@0x0000000804006070
[LOADER][INFO] LLE redirect: 0x00007000000001F0 OGybVuPAhAY -> OGybVuPAhAY@0x0000000804006090
[LOADER][INFO] LLE redirect: 0x0000700000000230 ozMAr28BwSY -> ozMAr28BwSY@0x0000000804016640
[LOADER][INFO] LLE redirect: 0x00007000000002B0 1Pk0qZQGeWo -> 1Pk0qZQGeWo@0x000000080405A5D0
[LOADER][INFO] LLE redirect: 0x00007000000002D0 zlfEH8FmyUA -> zlfEH8FmyUA@0x000000080403DEB0
[LOADER][INFO] LLE redirect: 0x00007000000002E0 xEszJVGpybs -> xEszJVGpybs@0x000000080405B3B0
[LOADER][INFO] LLE redirect: 0x00007000000002F0 5TjaJwkLWxE -> 5TjaJwkLWxE@0x0000000804032F40
[LOADER][INFO] LLE redirect: 0x0000700000000300 JBcgYuW8lPU -> JBcgYuW8lPU@0x000000080403E160
[LOADER][INFO] LLE redirect: 0x0000700000000320 YQ0navp+YIc -> YQ0navp+YIc@0x0000000804036360
[LOADER][INFO] LLE redirect: 0x0000700000000330 JrwFIMzKNr0 -> JrwFIMzKNr0@0x0000000804049760
[LOADER][INFO] LLE redirect: 0x0000700000000340 lA94ZgT+vMM -> lA94ZgT+vMM@0x0000000804046E60
[LOADER][INFO] LLE redirect: 0x0000700000000350 wLlFkwG9UcQ -> wLlFkwG9UcQ@0x000000080406EEF0
[LOADER][INFO] LLE redirect: 0x0000700000000430 mXlxhmLNMPg -> mXlxhmLNMPg@0x000000080403DA80
[LOADER][INFO] LLE redirect: 0x0000700000000440 AEJdIVZTEmo -> AEJdIVZTEmo@0x0000000804063320
[LOADER][INFO] LLE redirect: 0x0000700000000490 1mecP7RgI2A -> 1mecP7RgI2A@0x000000080406ECA0
[LOADER][INFO] LLE redirect: 0x00007000000004D0 0WMHDb5Dt94 -> 0WMHDb5Dt94@0x000000080404C080
[LOADER][INFO] LLE redirect: 0x00007000000004E0 g7zzzLDYGw0 -> g7zzzLDYGw0@0x000000080406E5C0
[LOADER][INFO] LLE redirect: 0x00007000000004F0 MELi-cKqWq0 -> MELi-cKqWq0@0x00000008040169C0
[LOADER][INFO] LLE redirect: 0x0000700000000500 3+UPM-9E6xY -> 3+UPM-9E6xY@0x000000080404C220
[LOADER][INFO] LLE redirect: 0x0000700000000510 rDMyAf1Jhug -> rDMyAf1Jhug@0x000000080404D850
[LOADER][INFO] LLE redirect: 0x0000700000000530 T7uyNqP7vQA -> T7uyNqP7vQA@0x000000080404F940
[LOADER][INFO] LLE redirect: 0x0000700000000540 HUbZmOnT-Dg -> HUbZmOnT-Dg@0x0000000804041CF0
[LOADER][INFO] LLE redirect: 0x00007000000006A0 2X5agFjKxMc -> 2X5agFjKxMc@0x0000000804006040
[LOADER][INFO] LLE redirect: 0x00007000000008E0 pXvbDfchu6k -> pXvbDfchu6k@0x000000080406E700
[LOADER][INFO] LLE redirect: 0x0000700000000980 NU-T4QowTNA -> NU-T4QowTNA@0x0000000804016480
[LOADER][INFO] LLE redirect: 0x00007000000009E0 2vDqwBlpF-o -> 2vDqwBlpF-o@0x000000080405C470
[LOADER][INFO] LLE redirect: 0x0000700000000A00 QZP6I9ZZxpE -> QZP6I9ZZxpE@0x000000080406EBC0
[LOADER][INFO] LLE redirect: 0x0000700000000D50 oVkZ8W8-Q8A -> oVkZ8W8-Q8A@0x000000080406D990
[LOADER][INFO] LLE redirect: 0x0000700000000E80 M4YYbSFfJ8g -> M4YYbSFfJ8g@0x0000000804FB8030
[LOADER][INFO] LLE redirect: 0x0000700000000EB0 35NoyMOtYpE -> 35NoyMOtYpE@0x0000000804FB7FD0
[LOADER][INFO] Setup 4053/4053 import stubs (direct bridge, lle_redirects=2744)
[LOADER][INFO] TLS handler at 0x000000080CA20000
[LOADER][INFO] Patched 0 TLS loads, 0 TLS stores, 0 stack-canary accesses, 0 SSE4a EXTRQ blends
[LOADER][INFO] ExecuteEntry starting at 0x000000080AA2E010
[LOADER][INFO] RSP=0x00007FFFF01FFFD8, RDI=0x0000000000000000
[LOADER][INFO] StackTop: 0x00007FFFF01FFFD8
[LOADER][INFO] Calling guest entry...
[LOADER][INFO] Guest returned: 0
[LOADER][INFO] === Execute END (LastError: null) ===
[RUNTIME] Starting module libfmodstudio.prx: dt_init=0x000000080AE16010
[DISPATCHER] === DispatchModuleInitializer START ===
[DISPATCHER] moduleInit=0x000000080AE16010, generation=Gen5, module=libfmodstudio.prx
[DISPATCHER] DispatchEntryCore STARTING...
[LOADER][INFO] === Execute START ===
[LOADER][INFO] EntryPoint: 0x000000080AE16010, ImportStubs: 4053
[LOADER][INFO] RuntimeSymbols: 95473
[LOADER][INFO] ExportCheck fputs: libc:fputs
[LOADER][INFO] ExportCheck map_direct: libKernel:sceKernelMapDirectMemory
[LOADER][INFO] Setting up 4053 import stubs...
[LOADER][INFO] LLE redirect: 0x0000700000000010 QI-x0SL8jhw -> QI-x0SL8jhw@0x000000080403E3E0
[LOADER][INFO] LLE redirect: 0x0000700000000020 EH-x713A99c -> EH-x713A99c@0x0000000804041130
[LOADER][INFO] LLE redirect: 0x0000700000000030 gQX+4GDQjpM -> gQX+4GDQjpM@0x0000000804006020
[LOADER][INFO] LLE redirect: 0x0000700000000040 Y7aJ1uydPMo -> Y7aJ1uydPMo@0x0000000804006050
[LOADER][INFO] LLE redirect: 0x0000700000000050 tIhsqj0qsFE -> tIhsqj0qsFE@0x0000000804006030
[LOADER][INFO] LLE redirect: 0x0000700000000060 lKEN2IebgJ0 -> lKEN2IebgJ0@0x0000000804054900
[LOADER][INFO] LLE redirect: 0x0000700000000070 zr094EQ39Ww -> zr094EQ39Ww@0x0000000804035940
[LOADER][INFO] LLE redirect: 0x0000700000000080 ZE6RNL+eLbk -> ZE6RNL+eLbk@0x000000080404FE40
[LOADER][INFO] LLE redirect: 0x0000700000000090 weDug8QD-lE -> weDug8QD-lE@0x0000000804040AA0
[LOADER][INFO] LLE redirect: 0x00007000000000A0 GZWjF-YIFFk -> GZWjF-YIFFk@0x0000000804040170
[LOADER][INFO] LLE redirect: 0x00007000000000B0 H8AprKeZtNg -> H8AprKeZtNg@0x0000000804194480
[LOADER][INFO] LLE redirect: 0x00007000000000C0 c+4r-T-tEIc -> c+4r-T-tEIc@0x000000080404C430
[LOADER][INFO] LLE redirect: 0x00007000000000D0 2sWzhYqFH4E -> 2sWzhYqFH4E@0x00000008041942B8
[LOADER][INFO] LLE redirect: 0x00007000000000E0 8zTFvBIAIN8 -> 8zTFvBIAIN8@0x0000000804010360
[LOADER][INFO] LLE redirect: 0x0000700000000170 DfivPArhucg -> DfivPArhucg@0x0000000804032F00
[LOADER][INFO] LLE redirect: 0x0000700000000180 tQIo+GIPklo -> tQIo+GIPklo@0x0000000804016560
[LOADER][INFO] LLE redirect: 0x00007000000001C0 eT2UsmTewbU -> eT2UsmTewbU@0x0000000804016430
[LOADER][INFO] LLE redirect: 0x00007000000001D0 gNQ1V2vfXDE -> gNQ1V2vfXDE@0x00000008040548B0
[LOADER][INFO] LLE redirect: 0x00007000000001E0 Ujf3KzMvRmI -> Ujf3KzMvRmI@0x0000000804006070
[LOADER][INFO] LLE redirect: 0x00007000000001F0 OGybVuPAhAY -> OGybVuPAhAY@0x0000000804006090
[LOADER][INFO] LLE redirect: 0x0000700000000230 ozMAr28BwSY -> ozMAr28BwSY@0x0000000804016640
[LOADER][INFO] LLE redirect: 0x00007000000002B0 1Pk0qZQGeWo -> 1Pk0qZQGeWo@0x000000080405A5D0
[LOADER][INFO] LLE redirect: 0x00007000000002D0 zlfEH8FmyUA -> zlfEH8FmyUA@0x000000080403DEB0
[LOADER][INFO] LLE redirect: 0x00007000000002E0 xEszJVGpybs -> xEszJVGpybs@0x000000080405B3B0
[LOADER][INFO] LLE redirect: 0x00007000000002F0 5TjaJwkLWxE -> 5TjaJwkLWxE@0x0000000804032F40
[LOADER][INFO] LLE redirect: 0x0000700000000300 JBcgYuW8lPU -> JBcgYuW8lPU@0x000000080403E160
[LOADER][INFO] LLE redirect: 0x0000700000000320 YQ0navp+YIc -> YQ0navp+YIc@0x0000000804036360
[LOADER][INFO] LLE redirect: 0x0000700000000330 JrwFIMzKNr0 -> JrwFIMzKNr0@0x0000000804049760
[LOADER][INFO] LLE redirect: 0x0000700000000340 lA94ZgT+vMM -> lA94ZgT+vMM@0x0000000804046E60
[LOADER][INFO] LLE redirect: 0x0000700000000350 wLlFkwG9UcQ -> wLlFkwG9UcQ@0x000000080406EEF0
[LOADER][INFO] LLE redirect: 0x0000700000000430 mXlxhmLNMPg -> mXlxhmLNMPg@0x000000080403DA80
[LOADER][INFO] LLE redirect: 0x0000700000000440 AEJdIVZTEmo -> AEJdIVZTEmo@0x0000000804063320
[LOADER][INFO] LLE redirect: 0x0000700000000490 1mecP7RgI2A -> 1mecP7RgI2A@0x000000080406ECA0
[LOADER][INFO] LLE redirect: 0x00007000000004D0 0WMHDb5Dt94 -> 0WMHDb5Dt94@0x000000080404C080
[LOADER][INFO] LLE redirect: 0x00007000000004E0 g7zzzLDYGw0 -> g7zzzLDYGw0@0x000000080406E5C0
[LOADER][INFO] LLE redirect: 0x00007000000004F0 MELi-cKqWq0 -> MELi-cKqWq0@0x00000008040169C0
[LOADER][INFO] LLE redirect: 0x0000700000000500 3+UPM-9E6xY -> 3+UPM-9E6xY@0x000000080404C220
[LOADER][INFO] LLE redirect: 0x0000700000000510 rDMyAf1Jhug -> rDMyAf1Jhug@0x000000080404D850
[LOADER][INFO] LLE redirect: 0x0000700000000530 T7uyNqP7vQA -> T7uyNqP7vQA@0x000000080404F940
[LOADER][INFO] LLE redirect: 0x0000700000000540 HUbZmOnT-Dg -> HUbZmOnT-Dg@0x0000000804041CF0
[LOADER][INFO] LLE redirect: 0x00007000000006A0 2X5agFjKxMc -> 2X5agFjKxMc@0x0000000804006040
[LOADER][INFO] LLE redirect: 0x00007000000008E0 pXvbDfchu6k -> pXvbDfchu6k@0x000000080406E700
[LOADER][INFO] LLE redirect: 0x0000700000000980 NU-T4QowTNA -> NU-T4QowTNA@0x0000000804016480
[LOADER][INFO] LLE redirect: 0x00007000000009E0 2vDqwBlpF-o -> 2vDqwBlpF-o@0x000000080405C470
[LOADER][INFO] LLE redirect: 0x0000700000000A00 QZP6I9ZZxpE -> QZP6I9ZZxpE@0x000000080406EBC0
[LOADER][INFO] LLE redirect: 0x0000700000000D50 oVkZ8W8-Q8A -> oVkZ8W8-Q8A@0x000000080406D990
[LOADER][INFO] LLE redirect: 0x0000700000000E80 M4YYbSFfJ8g -> M4YYbSFfJ8g@0x0000000804FB8030
[LOADER][INFO] LLE redirect: 0x0000700000000EB0 35NoyMOtYpE -> 35NoyMOtYpE@0x0000000804FB7FD0
[LOADER][INFO] Setup 4053/4053 import stubs (direct bridge, lle_redirects=2744)
[LOADER][INFO] TLS handler at 0x000000080BE10000
[LOADER][INFO] Patched 0 TLS loads, 0 TLS stores, 0 stack-canary accesses, 0 SSE4a EXTRQ blends
[LOADER][INFO] ExecuteEntry starting at 0x000000080AE16010
[LOADER][INFO] RSP=0x00007FFFF01FFFD8, RDI=0x0000000000000000
[LOADER][INFO] StackTop: 0x00007FFFF01FFFD8
[LOADER][INFO] Calling guest entry...
[LOADER][INFO] Guest returned: 0
[LOADER][INFO] === Execute END (LastError: null) ===
[RUNTIME] Dispatching, gen: Gen5
[RUNTIME] About to call DispatchEntry with entryPoint=0x0000000800000070
[DISPATCHER] === DispatchEntry START ===
[DISPATCHER] entryPoint=0x0000000800000070, generation=Gen5
[DISPATCHER] DispatchEntryCore STARTING...
[LOADER][INFO] === Execute START ===
[LOADER][INFO] EntryPoint: 0x0000000800000070, ImportStubs: 4053
[LOADER][INFO] RuntimeSymbols: 95473
[LOADER][INFO] ExportCheck fputs: libc:fputs
[LOADER][INFO] ExportCheck map_direct: libKernel:sceKernelMapDirectMemory
[LOADER][INFO] Setting up 4053 import stubs...
[LOADER][INFO] LLE redirect: 0x0000700000000010 QI-x0SL8jhw -> QI-x0SL8jhw@0x000000080403E3E0
[LOADER][INFO] LLE redirect: 0x0000700000000020 EH-x713A99c -> EH-x713A99c@0x0000000804041130
[LOADER][INFO] LLE redirect: 0x0000700000000030 gQX+4GDQjpM -> gQX+4GDQjpM@0x0000000804006020
[LOADER][INFO] LLE redirect: 0x0000700000000040 Y7aJ1uydPMo -> Y7aJ1uydPMo@0x0000000804006050
[LOADER][INFO] LLE redirect: 0x0000700000000050 tIhsqj0qsFE -> tIhsqj0qsFE@0x0000000804006030
[LOADER][INFO] LLE redirect: 0x0000700000000060 lKEN2IebgJ0 -> lKEN2IebgJ0@0x0000000804054900
[LOADER][INFO] LLE redirect: 0x0000700000000070 zr094EQ39Ww -> zr094EQ39Ww@0x0000000804035940
[LOADER][INFO] LLE redirect: 0x0000700000000080 ZE6RNL+eLbk -> ZE6RNL+eLbk@0x000000080404FE40
[LOADER][INFO] LLE redirect: 0x0000700000000090 weDug8QD-lE -> weDug8QD-lE@0x0000000804040AA0
[LOADER][INFO] LLE redirect: 0x00007000000000A0 GZWjF-YIFFk -> GZWjF-YIFFk@0x0000000804040170
[LOADER][INFO] LLE redirect: 0x00007000000000B0 H8AprKeZtNg -> H8AprKeZtNg@0x0000000804194480
[LOADER][INFO] LLE redirect: 0x00007000000000C0 c+4r-T-tEIc -> c+4r-T-tEIc@0x000000080404C430
[LOADER][INFO] LLE redirect: 0x00007000000000D0 2sWzhYqFH4E -> 2sWzhYqFH4E@0x00000008041942B8
[LOADER][INFO] LLE redirect: 0x00007000000000E0 8zTFvBIAIN8 -> 8zTFvBIAIN8@0x0000000804010360
[LOADER][INFO] LLE redirect: 0x0000700000000170 DfivPArhucg -> DfivPArhucg@0x0000000804032F00
[LOADER][INFO] LLE redirect: 0x0000700000000180 tQIo+GIPklo -> tQIo+GIPklo@0x0000000804016560
[LOADER][INFO] LLE redirect: 0x00007000000001C0 eT2UsmTewbU -> eT2UsmTewbU@0x0000000804016430
[LOADER][INFO] LLE redirect: 0x00007000000001D0 gNQ1V2vfXDE -> gNQ1V2vfXDE@0x00000008040548B0
[LOADER][INFO] LLE redirect: 0x00007000000001E0 Ujf3KzMvRmI -> Ujf3KzMvRmI@0x0000000804006070
[LOADER][INFO] LLE redirect: 0x00007000000001F0 OGybVuPAhAY -> OGybVuPAhAY@0x0000000804006090
[LOADER][INFO] LLE redirect: 0x0000700000000230 ozMAr28BwSY -> ozMAr28BwSY@0x0000000804016640
[LOADER][INFO] LLE redirect: 0x00007000000002B0 1Pk0qZQGeWo -> 1Pk0qZQGeWo@0x000000080405A5D0
[LOADER][INFO] LLE redirect: 0x00007000000002D0 zlfEH8FmyUA -> zlfEH8FmyUA@0x000000080403DEB0
[LOADER][INFO] LLE redirect: 0x00007000000002E0 xEszJVGpybs -> xEszJVGpybs@0x000000080405B3B0
[LOADER][INFO] LLE redirect: 0x00007000000002F0 5TjaJwkLWxE -> 5TjaJwkLWxE@0x0000000804032F40
[LOADER][INFO] LLE redirect: 0x0000700000000300 JBcgYuW8lPU -> JBcgYuW8lPU@0x000000080403E160
[LOADER][INFO] LLE redirect: 0x0000700000000320 YQ0navp+YIc -> YQ0navp+YIc@0x0000000804036360
[LOADER][INFO] LLE redirect: 0x0000700000000330 JrwFIMzKNr0 -> JrwFIMzKNr0@0x0000000804049760
[LOADER][INFO] LLE redirect: 0x0000700000000340 lA94ZgT+vMM -> lA94ZgT+vMM@0x0000000804046E60
[LOADER][INFO] LLE redirect: 0x0000700000000350 wLlFkwG9UcQ -> wLlFkwG9UcQ@0x000000080406EEF0
[LOADER][INFO] LLE redirect: 0x0000700000000430 mXlxhmLNMPg -> mXlxhmLNMPg@0x000000080403DA80
[LOADER][INFO] LLE redirect: 0x0000700000000440 AEJdIVZTEmo -> AEJdIVZTEmo@0x0000000804063320
[LOADER][INFO] LLE redirect: 0x0000700000000490 1mecP7RgI2A -> 1mecP7RgI2A@0x000000080406ECA0
[LOADER][INFO] LLE redirect: 0x00007000000004D0 0WMHDb5Dt94 -> 0WMHDb5Dt94@0x000000080404C080
[LOADER][INFO] LLE redirect: 0x00007000000004E0 g7zzzLDYGw0 -> g7zzzLDYGw0@0x000000080406E5C0
[LOADER][INFO] LLE redirect: 0x00007000000004F0 MELi-cKqWq0 -> MELi-cKqWq0@0x00000008040169C0
[LOADER][INFO] LLE redirect: 0x0000700000000500 3+UPM-9E6xY -> 3+UPM-9E6xY@0x000000080404C220
[LOADER][INFO] LLE redirect: 0x0000700000000510 rDMyAf1Jhug -> rDMyAf1Jhug@0x000000080404D850
[LOADER][INFO] LLE redirect: 0x0000700000000530 T7uyNqP7vQA -> T7uyNqP7vQA@0x000000080404F940
[LOADER][INFO] LLE redirect: 0x0000700000000540 HUbZmOnT-Dg -> HUbZmOnT-Dg@0x0000000804041CF0
[LOADER][INFO] LLE redirect: 0x00007000000006A0 2X5agFjKxMc -> 2X5agFjKxMc@0x0000000804006040
[LOADER][INFO] LLE redirect: 0x00007000000008E0 pXvbDfchu6k -> pXvbDfchu6k@0x000000080406E700
[LOADER][INFO] LLE redirect: 0x0000700000000980 NU-T4QowTNA -> NU-T4QowTNA@0x0000000804016480
[LOADER][INFO] LLE redirect: 0x00007000000009E0 2vDqwBlpF-o -> 2vDqwBlpF-o@0x000000080405C470
[LOADER][INFO] LLE redirect: 0x0000700000000A00 QZP6I9ZZxpE -> QZP6I9ZZxpE@0x000000080406EBC0
[LOADER][INFO] LLE redirect: 0x0000700000000D50 oVkZ8W8-Q8A -> oVkZ8W8-Q8A@0x000000080406D990
[LOADER][INFO] LLE redirect: 0x0000700000000E80 M4YYbSFfJ8g -> M4YYbSFfJ8g@0x0000000804FB8030
[LOADER][INFO] LLE redirect: 0x0000700000000EB0 35NoyMOtYpE -> 35NoyMOtYpE@0x0000000804FB7FD0
[LOADER][INFO] Setup 4053/4053 import stubs (direct bridge, lle_redirects=2744)
[LOADER][INFO] TLS handler at 0x00000007FF000000
[LOADER][INFO] Patched 0 TLS loads, 0 TLS stores, 0 stack-canary accesses, 0 SSE4a EXTRQ blends
[LOADER][INFO] ExecuteEntry starting at 0x0000000800000070
[LOADER][INFO] RSP=0x00007FFFF01FFF98, RDI=0x00007FFFF01FFFA0
[LOADER][INFO] StackTop: 0x00007FFFF01FFF98
[LOADER][INFO] Calling guest entry...
[LOADER][TRACE] bzQExy189ZI#868: rdi=0x00007FFFF01FFFA0 rsi=0x00007FFDD0000000 rdx=0x0000000000000000 ret=0x0000000800000089
[LOADER][TRACE] 8G2LB+A3rzg#869: rdi=0x00007FFDD0000000 rsi=0x00007FFDD0000000 rdx=0x0000000000000000 ret=0x0000000800000091
[LOADER][TRACE] 8G2LB+A3rzg#870: rdi=0x000000080189BA40 rsi=0x00007FFDD0000000 rdx=0x0000000000000000 ret=0x000000080000009D
[LOADER][TRACE] ImportCtx#1020: nid=tsvEmnenz48 ret=0x0000000800000064 rdi=0x0000000800B43280 rsi=0x0000000801EBC408 rdx=0x0000000801DF4000 rcx=0x0000000801EBC408
[LOADER][TRACE] ImportNV#1020: rbx=0x0000000801C67A98 rbp=0x00007FFFF01FFF50 r12=0x00000072F417EB00 r13=0x00000072F417EC80 r14=0x0000000000000001 r15=0x00007FFFF01FFFA8
[LOADER][TRACE] ImportStackHead#1020: rsp=0x00007FFFF01FFF38 [0]=0x0000000800000064 [20]=0x00000008000000A2 [40]=0x00000072F417ECC8
[LOADER][TRACE] ImportStack#1020: rsp=0x00007FFFF01FFF38 [0]=0x0000000800000064 [8]=0x00007FFDD0000000 [10]=0x0000000000000001 [18]=0x00007FFFF01FFF80 [20]=0x00000008000000A2 [28]=0x0000000800000070 [30]=0x00000072F417EBB0 [38]=0x00000072F417EC90 [40]=0x00000072F417ECC8
[LOADER][TRACE] ImportRet#1020: nid=tsvEmnenz48 result=ORBIS_GEN2_OK rax=0x0000000000000000
[LOADER][TRACE] ImportCtx#1023: nid=tsvEmnenz48 ret=0x000000080099FF63 rdi=0x00000008007B0820 rsi=0x0000000801EBC580 rdx=0x0000000801DF4000 rcx=0x0000000000000001
[LOADER][TRACE] ImportNV#1023: rbx=0x0000000801EBC580 rbp=0x00007FFFF01FFF30 r12=0x00000072F417EB00 r13=0x00000072F417EC80 r14=0x0000000000000001 r15=0x00007FFFF01FFFA8
[LOADER][TRACE] ImportStackHead#1023: rsp=0x00007FFFF01FFF18 [0]=0x000000080099FF63 [20]=0x0000000800000064 [40]=0x00000008000000A2
[LOADER][TRACE] ImportStack#1023: rsp=0x00007FFFF01FFF18 [0]=0x000000080099FF63 [8]=0x0000000801EBC408 [10]=0x0000000801C67A90 [18]=0x00007FFFF01FFF50 [20]=0x0000000800000064 [28]=0x00007FFDD0000000 [30]=0x0000000000000001 [38]=0x00007FFFF01FFF80 [40]=0x00000008000000A2
[LOADER][TRACE] ImportRet#1023: nid=tsvEmnenz48 result=ORBIS_GEN2_OK rax=0x0000000000000000
[LOADER][TRACE] ImportCtx#1024: nid=tsvEmnenz48 ret=0x000000080099FFF9 rdi=0x0000000800B43280 rsi=0x0000000801EBC690 rdx=0x0000000801DF4000 rcx=0x0000000801EBC690
[LOADER][TRACE] ImportNV#1024: rbx=0x0000000801EBC580 rbp=0x00007FFFF01FFF30 r12=0x00000072F417EB00 r13=0x00000072F417EC80 r14=0x0000000000000001 r15=0x00007FFFF01FFFA8
[LOADER][TRACE] ImportStackHead#1024: rsp=0x00007FFFF01FFF18 [0]=0x000000080099FFF9 [20]=0x0000000800000064 [40]=0x00000008000000A2
[LOADER][TRACE] ImportStack#1024: rsp=0x00007FFFF01FFF18 [0]=0x000000080099FFF9 [8]=0x0000000801EBC408 [10]=0x0000000801C67A90 [18]=0x00007FFFF01FFF50 [20]=0x0000000800000064 [28]=0x00007FFDD0000000 [30]=0x0000000000000001 [38]=0x00007FFFF01FFF80 [40]=0x00000008000000A2
[LOADER][TRACE] ImportRet#1024: nid=tsvEmnenz48 result=ORBIS_GEN2_OK rax=0x0000000000000000
[LOADER][TRACE] ImportCtx#1025: nid=tsvEmnenz48 ret=0x00000008009A70C3 rdi=0x000000080047A620 rsi=0x0000000801EBC790 rdx=0x0000000801DF4000 rcx=0x0000000801EBC690
[LOADER][TRACE] ImportNV#1025: rbx=0x000000080047A620 rbp=0x00007FFFF01FFF30 r12=0x00000072F417EB00 r13=0x00000072F417EC80 r14=0x0000000801DF4000 r15=0x00007FFFF01FFFA8
[LOADER][TRACE] ImportStackHead#1025: rsp=0x00007FFFF01FFF18 [0]=0x00000008009A70C3 [20]=0x0000000800000064 [40]=0x00000008000000A2
[LOADER][TRACE] ImportStack#1025: rsp=0x00007FFFF01FFF18 [0]=0x00000008009A70C3 [8]=0x0000000801C67A88 [10]=0x0000000000000001 [18]=0x00007FFFF01FFF50 [20]=0x0000000800000064 [28]=0x00007FFDD0000000 [30]=0x0000000000000001 [38]=0x00007FFFF01FFF80 [40]=0x00000008000000A2
[LOADER][TRACE] ImportRet#1025: nid=tsvEmnenz48 result=ORBIS_GEN2_OK rax=0x0000000000000000
[LOADER][TRACE] ImportCtx#1026: nid=tsvEmnenz48 ret=0x00000008009A7100 rdi=0x000000080047A620 rsi=0x0000000801EBC7B0 rdx=0x0000000801DF4000 rcx=0x0000000801EBC690
[LOADER][TRACE] ImportNV#1026: rbx=0x000000080047A620 rbp=0x00007FFFF01FFF30 r12=0x00000072F417EB00 r13=0x00000072F417EC80 r14=0x0000000801DF4000 r15=0x00007FFFF01FFFA8
[LOADER][TRACE] ImportStackHead#1026: rsp=0x00007FFFF01FFF18 [0]=0x00000008009A7100 [20]=0x0000000800000064 [40]=0x00000008000000A2
[LOADER][TRACE] ImportStack#1026: rsp=0x00007FFFF01FFF18 [0]=0x00000008009A7100 [8]=0x0000000801C67A88 [10]=0x0000000000000001 [18]=0x00007FFFF01FFF50 [20]=0x0000000800000064 [28]=0x00007FFDD0000000 [30]=0x0000000000000001 [38]=0x00007FFFF01FFF80 [40]=0x00000008000000A2
[LOADER][TRACE] ImportRet#1026: nid=tsvEmnenz48 result=ORBIS_GEN2_OK rax=0x0000000000000000
[LOADER][TRACE] ImportCtx#1027: nid=tsvEmnenz48 ret=0x00000008009A713D rdi=0x000000080047A620 rsi=0x0000000801EBC7D0 rdx=0x0000000801DF4000 rcx=0x0000000801EBC690
[LOADER][TRACE] ImportNV#1027: rbx=0x000000080047A620 rbp=0x00007FFFF01FFF30 r12=0x00000072F417EB00 r13=0x00000072F417EC80 r14=0x0000000801DF4000 r15=0x00007FFFF01FFFA8
[LOADER][TRACE] ImportStackHead#1027: rsp=0x00007FFFF01FFF18 [0]=0x00000008009A713D [20]=0x0000000800000064 [40]=0x00000008000000A2
[LOADER][TRACE] ImportStack#1027: rsp=0x00007FFFF01FFF18 [0]=0x00000008009A713D [8]=0x0000000801C67A88 [10]=0x0000000000000001 [18]=0x00007FFFF01FFF50 [20]=0x0000000800000064 [28]=0x00007FFDD0000000 [30]=0x0000000000000001 [38]=0x00007FFFF01FFF80 [40]=0x00000008000000A2
[LOADER][TRACE] ImportRet#1027: nid=tsvEmnenz48 result=ORBIS_GEN2_OK rax=0x0000000000000000
[LOADER][TRACE] ImportCtx#1028: nid=tsvEmnenz48 ret=0x0000000800000064 rdi=0x0000000800B43280 rsi=0x0000000801EBC840 rdx=0x0000000801DF4000 rcx=0x0000000801EBC840
[LOADER][TRACE] ImportNV#1028: rbx=0x0000000801C67A88 rbp=0x00007FFFF01FFF50 r12=0x00000072F417EB00 r13=0x00000072F417EC80 r14=0x0000000000000001 r15=0x00007FFFF01FFFA8
[LOADER][TRACE] ImportStackHead#1028: rsp=0x00007FFFF01FFF38 [0]=0x0000000800000064 [20]=0x00000008000000A2 [40]=0x00000072F417ECC8
[LOADER][TRACE] ImportStack#1028: rsp=0x00007FFFF01FFF38 [0]=0x0000000800000064 [8]=0x00007FFDD0000000 [10]=0x0000000000000001 [18]=0x00007FFFF01FFF80 [20]=0x00000008000000A2 [28]=0x0000000800000070 [30]=0x00000072F417EBB0 [38]=0x00000072F417EC90 [40]=0x00000072F417ECC8
[LOADER][TRACE] ImportRet#1028: nid=tsvEmnenz48 result=ORBIS_GEN2_OK rax=0x0000000000000000
[LOADER][TRACE] ImportCtx#1031: nid=tsvEmnenz48 ret=0x0000000800000064 rdi=0x00000008007B0820 rsi=0x0000000801EBC980 rdx=0x0000000801DF4000 rcx=0x0000000000000018
[LOADER][TRACE] ImportNV#1031: rbx=0x0000000801C67A80 rbp=0x00007FFFF01FFF50 r12=0x00000072F417EB00 r13=0x00000072F417EC80 r14=0x0000000000000001 r15=0x00007FFFF01FFFA8
[LOADER][TRACE] ImportStackHead#1031: rsp=0x00007FFFF01FFF38 [0]=0x0000000800000064 [20]=0x00000008000000A2 [40]=0x00000072F417ECC8
[LOADER][TRACE] ImportStack#1031: rsp=0x00007FFFF01FFF38 [0]=0x0000000800000064 [8]=0x00007FFDD0000000 [10]=0x0000000000000001 [18]=0x00007FFFF01FFF80 [20]=0x00000008000000A2 [28]=0x0000000800000070 [30]=0x00000072F417EBB0 [38]=0x00000072F417EC90 [40]=0x00000072F417ECC8
[LOADER][TRACE] ImportRet#1031: nid=tsvEmnenz48 result=ORBIS_GEN2_OK rax=0x0000000000000000
[LOADER][TRACE] ImportCtx#1032: nid=tsvEmnenz48 ret=0x00000008009B05C3 rdi=0x00000008007E4590 rsi=0x0000000801EDEF20 rdx=0x0000000801DF4000 rcx=0x0000000801A905AF
[LOADER][TRACE] ImportNV#1032: rbx=0x00000008007D8D70 rbp=0x00007FFFF01FFF30 r12=0x00000072F417EB00 r13=0x00000072F417EC80 r14=0xFFFFFFFF00000000 r15=0x00007FFFF01FFFA8
[LOADER][TRACE] ImportStackHead#1032: rsp=0x00007FFFF01FFF18 [0]=0x00000008009B05C3 [20]=0x0000000800000064 [40]=0x00000008000000A2
[LOADER][TRACE] ImportStack#1032: rsp=0x00007FFFF01FFF18 [0]=0x00000008009B05C3 [8]=0x0000000801C67A78 [10]=0x0000000000000001 [18]=0x00007FFFF01FFF50 [20]=0x0000000800000064 [28]=0x00007FFDD0000000 [30]=0x0000000000000001 [38]=0x00007FFFF01FFF80 [40]=0x00000008000000A2
[LOADER][TRACE] ImportRet#1032: nid=tsvEmnenz48 result=ORBIS_GEN2_OK rax=0x0000000000000000
[LOADER][TRACE] ImportCtx#1033: nid=tsvEmnenz48 ret=0x0000000800000064 rdi=0x00000008007E4590 rsi=0x0000000801EDF250 rdx=0x0000000801DF4000 rcx=0x0000000801E14738
[LOADER][TRACE] ImportNV#1033: rbx=0x0000000801C67A78 rbp=0x00007FFFF01FFF50 r12=0x00000072F417EB00 r13=0x00000072F417EC80 r14=0x0000000000000001 r15=0x00007FFFF01FFFA8
[LOADER][TRACE] ImportStackHead#1033: rsp=0x00007FFFF01FFF38 [0]=0x0000000800000064 [20]=0x00000008000000A2 [40]=0x00000072F417ECC8
[LOADER][TRACE] ImportStack#1033: rsp=0x00007FFFF01FFF38 [0]=0x0000000800000064 [8]=0x00007FFDD0000000 [10]=0x0000000000000001 [18]=0x00007FFFF01FFF80 [20]=0x00000008000000A2 [28]=0x0000000800000070 [30]=0x00000072F417EBB0 [38]=0x00000072F417EC90 [40]=0x00000072F417ECC8
[LOADER][TRACE] ImportRet#1033: nid=tsvEmnenz48 result=ORBIS_GEN2_OK rax=0x0000000000000000
[LOADER][TRACE] ImportCtx#1034: nid=tsvEmnenz48 ret=0x00000008009B71B4 rdi=0x0000000800B43280 rsi=0x0000000801EBCC98 rdx=0x0000000801DF4000 rcx=0x0000000801EBCC98
[LOADER][TRACE] ImportNV#1034: rbx=0x0000000801C67A70 rbp=0x00007FFFF01FFF30 r12=0x00000072F417EB00 r13=0x00000072F417EC80 r14=0x0000000000000001 r15=0x00007FFFF01FFFA8
[LOADER][TRACE] ImportStackHead#1034: rsp=0x00007FFFF01FFF18 [0]=0x00000008009B71B4 [20]=0x0000000800000064 [40]=0x00000008000000A2
[LOADER][TRACE] ImportStack#1034: rsp=0x00007FFFF01FFF18 [0]=0x00000008009B71B4 [8]=0x0000000801C67A70 [10]=0x0000000000000001 [18]=0x00007FFFF01FFF50 [20]=0x0000000800000064 [28]=0x00007FFDD0000000 [30]=0x0000000000000001 [38]=0x00007FFFF01FFF80 [40]=0x00000008000000A2
[LOADER][TRACE] ImportRet#1034: nid=tsvEmnenz48 result=ORBIS_GEN2_OK rax=0x0000000000000000
[LOADER][TRACE] ImportCtx#1035: nid=tsvEmnenz48 ret=0x00000008009B7263 rdi=0x0000000800044F50 rsi=0x0000000801EBCCD0 rdx=0x0000000801DF4000 rcx=0x0000000000000001
[LOADER][TRACE] ImportNV#1035: rbx=0x0000000801EBCCD0 rbp=0x00007FFFF01FFF30 r12=0x00000072F417EB00 r13=0x00000072F417EC80 r14=0x0000000801DF4000 r15=0x00007FFFF01FFFA8
[LOADER][TRACE] ImportStackHead#1035: rsp=0x00007FFFF01FFF18 [0]=0x00000008009B7263 [20]=0x0000000800000064 [40]=0x00000008000000A2
[LOADER][TRACE] ImportStack#1035: rsp=0x00007FFFF01FFF18 [0]=0x00000008009B7263 [8]=0x0000000801C67A70 [10]=0x0000000000000001 [18]=0x00007FFFF01FFF50 [20]=0x0000000800000064 [28]=0x00007FFDD0000000 [30]=0x0000000000000001 [38]=0x00007FFFF01FFF80 [40]=0x00000008000000A2
[LOADER][TRACE] ImportRet#1035: nid=tsvEmnenz48 result=ORBIS_GEN2_OK rax=0x0000000000000000
[LOADER][TRACE] ImportCtx#1036: nid=tsvEmnenz48 ret=0x00000008009B72B7 rdi=0x000000080095FBD0 rsi=0x0000000801EBCD20 rdx=0x0000000801DF4000 rcx=0x0000000000000001
[LOADER][TRACE] ImportNV#1036: rbx=0x0000000801EBCCD0 rbp=0x00007FFFF01FFF30 r12=0x00000072F417EB00 r13=0x00000072F417EC80 r14=0x0000000801DF4000 r15=0x00007FFFF01FFFA8
[LOADER][TRACE] ImportStackHead#1036: rsp=0x00007FFFF01FFF18 [0]=0x00000008009B72B7 [20]=0x0000000800000064 [40]=0x00000008000000A2
[LOADER][TRACE] ImportStack#1036: rsp=0x00007FFFF01FFF18 [0]=0x00000008009B72B7 [8]=0x0000000801C67A70 [10]=0x0000000000000001 [18]=0x00007FFFF01FFF50 [20]=0x0000000800000064 [28]=0x00007FFDD0000000 [30]=0x0000000000000001 [38]=0x00007FFFF01FFF80 [40]=0x00000008000000A2
[LOADER][TRACE] ImportRet#1036: nid=tsvEmnenz48 result=ORBIS_GEN2_OK rax=0x0000000000000000
[LOADER][TRACE] ImportCtx#1037: nid=tsvEmnenz48 ret=0x00000008009CF938 rdi=0x00000008007E4590 rsi=0x0000000801EBCD90 rdx=0x0000000801DF4000 rcx=0x0000000801A57C10
[LOADER][TRACE] ImportNV#1037: rbx=0x0000000801C67A68 rbp=0x00007FFFF01FFF30 r12=0x00000072F417EB00 r13=0x00000072F417EC80 r14=0x0000000000000001 r15=0x00007FFFF01FFFA8
[LOADER][TRACE] ImportStackHead#1037: rsp=0x00007FFFF01FFF28 [0]=0x00000008009CF938 [20]=0x0000000000000001 [40]=0x00000072F417EBB0
[LOADER][TRACE] ImportStack#1037: rsp=0x00007FFFF01FFF28 [0]=0x00000008009CF938 [8]=0x00007FFFF01FFF50 [10]=0x0000000800000064 [18]=0x00007FFDD0000000 [20]=0x0000000000000001 [28]=0x00007FFFF01FFF80 [30]=0x00000008000000A2 [38]=0x0000000800000070 [40]=0x00000072F417EBB0
[LOADER][TRACE] ImportRet#1037: nid=tsvEmnenz48 result=ORBIS_GEN2_OK rax=0x0000000000000000
[LOADER][TRACE] ImportCtx#1038: nid=tsvEmnenz48 ret=0x00000008009D9CCF rdi=0x00000008007CA820 rsi=0x0000000801EBCFC8 rdx=0x0000000801DF4000 rcx=0x0000000801EB4A70
[LOADER][TRACE] ImportNV#1038: rbx=0x0000000801C67A60 rbp=0x00007FFFF01FFF30 r12=0x00000072F417EB00 r13=0x00000072F417EC80 r14=0x0000000000000001 r15=0x00007FFFF01FFFA8
[LOADER][TRACE] ImportStackHead#1038: rsp=0x00007FFFF01FFF28 [0]=0x00000008009D9CCF [20]=0x0000000000000001 [40]=0x00000072F417EBB0
[LOADER][TRACE] ImportStack#1038: rsp=0x00007FFFF01FFF28 [0]=0x00000008009D9CCF [8]=0x00007FFFF01FFF50 [10]=0x0000000800000064 [18]=0x00007FFDD0000000 [20]=0x0000000000000001 [28]=0x00007FFFF01FFF80 [30]=0x00000008000000A2 [38]=0x0000000800000070 [40]=0x00000072F417EBB0
[LOADER][TRACE] ImportRet#1038: nid=tsvEmnenz48 result=ORBIS_GEN2_OK rax=0x0000000000000000
[LOADER][WARN] Import#2288 result: ORBIS_GEN2_ERROR_NOT_FOUND (rVjRvHJ0X6c) rdi=0x0000000600100000 rsi=0x0000000000000001 rdx=0x00007FFFF01FFEB8 rcx=0x0000000000000048 ret=0x0000000801373692
[LOADER][WARN] Import#2291 result: ORBIS_GEN2_ERROR_DELETED (BHouLQzh0X0) rdi=0x0000000010000000 rsi=0x0000000000000001 rdx=0x00007FFFF01FFEB8 rcx=0x0000000000000018 ret=0x00000008013736F8
[LOADER][WARN] Import#4116 result: -1 (wuCroIGjt2g) rdi=0x0000000801B193AA rsi=0x0000000000000000 rdx=0x0000000000000002 rcx=0xC0DEC0DECAFEBA00 ret=0x0000000800A3E5F1
[LOADER][WARN] Import#4117 result: -1 (wuCroIGjt2g) rdi=0x0000000801B40813 rsi=0x0000000000000004 rdx=0x0000000000000002 rcx=0xC0DEC0DECAFEBA00 ret=0x0000000800A3E60B
[LOADER][WARN] Import#5047 result: -1 (wuCroIGjt2g) rdi=0x0000000801B193AA rsi=0x0000000000000000 rdx=0x0000000000000033 rcx=0xC0DEC0DECAFEBA00 ret=0x0000000800A3E5F1
[LOADER][WARN] Import#5048 result: -1 (wuCroIGjt2g) rdi=0x0000000801B40813 rsi=0x0000000000000004 rdx=0x0000000000000033 rcx=0xC0DEC0DECAFEBA00 ret=0x0000000800A3E60B
[LOADER][INFO] Scheduled guest thread 'AssetGarbageCollectorHelper' handle=0x0000020DAED3E100 entry=0x0000000800B68880 arg=0x00000006006CF730 priority=700 host_priority=Normal affinity=0x7F
[LOADER][INFO] Pumping guest thread 'AssetGarbageCollectorHelper' reason=dispatcher entry=0x0000000800B68880
[LOADER][INFO] Guest thread yield at import#5142: nid=04AjkP0jO9U ret=0x000000080A821799 reason=_umtx_op_wait
[LOADER][INFO] Scheduled guest thread 'AssetGarbageCollectorHelper' handle=0x0000020DAED3B0D0 entry=0x0000000800B68880 arg=0x00000006006CF880 priority=700 host_priority=Normal affinity=0x7F
[LOADER][INFO] Pumping guest thread 'AssetGarbageCollectorHelper' reason=ready-dispatch entry=0x0000000800B68880
[LOADER][INFO] Guest thread 'AssetGarbageCollectorHelper' state=Blocked reason=_umtx_op_wait
[LOADER][INFO] Guest thread yield at import#5397: nid=04AjkP0jO9U ret=0x000000080A821799 reason=_umtx_op_wait
[LOADER][INFO] Guest thread 'AssetGarbageCollectorHelper' state=Blocked reason=_umtx_op_wait
[LOADER][INFO] Scheduled guest thread 'AssetGarbageCollectorHelper' handle=0x0000020DAED40120 entry=0x0000000800B68880 arg=0x00000006006CF9D0 priority=700 host_priority=Normal affinity=0x7F
[LOADER][INFO] Pumping guest thread 'AssetGarbageCollectorHelper' reason=pthread_create entry=0x0000000800B68880
[LOADER][INFO] Guest thread yield at import#5654: nid=04AjkP0jO9U ret=0x000000080A821799 reason=_umtx_op_wait
[LOADER][INFO] Guest thread 'AssetGarbageCollectorHelper' state=Blocked reason=_umtx_op_wait
[LOADER][INFO] Scheduled guest thread 'AssetGarbageCollectorHelper' handle=0x0000020DAED3D0F0 entry=0x0000000800B68880 arg=0x00000006006CFB20 priority=700 host_priority=Normal affinity=0x7F
[LOADER][INFO] Pumping guest thread 'AssetGarbageCollectorHelper' reason=ready-dispatch entry=0x0000000800B68880
[LOADER][INFO] Guest thread yield at import#5909: nid=04AjkP0jO9U ret=0x000000080A821799 reason=_umtx_op_wait
[LOADER][INFO] Guest thread 'AssetGarbageCollectorHelper' state=Blocked reason=_umtx_op_wait
[LOADER][INFO] Scheduled guest thread 'AssetGarbageCollectorHelper' handle=0x0000020DAED41130 entry=0x0000000800B68880 arg=0x00000006006CFC70 priority=700 host_priority=Normal affinity=0x7F
[LOADER][INFO] Pumping guest thread 'AssetGarbageCollectorHelper' reason=pthread_create entry=0x0000000800B68880
[LOADER][INFO] Guest thread yield at import#6166: nid=04AjkP0jO9U ret=0x000000080A821799 reason=_umtx_op_wait
[LOADER][INFO] Guest thread 'AssetGarbageCollectorHelper' state=Blocked reason=_umtx_op_wait
[LOADER][INFO] Scheduled guest thread 'AssetGarbageCollectorHelper' handle=0x0000020D9F276FC0 entry=0x0000000800B68880 arg=0x00000006006CFDC0 priority=700 host_priority=Normal affinity=0x7F
[LOADER][INFO] Pumping guest thread 'AssetGarbageCollectorHelper' reason=ready-dispatch entry=0x0000000800B68880
[LOADER][INFO] Guest thread yield at import#6677: nid=04AjkP0jO9U ret=0x000000080A821799 reason=_umtx_op_wait
[LOADER][INFO] Guest thread 'AssetGarbageCollectorHelper' state=Blocked reason=_umtx_op_wait
[LOADER][INFO] Scheduled guest thread 'AssetGarbageCollectorHelper' handle=0x0000020D9F279FF0 entry=0x0000000800B68880 arg=0x00000006006CFF10 priority=700 host_priority=Normal affinity=0x7F
[LOADER][INFO] Pumping guest thread 'AssetGarbageCollectorHelper' reason=pthread_create entry=0x0000000800B68880
[LOADER][INFO] Guest thread yield at import#6934: nid=04AjkP0jO9U ret=0x000000080A821799 reason=_umtx_op_wait
[LOADER][INFO] Guest thread 'AssetGarbageCollectorHelper' state=Blocked reason=_umtx_op_wait
[LOADER][INFO] Scheduled guest thread 'AssetGarbageCollectorHelper' handle=0x0000020D9F27B000 entry=0x0000000800B68880 arg=0x00000006006D0060 priority=700 host_priority=Normal affinity=0x7F
[LOADER][INFO] Pumping guest thread 'AssetGarbageCollectorHelper' reason=ready-dispatch entry=0x0000000800B68880
[LOADER][INFO] Guest thread yield at import#7189: nid=04AjkP0jO9U ret=0x000000080A821799 reason=_umtx_op_wait
[LOADER][INFO] Guest thread 'AssetGarbageCollectorHelper' state=Blocked reason=_umtx_op_wait
[LOADER][INFO] Scheduled guest thread 'AssetGarbageCollectorHelper' handle=0x0000020D9F277FD0 entry=0x0000000800B68880 arg=0x00000006006D01B0 priority=700 host_priority=Normal affinity=0x7F
[LOADER][INFO] Pumping guest thread 'AssetGarbageCollectorHelper' reason=pthread_create entry=0x0000000800B68880
[LOADER][INFO] Guest thread yield at import#7446: nid=04AjkP0jO9U ret=0x000000080A821799 reason=_umtx_op_wait
[LOADER][INFO] Guest thread 'AssetGarbageCollectorHelper' state=Blocked reason=_umtx_op_wait
[LOADER][INFO] Scheduled guest thread 'AssetGarbageCollectorHelper' handle=0x0000020D9F27D020 entry=0x0000000800B68880 arg=0x00000006006D0300 priority=700 host_priority=Normal affinity=0x7F
[LOADER][INFO] Pumping guest thread 'AssetGarbageCollectorHelper' reason=pthread_create entry=0x0000000800B68880
[LOADER][INFO] Guest thread yield at import#7701: nid=04AjkP0jO9U ret=0x000000080A821799 reason=_umtx_op_wait
[LOADER][INFO] Guest thread 'AssetGarbageCollectorHelper' state=Blocked reason=_umtx_op_wait
[LOADER][INFO] Scheduled guest thread 'AssetGarbageCollectorHelper' handle=0x0000020D9F27F040 entry=0x0000000800B68880 arg=0x00000006006D0450 priority=700 host_priority=Normal affinity=0x7F
[LOADER][INFO] Pumping guest thread 'AssetGarbageCollectorHelper' reason=pthread_create entry=0x0000000800B68880
[LOADER][INFO] Guest thread yield at import#7958: nid=04AjkP0jO9U ret=0x000000080A821799 reason=_umtx_op_wait
[LOADER][INFO] Guest thread 'AssetGarbageCollectorHelper' state=Blocked reason=_umtx_op_wait
[LOADER][INFO] Scheduled guest thread 'AssetGarbageCollectorHelper' handle=0x0000020D9F27E030 entry=0x0000000800B68880 arg=0x00000006006D05A0 priority=700 host_priority=Normal affinity=0x7F
[LOADER][INFO] Pumping guest thread 'AssetGarbageCollectorHelper' reason=pthread_create entry=0x0000000800B68880
[LOADER][INFO] Guest thread yield at import#8213: nid=04AjkP0jO9U ret=0x000000080A821799 reason=_umtx_op_wait
[LOADER][INFO] Guest thread 'AssetGarbageCollectorHelper' state=Blocked reason=_umtx_op_wait
[LOADER][INFO] Scheduled guest thread 'AssetGarbageCollectorHelper' handle=0x0000020D9F27C010 entry=0x0000000800B68880 arg=0x00000006006D06F0 priority=700 host_priority=Normal affinity=0x7F
[LOADER][INFO] Pumping guest thread 'AssetGarbageCollectorHelper' reason=pthread_create entry=0x0000000800B68880
[LOADER][INFO] Guest thread yield at import#8470: nid=04AjkP0jO9U ret=0x000000080A821799 reason=_umtx_op_wait
[LOADER][INFO] Guest thread 'AssetGarbageCollectorHelper' state=Blocked reason=_umtx_op_wait
[LOADER][INFO] Keyboard controls: Arrow keys = D-pad, WASD = left stick, IJKL = right stick, Z/Enter = Cross, X/Esc = Circle, C = Square, V = Triangle, Q = L1, E = R1, R = L2, F = R2, Tab/Backspace = Options. A DualSense or Xbox controller will be used automatically when plugged in.
[LOADER][WARN] Import#9037 result: -2137915385 (xk0AcarP3V4) rdi=0x0000000010000000 rsi=0x0000000000000002 rdx=0x0000000000000000 rcx=0x0000000000000000 ret=0x000000080138E1DF
[LOADER][WARN] Import#9144 result: ORBIS_GEN2_ERROR_NOT_FOUND (1-LFLmRFxxM) rdi=0x00007FFFF01FB430 rsi=0x00000000000001FF rdx=0x0000000000000000 rcx=0x0000000000000001 ret=0x000000080136D9C6
[LOADER][INFO] guest_threads.timeout_wake count=1
[LOADER][INFO] Pumping guest thread 'AssetGarbageCollectorHelper' reason=dispatcher resume=0x000000080A821799
[LOADER][INFO] Guest thread yield at import#5143: nid=04AjkP0jO9U ret=0x000000080A821799 reason=_umtx_op_wait
[LOADER][INFO] Guest thread 'AssetGarbageCollectorHelper' state=Blocked reason=_umtx_op_wait
[LOADER][INFO] guest_threads.timeout_wake count=1
[LOADER][INFO] Pumping guest thread 'AssetGarbageCollectorHelper' reason=ready-dispatch resume=0x000000080A821799
[LOADER][INFO] Guest thread yield at import#5398: nid=04AjkP0jO9U ret=0x000000080A821799 reason=_umtx_op_wait
[LOADER][INFO] Guest thread 'AssetGarbageCollectorHelper' state=Blocked reason=_umtx_op_wait
[LOADER][INFO] guest_threads.timeout_wake count=5
[LOADER][INFO] Pumping guest thread 'AssetGarbageCollectorHelper' reason=ready-dispatch resume=0x000000080A821799
[LOADER][INFO] Pumping guest thread 'AssetGarbageCollectorHelper' reason=ready-dispatch resume=0x000000080A821799
[LOADER][INFO] Pumping guest thread 'AssetGarbageCollectorHelper' reason=ready-dispatch resume=0x000000080A821799
[LOADER][INFO] Pumping guest thread 'AssetGarbageCollectorHelper' reason=ready-dispatch resume=0x000000080A821799
[LOADER][INFO] Pumping guest thread 'AssetGarbageCollectorHelper' reason=ready-dispatch resume=0x000000080A821799
[LOADER][INFO] Guest thread yield at import#5655: nid=04AjkP0jO9U ret=0x000000080A821799 reason=_umtx_op_wait
[LOADER][INFO] Guest thread yield at import#5910: nid=04AjkP0jO9U ret=0x000000080A821799 reason=_umtx_op_wait
[LOADER][INFO] Guest thread yield at import#6167: nid=04AjkP0jO9U ret=0x000000080A821799 reason=_umtx_op_wait
[LOADER][INFO] Guest thread yield at import#6935: nid=04AjkP0jO9U ret=0x000000080A821799 reason=_umtx_op_wait
[LOADER][INFO] Guest thread yield at import#6678: nid=04AjkP0jO9U ret=0x000000080A821799 reason=_umtx_op_wait
[LOADER][INFO] Guest thread 'AssetGarbageCollectorHelper' state=Blocked reason=_umtx_op_wait
[LOADER][INFO] Guest thread 'AssetGarbageCollectorHelper' state=Blocked reason=_umtx_op_wait
[LOADER][INFO] Guest thread 'AssetGarbageCollectorHelper' state=Blocked reason=_umtx_op_wait
[LOADER][INFO] guest_threads.timeout_wake count=2
[LOADER][INFO] Guest thread 'AssetGarbageCollectorHelper' state=Blocked reason=_umtx_op_wait
[LOADER][INFO] Guest thread 'AssetGarbageCollectorHelper' state=Blocked reason=_umtx_op_wait
[LOADER][INFO] Pumping guest thread 'AssetGarbageCollectorHelper' reason=ready-dispatch resume=0x000000080A821799
[LOADER][INFO] Pumping guest thread 'AssetGarbageCollectorHelper' reason=ready-dispatch resume=0x000000080A821799
[LOADER][INFO] Guest thread yield at import#7190: nid=04AjkP0jO9U ret=0x000000080A821799 reason=_umtx_op_wait
[LOADER][INFO] guest_threads.timeout_wake count=1
[LOADER][INFO] Guest thread yield at import#7447: nid=04AjkP0jO9U ret=0x000000080A821799 reason=_umtx_op_wait
[LOADER][INFO] Pumping guest thread 'AssetGarbageCollectorHelper' reason=ready-dispatch resume=0x000000080A821799
[LOADER][INFO] Guest thread 'AssetGarbageCollectorHelper' state=Blocked reason=_umtx_op_wait
[LOADER][INFO] Guest thread 'AssetGarbageCollectorHelper' state=Blocked reason=_umtx_op_wait
[LOADER][INFO] Guest thread yield at import#7702: nid=04AjkP0jO9U ret=0x000000080A821799 reason=_umtx_op_wait
[LOADER][INFO] Guest thread 'AssetGarbageCollectorHelper' state=Blocked reason=_umtx_op_wait
[LOADER][INFO] guest_threads.timeout_wake count=1
[LOADER][INFO] guest_threads.timeout_wake count=1
[LOADER][INFO] Pumping guest thread 'AssetGarbageCollectorHelper' reason=dispatcher resume=0x000000080A821799
[LOADER][INFO] Pumping guest thread 'AssetGarbageCollectorHelper' reason=dispatcher resume=0x000000080A821799
[LOADER][INFO] Guest thread yield at import#7959: nid=04AjkP0jO9U ret=0x000000080A821799 reason=_umtx_op_wait
[LOADER][INFO] Guest thread yield at import#8214: nid=04AjkP0jO9U ret=0x000000080A821799 reason=_umtx_op_wait
[LOADER][INFO] Guest thread 'AssetGarbageCollectorHelper' state=Blocked reason=_umtx_op_wait
[LOADER][INFO] Guest thread 'AssetGarbageCollectorHelper' state=Blocked reason=_umtx_op_wait
[LOADER][INFO] guest_threads.timeout_wake count=1
[LOADER][INFO] Pumping guest thread 'AssetGarbageCollectorHelper' reason=dispatcher resume=0x000000080A821799
[LOADER][INFO] Guest thread yield at import#8471: nid=04AjkP0jO9U ret=0x000000080A821799 reason=_umtx_op_wait
[LOADER][INFO] Guest thread 'AssetGarbageCollectorHelper' state=Blocked reason=_umtx_op_wait
[LOADER][INFO] Scheduled guest thread 'Thread-20D9F281060' handle=0x0000020D9F281060 entry=0x0000000804F40B30 arg=0x00000001014D7960 priority=700 host_priority=Normal affinity=0x3C
[LOADER][INFO] Pumping guest thread 'Thread-20D9F281060' reason=pthread_create entry=0x0000000804F40B30
[LOADER][INFO] guest_threads.timeout_wake count=1
[LOADER][INFO] Pumping guest thread 'AssetGarbageCollectorHelper' reason=dispatcher resume=0x000000080A821799
[LOADER][INFO] Guest thread yield at import#5144: nid=04AjkP0jO9U ret=0x000000080A821799 reason=_umtx_op_wait
[LOADER][INFO] Guest thread 'AssetGarbageCollectorHelper' state=Blocked reason=_umtx_op_wait
[LOADER][INFO] Guest thread yield at import#127528: nid=Zxa0VhQVTsk ret=0x0000000804FFBA0E reason=sceKernelWaitSema
[LOADER][INFO] Guest thread 'Thread-20D9F281060' state=Blocked reason=sceKernelWaitSema
[LOADER][INFO] guest_threads.timeout_wake count=1
[LOADER][INFO] Pumping guest thread 'AssetGarbageCollectorHelper' reason=ready-dispatch resume=0x000000080A821799
[LOADER][INFO] Guest thread yield at import#5399: nid=04AjkP0jO9U ret=0x000000080A821799 reason=_umtx_op_wait
[LOADER][INFO] Guest thread 'AssetGarbageCollectorHelper' state=Blocked reason=_umtx_op_wait
[LOADER][INFO] guest_threads.timeout_wake count=5
[LOADER][INFO] Pumping guest thread 'AssetGarbageCollectorHelper' reason=dispatcher resume=0x000000080A821799
[LOADER][INFO] Pumping guest thread 'AssetGarbageCollectorHelper' reason=dispatcher resume=0x000000080A821799
[LOADER][INFO] Pumping guest thread 'AssetGarbageCollectorHelper' reason=dispatcher resume=0x000000080A821799
[LOADER][INFO] Pumping guest thread 'AssetGarbageCollectorHelper' reason=dispatcher resume=0x000000080A821799
[LOADER][INFO] Pumping guest thread 'AssetGarbageCollectorHelper' reason=dispatcher resume=0x000000080A821799
[LOADER][INFO] Guest thread yield at import#5656: nid=04AjkP0jO9U ret=0x000000080A821799 reason=_umtx_op_wait
[LOADER][INFO] Guest thread yield at import#6936: nid=04AjkP0jO9U ret=0x000000080A821799 reason=_umtx_op_wait
[LOADER][INFO] Guest thread yield at import#5911: nid=04AjkP0jO9U ret=0x000000080A821799 reason=_umtx_op_wait
[LOADER][INFO] Guest thread yield at import#6679: nid=04AjkP0jO9U ret=0x000000080A821799 reason=_umtx_op_wait
[LOADER][INFO] Guest thread yield at import#6168: nid=04AjkP0jO9U ret=0x000000080A821799 reason=_umtx_op_wait
[LOADER][INFO] Guest thread 'AssetGarbageCollectorHelper' state=Blocked reason=_umtx_op_wait
[LOADER][INFO] Guest thread 'AssetGarbageCollectorHelper' state=Blocked reason=_umtx_op_wait
[LOADER][INFO] Guest thread 'AssetGarbageCollectorHelper' state=Blocked reason=_umtx_op_wait
[LOADER][INFO] Guest thread 'AssetGarbageCollectorHelper' state=Blocked reason=_umtx_op_wait
[LOADER][INFO] Guest thread 'AssetGarbageCollectorHelper' state=Blocked reason=_umtx_op_wait
[LOADER][INFO] guest_threads.timeout_wake count=2
[LOADER][INFO] Pumping guest thread 'AssetGarbageCollectorHelper' reason=dispatcher resume=0x000000080A821799
[LOADER][INFO] Pumping guest thread 'AssetGarbageCollectorHelper' reason=dispatcher resume=0x000000080A821799
[LOADER][INFO] Guest thread yield at import#7191: nid=04AjkP0jO9U ret=0x000000080A821799 reason=_umtx_op_wait
[LOADER][INFO] Guest thread yield at import#7448: nid=04AjkP0jO9U ret=0x000000080A821799 reason=_umtx_op_wait
[LOADER][INFO] Guest thread 'AssetGarbageCollectorHelper' state=Blocked reason=_umtx_op_wait
[LOADER][INFO] Guest thread 'AssetGarbageCollectorHelper' state=Blocked reason=_umtx_op_wait
[LOADER][INFO] guest_threads.timeout_wake count=1
[LOADER][INFO] Pumping guest thread 'AssetGarbageCollectorHelper' reason=ready-dispatch resume=0x000000080A821799
[LOADER][INFO] Guest thread yield at import#7703: nid=04AjkP0jO9U ret=0x000000080A821799 reason=_umtx_op_wait
[LOADER][INFO] Guest thread 'AssetGarbageCollectorHelper' state=Blocked reason=_umtx_op_wait
[LOADER][INFO] guest_threads.timeout_wake count=2
[LOADER][INFO] Pumping guest thread 'AssetGarbageCollectorHelper' reason=dispatcher resume=0x000000080A821799
[LOADER][INFO] Pumping guest thread 'AssetGarbageCollectorHelper' reason=dispatcher resume=0x000000080A821799
[LOADER][INFO] Guest thread yield at import#8215: nid=04AjkP0jO9U ret=0x000000080A821799 reason=_umtx_op_wait
[LOADER][INFO] Guest thread yield at import#7960: nid=04AjkP0jO9U ret=0x000000080A821799 reason=_umtx_op_wait
[LOADER][INFO] Guest thread 'AssetGarbageCollectorHelper' state=Blocked reason=_umtx_op_wait
[LOADER][INFO] Guest thread 'AssetGarbageCollectorHelper' state=Blocked reason=_umtx_op_wait
[LOADER][INFO] guest_threads.timeout_wake count=1
[LOADER][INFO] Pumping guest thread 'AssetGarbageCollectorHelper' reason=dispatcher resume=0x000000080A821799
[LOADER][INFO] Guest thread yield at import#8472: nid=04AjkP0jO9U ret=0x000000080A821799 reason=_umtx_op_wait
[LOADER][INFO] Guest thread 'AssetGarbageCollectorHelper' state=Blocked reason=_umtx_op_wait
[LOADER][INFO] guest_threads.timeout_wake count=1
[LOADER][INFO] Pumping guest thread 'AssetGarbageCollectorHelper' reason=ready-dispatch resume=0x000000080A821799
[LOADER][INFO] Guest thread yield at import#5145: nid=04AjkP0jO9U ret=0x000000080A821799 reason=_umtx_op_wait
[LOADER][INFO] Guest thread 'AssetGarbageCollectorHelper' state=Blocked reason=_umtx_op_wait
[LOADER][INFO] guest_threads.timeout_wake count=4
[LOADER][INFO] guest_threads.timeout_wake count=2
[LOADER][INFO] Pumping guest thread 'AssetGarbageCollectorHelper' reason=dispatcher resume=0x000000080A821799
[LOADER][INFO] Pumping guest thread 'AssetGarbageCollectorHelper' reason=dispatcher resume=0x000000080A821799
[LOADER][INFO] Pumping guest thread 'AssetGarbageCollectorHelper' reason=dispatcher resume=0x000000080A821799
[LOADER][INFO] Pumping guest thread 'AssetGarbageCollectorHelper' reason=dispatcher resume=0x000000080A821799
[LOADER][INFO] Guest thread yield at import#6169: nid=04AjkP0jO9U ret=0x000000080A821799 reason=_umtx_op_wait
[LOADER][INFO] Pumping guest thread 'AssetGarbageCollectorHelper' reason=dispatcher resume=0x000000080A821799
[LOADER][INFO] Guest thread yield at import#5400: nid=04AjkP0jO9U ret=0x000000080A821799 reason=_umtx_op_wait
[LOADER][INFO] Guest thread yield at import#5657: nid=04AjkP0jO9U ret=0x000000080A821799 reason=_umtx_op_wait
[LOADER][INFO] Guest thread yield at import#5912: nid=04AjkP0jO9U ret=0x000000080A821799 reason=_umtx_op_wait
[LOADER][INFO] Guest thread 'AssetGarbageCollectorHelper' state=Blocked reason=_umtx_op_wait
[LOADER][INFO] Guest thread 'AssetGarbageCollectorHelper' state=Blocked reason=_umtx_op_wait
[LOADER][INFO] Guest thread yield at import#6937: nid=04AjkP0jO9U ret=0x000000080A821799 reason=_umtx_op_wait
[LOADER][INFO] Guest thread 'AssetGarbageCollectorHelper' state=Blocked reason=_umtx_op_wait
[LOADER][INFO] Guest thread 'AssetGarbageCollectorHelper' state=Blocked reason=_umtx_op_wait
[LOADER][INFO] Pumping guest thread 'AssetGarbageCollectorHelper' reason=dispatcher resume=0x000000080A821799
[LOADER][INFO] Guest thread 'AssetGarbageCollectorHelper' state=Blocked reason=_umtx_op_wait
[LOADER][INFO] guest_threads.timeout_wake count=2
[LOADER][INFO] Guest thread yield at import#6680: nid=04AjkP0jO9U ret=0x000000080A821799 reason=_umtx_op_wait
[LOADER][INFO] Pumping guest thread 'AssetGarbageCollectorHelper' reason=ready-dispatch resume=0x000000080A821799
[LOADER][INFO] Pumping guest thread 'AssetGarbageCollectorHelper' reason=ready-dispatch resume=0x000000080A821799
[LOADER][INFO] Guest thread 'AssetGarbageCollectorHelper' state=Blocked reason=_umtx_op_wait
[LOADER][INFO] Guest thread yield at import#7192: nid=04AjkP0jO9U ret=0x000000080A821799 reason=_umtx_op_wait
[LOADER][INFO] Guest thread yield at import#7449: nid=04AjkP0jO9U ret=0x000000080A821799 reason=_umtx_op_wait
[LOADER][INFO] Guest thread 'AssetGarbageCollectorHelper' state=Blocked reason=_umtx_op_wait
[LOADER][INFO] Guest thread 'AssetGarbageCollectorHelper' state=Blocked reason=_umtx_op_wait
[LOADER][INFO] guest_threads.timeout_wake count=1
[LOADER][INFO] Pumping guest thread 'AssetGarbageCollectorHelper' reason=dispatcher resume=0x000000080A821799
[LOADER][INFO] Guest thread yield at import#7704: nid=04AjkP0jO9U ret=0x000000080A821799 reason=_umtx_op_wait
[LOADER][INFO] Guest thread 'AssetGarbageCollectorHelper' state=Blocked reason=_umtx_op_wait
[LOADER][INFO] guest_threads.timeout_wake count=2
[LOADER][INFO] Pumping guest thread 'AssetGarbageCollectorHelper' reason=dispatcher resume=0x000000080A821799
[LOADER][INFO] Pumping guest thread 'AssetGarbageCollectorHelper' reason=dispatcher resume=0x000000080A821799
[LOADER][INFO] Guest thread yield at import#8216: nid=04AjkP0jO9U ret=0x000000080A821799 reason=_umtx_op_wait
[LOADER][INFO] Guest thread yield at import#7961: nid=04AjkP0jO9U ret=0x000000080A821799 reason=_umtx_op_wait
[LOADER][INFO] Guest thread 'AssetGarbageCollectorHelper' state=Blocked reason=_umtx_op_wait
[LOADER][INFO] Guest thread 'AssetGarbageCollectorHelper' state=Blocked reason=_umtx_op_wait
[LOADER][INFO] guest_threads.timeout_wake count=1
[LOADER][INFO] Pumping guest thread 'AssetGarbageCollectorHelper' reason=ready-dispatch resume=0x000000080A821799
[LOADER][INFO] Guest thread yield at import#8473: nid=04AjkP0jO9U ret=0x000000080A821799 reason=_umtx_op_wait
[LOADER][INFO] Guest thread 'AssetGarbageCollectorHelper' state=Blocked reason=_umtx_op_wait
[LOADER][INFO] guest_threads.timeout_wake count=1
[LOADER][INFO] Pumping guest thread 'AssetGarbageCollectorHelper' reason=dispatcher resume=0x000000080A821799
[LOADER][INFO] Guest thread yield at import#5146: nid=04AjkP0jO9U ret=0x000000080A821799 reason=_umtx_op_wait
[LOADER][INFO] Guest thread 'AssetGarbageCollectorHelper' state=Blocked reason=_umtx_op_wait
[LOADER][INFO] guest_threads.timeout_wake count=4
[LOADER][INFO] guest_threads.timeout_wake count=1
[LOADER][INFO] Pumping guest thread 'AssetGarbageCollectorHelper' reason=dispatcher resume=0x000000080A821799
[LOADER][INFO] Guest thread yield at import#5658: nid=04AjkP0jO9U ret=0x000000080A821799 reason=_umtx_op_wait
[LOADER][INFO] Pumping guest thread 'AssetGarbageCollectorHelper' reason=dispatcher resume=0x000000080A821799
[LOADER][INFO] Pumping guest thread 'AssetGarbageCollectorHelper' reason=dispatcher resume=0x000000080A821799
[LOADER][INFO] Pumping guest thread 'AssetGarbageCollectorHelper' reason=dispatcher resume=0x000000080A821799
[LOADER][INFO] Pumping guest thread 'AssetGarbageCollectorHelper' reason=dispatcher resume=0x000000080A821799
[LOADER][INFO] Guest thread 'AssetGarbageCollectorHelper' state=Blocked reason=_umtx_op_wait
[LOADER][INFO] Guest thread yield at import#5401: nid=04AjkP0jO9U ret=0x000000080A821799 reason=_umtx_op_wait
[LOADER][INFO] Guest thread yield at import#6938: nid=04AjkP0jO9U ret=0x000000080A821799 reason=_umtx_op_wait
[LOADER][INFO] Guest thread yield at import#5913: nid=04AjkP0jO9U ret=0x000000080A821799 reason=_umtx_op_wait
[LOADER][INFO] Guest thread yield at import#6170: nid=04AjkP0jO9U ret=0x000000080A821799 reason=_umtx_op_wait
[LOADER][INFO] Guest thread 'AssetGarbageCollectorHelper' state=Blocked reason=_umtx_op_wait
[LOADER][INFO] Guest thread 'AssetGarbageCollectorHelper' state=Blocked reason=_umtx_op_wait
[LOADER][INFO] Guest thread 'AssetGarbageCollectorHelper' state=Blocked reason=_umtx_op_wait
[LOADER][INFO] Guest thread 'AssetGarbageCollectorHelper' state=Blocked reason=_umtx_op_wait
[LOADER][INFO] guest_threads.timeout_wake count=2
[LOADER][INFO] Pumping guest thread 'AssetGarbageCollectorHelper' reason=ready-dispatch resume=0x000000080A821799
[LOADER][INFO] Pumping guest thread 'AssetGarbageCollectorHelper' reason=ready-dispatch resume=0x000000080A821799
[LOADER][INFO] Guest thread yield at import#7193: nid=04AjkP0jO9U ret=0x000000080A821799 reason=_umtx_op_wait
[LOADER][INFO] Guest thread yield at import#6681: nid=04AjkP0jO9U ret=0x000000080A821799 reason=_umtx_op_wait
[LOADER][INFO] Guest thread 'AssetGarbageCollectorHelper' state=Blocked reason=_umtx_op_wait
[LOADER][INFO] Guest thread 'AssetGarbageCollectorHelper' state=Blocked reason=_umtx_op_wait
[LOADER][INFO] guest_threads.timeout_wake count=2
[LOADER][INFO] guest_threads.timeout_wake count=2
[LOADER][INFO] Pumping guest thread 'AssetGarbageCollectorHelper' reason=dispatcher resume=0x000000080A821799
[LOADER][INFO] Pumping guest thread 'AssetGarbageCollectorHelper' reason=dispatcher resume=0x000000080A821799
[LOADER][INFO] Pumping guest thread 'AssetGarbageCollectorHelper' reason=dispatcher resume=0x000000080A821799
[LOADER][INFO] Pumping guest thread 'AssetGarbageCollectorHelper' reason=dispatcher resume=0x000000080A821799
[LOADER][INFO] Guest thread yield at import#7450: nid=04AjkP0jO9U ret=0x000000080A821799 reason=_umtx_op_wait
[LOADER][INFO] Guest thread yield at import#8217: nid=04AjkP0jO9U ret=0x000000080A821799 reason=_umtx_op_wait
[LOADER][INFO] Guest thread yield at import#7962: nid=04AjkP0jO9U ret=0x000000080A821799 reason=_umtx_op_wait
[LOADER][INFO] Guest thread yield at import#7705: nid=04AjkP0jO9U ret=0x000000080A821799 reason=_umtx_op_wait
[LOADER][INFO] Guest thread 'AssetGarbageCollectorHelper' state=Blocked reason=_umtx_op_wait
[LOADER][INFO] guest_threads.timeout_wake count=1
[LOADER][INFO] Guest thread 'AssetGarbageCollectorHelper' state=Blocked reason=_umtx_op_wait
[LOADER][INFO] Guest thread 'AssetGarbageCollectorHelper' state=Blocked reason=_umtx_op_wait
[LOADER][INFO] Guest thread 'AssetGarbageCollectorHelper' state=Blocked reason=_umtx_op_wait
[LOADER][INFO] Pumping guest thread 'AssetGarbageCollectorHelper' reason=ready-dispatch resume=0x000000080A821799
[LOADER][INFO] Guest thread yield at import#8474: nid=04AjkP0jO9U ret=0x000000080A821799 reason=_umtx_op_wait
[LOADER][INFO] Guest thread 'AssetGarbageCollectorHelper' state=Blocked reason=_umtx_op_wait
[LOADER][INFO] guest_threads.timeout_wake count=1
[LOADER][INFO] Pumping guest thread 'AssetGarbageCollectorHelper' reason=ready-dispatch resume=0x000000080A821799
[LOADER][INFO] Guest thread yield at import#5147: nid=04AjkP0jO9U ret=0x000000080A821799 reason=_umtx_op_wait
[LOADER][INFO] Guest thread 'AssetGarbageCollectorHelper' state=Blocked reason=_umtx_op_wait
[LOADER][INFO] guest_threads.timeout_wake count=4
[LOADER][INFO] guest_threads.timeout_wake count=1
[LOADER][INFO] Pumping guest thread 'AssetGarbageCollectorHelper' reason=dispatcher resume=0x000000080A821799
[LOADER][INFO] Pumping guest thread 'AssetGarbageCollectorHelper' reason=dispatcher resume=0x000000080A821799
[LOADER][INFO] Pumping guest thread 'AssetGarbageCollectorHelper' reason=dispatcher resume=0x000000080A821799
[LOADER][INFO] Pumping guest thread 'AssetGarbageCollectorHelper' reason=dispatcher resume=0x000000080A821799
[LOADER][INFO] Pumping guest thread 'AssetGarbageCollectorHelper' reason=dispatcher resume=0x000000080A821799
[LOADER][INFO] Guest thread yield at import#6939: nid=04AjkP0jO9U ret=0x000000080A821799 reason=_umtx_op_wait
[LOADER][INFO] Guest thread yield at import#5402: nid=04AjkP0jO9U ret=0x000000080A821799 reason=_umtx_op_wait
[LOADER][INFO] Guest thread yield at import#5914: nid=04AjkP0jO9U ret=0x000000080A821799 reason=_umtx_op_wait
[LOADER][INFO] Guest thread yield at import#6171: nid=04AjkP0jO9U ret=0x000000080A821799 reason=_umtx_op_wait
[LOADER][INFO] Guest thread yield at import#5659: nid=04AjkP0jO9U ret=0x000000080A821799 reason=_umtx_op_wait
[LOADER][INFO] Guest thread 'AssetGarbageCollectorHelper' state=Blocked reason=_umtx_op_wait
[LOADER][INFO] Guest thread 'AssetGarbageCollectorHelper' state=Blocked reason=_umtx_op_wait
[LOADER][INFO] Guest thread 'AssetGarbageCollectorHelper' state=Blocked reason=_umtx_op_wait
[LOADER][INFO] Guest thread 'AssetGarbageCollectorHelper' state=Blocked reason=_umtx_op_wait
[LOADER][INFO] Guest thread 'AssetGarbageCollectorHelper' state=Blocked reason=_umtx_op_wait
[LOADER][INFO] guest_threads.timeout_wake count=2
[LOADER][INFO] Pumping guest thread 'AssetGarbageCollectorHelper' reason=dispatcher resume=0x000000080A821799
[LOADER][INFO] Pumping guest thread 'AssetGarbageCollectorHelper' reason=dispatcher resume=0x000000080A821799
[LOADER][INFO] Guest thread yield at import#7194: nid=04AjkP0jO9U ret=0x000000080A821799 reason=_umtx_op_wait
[LOADER][INFO] Guest thread yield at import#6682: nid=04AjkP0jO9U ret=0x000000080A821799 reason=_umtx_op_wait
[LOADER][INFO] Guest thread 'AssetGarbageCollectorHelper' state=Blocked reason=_umtx_op_wait
[LOADER][INFO] Guest thread 'AssetGarbageCollectorHelper' state=Blocked reason=_umtx_op_wait
[LOADER][INFO] guest_threads.timeout_wake count=2
[LOADER][INFO] Pumping guest thread 'AssetGarbageCollectorHelper' reason=ready-dispatch resume=0x000000080A821799
[LOADER][INFO] Pumping guest thread 'AssetGarbageCollectorHelper' reason=ready-dispatch resume=0x000000080A821799
[LOADER][INFO] Guest thread yield at import#7451: nid=04AjkP0jO9U ret=0x000000080A821799 reason=_umtx_op_wait
[LOADER][INFO] Guest thread 'AssetGarbageCollectorHelper' state=Blocked reason=_umtx_op_wait
[LOADER][INFO] guest_threads.timeout_wake count=2
[LOADER][INFO] Guest thread yield at import#8218: nid=04AjkP0jO9U ret=0x000000080A821799 reason=_umtx_op_wait
[LOADER][INFO] Pumping guest thread 'AssetGarbageCollectorHelper' reason=dispatcher resume=0x000000080A821799
[LOADER][INFO] Pumping guest thread 'AssetGarbageCollectorHelper' reason=dispatcher resume=0x000000080A821799
[LOADER][INFO] Guest thread 'AssetGarbageCollectorHelper' state=Blocked reason=_umtx_op_wait
[LOADER][INFO] Guest thread yield at import#7963: nid=04AjkP0jO9U ret=0x000000080A821799 reason=_umtx_op_wait
[LOADER][INFO] Guest thread yield at import#7706: nid=04AjkP0jO9U ret=0x000000080A821799 reason=_umtx_op_wait
[LOADER][INFO] Guest thread 'AssetGarbageCollectorHelper' state=Blocked reason=_umtx_op_wait
[LOADER][INFO] Guest thread 'AssetGarbageCollectorHelper' state=Blocked reason=_umtx_op_wait
[LOADER][INFO] guest_threads.timeout_wake count=1
[LOADER][INFO] Pumping guest thread 'AssetGarbageCollectorHelper' reason=dispatcher resume=0x000000080A821799
[LOADER][INFO] Guest thread yield at import#8475: nid=04AjkP0jO9U ret=0x000000080A821799 reason=_umtx_op_wait
[LOADER][INFO] Guest thread 'AssetGarbageCollectorHelper' state=Blocked reason=_umtx_op_wait
[LOADER][INFO] guest_threads.timeout_wake count=1
[LOADER][INFO] Pumping guest thread 'AssetGarbageCollectorHelper' reason=dispatcher resume=0x000000080A821799
[LOADER][INFO] Guest thread yield at import#5148: nid=04AjkP0jO9U ret=0x000000080A821799 reason=_umtx_op_wait
[LOADER][INFO] Guest thread 'AssetGarbageCollectorHelper' state=Blocked reason=_umtx_op_wait
[LOADER][INFO] guest_threads.timeout_wake count=1
[LOADER][INFO] guest_threads.timeout_wake count=2
[LOADER][INFO] Pumping guest thread 'AssetGarbageCollectorHelper' reason=dispatcher resume=0x000000080A821799
[LOADER][INFO] Pumping guest thread 'AssetGarbageCollectorHelper' reason=dispatcher resume=0x000000080A821799
[LOADER][INFO] Pumping guest thread 'AssetGarbageCollectorHelper' reason=dispatcher resume=0x000000080A821799
[LOADER][INFO] Guest thread yield at import#6940: nid=04AjkP0jO9U ret=0x000000080A821799 reason=_umtx_op_wait
[LOADER][INFO] Guest thread yield at import#5403: nid=04AjkP0jO9U ret=0x000000080A821799 reason=_umtx_op_wait
[LOADER][INFO] Guest thread yield at import#5915: nid=04AjkP0jO9U ret=0x000000080A821799 reason=_umtx_op_wait
[LOADER][INFO] Guest thread 'AssetGarbageCollectorHelper' state=Blocked reason=_umtx_op_wait
[LOADER][INFO] Guest thread 'AssetGarbageCollectorHelper' state=Blocked reason=_umtx_op_wait
[LOADER][INFO] Guest thread 'AssetGarbageCollectorHelper' state=Blocked reason=_umtx_op_wait
[LOADER][INFO] guest_threads.timeout_wake count=2
[LOADER][INFO] Pumping guest thread 'AssetGarbageCollectorHelper' reason=ready-dispatch resume=0x000000080A821799
[LOADER][INFO] Pumping guest thread 'AssetGarbageCollectorHelper' reason=ready-dispatch resume=0x000000080A821799
[LOADER][INFO] Guest thread yield at import#6172: nid=04AjkP0jO9U ret=0x000000080A821799 reason=_umtx_op_wait
[LOADER][INFO] Guest thread yield at import#5660: nid=04AjkP0jO9U ret=0x000000080A821799 reason=_umtx_op_wait
[LOADER][INFO] Guest thread 'AssetGarbageCollectorHelper' state=Blocked reason=_umtx_op_wait
[LOADER][INFO] Guest thread 'AssetGarbageCollectorHelper' state=Blocked reason=_umtx_op_wait
[LOADER][INFO] guest_threads.timeout_wake count=2
[LOADER][INFO] Pumping guest thread 'AssetGarbageCollectorHelper' reason=dispatcher resume=0x000000080A821799
[LOADER][INFO] Pumping guest thread 'AssetGarbageCollectorHelper' reason=dispatcher resume=0x000000080A821799
[LOADER][INFO] Guest thread yield at import#6683: nid=04AjkP0jO9U ret=0x000000080A821799 reason=_umtx_op_wait
[LOADER][INFO] Guest thread yield at import#7195: nid=04AjkP0jO9U ret=0x000000080A821799 reason=_umtx_op_wait
[LOADER][INFO] Guest thread 'AssetGarbageCollectorHelper' state=Blocked reason=_umtx_op_wait
[LOADER][INFO] Guest thread 'AssetGarbageCollectorHelper' state=Blocked reason=_umtx_op_wait
[LOADER][INFO] guest_threads.timeout_wake count=2
[LOADER][INFO] Pumping guest thread 'AssetGarbageCollectorHelper' reason=ready-dispatch resume=0x000000080A821799
[LOADER][INFO] Pumping guest thread 'AssetGarbageCollectorHelper' reason=ready-dispatch resume=0x000000080A821799
[LOADER][INFO] Guest thread yield at import#7452: nid=04AjkP0jO9U ret=0x000000080A821799 reason=_umtx_op_wait
[LOADER][INFO] Guest thread yield at import#8219: nid=04AjkP0jO9U ret=0x000000080A821799 reason=_umtx_op_wait
[LOADER][INFO] Guest thread 'AssetGarbageCollectorHelper' state=Blocked reason=_umtx_op_wait
[LOADER][INFO] Guest thread 'AssetGarbageCollectorHelper' state=Blocked reason=_umtx_op_wait
[LOADER][INFO] guest_threads.timeout_wake count=3
[LOADER][INFO] Pumping guest thread 'AssetGarbageCollectorHelper' reason=ready-dispatch resume=0x000000080A821799
[LOADER][INFO] Pumping guest thread 'AssetGarbageCollectorHelper' reason=ready-dispatch resume=0x000000080A821799
[LOADER][INFO] Pumping guest thread 'AssetGarbageCollectorHelper' reason=ready-dispatch resume=0x000000080A821799
[LOADER][INFO] Guest thread yield at import#7707: nid=04AjkP0jO9U ret=0x000000080A821799 reason=_umtx_op_wait
[LOADER][INFO] Guest thread yield at import#8476: nid=04AjkP0jO9U ret=0x000000080A821799 reason=_umtx_op_wait
[LOADER][INFO] Guest thread yield at import#7964: nid=04AjkP0jO9U ret=0x000000080A821799 reason=_umtx_op_wait
[LOADER][INFO] Guest thread 'AssetGarbageCollectorHelper' state=Blocked reason=_umtx_op_wait
[LOADER][INFO] Guest thread 'AssetGarbageCollectorHelper' state=Blocked reason=_umtx_op_wait
[LOADER][INFO] Guest thread 'AssetGarbageCollectorHelper' state=Blocked reason=_umtx_op_wait
[LOADER][INFO] guest_threads.timeout_wake count=1
[LOADER][INFO] Pumping guest thread 'AssetGarbageCollectorHelper' reason=ready-dispatch resume=0x000000080A821799
[LOADER][INFO] Guest thread yield at import#5149: nid=04AjkP0jO9U ret=0x000000080A821799 reason=_umtx_op_wait
[LOADER][INFO] Guest thread 'AssetGarbageCollectorHelper' state=Blocked reason=_umtx_op_wait
[LOADER][INFO] guest_threads.timeout_wake count=3
[LOADER][INFO] Pumping guest thread 'AssetGarbageCollectorHelper' reason=dispatcher resume=0x000000080A821799
[LOADER][INFO] Pumping guest thread 'AssetGarbageCollectorHelper' reason=dispatcher resume=0x000000080A821799
[LOADER][INFO] Pumping guest thread 'AssetGarbageCollectorHelper' reason=dispatcher resume=0x000000080A821799
[LOADER][INFO] Guest thread yield at import#5916: nid=04AjkP0jO9U ret=0x000000080A821799 reason=_umtx_op_wait
[LOADER][INFO] Guest thread yield at import#5404: nid=04AjkP0jO9U ret=0x000000080A821799 reason=_umtx_op_wait
[LOADER][INFO] Guest thread 'AssetGarbageCollectorHelper' state=Blocked reason=_umtx_op_wait
[LOADER][INFO] Guest thread 'AssetGarbageCollectorHelper' state=Blocked reason=_umtx_op_wait
[LOADER][INFO] Guest thread yield at import#6941: nid=04AjkP0jO9U ret=0x000000080A821799 reason=_umtx_op_wait
[LOADER][INFO] Guest thread 'AssetGarbageCollectorHelper' state=Blocked reason=_umtx_op_wait
[LOADER][INFO] guest_threads.timeout_wake count=2
[LOADER][INFO] Pumping guest thread 'AssetGarbageCollectorHelper' reason=dispatcher resume=0x000000080A821799
[LOADER][INFO] Pumping guest thread 'AssetGarbageCollectorHelper' reason=dispatcher resume=0x000000080A821799
[LOADER][INFO] Guest thread yield at import#5661: nid=04AjkP0jO9U ret=0x000000080A821799 reason=_umtx_op_wait
[LOADER][INFO] Guest thread yield at import#6173: nid=04AjkP0jO9U ret=0x000000080A821799 reason=_umtx_op_wait
[LOADER][INFO] Guest thread 'AssetGarbageCollectorHelper' state=Blocked reason=_umtx_op_wait
[LOADER][INFO] Guest thread 'AssetGarbageCollectorHelper' state=Blocked reason=_umtx_op_wait
[LOADER][INFO] guest_threads.timeout_wake count=1
[LOADER][INFO] guest_threads.timeout_wake count=1
[LOADER][INFO] Pumping guest thread 'AssetGarbageCollectorHelper' reason=dispatcher resume=0x000000080A821799
[LOADER][INFO] Pumping guest thread 'AssetGarbageCollectorHelper' reason=dispatcher resume=0x000000080A821799
[LOADER][INFO] Guest thread yield at import#6684: nid=04AjkP0jO9U ret=0x000000080A821799 reason=_umtx_op_wait
[LOADER][INFO] Guest thread yield at import#7196: nid=04AjkP0jO9U ret=0x000000080A821799 reason=_umtx_op_wait
[LOADER][INFO] Guest thread 'AssetGarbageCollectorHelper' state=Blocked reason=_umtx_op_wait
[LOADER][INFO] Guest thread 'AssetGarbageCollectorHelper' state=Blocked reason=_umtx_op_wait
[LOADER][INFO] guest_threads.timeout_wake count=2
[LOADER][INFO] Pumping guest thread 'AssetGarbageCollectorHelper' reason=ready-dispatch resume=0x000000080A821799
[LOADER][INFO] Pumping guest thread 'AssetGarbageCollectorHelper' reason=ready-dispatch resume=0x000000080A821799
[LOADER][INFO] Guest thread yield at import#7453: nid=04AjkP0jO9U ret=0x000000080A821799 reason=_umtx_op_wait
[LOADER][INFO] Guest thread yield at import#8220: nid=04AjkP0jO9U ret=0x000000080A821799 reason=_umtx_op_wait
[LOADER][INFO] Guest thread 'AssetGarbageCollectorHelper' state=Blocked reason=_umtx_op_wait
[LOADER][INFO] Guest thread 'AssetGarbageCollectorHelper' state=Blocked reason=_umtx_op_wait
[LOADER][INFO] guest_threads.timeout_wake count=3
[LOADER][INFO] Pumping guest thread 'AssetGarbageCollectorHelper' reason=dispatcher resume=0x000000080A821799
[LOADER][INFO] Pumping guest thread 'AssetGarbageCollectorHelper' reason=dispatcher resume=0x000000080A821799
[LOADER][INFO] Pumping guest thread 'AssetGarbageCollectorHelper' reason=dispatcher resume=0x000000080A821799
[LOADER][INFO] Guest thread yield at import#7708: nid=04AjkP0jO9U ret=0x000000080A821799 reason=_umtx_op_wait
[LOADER][INFO] Guest thread yield at import#7965: nid=04AjkP0jO9U ret=0x000000080A821799 reason=_umtx_op_wait
[LOADER][INFO] Guest thread yield at import#8477: nid=04AjkP0jO9U ret=0x000000080A821799 reason=_umtx_op_wait
[LOADER][INFO] Guest thread 'AssetGarbageCollectorHelper' state=Blocked reason=_umtx_op_wait
[LOADER][INFO] Guest thread 'AssetGarbageCollectorHelper' state=Blocked reason=_umtx_op_wait
[LOADER][INFO] Guest thread 'AssetGarbageCollectorHelper' state=Blocked reason=_umtx_op_wait
[LOADER][INFO] guest_threads.timeout_wake count=1
[LOADER][INFO] Pumping guest thread 'AssetGarbageCollectorHelper' reason=ready-dispatch resume=0x000000080A821799
[LOADER][INFO] Guest thread yield at import#5150: nid=04AjkP0jO9U ret=0x000000080A821799 reason=_umtx_op_wait
[LOADER][INFO] Guest thread 'AssetGarbageCollectorHelper' state=Blocked reason=_umtx_op_wait
[LOADER][INFO] guest_threads.timeout_wake count=3
[LOADER][INFO] Pumping guest thread 'AssetGarbageCollectorHelper' reason=ready-dispatch resume=0x000000080A821799
[LOADER][INFO] Pumping guest thread 'AssetGarbageCollectorHelper' reason=ready-dispatch resume=0x000000080A821799
[LOADER][INFO] Pumping guest thread 'AssetGarbageCollectorHelper' reason=ready-dispatch resume=0x000000080A821799
[LOADER][INFO] Guest thread yield at import#6942: nid=04AjkP0jO9U ret=0x000000080A821799 reason=_umtx_op_wait
[LOADER][INFO] Guest thread yield at import#5405: nid=04AjkP0jO9U ret=0x000000080A821799 reason=_umtx_op_wait
[LOADER][INFO] Guest thread yield at import#5917: nid=04AjkP0jO9U ret=0x000000080A821799 reason=_umtx_op_wait
[LOADER][INFO] Guest thread 'AssetGarbageCollectorHelper' state=Blocked reason=_umtx_op_wait
[LOADER][INFO] Guest thread 'AssetGarbageCollectorHelper' state=Blocked reason=_umtx_op_wait
[LOADER][INFO] guest_threads.timeout_wake count=2
[LOADER][INFO] Pumping guest thread 'AssetGarbageCollectorHelper' reason=ready-dispatch resume=0x000000080A821799
[LOADER][INFO] Pumping guest thread 'AssetGarbageCollectorHelper' reason=ready-dispatch resume=0x000000080A821799
[LOADER][INFO] Guest thread 'AssetGarbageCollectorHelper' state=Blocked reason=_umtx_op_wait
[LOADER][INFO] Guest thread yield at import#5662: nid=04AjkP0jO9U ret=0x000000080A821799 reason=_umtx_op_wait
[LOADER][INFO] Guest thread yield at import#6174: nid=04AjkP0jO9U ret=0x000000080A821799 reason=_umtx_op_wait
[LOADER][INFO] Guest thread 'AssetGarbageCollectorHelper' state=Blocked reason=_umtx_op_wait
[LOADER][INFO] guest_threads.timeout_wake count=2
[LOADER][INFO] Pumping guest thread 'AssetGarbageCollectorHelper' reason=ready-dispatch resume=0x000000080A821799
[LOADER][INFO] Guest thread 'AssetGarbageCollectorHelper' state=Blocked reason=_umtx_op_wait
[LOADER][INFO] Pumping guest thread 'AssetGarbageCollectorHelper' reason=ready-dispatch resume=0x000000080A821799
[LOADER][INFO] Guest thread yield at import#6685: nid=04AjkP0jO9U ret=0x000000080A821799 reason=_umtx_op_wait
[LOADER][INFO] Guest thread yield at import#7197: nid=04AjkP0jO9U ret=0x000000080A821799 reason=_umtx_op_wait
[LOADER][INFO] Guest thread 'AssetGarbageCollectorHelper' state=Blocked reason=_umtx_op_wait
[LOADER][INFO] Guest thread 'AssetGarbageCollectorHelper' state=Blocked reason=_umtx_op_wait
[LOADER][INFO] guest_threads.timeout_wake count=2
[LOADER][INFO] Pumping guest thread 'AssetGarbageCollectorHelper' reason=ready-dispatch resume=0x000000080A821799
[LOADER][INFO] Pumping guest thread 'AssetGarbageCollectorHelper' reason=ready-dispatch resume=0x000000080A821799
[LOADER][INFO] Guest thread yield at import#7454: nid=04AjkP0jO9U ret=0x000000080A821799 reason=_umtx_op_wait
[LOADER][INFO] Guest thread yield at import#8221: nid=04AjkP0jO9U ret=0x000000080A821799 reason=_umtx_op_wait
[LOADER][INFO] Guest thread 'AssetGarbageCollectorHelper' state=Blocked reason=_umtx_op_wait
[LOADER][INFO] Guest thread 'AssetGarbageCollectorHelper' state=Blocked reason=_umtx_op_wait
[LOADER][INFO] guest_threads.timeout_wake count=1
[LOADER][INFO] guest_threads.timeout_wake count=2
[LOADER][INFO] Pumping guest thread 'AssetGarbageCollectorHelper' reason=ready-dispatch resume=0x000000080A821799
[LOADER][INFO] Guest thread yield at import#8478: nid=04AjkP0jO9U ret=0x000000080A821799 reason=_umtx_op_wait
[LOADER][INFO] Pumping guest thread 'AssetGarbageCollectorHelper' reason=ready-dispatch resume=0x000000080A821799
[LOADER][INFO] Pumping guest thread 'AssetGarbageCollectorHelper' reason=ready-dispatch resume=0x000000080A821799
[LOADER][INFO] Guest thread 'AssetGarbageCollectorHelper' state=Blocked reason=_umtx_op_wait
[LOADER][INFO] Guest thread yield at import#7966: nid=04AjkP0jO9U ret=0x000000080A821799 reason=_umtx_op_wait
[LOADER][INFO] Guest thread 'AssetGarbageCollectorHelper' state=Blocked reason=_umtx_op_wait
[LOADER][INFO] Guest thread yield at import#7709: nid=04AjkP0jO9U ret=0x000000080A821799 reason=_umtx_op_wait
[LOADER][INFO] Guest thread 'AssetGarbageCollectorHelper' state=Blocked reason=_umtx_op_wait
[LOADER][INFO] guest_threads.timeout_wake count=1
[LOADER][INFO] Pumping guest thread 'AssetGarbageCollectorHelper' reason=ready-dispatch resume=0x000000080A821799
[LOADER][INFO] Guest thread yield at import#5151: nid=04AjkP0jO9U ret=0x000000080A821799 reason=_umtx_op_wait
[LOADER][INFO] Guest thread 'AssetGarbageCollectorHelper' state=Blocked reason=_umtx_op_wait
[LOADER][INFO] guest_threads.timeout_wake count=3
[LOADER][INFO] Pumping guest thread 'AssetGarbageCollectorHelper' reason=ready-dispatch resume=0x000000080A821799
[LOADER][INFO] Pumping guest thread 'AssetGarbageCollectorHelper' reason=ready-dispatch resume=0x000000080A821799
[LOADER][INFO] Pumping guest thread 'AssetGarbageCollectorHelper' reason=ready-dispatch resume=0x000000080A821799
[LOADER][INFO] Guest thread yield at import#5406: nid=04AjkP0jO9U ret=0x000000080A821799 reason=_umtx_op_wait
[LOADER][INFO] Guest thread yield at import#5918: nid=04AjkP0jO9U ret=0x000000080A821799 reason=_umtx_op_wait
[LOADER][INFO] Guest thread yield at import#6943: nid=04AjkP0jO9U ret=0x000000080A821799 reason=_umtx_op_wait
[LOADER][INFO] Guest thread 'AssetGarbageCollectorHelper' state=Blocked reason=_umtx_op_wait
[LOADER][INFO] Guest thread 'AssetGarbageCollectorHelper' state=Blocked reason=_umtx_op_wait
[LOADER][INFO] Guest thread 'AssetGarbageCollectorHelper' state=Blocked reason=_umtx_op_wait
[LOADER][INFO] guest_threads.timeout_wake count=2
[LOADER][INFO] Pumping guest thread 'AssetGarbageCollectorHelper' reason=dispatcher resume=0x000000080A821799
[LOADER][INFO] Pumping guest thread 'AssetGarbageCollectorHelper' reason=dispatcher resume=0x000000080A821799
[LOADER][INFO] Guest thread yield at import#6175: nid=04AjkP0jO9U ret=0x000000080A821799 reason=_umtx_op_wait
[LOADER][INFO] Guest thread yield at import#5663: nid=04AjkP0jO9U ret=0x000000080A821799 reason=_umtx_op_wait
[LOADER][INFO] Guest thread 'AssetGarbageCollectorHelper' state=Blocked reason=_umtx_op_wait
[LOADER][INFO] Guest thread 'AssetGarbageCollectorHelper' state=Blocked reason=_umtx_op_wait
[LOADER][INFO] guest_threads.timeout_wake count=2
[LOADER][INFO] Pumping guest thread 'AssetGarbageCollectorHelper' reason=dispatcher resume=0x000000080A821799
[LOADER][INFO] Pumping guest thread 'AssetGarbageCollectorHelper' reason=dispatcher resume=0x000000080A821799
[LOADER][INFO] Guest thread yield at import#6686: nid=04AjkP0jO9U ret=0x000000080A821799 reason=_umtx_op_wait
[LOADER][INFO] Guest thread yield at import#7198: nid=04AjkP0jO9U ret=0x000000080A821799 reason=_umtx_op_wait
[LOADER][INFO] Guest thread 'AssetGarbageCollectorHelper' state=Blocked reason=_umtx_op_wait
[LOADER][INFO] Guest thread 'AssetGarbageCollectorHelper' state=Blocked reason=_umtx_op_wait
[LOADER][INFO] guest_threads.timeout_wake count=2
[LOADER][INFO] Pumping guest thread 'AssetGarbageCollectorHelper' reason=dispatcher resume=0x000000080A821799
[LOADER][INFO] Pumping guest thread 'AssetGarbageCollectorHelper' reason=dispatcher resume=0x000000080A821799
[LOADER][INFO] Guest thread yield at import#7455: nid=04AjkP0jO9U ret=0x000000080A821799 reason=_umtx_op_wait
[LOADER][INFO] Guest thread yield at import#8222: nid=04AjkP0jO9U ret=0x000000080A821799 reason=_umtx_op_wait
[LOADER][INFO] Guest thread 'AssetGarbageCollectorHelper' state=Blocked reason=_umtx_op_wait
[LOADER][INFO] Guest thread 'AssetGarbageCollectorHelper' state=Blocked reason=_umtx_op_wait
[LOADER][INFO] guest_threads.timeout_wake count=3
[LOADER][INFO] Pumping guest thread 'AssetGarbageCollectorHelper' reason=ready-dispatch resume=0x000000080A821799
[LOADER][INFO] Pumping guest thread 'AssetGarbageCollectorHelper' reason=ready-dispatch resume=0x000000080A821799
[LOADER][INFO] Pumping guest thread 'AssetGarbageCollectorHelper' reason=ready-dispatch resume=0x000000080A821799
[LOADER][INFO] Guest thread yield at import#8479: nid=04AjkP0jO9U ret=0x000000080A821799 reason=_umtx_op_wait
[LOADER][INFO] Guest thread yield at import#7710: nid=04AjkP0jO9U ret=0x000000080A821799 reason=_umtx_op_wait
[LOADER][INFO] Guest thread yield at import#7967: nid=04AjkP0jO9U ret=0x000000080A821799 reason=_umtx_op_wait
[LOADER][INFO] Guest thread 'AssetGarbageCollectorHelper' state=Blocked reason=_umtx_op_wait
[LOADER][INFO] Guest thread 'AssetGarbageCollectorHelper' state=Blocked reason=_umtx_op_wait
[LOADER][INFO] Guest thread 'AssetGarbageCollectorHelper' state=Blocked reason=_umtx_op_wait
[LOADER][INFO] guest_threads.timeout_wake count=1
[LOADER][INFO] Pumping guest thread 'AssetGarbageCollectorHelper' reason=dispatcher resume=0x000000080A821799
[LOADER][INFO] Guest thread yield at import#5152: nid=04AjkP0jO9U ret=0x000000080A821799 reason=_umtx_op_wait
[LOADER][INFO] Guest thread 'AssetGarbageCollectorHelper' state=Blocked reason=_umtx_op_wait
[LOADER][INFO] guest_threads.timeout_wake count=3
[LOADER][INFO] Pumping guest thread 'AssetGarbageCollectorHelper' reason=dispatcher resume=0x000000080A821799
[LOADER][INFO] Pumping guest thread 'AssetGarbageCollectorHelper' reason=dispatcher resume=0x000000080A821799
[LOADER][INFO] Pumping guest thread 'AssetGarbageCollectorHelper' reason=dispatcher resume=0x000000080A821799
[LOADER][INFO] Guest thread yield at import#5919: nid=04AjkP0jO9U ret=0x000000080A821799 reason=_umtx_op_wait
[LOADER][INFO] Guest thread yield at import#5407: nid=04AjkP0jO9U ret=0x000000080A821799 reason=_umtx_op_wait
[LOADER][INFO] Guest thread yield at import#6944: nid=04AjkP0jO9U ret=0x000000080A821799 reason=_umtx_op_wait
[LOADER][INFO] Guest thread 'AssetGarbageCollectorHelper' state=Blocked reason=_umtx_op_wait
[LOADER][INFO] Guest thread 'AssetGarbageCollectorHelper' state=Blocked reason=_umtx_op_wait
[LOADER][INFO] Guest thread 'AssetGarbageCollectorHelper' state=Blocked reason=_umtx_op_wait
[LOADER][INFO] guest_threads.timeout_wake count=1
[LOADER][INFO] guest_threads.timeout_wake count=1
[LOADER][INFO] Pumping guest thread 'AssetGarbageCollectorHelper' reason=dispatcher resume=0x000000080A821799
[LOADER][INFO] Pumping guest thread 'AssetGarbageCollectorHelper' reason=dispatcher resume=0x000000080A821799
[LOADER][INFO] Guest thread yield at import#5664: nid=04AjkP0jO9U ret=0x000000080A821799 reason=_umtx_op_wait
[LOADER][INFO] Guest thread yield at import#6176: nid=04AjkP0jO9U ret=0x000000080A821799 reason=_umtx_op_wait
[LOADER][INFO] Guest thread 'AssetGarbageCollectorHelper' state=Blocked reason=_umtx_op_wait
[LOADER][INFO] Guest thread 'AssetGarbageCollectorHelper' state=Blocked reason=_umtx_op_wait
[LOADER][INFO] guest_threads.timeout_wake count=2
[LOADER][INFO] Pumping guest thread 'AssetGarbageCollectorHelper' reason=dispatcher resume=0x000000080A821799
[LOADER][INFO] Pumping guest thread 'AssetGarbageCollectorHelper' reason=dispatcher resume=0x000000080A821799
[LOADER][INFO] Guest thread yield at import#7199: nid=04AjkP0jO9U ret=0x000000080A821799 reason=_umtx_op_wait
[LOADER][INFO] Guest thread yield at import#6687: nid=04AjkP0jO9U ret=0x000000080A821799 reason=_umtx_op_wait
[LOADER][INFO] Guest thread 'AssetGarbageCollectorHelper' state=Blocked reason=_umtx_op_wait
[LOADER][INFO] Guest thread 'AssetGarbageCollectorHelper' state=Blocked reason=_umtx_op_wait
[LOADER][INFO] guest_threads.timeout_wake count=2
[LOADER][INFO] Pumping guest thread 'AssetGarbageCollectorHelper' reason=dispatcher resume=0x000000080A821799
[LOADER][INFO] Pumping guest thread 'AssetGarbageCollectorHelper' reason=dispatcher resume=0x000000080A821799
[LOADER][INFO] Guest thread yield at import#7456: nid=04AjkP0jO9U ret=0x000000080A821799 reason=_umtx_op_wait
[LOADER][INFO] Guest thread 'AssetGarbageCollectorHelper' state=Blocked reason=_umtx_op_wait
[LOADER][INFO] Guest thread yield at import#8223: nid=04AjkP0jO9U ret=0x000000080A821799 reason=_umtx_op_wait
[LOADER][INFO] Guest thread 'AssetGarbageCollectorHelper' state=Blocked reason=_umtx_op_wait
[LOADER][INFO] guest_threads.timeout_wake count=3
[LOADER][INFO] Pumping guest thread 'AssetGarbageCollectorHelper' reason=dispatcher resume=0x000000080A821799
[LOADER][INFO] Pumping guest thread 'AssetGarbageCollectorHelper' reason=dispatcher resume=0x000000080A821799
[LOADER][INFO] Pumping guest thread 'AssetGarbageCollectorHelper' reason=dispatcher resume=0x000000080A821799
[LOADER][INFO] Guest thread yield at import#7968: nid=04AjkP0jO9U ret=0x000000080A821799 reason=_umtx_op_wait
[LOADER][INFO] Guest thread yield at import#7711: nid=04AjkP0jO9U ret=0x000000080A821799 reason=_umtx_op_wait
[LOADER][INFO] Guest thread yield at import#8480: nid=04AjkP0jO9U ret=0x000000080A821799 reason=_umtx_op_wait
[LOADER][INFO] Guest thread 'AssetGarbageCollectorHelper' state=Blocked reason=_umtx_op_wait
[LOADER][INFO] Guest thread 'AssetGarbageCollectorHelper' state=Blocked reason=_umtx_op_wait
[LOADER][INFO] Guest thread 'AssetGarbageCollectorHelper' state=Blocked reason=_umtx_op_wait
[LOADER][INFO] guest_threads.timeout_wake count=1
[LOADER][INFO] Pumping guest thread 'AssetGarbageCollectorHelper' reason=dispatcher resume=0x000000080A821799
[LOADER][INFO] Guest thread yield at import#5153: nid=04AjkP0jO9U ret=0x000000080A821799 reason=_umtx_op_wait
[LOADER][INFO] Guest thread 'AssetGarbageCollectorHelper' state=Blocked reason=_umtx_op_wait
[LOADER][INFO] guest_threads.timeout_wake count=3
[LOADER][INFO] Pumping guest thread 'AssetGarbageCollectorHelper' reason=dispatcher resume=0x000000080A821799
[LOADER][INFO] Pumping guest thread 'AssetGarbageCollectorHelper' reason=dispatcher resume=0x000000080A821799
[LOADER][INFO] Pumping guest thread 'AssetGarbageCollectorHelper' reason=dispatcher resume=0x000000080A821799
[LOADER][INFO] Guest thread yield at import#5408: nid=04AjkP0jO9U ret=0x000000080A821799 reason=_umtx_op_wait
[LOADER][INFO] Guest thread yield at import#5920: nid=04AjkP0jO9U ret=0x000000080A821799 reason=_umtx_op_wait
[LOADER][INFO] Guest thread yield at import#6945: nid=04AjkP0jO9U ret=0x000000080A821799 reason=_umtx_op_wait
[LOADER][INFO] Guest thread 'AssetGarbageCollectorHelper' state=Blocked reason=_umtx_op_wait
[LOADER][INFO] Guest thread 'AssetGarbageCollectorHelper' state=Blocked reason=_umtx_op_wait
[LOADER][INFO] Guest thread 'AssetGarbageCollectorHelper' state=Blocked reason=_umtx_op_wait
[LOADER][INFO] guest_threads.timeout_wake count=2
[LOADER][INFO] Pumping guest thread 'AssetGarbageCollectorHelper' reason=ready-dispatch resume=0x000000080A821799
[LOADER][INFO] Pumping guest thread 'AssetGarbageCollectorHelper' reason=ready-dispatch resume=0x000000080A821799
[LOADER][INFO] Guest thread yield at import#5665: nid=04AjkP0jO9U ret=0x000000080A821799 reason=_umtx_op_wait
[LOADER][INFO] Guest thread yield at import#6177: nid=04AjkP0jO9U ret=0x000000080A821799 reason=_umtx_op_wait
[LOADER][INFO] Guest thread 'AssetGarbageCollectorHelper' state=Blocked reason=_umtx_op_wait
[LOADER][INFO] Guest thread 'AssetGarbageCollectorHelper' state=Blocked reason=_umtx_op_wait
[LOADER][INFO] guest_threads.timeout_wake count=2
[LOADER][INFO] Pumping guest thread 'AssetGarbageCollectorHelper' reason=dispatcher resume=0x000000080A821799
[LOADER][INFO] Pumping guest thread 'AssetGarbageCollectorHelper' reason=dispatcher resume=0x000000080A821799
[LOADER][INFO] Guest thread yield at import#7200: nid=04AjkP0jO9U ret=0x000000080A821799 reason=_umtx_op_wait
[LOADER][INFO] Guest thread 'AssetGarbageCollectorHelper' state=Blocked reason=_umtx_op_wait
[LOADER][INFO] Guest thread yield at import#6688: nid=04AjkP0jO9U ret=0x000000080A821799 reason=_umtx_op_wait
[LOADER][INFO] Guest thread 'AssetGarbageCollectorHelper' state=Blocked reason=_umtx_op_wait
[LOADER][INFO] guest_threads.timeout_wake count=2
[LOADER][INFO] Pumping guest thread 'AssetGarbageCollectorHelper' reason=dispatcher resume=0x000000080A821799
[LOADER][INFO] Pumping guest thread 'AssetGarbageCollectorHelper' reason=dispatcher resume=0x000000080A821799
[LOADER][INFO] Guest thread yield at import#8224: nid=04AjkP0jO9U ret=0x000000080A821799 reason=_umtx_op_wait
[LOADER][INFO] Guest thread yield at import#7457: nid=04AjkP0jO9U ret=0x000000080A821799 reason=_umtx_op_wait
[LOADER][INFO] Guest thread 'AssetGarbageCollectorHelper' state=Blocked reason=_umtx_op_wait
[LOADER][INFO] Guest thread 'AssetGarbageCollectorHelper' state=Blocked reason=_umtx_op_wait
[LOADER][INFO] guest_threads.timeout_wake count=3
[LOADER][INFO] Pumping guest thread 'AssetGarbageCollectorHelper' reason=dispatcher resume=0x000000080A821799
[LOADER][INFO] Pumping guest thread 'AssetGarbageCollectorHelper' reason=dispatcher resume=0x000000080A821799
[LOADER][INFO] Pumping guest thread 'AssetGarbageCollectorHelper' reason=dispatcher resume=0x000000080A821799
[LOADER][INFO] Guest thread yield at import#7712: nid=04AjkP0jO9U ret=0x000000080A821799 reason=_umtx_op_wait
[LOADER][INFO] Guest thread yield at import#7969: nid=04AjkP0jO9U ret=0x000000080A821799 reason=_umtx_op_wait
[LOADER][INFO] Guest thread yield at import#8481: nid=04AjkP0jO9U ret=0x000000080A821799 reason=_umtx_op_wait
[LOADER][INFO] Guest thread 'AssetGarbageCollectorHelper' state=Blocked reason=_umtx_op_wait
[LOADER][INFO] Guest thread 'AssetGarbageCollectorHelper' state=Blocked reason=_umtx_op_wait
[LOADER][INFO] Guest thread 'AssetGarbageCollectorHelper' state=Blocked reason=_umtx_op_wait
[LOADER][INFO] guest_threads.timeout_wake count=1
[LOADER][INFO] Pumping guest thread 'AssetGarbageCollectorHelper' reason=dispatcher resume=0x000000080A821799
[LOADER][INFO] Guest thread yield at import#5154: nid=04AjkP0jO9U ret=0x000000080A821799 reason=_umtx_op_wait
[LOADER][INFO] Guest thread 'AssetGarbageCollectorHelper' state=Blocked reason=_umtx_op_wait
[LOADER][INFO] guest_threads.timeout_wake count=3
[LOADER][INFO] Pumping guest thread 'AssetGarbageCollectorHelper' reason=dispatcher resume=0x000000080A821799
[LOADER][INFO] Pumping guest thread 'AssetGarbageCollectorHelper' reason=dispatcher resume=0x000000080A821799
[LOADER][INFO] Pumping guest thread 'AssetGarbageCollectorHelper' reason=dispatcher resume=0x000000080A821799
[LOADER][INFO] Guest thread yield at import#6946: nid=04AjkP0jO9U ret=0x000000080A821799 reason=_umtx_op_wait
[LOADER][INFO] Guest thread yield at import#5921: nid=04AjkP0jO9U ret=0x000000080A821799 reason=_umtx_op_wait
[LOADER][INFO] Guest thread yield at import#5409: nid=04AjkP0jO9U ret=0x000000080A821799 reason=_umtx_op_wait
[LOADER][INFO] Guest thread 'AssetGarbageCollectorHelper' state=Blocked reason=_umtx_op_wait
[LOADER][INFO] Guest thread 'AssetGarbageCollectorHelper' state=Blocked reason=_umtx_op_wait
[LOADER][INFO] Guest thread 'AssetGarbageCollectorHelper' state=Blocked reason=_umtx_op_wait
[LOADER][INFO] guest_threads.timeout_wake count=2
[LOADER][INFO] Pumping guest thread 'AssetGarbageCollectorHelper' reason=dispatcher resume=0x000000080A821799
[LOADER][INFO] Pumping guest thread 'AssetGarbageCollectorHelper' reason=dispatcher resume=0x000000080A821799
[LOADER][INFO] Guest thread yield at import#6178: nid=04AjkP0jO9U ret=0x000000080A821799 reason=_umtx_op_wait
[LOADER][INFO] Guest thread yield at import#5666: nid=04AjkP0jO9U ret=0x000000080A821799 reason=_umtx_op_wait
[LOADER][INFO] Guest thread 'AssetGarbageCollectorHelper' state=Blocked reason=_umtx_op_wait
[LOADER][INFO] Guest thread 'AssetGarbageCollectorHelper' state=Blocked reason=_umtx_op_wait
[LOADER][INFO] guest_threads.timeout_wake count=2
[LOADER][INFO] Pumping guest thread 'AssetGarbageCollectorHelper' reason=dispatcher resume=0x000000080A821799
[LOADER][INFO] Pumping guest thread 'AssetGarbageCollectorHelper' reason=dispatcher resume=0x000000080A821799
[LOADER][INFO] Guest thread yield at import#6689: nid=04AjkP0jO9U ret=0x000000080A821799 reason=_umtx_op_wait
[LOADER][INFO] Guest thread 'AssetGarbageCollectorHelper' state=Blocked reason=_umtx_op_wait
[LOADER][INFO] guest_threads.timeout_wake count=1
[LOADER][INFO] Guest thread yield at import#7201: nid=04AjkP0jO9U ret=0x000000080A821799 reason=_umtx_op_wait
[LOADER][INFO] Pumping guest thread 'AssetGarbageCollectorHelper' reason=ready-dispatch resume=0x000000080A821799
[LOADER][INFO] Guest thread 'AssetGarbageCollectorHelper' state=Blocked reason=_umtx_op_wait
[LOADER][INFO] Guest thread yield at import#7458: nid=04AjkP0jO9U ret=0x000000080A821799 reason=_umtx_op_wait
[LOADER][INFO] Guest thread 'AssetGarbageCollectorHelper' state=Blocked reason=_umtx_op_wait
[LOADER][INFO] guest_threads.timeout_wake count=1
[LOADER][INFO] Pumping guest thread 'AssetGarbageCollectorHelper' reason=ready-dispatch resume=0x000000080A821799
[LOADER][INFO] Guest thread yield at import#8225: nid=04AjkP0jO9U ret=0x000000080A821799 reason=_umtx_op_wait
[LOADER][INFO] Guest thread 'AssetGarbageCollectorHelper' state=Blocked reason=_umtx_op_wait
[LOADER][INFO] guest_threads.timeout_wake count=3
[LOADER][INFO] Pumping guest thread 'AssetGarbageCollectorHelper' reason=dispatcher resume=0x000000080A821799
[LOADER][INFO] Pumping guest thread 'AssetGarbageCollectorHelper' reason=dispatcher resume=0x000000080A821799
[LOADER][INFO] Pumping guest thread 'AssetGarbageCollectorHelper' reason=dispatcher resume=0x000000080A821799
[LOADER][INFO] Guest thread yield at import#7970: nid=04AjkP0jO9U ret=0x000000080A821799 reason=_umtx_op_wait
[LOADER][INFO] Guest thread yield at import#8482: nid=04AjkP0jO9U ret=0x000000080A821799 reason=_umtx_op_wait
[LOADER][INFO] Guest thread yield at import#7713: nid=04AjkP0jO9U ret=0x000000080A821799 reason=_umtx_op_wait
[LOADER][INFO] Guest thread 'AssetGarbageCollectorHelper' state=Blocked reason=_umtx_op_wait
[LOADER][INFO] Guest thread 'AssetGarbageCollectorHelper' state=Blocked reason=_umtx_op_wait
[LOADER][INFO] Guest thread 'AssetGarbageCollectorHelper' state=Blocked reason=_umtx_op_wait
[LOADER][INFO] guest_threads.timeout_wake count=1
[LOADER][INFO] Pumping guest thread 'AssetGarbageCollectorHelper' reason=dispatcher resume=0x000000080A821799
[LOADER][INFO] Guest thread yield at import#5155: nid=04AjkP0jO9U ret=0x000000080A821799 reason=_umtx_op_wait
[LOADER][INFO] Guest thread 'AssetGarbageCollectorHelper' state=Blocked reason=_umtx_op_wait
[LOADER][INFO] guest_threads.timeout_wake count=3
[LOADER][INFO] Pumping guest thread 'AssetGarbageCollectorHelper' reason=dispatcher resume=0x000000080A821799
[LOADER][INFO] Pumping guest thread 'AssetGarbageCollectorHelper' reason=dispatcher resume=0x000000080A821799
[LOADER][INFO] Pumping guest thread 'AssetGarbageCollectorHelper' reason=dispatcher resume=0x000000080A821799
[LOADER][INFO] Guest thread yield at import#6947: nid=04AjkP0jO9U ret=0x000000080A821799 reason=_umtx_op_wait
[LOADER][INFO] Guest thread yield at import#5922: nid=04AjkP0jO9U ret=0x000000080A821799 reason=_umtx_op_wait
[LOADER][INFO] Guest thread yield at import#5410: nid=04AjkP0jO9U ret=0x000000080A821799 reason=_umtx_op_wait
[LOADER][INFO] Guest thread 'AssetGarbageCollectorHelper' state=Blocked reason=_umtx_op_wait
[LOADER][INFO] Guest thread 'AssetGarbageCollectorHelper' state=Blocked reason=_umtx_op_wait
[LOADER][INFO] Guest thread 'AssetGarbageCollectorHelper' state=Blocked reason=_umtx_op_wait
[LOADER][INFO] guest_threads.timeout_wake count=2
[LOADER][INFO] Pumping guest thread 'AssetGarbageCollectorHelper' reason=dispatcher resume=0x000000080A821799
[LOADER][INFO] Pumping guest thread 'AssetGarbageCollectorHelper' reason=dispatcher resume=0x000000080A821799
[LOADER][INFO] Guest thread yield at import#5667: nid=04AjkP0jO9U ret=0x000000080A821799 reason=_umtx_op_wait
[LOADER][INFO] Guest thread 'AssetGarbageCollectorHelper' state=Blocked reason=_umtx_op_wait
[LOADER][INFO] Guest thread yield at import#6179: nid=04AjkP0jO9U ret=0x000000080A821799 reason=_umtx_op_wait
[LOADER][INFO] guest_threads.timeout_wake count=1
[LOADER][INFO] Pumping guest thread 'AssetGarbageCollectorHelper' reason=ready-dispatch resume=0x000000080A821799
[LOADER][INFO] Guest thread 'AssetGarbageCollectorHelper' state=Blocked reason=_umtx_op_wait
[LOADER][INFO] Guest thread yield at import#7202: nid=04AjkP0jO9U ret=0x000000080A821799 reason=_umtx_op_wait
[LOADER][INFO] Guest thread 'AssetGarbageCollectorHelper' state=Blocked reason=_umtx_op_wait
[LOADER][INFO] guest_threads.timeout_wake count=2
[LOADER][INFO] Pumping guest thread 'AssetGarbageCollectorHelper' reason=ready-dispatch resume=0x000000080A821799
[LOADER][INFO] Pumping guest thread 'AssetGarbageCollectorHelper' reason=ready-dispatch resume=0x000000080A821799
[LOADER][INFO] Guest thread yield at import#6690: nid=04AjkP0jO9U ret=0x000000080A821799 reason=_umtx_op_wait
[LOADER][INFO] Guest thread yield at import#7459: nid=04AjkP0jO9U ret=0x000000080A821799 reason=_umtx_op_wait
[LOADER][INFO] Guest thread 'AssetGarbageCollectorHelper' state=Blocked reason=_umtx_op_wait
[LOADER][INFO] Guest thread 'AssetGarbageCollectorHelper' state=Blocked reason=_umtx_op_wait
[LOADER][INFO] guest_threads.timeout_wake count=1
[LOADER][INFO] guest_threads.timeout_wake count=1
[LOADER][INFO] Pumping guest thread 'AssetGarbageCollectorHelper' reason=dispatcher resume=0x000000080A821799
[LOADER][INFO] Pumping guest thread 'AssetGarbageCollectorHelper' reason=dispatcher resume=0x000000080A821799
[LOADER][INFO] Guest thread yield at import#8226: nid=04AjkP0jO9U ret=0x000000080A821799 reason=_umtx_op_wait
[LOADER][INFO] Guest thread yield at import#7971: nid=04AjkP0jO9U ret=0x000000080A821799 reason=_umtx_op_wait
[LOADER][INFO] Guest thread 'AssetGarbageCollectorHelper' state=Blocked reason=_umtx_op_wait
[LOADER][INFO] Guest thread 'AssetGarbageCollectorHelper' state=Blocked reason=_umtx_op_wait
[LOADER][INFO] guest_threads.timeout_wake count=2
[LOADER][INFO] Pumping guest thread 'AssetGarbageCollectorHelper' reason=dispatcher resume=0x000000080A821799
[LOADER][INFO] Pumping guest thread 'AssetGarbageCollectorHelper' reason=dispatcher resume=0x000000080A821799
[LOADER][INFO] Guest thread yield at import#7714: nid=04AjkP0jO9U ret=0x000000080A821799 reason=_umtx_op_wait
[LOADER][INFO] Guest thread yield at import#8483: nid=04AjkP0jO9U ret=0x000000080A821799 reason=_umtx_op_wait
[LOADER][INFO] Guest thread 'AssetGarbageCollectorHelper' state=Blocked reason=_umtx_op_wait
[LOADER][INFO] Guest thread 'AssetGarbageCollectorHelper' state=Blocked reason=_umtx_op_wait
[LOADER][INFO] guest_threads.timeout_wake count=1
[LOADER][INFO] Pumping guest thread 'AssetGarbageCollectorHelper' reason=dispatcher resume=0x000000080A821799
[LOADER][INFO] Guest thread yield at import#5156: nid=04AjkP0jO9U ret=0x000000080A821799 reason=_umtx_op_wait
[LOADER][INFO] Guest thread 'AssetGarbageCollectorHelper' state=Blocked reason=_umtx_op_wait
[LOADER][INFO] guest_threads.timeout_wake count=3
[LOADER][INFO] Pumping guest thread 'AssetGarbageCollectorHelper' reason=ready-dispatch resume=0x000000080A821799
[LOADER][INFO] Pumping guest thread 'AssetGarbageCollectorHelper' reason=ready-dispatch resume=0x000000080A821799
[LOADER][INFO] Pumping guest thread 'AssetGarbageCollectorHelper' reason=ready-dispatch resume=0x000000080A821799
[LOADER][INFO] Guest thread yield at import#5923: nid=04AjkP0jO9U ret=0x000000080A821799 reason=_umtx_op_wait
[LOADER][INFO] Guest thread 'AssetGarbageCollectorHelper' state=Blocked reason=_umtx_op_wait
[LOADER][INFO] Guest thread yield at import#5411: nid=04AjkP0jO9U ret=0x000000080A821799 reason=_umtx_op_wait
[LOADER][INFO] Guest thread yield at import#6948: nid=04AjkP0jO9U ret=0x000000080A821799 reason=_umtx_op_wait
[LOADER][INFO] Guest thread 'AssetGarbageCollectorHelper' state=Blocked reason=_umtx_op_wait
[LOADER][INFO] Guest thread 'AssetGarbageCollectorHelper' state=Blocked reason=_umtx_op_wait
[LOADER][INFO] guest_threads.timeout_wake count=2
[LOADER][INFO] Pumping guest thread 'AssetGarbageCollectorHelper' reason=ready-dispatch resume=0x000000080A821799
[LOADER][INFO] Guest thread yield at import#5668: nid=04AjkP0jO9U ret=0x000000080A821799 reason=_umtx_op_wait
[LOADER][INFO] Pumping guest thread 'AssetGarbageCollectorHelper' reason=ready-dispatch resume=0x000000080A821799
[LOADER][INFO] Guest thread 'AssetGarbageCollectorHelper' state=Blocked reason=_umtx_op_wait
[LOADER][INFO] Guest thread yield at import#6180: nid=04AjkP0jO9U ret=0x000000080A821799 reason=_umtx_op_wait
[LOADER][INFO] Guest thread 'AssetGarbageCollectorHelper' state=Blocked reason=_umtx_op_wait
[LOADER][INFO] guest_threads.timeout_wake count=1
[LOADER][INFO] Pumping guest thread 'AssetGarbageCollectorHelper' reason=dispatcher resume=0x000000080A821799
[LOADER][INFO] Guest thread yield at import#7203: nid=04AjkP0jO9U ret=0x000000080A821799 reason=_umtx_op_wait
[LOADER][INFO] Guest thread 'AssetGarbageCollectorHelper' state=Blocked reason=_umtx_op_wait
[LOADER][INFO] guest_threads.timeout_wake count=2
[LOADER][INFO] Pumping guest thread 'AssetGarbageCollectorHelper' reason=dispatcher resume=0x000000080A821799
[LOADER][INFO] Pumping guest thread 'AssetGarbageCollectorHelper' reason=dispatcher resume=0x000000080A821799
[LOADER][INFO] Guest thread yield at import#6691: nid=04AjkP0jO9U ret=0x000000080A821799 reason=_umtx_op_wait
[LOADER][INFO] Guest thread yield at import#7460: nid=04AjkP0jO9U ret=0x000000080A821799 reason=_umtx_op_wait
[LOADER][INFO] Guest thread 'AssetGarbageCollectorHelper' state=Blocked reason=_umtx_op_wait
[LOADER][INFO] Guest thread 'AssetGarbageCollectorHelper' state=Blocked reason=_umtx_op_wait
[LOADER][INFO] guest_threads.timeout_wake count=2
[LOADER][INFO] Pumping guest thread 'AssetGarbageCollectorHelper' reason=dispatcher resume=0x000000080A821799
[LOADER][INFO] Pumping guest thread 'AssetGarbageCollectorHelper' reason=dispatcher resume=0x000000080A821799
[LOADER][INFO] Guest thread yield at import#8227: nid=04AjkP0jO9U ret=0x000000080A821799 reason=_umtx_op_wait
[LOADER][INFO] Guest thread yield at import#7972: nid=04AjkP0jO9U ret=0x000000080A821799 reason=_umtx_op_wait
[LOADER][INFO] Guest thread 'AssetGarbageCollectorHelper' state=Blocked reason=_umtx_op_wait
[LOADER][INFO] Guest thread 'AssetGarbageCollectorHelper' state=Blocked reason=_umtx_op_wait
[LOADER][INFO] guest_threads.timeout_wake count=2
[LOADER][INFO] Pumping guest thread 'AssetGarbageCollectorHelper' reason=dispatcher resume=0x000000080A821799
[LOADER][INFO] Pumping guest thread 'AssetGarbageCollectorHelper' reason=dispatcher resume=0x000000080A821799
[LOADER][INFO] Guest thread yield at import#7715: nid=04AjkP0jO9U ret=0x000000080A821799 reason=_umtx_op_wait
[LOADER][INFO] Guest thread yield at import#8484: nid=04AjkP0jO9U ret=0x000000080A821799 reason=_umtx_op_wait
[LOADER][INFO] Guest thread 'AssetGarbageCollectorHelper' state=Blocked reason=_umtx_op_wait
[LOADER][INFO] Guest thread 'AssetGarbageCollectorHelper' state=Blocked reason=_umtx_op_wait
[LOADER][INFO] guest_threads.timeout_wake count=1
[LOADER][INFO] Pumping guest thread 'AssetGarbageCollectorHelper' reason=dispatcher resume=0x000000080A821799
[LOADER][INFO] Guest thread yield at import#5157: nid=04AjkP0jO9U ret=0x000000080A821799 reason=_umtx_op_wait
[LOADER][INFO] Guest thread 'AssetGarbageCollectorHelper' state=Blocked reason=_umtx_op_wait
[LOADER][INFO] guest_threads.timeout_wake count=3
[LOADER][INFO] Pumping guest thread 'AssetGarbageCollectorHelper' reason=dispatcher resume=0x000000080A821799
[LOADER][INFO] Pumping guest thread 'AssetGarbageCollectorHelper' reason=dispatcher resume=0x000000080A821799
[LOADER][INFO] Pumping guest thread 'AssetGarbageCollectorHelper' reason=dispatcher resume=0x000000080A821799
[LOADER][INFO] Guest thread yield at import#5924: nid=04AjkP0jO9U ret=0x000000080A821799 reason=_umtx_op_wait
[LOADER][INFO] Guest thread 'AssetGarbageCollectorHelper' state=Blocked reason=_umtx_op_wait
[LOADER][INFO] Guest thread yield at import#6949: nid=04AjkP0jO9U ret=0x000000080A821799 reason=_umtx_op_wait
[LOADER][INFO] Guest thread yield at import#5412: nid=04AjkP0jO9U ret=0x000000080A821799 reason=_umtx_op_wait
[LOADER][INFO] Guest thread 'AssetGarbageCollectorHelper' state=Blocked reason=_umtx_op_wait
[LOADER][INFO] Guest thread 'AssetGarbageCollectorHelper' state=Blocked reason=_umtx_op_wait
[LOADER][INFO] guest_threads.timeout_wake count=1
[LOADER][INFO] Pumping guest thread 'AssetGarbageCollectorHelper' reason=ready-dispatch resume=0x000000080A821799
[LOADER][INFO] Guest thread yield at import#5669: nid=04AjkP0jO9U ret=0x000000080A821799 reason=_umtx_op_wait
[LOADER][INFO] Guest thread 'AssetGarbageCollectorHelper' state=Blocked reason=_umtx_op_wait
[LOADER][INFO] guest_threads.timeout_wake count=1
[LOADER][INFO] guest_threads.timeout_wake count=1
[LOADER][INFO] Pumping guest thread 'AssetGarbageCollectorHelper' reason=dispatcher resume=0x000000080A821799
[LOADER][INFO] Pumping guest thread 'AssetGarbageCollectorHelper' reason=dispatcher resume=0x000000080A821799
[LOADER][INFO] Guest thread yield at import#6181: nid=04AjkP0jO9U ret=0x000000080A821799 reason=_umtx_op_wait
[LOADER][INFO] Guest thread yield at import#7204: nid=04AjkP0jO9U ret=0x000000080A821799 reason=_umtx_op_wait
[LOADER][INFO] Guest thread 'AssetGarbageCollectorHelper' state=Blocked reason=_umtx_op_wait
[LOADER][INFO] Guest thread 'AssetGarbageCollectorHelper' state=Blocked reason=_umtx_op_wait
[LOADER][INFO] guest_threads.timeout_wake count=2
[LOADER][INFO] Pumping guest thread 'AssetGarbageCollectorHelper' reason=dispatcher resume=0x000000080A821799
[LOADER][INFO] Pumping guest thread 'AssetGarbageCollectorHelper' reason=dispatcher resume=0x000000080A821799
[LOADER][INFO] Guest thread yield at import#7461: nid=04AjkP0jO9U ret=0x000000080A821799 reason=_umtx_op_wait
[LOADER][INFO] Guest thread yield at import#6692: nid=04AjkP0jO9U ret=0x000000080A821799 reason=_umtx_op_wait
[LOADER][INFO] Guest thread 'AssetGarbageCollectorHelper' state=Blocked reason=_umtx_op_wait
[LOADER][INFO] Guest thread 'AssetGarbageCollectorHelper' state=Blocked reason=_umtx_op_wait
[LOADER][INFO] guest_threads.timeout_wake count=2
[LOADER][INFO] guest_threads.timeout_wake count=2
[LOADER][INFO] Pumping guest thread 'AssetGarbageCollectorHelper' reason=dispatcher resume=0x000000080A821799
[LOADER][INFO] Pumping guest thread 'AssetGarbageCollectorHelper' reason=dispatcher resume=0x000000080A821799
[LOADER][INFO] Pumping guest thread 'AssetGarbageCollectorHelper' reason=dispatcher resume=0x000000080A821799
[LOADER][INFO] Pumping guest thread 'AssetGarbageCollectorHelper' reason=dispatcher resume=0x000000080A821799
[LOADER][INFO] Guest thread yield at import#8228: nid=04AjkP0jO9U ret=0x000000080A821799 reason=_umtx_op_wait
[LOADER][INFO] Guest thread yield at import#7973: nid=04AjkP0jO9U ret=0x000000080A821799 reason=_umtx_op_wait
[LOADER][INFO] Guest thread yield at import#8485: nid=04AjkP0jO9U ret=0x000000080A821799 reason=_umtx_op_wait
[LOADER][INFO] Guest thread yield at import#7716: nid=04AjkP0jO9U ret=0x000000080A821799 reason=_umtx_op_wait
[LOADER][INFO] Guest thread 'AssetGarbageCollectorHelper' state=Blocked reason=_umtx_op_wait
[LOADER][INFO] Guest thread 'AssetGarbageCollectorHelper' state=Blocked reason=_umtx_op_wait
[LOADER][INFO] Guest thread 'AssetGarbageCollectorHelper' state=Blocked reason=_umtx_op_wait
[LOADER][INFO] Guest thread 'AssetGarbageCollectorHelper' state=Blocked reason=_umtx_op_wait
[LOADER][INFO] guest_threads.timeout_wake count=1
[LOADER][INFO] Pumping guest thread 'AssetGarbageCollectorHelper' reason=dispatcher resume=0x000000080A821799
[LOADER][INFO] Guest thread yield at import#5158: nid=04AjkP0jO9U ret=0x000000080A821799 reason=_umtx_op_wait
[LOADER][INFO] Guest thread 'AssetGarbageCollectorHelper' state=Blocked reason=_umtx_op_wait
[LOADER][INFO] guest_threads.timeout_wake count=3
[LOADER][INFO] Pumping guest thread 'AssetGarbageCollectorHelper' reason=ready-dispatch resume=0x000000080A821799
[LOADER][INFO] Pumping guest thread 'AssetGarbageCollectorHelper' reason=ready-dispatch resume=0x000000080A821799
[LOADER][INFO] Pumping guest thread 'AssetGarbageCollectorHelper' reason=ready-dispatch resume=0x000000080A821799
[LOADER][INFO] Guest thread yield at import#5413: nid=04AjkP0jO9U ret=0x000000080A821799 reason=_umtx_op_wait
[LOADER][INFO] Guest thread yield at import#6950: nid=04AjkP0jO9U ret=0x000000080A821799 reason=_umtx_op_wait
[LOADER][INFO] Guest thread yield at import#5925: nid=04AjkP0jO9U ret=0x000000080A821799 reason=_umtx_op_wait
[LOADER][INFO] Guest thread 'AssetGarbageCollectorHelper' state=Blocked reason=_umtx_op_wait
[LOADER][INFO] Guest thread 'AssetGarbageCollectorHelper' state=Blocked reason=_umtx_op_wait
[LOADER][INFO] Guest thread 'AssetGarbageCollectorHelper' state=Blocked reason=_umtx_op_wait
[LOADER][INFO] guest_threads.timeout_wake count=2
[LOADER][INFO] guest_threads.timeout_wake count=1
[LOADER][INFO] Pumping guest thread 'AssetGarbageCollectorHelper' reason=dispatcher resume=0x000000080A821799
[LOADER][INFO] Pumping guest thread 'AssetGarbageCollectorHelper' reason=dispatcher resume=0x000000080A821799
[LOADER][INFO] Pumping guest thread 'AssetGarbageCollectorHelper' reason=dispatcher resume=0x000000080A821799
[LOADER][INFO] Guest thread yield at import#6182: nid=04AjkP0jO9U ret=0x000000080A821799 reason=_umtx_op_wait
[LOADER][INFO] Guest thread yield at import#7205: nid=04AjkP0jO9U ret=0x000000080A821799 reason=_umtx_op_wait
[LOADER][INFO] Guest thread yield at import#5670: nid=04AjkP0jO9U ret=0x000000080A821799 reason=_umtx_op_wait
[LOADER][INFO] Guest thread 'AssetGarbageCollectorHelper' state=Blocked reason=_umtx_op_wait
[LOADER][INFO] Guest thread 'AssetGarbageCollectorHelper' state=Blocked reason=_umtx_op_wait
[LOADER][INFO] Guest thread 'AssetGarbageCollectorHelper' state=Blocked reason=_umtx_op_wait
[LOADER][INFO] guest_threads.timeout_wake count=2
[LOADER][INFO] Pumping guest thread 'AssetGarbageCollectorHelper' reason=ready-dispatch resume=0x000000080A821799
[LOADER][INFO] Pumping guest thread 'AssetGarbageCollectorHelper' reason=ready-dispatch resume=0x000000080A821799
[LOADER][INFO] Guest thread yield at import#7462: nid=04AjkP0jO9U ret=0x000000080A821799 reason=_umtx_op_wait
[LOADER][INFO] Guest thread yield at import#6693: nid=04AjkP0jO9U ret=0x000000080A821799 reason=_umtx_op_wait
[LOADER][INFO] Guest thread 'AssetGarbageCollectorHelper' state=Blocked reason=_umtx_op_wait
[LOADER][INFO] Guest thread 'AssetGarbageCollectorHelper' state=Blocked reason=_umtx_op_wait
[LOADER][INFO] guest_threads.timeout_wake count=4
[LOADER][INFO] Pumping guest thread 'AssetGarbageCollectorHelper' reason=dispatcher resume=0x000000080A821799
[LOADER][INFO] Pumping guest thread 'AssetGarbageCollectorHelper' reason=dispatcher resume=0x000000080A821799
[LOADER][INFO] Pumping guest thread 'AssetGarbageCollectorHelper' reason=dispatcher resume=0x000000080A821799
[LOADER][INFO] Pumping guest thread 'AssetGarbageCollectorHelper' reason=dispatcher resume=0x000000080A821799
[LOADER][INFO] Guest thread yield at import#7717: nid=04AjkP0jO9U ret=0x000000080A821799 reason=_umtx_op_wait
[LOADER][INFO] Guest thread yield at import#8486: nid=04AjkP0jO9U ret=0x000000080A821799 reason=_umtx_op_wait
[LOADER][INFO] Guest thread yield at import#8229: nid=04AjkP0jO9U ret=0x000000080A821799 reason=_umtx_op_wait
[LOADER][INFO] Guest thread yield at import#7974: nid=04AjkP0jO9U ret=0x000000080A821799 reason=_umtx_op_wait
[LOADER][INFO] Guest thread 'AssetGarbageCollectorHelper' state=Blocked reason=_umtx_op_wait
[LOADER][INFO] Guest thread 'AssetGarbageCollectorHelper' state=Blocked reason=_umtx_op_wait
[LOADER][INFO] Guest thread 'AssetGarbageCollectorHelper' state=Blocked reason=_umtx_op_wait
[LOADER][INFO] Guest thread 'AssetGarbageCollectorHelper' state=Blocked reason=_umtx_op_wait
[LOADER][INFO] guest_threads.timeout_wake count=1
[LOADER][INFO] Pumping guest thread 'AssetGarbageCollectorHelper' reason=dispatcher resume=0x000000080A821799
[LOADER][INFO] Guest thread yield at import#5159: nid=04AjkP0jO9U ret=0x000000080A821799 reason=_umtx_op_wait
[LOADER][INFO] Guest thread 'AssetGarbageCollectorHelper' state=Blocked reason=_umtx_op_wait
[LOADER][INFO] guest_threads.timeout_wake count=1
[LOADER][INFO] guest_threads.timeout_wake count=2
[LOADER][INFO] Pumping guest thread 'AssetGarbageCollectorHelper' reason=dispatcher resume=0x000000080A821799
[LOADER][INFO] Pumping guest thread 'AssetGarbageCollectorHelper' reason=dispatcher resume=0x000000080A821799
[LOADER][INFO] Pumping guest thread 'AssetGarbageCollectorHelper' reason=dispatcher resume=0x000000080A821799
[LOADER][INFO] Guest thread yield at import#5926: nid=04AjkP0jO9U ret=0x000000080A821799 reason=_umtx_op_wait
[LOADER][INFO] Guest thread yield at import#5414: nid=04AjkP0jO9U ret=0x000000080A821799 reason=_umtx_op_wait
[LOADER][INFO] Guest thread yield at import#6951: nid=04AjkP0jO9U ret=0x000000080A821799 reason=_umtx_op_wait
[LOADER][INFO] Guest thread 'AssetGarbageCollectorHelper' state=Blocked reason=_umtx_op_wait
[LOADER][INFO] Guest thread 'AssetGarbageCollectorHelper' state=Blocked reason=_umtx_op_wait
[LOADER][INFO] Guest thread 'AssetGarbageCollectorHelper' state=Blocked reason=_umtx_op_wait
[LOADER][INFO] guest_threads.timeout_wake count=3
[LOADER][INFO] Pumping guest thread 'AssetGarbageCollectorHelper' reason=ready-dispatch resume=0x000000080A821799
[LOADER][INFO] Pumping guest thread 'AssetGarbageCollectorHelper' reason=ready-dispatch resume=0x000000080A821799
[LOADER][INFO] Pumping guest thread 'AssetGarbageCollectorHelper' reason=ready-dispatch resume=0x000000080A821799
[LOADER][INFO] Guest thread yield at import#5671: nid=04AjkP0jO9U ret=0x000000080A821799 reason=_umtx_op_wait
[LOADER][INFO] Guest thread yield at import#6183: nid=04AjkP0jO9U ret=0x000000080A821799 reason=_umtx_op_wait
[LOADER][INFO] Guest thread yield at import#7206: nid=04AjkP0jO9U ret=0x000000080A821799 reason=_umtx_op_wait
[LOADER][INFO] Guest thread 'AssetGarbageCollectorHelper' state=Blocked reason=_umtx_op_wait
[LOADER][INFO] Guest thread 'AssetGarbageCollectorHelper' state=Blocked reason=_umtx_op_wait
[LOADER][INFO] Guest thread 'AssetGarbageCollectorHelper' state=Blocked reason=_umtx_op_wait
[LOADER][INFO] guest_threads.timeout_wake count=2
[LOADER][INFO] Pumping guest thread 'AssetGarbageCollectorHelper' reason=ready-dispatch resume=0x000000080A821799
[LOADER][INFO] Pumping guest thread 'AssetGarbageCollectorHelper' reason=ready-dispatch resume=0x000000080A821799
[LOADER][INFO] Guest thread yield at import#6694: nid=04AjkP0jO9U ret=0x000000080A821799 reason=_umtx_op_wait
[LOADER][INFO] Guest thread yield at import#7463: nid=04AjkP0jO9U ret=0x000000080A821799 reason=_umtx_op_wait
[LOADER][INFO] Guest thread 'AssetGarbageCollectorHelper' state=Blocked reason=_umtx_op_wait
[LOADER][INFO] Guest thread 'AssetGarbageCollectorHelper' state=Blocked reason=_umtx_op_wait
[LOADER][INFO] guest_threads.timeout_wake count=4
[LOADER][INFO] Pumping guest thread 'AssetGarbageCollectorHelper' reason=dispatcher resume=0x000000080A821799
[LOADER][INFO] Pumping guest thread 'AssetGarbageCollectorHelper' reason=dispatcher resume=0x000000080A821799
[LOADER][INFO] Pumping guest thread 'AssetGarbageCollectorHelper' reason=dispatcher resume=0x000000080A821799
[LOADER][INFO] Pumping guest thread 'AssetGarbageCollectorHelper' reason=dispatcher resume=0x000000080A821799
[LOADER][INFO] Guest thread yield at import#7718: nid=04AjkP0jO9U ret=0x000000080A821799 reason=_umtx_op_wait
[LOADER][INFO] Guest thread yield at import#7975: nid=04AjkP0jO9U ret=0x000000080A821799 reason=_umtx_op_wait
[LOADER][INFO] Guest thread yield at import#8230: nid=04AjkP0jO9U ret=0x000000080A821799 reason=_umtx_op_wait
[LOADER][INFO] Guest thread yield at import#8487: nid=04AjkP0jO9U ret=0x000000080A821799 reason=_umtx_op_wait
[LOADER][INFO] Guest thread 'AssetGarbageCollectorHelper' state=Blocked reason=_umtx_op_wait
[LOADER][INFO] Guest thread 'AssetGarbageCollectorHelper' state=Blocked reason=_umtx_op_wait
[LOADER][INFO] Guest thread 'AssetGarbageCollectorHelper' state=Blocked reason=_umtx_op_wait
[LOADER][INFO] Guest thread 'AssetGarbageCollectorHelper' state=Blocked reason=_umtx_op_wait
[LOADER][INFO] guest_threads.timeout_wake count=1
[LOADER][INFO] Pumping guest thread 'AssetGarbageCollectorHelper' reason=dispatcher resume=0x000000080A821799
[LOADER][INFO] Guest thread yield at import#5160: nid=04AjkP0jO9U ret=0x000000080A821799 reason=_umtx_op_wait
[LOADER][INFO] Guest thread 'AssetGarbageCollectorHelper' state=Blocked reason=_umtx_op_wait
[LOADER][INFO] guest_threads.timeout_wake count=1
[LOADER][INFO] guest_threads.timeout_wake count=1
[LOADER][INFO] Pumping guest thread 'AssetGarbageCollectorHelper' reason=dispatcher resume=0x000000080A821799
[LOADER][INFO] Pumping guest thread 'AssetGarbageCollectorHelper' reason=dispatcher resume=0x000000080A821799
[LOADER][INFO] Guest thread yield at import#5415: nid=04AjkP0jO9U ret=0x000000080A821799 reason=_umtx_op_wait
[LOADER][INFO] Guest thread yield at import#5927: nid=04AjkP0jO9U ret=0x000000080A821799 reason=_umtx_op_wait
[LOADER][INFO] Guest thread 'AssetGarbageCollectorHelper' state=Blocked reason=_umtx_op_wait
[LOADER][INFO] Guest thread 'AssetGarbageCollectorHelper' state=Blocked reason=_umtx_op_wait
[LOADER][INFO] guest_threads.timeout_wake count=4
[LOADER][INFO] Pumping guest thread 'AssetGarbageCollectorHelper' reason=ready-dispatch resume=0x000000080A821799
[LOADER][INFO] Pumping guest thread 'AssetGarbageCollectorHelper' reason=ready-dispatch resume=0x000000080A821799
[LOADER][INFO] Pumping guest thread 'AssetGarbageCollectorHelper' reason=ready-dispatch resume=0x000000080A821799
[LOADER][INFO] Pumping guest thread 'AssetGarbageCollectorHelper' reason=ready-dispatch resume=0x000000080A821799
[LOADER][INFO] Guest thread yield at import#5672: nid=04AjkP0jO9U ret=0x000000080A821799 reason=_umtx_op_wait
[LOADER][INFO] Guest thread yield at import#6952: nid=04AjkP0jO9U ret=0x000000080A821799 reason=_umtx_op_wait
[LOADER][INFO] Guest thread yield at import#6184: nid=04AjkP0jO9U ret=0x000000080A821799 reason=_umtx_op_wait
[LOADER][INFO] Guest thread yield at import#7207: nid=04AjkP0jO9U ret=0x000000080A821799 reason=_umtx_op_wait
[LOADER][INFO] Guest thread 'AssetGarbageCollectorHelper' state=Blocked reason=_umtx_op_wait
[LOADER][INFO] Guest thread 'AssetGarbageCollectorHelper' state=Blocked reason=_umtx_op_wait
[LOADER][INFO] Guest thread 'AssetGarbageCollectorHelper' state=Blocked reason=_umtx_op_wait
[LOADER][INFO] Guest thread 'AssetGarbageCollectorHelper' state=Blocked reason=_umtx_op_wait
[LOADER][INFO] guest_threads.timeout_wake count=2
[LOADER][INFO] Pumping guest thread 'AssetGarbageCollectorHelper' reason=ready-dispatch resume=0x000000080A821799
[LOADER][INFO] Pumping guest thread 'AssetGarbageCollectorHelper' reason=ready-dispatch resume=0x000000080A821799
[LOADER][INFO] Guest thread yield at import#6695: nid=04AjkP0jO9U ret=0x000000080A821799 reason=_umtx_op_wait
[LOADER][INFO] Guest thread yield at import#7464: nid=04AjkP0jO9U ret=0x000000080A821799 reason=_umtx_op_wait
[LOADER][INFO] Guest thread 'AssetGarbageCollectorHelper' state=Blocked reason=_umtx_op_wait
[LOADER][INFO] Guest thread 'AssetGarbageCollectorHelper' state=Blocked reason=_umtx_op_wait
[LOADER][INFO] guest_threads.timeout_wake count=4
[LOADER][INFO] Pumping guest thread 'AssetGarbageCollectorHelper' reason=ready-dispatch resume=0x000000080A821799
[LOADER][INFO] Pumping guest thread 'AssetGarbageCollectorHelper' reason=ready-dispatch resume=0x000000080A821799
[LOADER][INFO] Guest thread yield at import#7976: nid=04AjkP0jO9U ret=0x000000080A821799 reason=_umtx_op_wait
[LOADER][INFO] Pumping guest thread 'AssetGarbageCollectorHelper' reason=ready-dispatch resume=0x000000080A821799
[LOADER][INFO] Guest thread yield at import#8231: nid=04AjkP0jO9U ret=0x000000080A821799 reason=_umtx_op_wait
[LOADER][INFO] Pumping guest thread 'AssetGarbageCollectorHelper' reason=ready-dispatch resume=0x000000080A821799
[LOADER][INFO] Guest thread 'AssetGarbageCollectorHelper' state=Blocked reason=_umtx_op_wait
[LOADER][INFO] Guest thread yield at import#8488: nid=04AjkP0jO9U ret=0x000000080A821799 reason=_umtx_op_wait
[LOADER][INFO] Guest thread 'AssetGarbageCollectorHelper' state=Blocked reason=_umtx_op_wait
[LOADER][INFO] Guest thread yield at import#7719: nid=04AjkP0jO9U ret=0x000000080A821799 reason=_umtx_op_wait
[LOADER][INFO] Guest thread 'AssetGarbageCollectorHelper' state=Blocked reason=_umtx_op_wait
[LOADER][INFO] Guest thread 'AssetGarbageCollectorHelper' state=Blocked reason=_umtx_op_wait
[LOADER][INFO] guest_threads.timeout_wake count=1
[LOADER][INFO] Pumping guest thread 'AssetGarbageCollectorHelper' reason=dispatcher resume=0x000000080A821799
[LOADER][INFO] Guest thread yield at import#5161: nid=04AjkP0jO9U ret=0x000000080A821799 reason=_umtx_op_wait
[LOADER][INFO] Guest thread 'AssetGarbageCollectorHelper' state=Blocked reason=_umtx_op_wait
[LOADER][INFO] guest_threads.timeout_wake count=2
[LOADER][INFO] Pumping guest thread 'AssetGarbageCollectorHelper' reason=dispatcher resume=0x000000080A821799
[LOADER][INFO] Pumping guest thread 'AssetGarbageCollectorHelper' reason=dispatcher resume=0x000000080A821799
[LOADER][INFO] Guest thread yield at import#5928: nid=04AjkP0jO9U ret=0x000000080A821799 reason=_umtx_op_wait
[LOADER][INFO] Guest thread yield at import#5416: nid=04AjkP0jO9U ret=0x000000080A821799 reason=_umtx_op_wait
[LOADER][INFO] Guest thread 'AssetGarbageCollectorHelper' state=Blocked reason=_umtx_op_wait
[LOADER][INFO] Guest thread 'AssetGarbageCollectorHelper' state=Blocked reason=_umtx_op_wait
[LOADER][INFO] guest_threads.timeout_wake count=4
[LOADER][INFO] Pumping guest thread 'AssetGarbageCollectorHelper' reason=ready-dispatch resume=0x000000080A821799
[LOADER][INFO] Pumping guest thread 'AssetGarbageCollectorHelper' reason=ready-dispatch resume=0x000000080A821799
[LOADER][INFO] Pumping guest thread 'AssetGarbageCollectorHelper' reason=ready-dispatch resume=0x000000080A821799
[LOADER][INFO] Pumping guest thread 'AssetGarbageCollectorHelper' reason=ready-dispatch resume=0x000000080A821799
[LOADER][INFO] Guest thread yield at import#5673: nid=04AjkP0jO9U ret=0x000000080A821799 reason=_umtx_op_wait
[LOADER][INFO] Guest thread yield at import#6185: nid=04AjkP0jO9U ret=0x000000080A821799 reason=_umtx_op_wait
[LOADER][INFO] Guest thread yield at import#6953: nid=04AjkP0jO9U ret=0x000000080A821799 reason=_umtx_op_wait
[LOADER][INFO] Guest thread yield at import#7208: nid=04AjkP0jO9U ret=0x000000080A821799 reason=_umtx_op_wait
[LOADER][INFO] Guest thread 'AssetGarbageCollectorHelper' state=Blocked reason=_umtx_op_wait
[LOADER][INFO] Guest thread 'AssetGarbageCollectorHelper' state=Blocked reason=_umtx_op_wait
[LOADER][INFO] Guest thread 'AssetGarbageCollectorHelper' state=Blocked reason=_umtx_op_wait
[LOADER][INFO] Guest thread 'AssetGarbageCollectorHelper' state=Blocked reason=_umtx_op_wait
[LOADER][INFO] guest_threads.timeout_wake count=1
[LOADER][INFO] guest_threads.timeout_wake count=1
[LOADER][INFO] Pumping guest thread 'AssetGarbageCollectorHelper' reason=dispatcher resume=0x000000080A821799
[LOADER][INFO] Pumping guest thread 'AssetGarbageCollectorHelper' reason=dispatcher resume=0x000000080A821799
[LOADER][INFO] Guest thread yield at import#6696: nid=04AjkP0jO9U ret=0x000000080A821799 reason=_umtx_op_wait
[LOADER][INFO] Guest thread yield at import#7465: nid=04AjkP0jO9U ret=0x000000080A821799 reason=_umtx_op_wait
[LOADER][INFO] Guest thread 'AssetGarbageCollectorHelper' state=Blocked reason=_umtx_op_wait
[LOADER][INFO] Guest thread 'AssetGarbageCollectorHelper' state=Blocked reason=_umtx_op_wait
[LOADER][INFO] guest_threads.timeout_wake count=1
[LOADER][INFO] guest_threads.timeout_wake count=1
[LOADER][INFO] Pumping guest thread 'AssetGarbageCollectorHelper' reason=dispatcher resume=0x000000080A821799
[LOADER][INFO] Pumping guest thread 'AssetGarbageCollectorHelper' reason=dispatcher resume=0x000000080A821799
[LOADER][INFO] Guest thread yield at import#7977: nid=04AjkP0jO9U ret=0x000000080A821799 reason=_umtx_op_wait
[LOADER][INFO] Guest thread yield at import#8232: nid=04AjkP0jO9U ret=0x000000080A821799 reason=_umtx_op_wait
[LOADER][INFO] Guest thread 'AssetGarbageCollectorHelper' state=Blocked reason=_umtx_op_wait
[LOADER][INFO] Guest thread 'AssetGarbageCollectorHelper' state=Blocked reason=_umtx_op_wait
[LOADER][INFO] guest_threads.timeout_wake count=2
[LOADER][INFO] Pumping guest thread 'AssetGarbageCollectorHelper' reason=ready-dispatch resume=0x000000080A821799
[LOADER][INFO] Pumping guest thread 'AssetGarbageCollectorHelper' reason=ready-dispatch resume=0x000000080A821799
[LOADER][INFO] Guest thread yield at import#7720: nid=04AjkP0jO9U ret=0x000000080A821799 reason=_umtx_op_wait
[LOADER][INFO] Guest thread yield at import#8489: nid=04AjkP0jO9U ret=0x000000080A821799 reason=_umtx_op_wait
[LOADER][INFO] Guest thread 'AssetGarbageCollectorHelper' state=Blocked reason=_umtx_op_wait
[LOADER][INFO] Guest thread 'AssetGarbageCollectorHelper' state=Blocked reason=_umtx_op_wait
[LOADER][INFO] guest_threads.timeout_wake count=1
[LOADER][INFO] Pumping guest thread 'AssetGarbageCollectorHelper' reason=ready-dispatch resume=0x000000080A821799
[LOADER][INFO] Guest thread yield at import#5162: nid=04AjkP0jO9U ret=0x000000080A821799 reason=_umtx_op_wait
[LOADER][INFO] Guest thread 'AssetGarbageCollectorHelper' state=Blocked reason=_umtx_op_wait
[LOADER][INFO] guest_threads.timeout_wake count=1
[LOADER][INFO] Pumping guest thread 'AssetGarbageCollectorHelper' reason=ready-dispatch resume=0x000000080A821799
[LOADER][INFO] Guest thread yield at import#5929: nid=04AjkP0jO9U ret=0x000000080A821799 reason=_umtx_op_wait
[LOADER][INFO] Guest thread 'AssetGarbageCollectorHelper' state=Blocked reason=_umtx_op_wait
[LOADER][INFO] guest_threads.timeout_wake count=1
[LOADER][INFO] Pumping guest thread 'AssetGarbageCollectorHelper' reason=dispatcher resume=0x000000080A821799
[LOADER][INFO] Guest thread yield at import#5417: nid=04AjkP0jO9U ret=0x000000080A821799 reason=_umtx_op_wait
[LOADER][INFO] Guest thread 'AssetGarbageCollectorHelper' state=Blocked reason=_umtx_op_wait
[LOADER][INFO] guest_threads.timeout_wake count=4
[LOADER][INFO] Pumping guest thread 'AssetGarbageCollectorHelper' reason=dispatcher resume=0x000000080A821799
[LOADER][INFO] Pumping guest thread 'AssetGarbageCollectorHelper' reason=dispatcher resume=0x000000080A821799
[LOADER][INFO] Pumping guest thread 'AssetGarbageCollectorHelper' reason=dispatcher resume=0x000000080A821799
[LOADER][INFO] Pumping guest thread 'AssetGarbageCollectorHelper' reason=dispatcher resume=0x000000080A821799
[LOADER][INFO] Guest thread yield at import#5674: nid=04AjkP0jO9U ret=0x000000080A821799 reason=_umtx_op_wait
[LOADER][INFO] Guest thread yield at import#6186: nid=04AjkP0jO9U ret=0x000000080A821799 reason=_umtx_op_wait
[LOADER][INFO] Guest thread yield at import#7209: nid=04AjkP0jO9U ret=0x000000080A821799 reason=_umtx_op_wait
[LOADER][INFO] Guest thread yield at import#6954: nid=04AjkP0jO9U ret=0x000000080A821799 reason=_umtx_op_wait
[LOADER][INFO] Guest thread 'AssetGarbageCollectorHelper' state=Blocked reason=_umtx_op_wait
[LOADER][INFO] Guest thread 'AssetGarbageCollectorHelper' state=Blocked reason=_umtx_op_wait
[LOADER][INFO] Guest thread 'AssetGarbageCollectorHelper' state=Blocked reason=_umtx_op_wait
[LOADER][INFO] guest_threads.timeout_wake count=2
[LOADER][INFO] Guest thread 'AssetGarbageCollectorHelper' state=Blocked reason=_umtx_op_wait
[LOADER][INFO] Pumping guest thread 'AssetGarbageCollectorHelper' reason=ready-dispatch resume=0x000000080A821799
[LOADER][INFO] Pumping guest thread 'AssetGarbageCollectorHelper' reason=ready-dispatch resume=0x000000080A821799
[LOADER][INFO] Guest thread yield at import#6697: nid=04AjkP0jO9U ret=0x000000080A821799 reason=_umtx_op_wait
[LOADER][INFO] Guest thread yield at import#7466: nid=04AjkP0jO9U ret=0x000000080A821799 reason=_umtx_op_wait
[LOADER][INFO] Guest thread 'AssetGarbageCollectorHelper' state=Blocked reason=_umtx_op_wait
[LOADER][INFO] Guest thread 'AssetGarbageCollectorHelper' state=Blocked reason=_umtx_op_wait
[LOADER][INFO] guest_threads.timeout_wake count=2
[LOADER][INFO] Pumping guest thread 'AssetGarbageCollectorHelper' reason=dispatcher resume=0x000000080A821799
[LOADER][INFO] Pumping guest thread 'AssetGarbageCollectorHelper' reason=dispatcher resume=0x000000080A821799
[LOADER][INFO] Guest thread yield at import#8233: nid=04AjkP0jO9U ret=0x000000080A821799 reason=_umtx_op_wait
[LOADER][INFO] Guest thread yield at import#7978: nid=04AjkP0jO9U ret=0x000000080A821799 reason=_umtx_op_wait
[LOADER][INFO] Guest thread 'AssetGarbageCollectorHelper' state=Blocked reason=_umtx_op_wait
[LOADER][INFO] Guest thread 'AssetGarbageCollectorHelper' state=Blocked reason=_umtx_op_wait
[LOADER][INFO] guest_threads.timeout_wake count=2
[LOADER][INFO] Pumping guest thread 'AssetGarbageCollectorHelper' reason=ready-dispatch resume=0x000000080A821799
[LOADER][INFO] Pumping guest thread 'AssetGarbageCollectorHelper' reason=ready-dispatch resume=0x000000080A821799
[LOADER][INFO] Guest thread yield at import#8490: nid=04AjkP0jO9U ret=0x000000080A821799 reason=_umtx_op_wait
[LOADER][INFO] Guest thread yield at import#7721: nid=04AjkP0jO9U ret=0x000000080A821799 reason=_umtx_op_wait
[LOADER][INFO] Guest thread 'AssetGarbageCollectorHelper' state=Blocked reason=_umtx_op_wait
[LOADER][INFO] Guest thread 'AssetGarbageCollectorHelper' state=Blocked reason=_umtx_op_wait
[LOADER][INFO] guest_threads.timeout_wake count=1
[LOADER][INFO] Pumping guest thread 'AssetGarbageCollectorHelper' reason=ready-dispatch resume=0x000000080A821799
[LOADER][INFO] Guest thread yield at import#5163: nid=04AjkP0jO9U ret=0x000000080A821799 reason=_umtx_op_wait
[LOADER][INFO] Guest thread 'AssetGarbageCollectorHelper' state=Blocked reason=_umtx_op_wait
[LOADER][INFO] guest_threads.timeout_wake count=1
[LOADER][INFO] Pumping guest thread 'AssetGarbageCollectorHelper' reason=dispatcher resume=0x000000080A821799
[LOADER][INFO] Guest thread yield at import#5930: nid=04AjkP0jO9U ret=0x000000080A821799 reason=_umtx_op_wait
[LOADER][INFO] guest_threads.timeout_wake count=1
[LOADER][INFO] Guest thread 'AssetGarbageCollectorHelper' state=Blocked reason=_umtx_op_wait
[LOADER][INFO] Pumping guest thread 'AssetGarbageCollectorHelper' reason=dispatcher resume=0x000000080A821799
[LOADER][INFO] Guest thread yield at import#5418: nid=04AjkP0jO9U ret=0x000000080A821799 reason=_umtx_op_wait
[LOADER][INFO] Guest thread 'AssetGarbageCollectorHelper' state=Blocked reason=_umtx_op_wait
[LOADER][INFO] guest_threads.timeout_wake count=4
[LOADER][INFO] Pumping guest thread 'AssetGarbageCollectorHelper' reason=dispatcher resume=0x000000080A821799
[LOADER][INFO] Pumping guest thread 'AssetGarbageCollectorHelper' reason=dispatcher resume=0x000000080A821799
[LOADER][INFO] Pumping guest thread 'AssetGarbageCollectorHelper' reason=dispatcher resume=0x000000080A821799
[LOADER][INFO] Pumping guest thread 'AssetGarbageCollectorHelper' reason=dispatcher resume=0x000000080A821799
[LOADER][INFO] Guest thread yield at import#5675: nid=04AjkP0jO9U ret=0x000000080A821799 reason=_umtx_op_wait
[LOADER][INFO] Guest thread yield at import#6955: nid=04AjkP0jO9U ret=0x000000080A821799 reason=_umtx_op_wait
[LOADER][INFO] Guest thread yield at import#7210: nid=04AjkP0jO9U ret=0x000000080A821799 reason=_umtx_op_wait
[LOADER][INFO] Guest thread yield at import#6187: nid=04AjkP0jO9U ret=0x000000080A821799 reason=_umtx_op_wait
[LOADER][INFO] Guest thread 'AssetGarbageCollectorHelper' state=Blocked reason=_umtx_op_wait
[LOADER][INFO] guest_threads.timeout_wake count=2
[LOADER][INFO] Guest thread 'AssetGarbageCollectorHelper' state=Blocked reason=_umtx_op_wait
[LOADER][INFO] Guest thread 'AssetGarbageCollectorHelper' state=Blocked reason=_umtx_op_wait
[LOADER][INFO] Guest thread 'AssetGarbageCollectorHelper' state=Blocked reason=_umtx_op_wait
[LOADER][INFO] Pumping guest thread 'AssetGarbageCollectorHelper' reason=dispatcher resume=0x000000080A821799
[LOADER][INFO] Pumping guest thread 'AssetGarbageCollectorHelper' reason=dispatcher resume=0x000000080A821799
[LOADER][INFO] Guest thread yield at import#7467: nid=04AjkP0jO9U ret=0x000000080A821799 reason=_umtx_op_wait
[LOADER][INFO] Guest thread yield at import#6698: nid=04AjkP0jO9U ret=0x000000080A821799 reason=_umtx_op_wait
[LOADER][INFO] Guest thread 'AssetGarbageCollectorHelper' state=Blocked reason=_umtx_op_wait
[LOADER][INFO] Guest thread 'AssetGarbageCollectorHelper' state=Blocked reason=_umtx_op_wait
[LOADER][INFO] guest_threads.timeout_wake count=2
[LOADER][INFO] Pumping guest thread 'AssetGarbageCollectorHelper' reason=ready-dispatch resume=0x000000080A821799
[LOADER][INFO] Pumping guest thread 'AssetGarbageCollectorHelper' reason=ready-dispatch resume=0x000000080A821799
[LOADER][INFO] Guest thread yield at import#7979: nid=04AjkP0jO9U ret=0x000000080A821799 reason=_umtx_op_wait
[LOADER][INFO] Guest thread yield at import#8234: nid=04AjkP0jO9U ret=0x000000080A821799 reason=_umtx_op_wait
[LOADER][INFO] Guest thread 'AssetGarbageCollectorHelper' state=Blocked reason=_umtx_op_wait
[LOADER][INFO] Guest thread 'AssetGarbageCollectorHelper' state=Blocked reason=_umtx_op_wait
[LOADER][INFO] guest_threads.timeout_wake count=2
[LOADER][INFO] Pumping guest thread 'AssetGarbageCollectorHelper' reason=ready-dispatch resume=0x000000080A821799
[LOADER][INFO] Pumping guest thread 'AssetGarbageCollectorHelper' reason=ready-dispatch resume=0x000000080A821799
[LOADER][INFO] Guest thread yield at import#7722: nid=04AjkP0jO9U ret=0x000000080A821799 reason=_umtx_op_wait
[LOADER][INFO] Guest thread yield at import#8491: nid=04AjkP0jO9U ret=0x000000080A821799 reason=_umtx_op_wait
[LOADER][INFO] Guest thread 'AssetGarbageCollectorHelper' state=Blocked reason=_umtx_op_wait
[LOADER][INFO] Guest thread 'AssetGarbageCollectorHelper' state=Blocked reason=_umtx_op_wait
[LOADER][INFO] guest_threads.timeout_wake count=1
[LOADER][INFO] Pumping guest thread 'AssetGarbageCollectorHelper' reason=dispatcher resume=0x000000080A821799
[LOADER][INFO] Guest thread yield at import#5164: nid=04AjkP0jO9U ret=0x000000080A821799 reason=_umtx_op_wait
[LOADER][INFO] Guest thread 'AssetGarbageCollectorHelper' state=Blocked reason=_umtx_op_wait
[LOADER][INFO] guest_threads.timeout_wake count=1
[LOADER][INFO] Pumping guest thread 'AssetGarbageCollectorHelper' reason=dispatcher resume=0x000000080A821799
[LOADER][INFO] Guest thread yield at import#5931: nid=04AjkP0jO9U ret=0x000000080A821799 reason=_umtx_op_wait
[LOADER][INFO] guest_threads.timeout_wake count=1
[LOADER][INFO] Guest thread 'AssetGarbageCollectorHelper' state=Blocked reason=_umtx_op_wait
[LOADER][INFO] Pumping guest thread 'AssetGarbageCollectorHelper' reason=ready-dispatch resume=0x000000080A821799
[LOADER][INFO] Guest thread yield at import#5419: nid=04AjkP0jO9U ret=0x000000080A821799 reason=_umtx_op_wait
[LOADER][INFO] Guest thread 'AssetGarbageCollectorHelper' state=Blocked reason=_umtx_op_wait
[LOADER][INFO] guest_threads.timeout_wake count=4
[LOADER][INFO] Pumping guest thread 'AssetGarbageCollectorHelper' reason=ready-dispatch resume=0x000000080A821799
[LOADER][INFO] Pumping guest thread 'AssetGarbageCollectorHelper' reason=ready-dispatch resume=0x000000080A821799
[LOADER][INFO] Pumping guest thread 'AssetGarbageCollectorHelper' reason=ready-dispatch resume=0x000000080A821799
[LOADER][INFO] Pumping guest thread 'AssetGarbageCollectorHelper' reason=ready-dispatch resume=0x000000080A821799
[LOADER][INFO] guest_threads.timeout_wake count=2
[LOADER][INFO] Guest thread yield at import#6188: nid=04AjkP0jO9U ret=0x000000080A821799 reason=_umtx_op_wait
[LOADER][INFO] Guest thread yield at import#5676: nid=04AjkP0jO9U ret=0x000000080A821799 reason=_umtx_op_wait
[LOADER][INFO] Guest thread yield at import#7211: nid=04AjkP0jO9U ret=0x000000080A821799 reason=_umtx_op_wait
[LOADER][INFO] Pumping guest thread 'AssetGarbageCollectorHelper' reason=ready-dispatch resume=0x000000080A821799
[LOADER][INFO] Pumping guest thread 'AssetGarbageCollectorHelper' reason=ready-dispatch resume=0x000000080A821799
[LOADER][INFO] Guest thread yield at import#6956: nid=04AjkP0jO9U ret=0x000000080A821799 reason=_umtx_op_wait
[LOADER][INFO] Guest thread 'AssetGarbageCollectorHelper' state=Blocked reason=_umtx_op_wait
[LOADER][INFO] Guest thread 'AssetGarbageCollectorHelper' state=Blocked reason=_umtx_op_wait
[LOADER][INFO] Guest thread 'AssetGarbageCollectorHelper' state=Blocked reason=_umtx_op_wait
[LOADER][INFO] Guest thread yield at import#6699: nid=04AjkP0jO9U ret=0x000000080A821799 reason=_umtx_op_wait
[LOADER][INFO] Guest thread yield at import#7468: nid=04AjkP0jO9U ret=0x000000080A821799 reason=_umtx_op_wait
[LOADER][INFO] Guest thread 'AssetGarbageCollectorHelper' state=Blocked reason=_umtx_op_wait
[LOADER][INFO] Guest thread 'AssetGarbageCollectorHelper' state=Blocked reason=_umtx_op_wait
[LOADER][INFO] Guest thread 'AssetGarbageCollectorHelper' state=Blocked reason=_umtx_op_wait
[LOADER][INFO] guest_threads.timeout_wake count=2
[LOADER][INFO] Pumping guest thread 'AssetGarbageCollectorHelper' reason=dispatcher resume=0x000000080A821799
[LOADER][INFO] Pumping guest thread 'AssetGarbageCollectorHelper' reason=dispatcher resume=0x000000080A821799
[LOADER][INFO] Guest thread yield at import#8235: nid=04AjkP0jO9U ret=0x000000080A821799 reason=_umtx_op_wait
[LOADER][INFO] Guest thread yield at import#7980: nid=04AjkP0jO9U ret=0x000000080A821799 reason=_umtx_op_wait
[LOADER][INFO] Guest thread 'AssetGarbageCollectorHelper' state=Blocked reason=_umtx_op_wait
[LOADER][INFO] Guest thread 'AssetGarbageCollectorHelper' state=Blocked reason=_umtx_op_wait
[LOADER][INFO] guest_threads.timeout_wake count=1
[LOADER][INFO] Pumping guest thread 'AssetGarbageCollectorHelper' reason=ready-dispatch resume=0x000000080A821799
[LOADER][INFO] Guest thread yield at import#7723: nid=04AjkP0jO9U ret=0x000000080A821799 reason=_umtx_op_wait
[LOADER][INFO] Guest thread 'AssetGarbageCollectorHelper' state=Blocked reason=_umtx_op_wait
[LOADER][INFO] guest_threads.timeout_wake count=1
[LOADER][INFO] Pumping guest thread 'AssetGarbageCollectorHelper' reason=dispatcher resume=0x000000080A821799
[LOADER][INFO] Guest thread yield at import#8492: nid=04AjkP0jO9U ret=0x000000080A821799 reason=_umtx_op_wait
[LOADER][INFO] Guest thread 'AssetGarbageCollectorHelper' state=Blocked reason=_umtx_op_wait
[LOADER][INFO] guest_threads.timeout_wake count=1
[LOADER][INFO] Pumping guest thread 'AssetGarbageCollectorHelper' reason=dispatcher resume=0x000000080A821799
[LOADER][INFO] Guest thread yield at import#5165: nid=04AjkP0jO9U ret=0x000000080A821799 reason=_umtx_op_wait
[LOADER][INFO] Guest thread 'AssetGarbageCollectorHelper' state=Blocked reason=_umtx_op_wait
[LOADER][INFO] guest_threads.timeout_wake count=1
[LOADER][INFO] Pumping guest thread 'AssetGarbageCollectorHelper' reason=dispatcher resume=0x000000080A821799
[LOADER][INFO] Guest thread yield at import#5932: nid=04AjkP0jO9U ret=0x000000080A821799 reason=_umtx_op_wait
[LOADER][INFO] Guest thread 'AssetGarbageCollectorHelper' state=Blocked reason=_umtx_op_wait
[LOADER][INFO] guest_threads.timeout_wake count=1
[LOADER][INFO] Pumping guest thread 'AssetGarbageCollectorHelper' reason=ready-dispatch resume=0x000000080A821799
[LOADER][INFO] Guest thread yield at import#5420: nid=04AjkP0jO9U ret=0x000000080A821799 reason=_umtx_op_wait
[LOADER][INFO] Guest thread 'AssetGarbageCollectorHelper' state=Blocked reason=_umtx_op_wait
[LOADER][INFO] guest_threads.timeout_wake count=4
[LOADER][INFO] Pumping guest thread 'AssetGarbageCollectorHelper' reason=ready-dispatch resume=0x000000080A821799
[LOADER][INFO] Guest thread yield at import#5677: nid=04AjkP0jO9U ret=0x000000080A821799 reason=_umtx_op_wait
[LOADER][INFO] Pumping guest thread 'AssetGarbageCollectorHelper' reason=ready-dispatch resume=0x000000080A821799
[LOADER][INFO] Pumping guest thread 'AssetGarbageCollectorHelper' reason=ready-dispatch resume=0x000000080A821799
[LOADER][INFO] guest_threads.timeout_wake count=2
[LOADER][INFO] Pumping guest thread 'AssetGarbageCollectorHelper' reason=ready-dispatch resume=0x000000080A821799
[LOADER][INFO] Pumping guest thread 'AssetGarbageCollectorHelper' reason=ready-dispatch resume=0x000000080A821799
[LOADER][INFO] Pumping guest thread 'AssetGarbageCollectorHelper' reason=ready-dispatch resume=0x000000080A821799
[LOADER][INFO] Guest thread 'AssetGarbageCollectorHelper' state=Blocked reason=_umtx_op_wait
[LOADER][INFO] Guest thread yield at import#7212: nid=04AjkP0jO9U ret=0x000000080A821799 reason=_umtx_op_wait
[LOADER][INFO] Guest thread yield at import#6189: nid=04AjkP0jO9U ret=0x000000080A821799 reason=_umtx_op_wait
[LOADER][INFO] Guest thread yield at import#6957: nid=04AjkP0jO9U ret=0x000000080A821799 reason=_umtx_op_wait
[LOADER][INFO] Guest thread yield at import#6700: nid=04AjkP0jO9U ret=0x000000080A821799 reason=_umtx_op_wait
[LOADER][INFO] Guest thread yield at import#7469: nid=04AjkP0jO9U ret=0x000000080A821799 reason=_umtx_op_wait
[LOADER][INFO] Guest thread 'AssetGarbageCollectorHelper' state=Blocked reason=_umtx_op_wait
[LOADER][INFO] Guest thread 'AssetGarbageCollectorHelper' state=Blocked reason=_umtx_op_wait
[LOADER][INFO] Guest thread 'AssetGarbageCollectorHelper' state=Blocked reason=_umtx_op_wait
[LOADER][INFO] Guest thread 'AssetGarbageCollectorHelper' state=Blocked reason=_umtx_op_wait
[LOADER][INFO] Guest thread 'AssetGarbageCollectorHelper' state=Blocked reason=_umtx_op_wait
[LOADER][INFO] guest_threads.timeout_wake count=3
[LOADER][INFO] Pumping guest thread 'AssetGarbageCollectorHelper' reason=dispatcher resume=0x000000080A821799
[LOADER][INFO] Pumping guest thread 'AssetGarbageCollectorHelper' reason=dispatcher resume=0x000000080A821799
[LOADER][INFO] Pumping guest thread 'AssetGarbageCollectorHelper' reason=dispatcher resume=0x000000080A821799
[LOADER][INFO] Guest thread yield at import#7981: nid=04AjkP0jO9U ret=0x000000080A821799 reason=_umtx_op_wait
[LOADER][INFO] Guest thread yield at import#8236: nid=04AjkP0jO9U ret=0x000000080A821799 reason=_umtx_op_wait
[LOADER][INFO] Guest thread yield at import#7724: nid=04AjkP0jO9U ret=0x000000080A821799 reason=_umtx_op_wait
[LOADER][INFO] Guest thread 'AssetGarbageCollectorHelper' state=Blocked reason=_umtx_op_wait
[LOADER][INFO] Guest thread 'AssetGarbageCollectorHelper' state=Blocked reason=_umtx_op_wait
[LOADER][INFO] guest_threads.timeout_wake count=1
[LOADER][INFO] Pumping guest thread 'AssetGarbageCollectorHelper' reason=ready-dispatch resume=0x000000080A821799
[LOADER][INFO] Guest thread 'AssetGarbageCollectorHelper' state=Blocked reason=_umtx_op_wait
[LOADER][INFO] Guest thread yield at import#8493: nid=04AjkP0jO9U ret=0x000000080A821799 reason=_umtx_op_wait
[LOADER][INFO] Guest thread 'AssetGarbageCollectorHelper' state=Blocked reason=_umtx_op_wait
[LOADER][INFO] guest_threads.timeout_wake count=1
[LOADER][INFO] Pumping guest thread 'AssetGarbageCollectorHelper' reason=dispatcher resume=0x000000080A821799
[LOADER][INFO] Guest thread yield at import#5166: nid=04AjkP0jO9U ret=0x000000080A821799 reason=_umtx_op_wait
[LOADER][INFO] Guest thread 'AssetGarbageCollectorHelper' state=Blocked reason=_umtx_op_wait
[LOADER][INFO] guest_threads.timeout_wake count=1
[LOADER][INFO] Pumping guest thread 'AssetGarbageCollectorHelper' reason=dispatcher resume=0x000000080A821799
[LOADER][INFO] Guest thread yield at import#5933: nid=04AjkP0jO9U ret=0x000000080A821799 reason=_umtx_op_wait
[LOADER][INFO] Guest thread 'AssetGarbageCollectorHelper' state=Blocked reason=_umtx_op_wait
[LOADER][INFO] guest_threads.timeout_wake count=1
[LOADER][INFO] Pumping guest thread 'AssetGarbageCollectorHelper' reason=ready-dispatch resume=0x000000080A821799
[LOADER][INFO] Guest thread yield at import#5421: nid=04AjkP0jO9U ret=0x000000080A821799 reason=_umtx_op_wait
[LOADER][INFO] Guest thread 'AssetGarbageCollectorHelper' state=Blocked reason=_umtx_op_wait
[LOADER][INFO] guest_threads.timeout_wake count=3
[LOADER][INFO] Pumping guest thread 'AssetGarbageCollectorHelper' reason=ready-dispatch resume=0x000000080A821799
[LOADER][INFO] Pumping guest thread 'AssetGarbageCollectorHelper' reason=ready-dispatch resume=0x000000080A821799
[LOADER][INFO] Pumping guest thread 'AssetGarbageCollectorHelper' reason=ready-dispatch resume=0x000000080A821799
[LOADER][INFO] Guest thread yield at import#5678: nid=04AjkP0jO9U ret=0x000000080A821799 reason=_umtx_op_wait
[LOADER][INFO] Guest thread yield at import#6190: nid=04AjkP0jO9U ret=0x000000080A821799 reason=_umtx_op_wait
[LOADER][INFO] Guest thread yield at import#7213: nid=04AjkP0jO9U ret=0x000000080A821799 reason=_umtx_op_wait
[LOADER][INFO] Guest thread 'AssetGarbageCollectorHelper' state=Blocked reason=_umtx_op_wait
[LOADER][INFO] Guest thread 'AssetGarbageCollectorHelper' state=Blocked reason=_umtx_op_wait
[LOADER][INFO] Guest thread 'AssetGarbageCollectorHelper' state=Blocked reason=_umtx_op_wait
[LOADER][INFO] guest_threads.timeout_wake count=3
[LOADER][INFO] Pumping guest thread 'AssetGarbageCollectorHelper' reason=ready-dispatch resume=0x000000080A821799
[LOADER][INFO] Pumping guest thread 'AssetGarbageCollectorHelper' reason=ready-dispatch resume=0x000000080A821799
[LOADER][INFO] Pumping guest thread 'AssetGarbageCollectorHelper' reason=ready-dispatch resume=0x000000080A821799
[LOADER][INFO] Guest thread yield at import#6958: nid=04AjkP0jO9U ret=0x000000080A821799 reason=_umtx_op_wait
[LOADER][INFO] Guest thread yield at import#6701: nid=04AjkP0jO9U ret=0x000000080A821799 reason=_umtx_op_wait
[LOADER][INFO] Guest thread yield at import#7470: nid=04AjkP0jO9U ret=0x000000080A821799 reason=_umtx_op_wait
[LOADER][INFO] Guest thread 'AssetGarbageCollectorHelper' state=Blocked reason=_umtx_op_wait
[LOADER][INFO] Guest thread 'AssetGarbageCollectorHelper' state=Blocked reason=_umtx_op_wait
[LOADER][INFO] Guest thread 'AssetGarbageCollectorHelper' state=Blocked reason=_umtx_op_wait
[LOADER][INFO] guest_threads.timeout_wake count=2
[LOADER][INFO] guest_threads.timeout_wake count=1
[LOADER][INFO] Pumping guest thread 'AssetGarbageCollectorHelper' reason=dispatcher resume=0x000000080A821799
[LOADER][INFO] Pumping guest thread 'AssetGarbageCollectorHelper' reason=dispatcher resume=0x000000080A821799
[LOADER][INFO] Pumping guest thread 'AssetGarbageCollectorHelper' reason=dispatcher resume=0x000000080A821799
[LOADER][INFO] Guest thread yield at import#7982: nid=04AjkP0jO9U ret=0x000000080A821799 reason=_umtx_op_wait
[LOADER][INFO] Guest thread yield at import#8237: nid=04AjkP0jO9U ret=0x000000080A821799 reason=_umtx_op_wait
[LOADER][INFO] Guest thread 'AssetGarbageCollectorHelper' state=Blocked reason=_umtx_op_wait
[LOADER][INFO] Guest thread 'AssetGarbageCollectorHelper' state=Blocked reason=_umtx_op_wait
[LOADER][INFO] Guest thread yield at import#7725: nid=04AjkP0jO9U ret=0x000000080A821799 reason=_umtx_op_wait
[LOADER][INFO] Guest thread 'AssetGarbageCollectorHelper' state=Blocked reason=_umtx_op_wait
[LOADER][INFO] guest_threads.timeout_wake count=1
[LOADER][INFO] Pumping guest thread 'AssetGarbageCollectorHelper' reason=ready-dispatch resume=0x000000080A821799
[LOADER][INFO] Guest thread yield at import#8494: nid=04AjkP0jO9U ret=0x000000080A821799 reason=_umtx_op_wait
[LOADER][INFO] Guest thread 'AssetGarbageCollectorHelper' state=Blocked reason=_umtx_op_wait
[LOADER][INFO] guest_threads.timeout_wake count=1
[LOADER][INFO] Pumping guest thread 'AssetGarbageCollectorHelper' reason=dispatcher resume=0x000000080A821799
[LOADER][INFO] Guest thread yield at import#5167: nid=04AjkP0jO9U ret=0x000000080A821799 reason=_umtx_op_wait
[LOADER][INFO] Guest thread 'AssetGarbageCollectorHelper' state=Blocked reason=_umtx_op_wait
[LOADER][INFO] guest_threads.timeout_wake count=1
[LOADER][INFO] Pumping guest thread 'AssetGarbageCollectorHelper' reason=dispatcher resume=0x000000080A821799
[LOADER][INFO] Guest thread yield at import#5934: nid=04AjkP0jO9U ret=0x000000080A821799 reason=_umtx_op_wait
[LOADER][INFO] Guest thread 'AssetGarbageCollectorHelper' state=Blocked reason=_umtx_op_wait
[LOADER][INFO] guest_threads.timeout_wake count=1
[LOADER][INFO] Pumping guest thread 'AssetGarbageCollectorHelper' reason=dispatcher resume=0x000000080A821799
[LOADER][INFO] Guest thread yield at import#5422: nid=04AjkP0jO9U ret=0x000000080A821799 reason=_umtx_op_wait
[LOADER][INFO] Guest thread 'AssetGarbageCollectorHelper' state=Blocked reason=_umtx_op_wait
[LOADER][INFO] guest_threads.timeout_wake count=3
[LOADER][INFO] Pumping guest thread 'AssetGarbageCollectorHelper' reason=dispatcher resume=0x000000080A821799
[LOADER][INFO] Pumping guest thread 'AssetGarbageCollectorHelper' reason=dispatcher resume=0x000000080A821799
[LOADER][INFO] Pumping guest thread 'AssetGarbageCollectorHelper' reason=dispatcher resume=0x000000080A821799
[LOADER][INFO] Guest thread yield at import#7214: nid=04AjkP0jO9U ret=0x000000080A821799 reason=_umtx_op_wait
[LOADER][INFO] Guest thread yield at import#5679: nid=04AjkP0jO9U ret=0x000000080A821799 reason=_umtx_op_wait
[LOADER][INFO] guest_threads.timeout_wake count=3
[LOADER][INFO] Guest thread 'AssetGarbageCollectorHelper' state=Blocked reason=_umtx_op_wait
[LOADER][INFO] Guest thread yield at import#6191: nid=04AjkP0jO9U ret=0x000000080A821799 reason=_umtx_op_wait
[LOADER][INFO] Guest thread 'AssetGarbageCollectorHelper' state=Blocked reason=_umtx_op_wait
[LOADER][INFO] Pumping guest thread 'AssetGarbageCollectorHelper' reason=dispatcher resume=0x000000080A821799
[LOADER][INFO] Pumping guest thread 'AssetGarbageCollectorHelper' reason=dispatcher resume=0x000000080A821799
[LOADER][INFO] Pumping guest thread 'AssetGarbageCollectorHelper' reason=dispatcher resume=0x000000080A821799
[LOADER][INFO] Guest thread 'AssetGarbageCollectorHelper' state=Blocked reason=_umtx_op_wait
[LOADER][INFO] Guest thread yield at import#7471: nid=04AjkP0jO9U ret=0x000000080A821799 reason=_umtx_op_wait
[LOADER][INFO] Guest thread yield at import#6959: nid=04AjkP0jO9U ret=0x000000080A821799 reason=_umtx_op_wait
[LOADER][INFO] Guest thread yield at import#6702: nid=04AjkP0jO9U ret=0x000000080A821799 reason=_umtx_op_wait
[LOADER][INFO] guest_threads.timeout_wake count=1
[LOADER][INFO] Guest thread 'AssetGarbageCollectorHelper' state=Blocked reason=_umtx_op_wait
[LOADER][INFO] Guest thread 'AssetGarbageCollectorHelper' state=Blocked reason=_umtx_op_wait
[LOADER][INFO] Pumping guest thread 'AssetGarbageCollectorHelper' reason=ready-dispatch resume=0x000000080A821799
[LOADER][INFO] Guest thread 'AssetGarbageCollectorHelper' state=Blocked reason=_umtx_op_wait
[LOADER][INFO] Guest thread yield at import#7983: nid=04AjkP0jO9U ret=0x000000080A821799 reason=_umtx_op_wait
[LOADER][INFO] Guest thread 'AssetGarbageCollectorHelper' state=Blocked reason=_umtx_op_wait
[LOADER][INFO] guest_threads.timeout_wake count=2
[LOADER][INFO] Pumping guest thread 'AssetGarbageCollectorHelper' reason=ready-dispatch resume=0x000000080A821799
[LOADER][INFO] Pumping guest thread 'AssetGarbageCollectorHelper' reason=ready-dispatch resume=0x000000080A821799
[LOADER][INFO] Guest thread yield at import#7726: nid=04AjkP0jO9U ret=0x000000080A821799 reason=_umtx_op_wait
[LOADER][INFO] Guest thread yield at import#8238: nid=04AjkP0jO9U ret=0x000000080A821799 reason=_umtx_op_wait
[LOADER][INFO] Guest thread 'AssetGarbageCollectorHelper' state=Blocked reason=_umtx_op_wait
[LOADER][INFO] Guest thread 'AssetGarbageCollectorHelper' state=Blocked reason=_umtx_op_wait
[LOADER][INFO] guest_threads.timeout_wake count=1
[LOADER][INFO] Pumping guest thread 'AssetGarbageCollectorHelper' reason=ready-dispatch resume=0x000000080A821799
[LOADER][INFO] Guest thread yield at import#8495: nid=04AjkP0jO9U ret=0x000000080A821799 reason=_umtx_op_wait
[LOADER][INFO] Guest thread 'AssetGarbageCollectorHelper' state=Blocked reason=_umtx_op_wait
[LOADER][INFO] guest_threads.timeout_wake count=1
[LOADER][INFO] Pumping guest thread 'AssetGarbageCollectorHelper' reason=ready-dispatch resume=0x000000080A821799
[LOADER][INFO] Guest thread yield at import#5168: nid=04AjkP0jO9U ret=0x000000080A821799 reason=_umtx_op_wait
[LOADER][INFO] Guest thread 'AssetGarbageCollectorHelper' state=Blocked reason=_umtx_op_wait
[LOADER][INFO] guest_threads.timeout_wake count=1
[LOADER][INFO] Pumping guest thread 'AssetGarbageCollectorHelper' reason=dispatcher resume=0x000000080A821799
[LOADER][INFO] Guest thread yield at import#5935: nid=04AjkP0jO9U ret=0x000000080A821799 reason=_umtx_op_wait
[LOADER][INFO] Guest thread 'AssetGarbageCollectorHelper' state=Blocked reason=_umtx_op_wait
[LOADER][INFO] guest_threads.timeout_wake count=1
[LOADER][INFO] Pumping guest thread 'AssetGarbageCollectorHelper' reason=dispatcher resume=0x000000080A821799
[LOADER][INFO] Guest thread yield at import#5423: nid=04AjkP0jO9U ret=0x000000080A821799 reason=_umtx_op_wait
[LOADER][INFO] Guest thread 'AssetGarbageCollectorHelper' state=Blocked reason=_umtx_op_wait
[LOADER][INFO] guest_threads.timeout_wake count=3
[LOADER][INFO] Pumping guest thread 'AssetGarbageCollectorHelper' reason=dispatcher resume=0x000000080A821799
[LOADER][INFO] Pumping guest thread 'AssetGarbageCollectorHelper' reason=dispatcher resume=0x000000080A821799
[LOADER][INFO] Pumping guest thread 'AssetGarbageCollectorHelper' reason=dispatcher resume=0x000000080A821799
[LOADER][INFO] Guest thread yield at import#6192: nid=04AjkP0jO9U ret=0x000000080A821799 reason=_umtx_op_wait
[LOADER][INFO] Guest thread yield at import#7215: nid=04AjkP0jO9U ret=0x000000080A821799 reason=_umtx_op_wait
[LOADER][INFO] Guest thread yield at import#5680: nid=04AjkP0jO9U ret=0x000000080A821799 reason=_umtx_op_wait
[LOADER][INFO] Guest thread 'AssetGarbageCollectorHelper' state=Blocked reason=_umtx_op_wait
[LOADER][INFO] Pumping guest thread 'AssetGarbageCollectorHelper' reason=ready-dispatch resume=0x000000080A821799
[LOADER][INFO] guest_threads.timeout_wake count=3
[LOADER][INFO] Guest thread 'AssetGarbageCollectorHelper' state=Blocked reason=_umtx_op_wait
[LOADER][INFO] Guest thread 'AssetGarbageCollectorHelper' state=Blocked reason=_umtx_op_wait
[LOADER][INFO] Pumping guest thread 'AssetGarbageCollectorHelper' reason=ready-dispatch resume=0x000000080A821799
[LOADER][INFO] Pumping guest thread 'AssetGarbageCollectorHelper' reason=ready-dispatch resume=0x000000080A821799
[LOADER][INFO] Guest thread yield at import#6703: nid=04AjkP0jO9U ret=0x000000080A821799 reason=_umtx_op_wait
[LOADER][INFO] Guest thread 'AssetGarbageCollectorHelper' state=Blocked reason=_umtx_op_wait
[LOADER][INFO] Guest thread yield at import#7472: nid=04AjkP0jO9U ret=0x000000080A821799 reason=_umtx_op_wait
[LOADER][INFO] Guest thread yield at import#6960: nid=04AjkP0jO9U ret=0x000000080A821799 reason=_umtx_op_wait
[LOADER][INFO] guest_threads.timeout_wake count=3
[LOADER][INFO] Pumping guest thread 'AssetGarbageCollectorHelper' reason=ready-dispatch resume=0x000000080A821799
[LOADER][INFO] Pumping guest thread 'AssetGarbageCollectorHelper' reason=ready-dispatch resume=0x000000080A821799
[LOADER][INFO] Pumping guest thread 'AssetGarbageCollectorHelper' reason=ready-dispatch resume=0x000000080A821799
[LOADER][INFO] Guest thread 'AssetGarbageCollectorHelper' state=Blocked reason=_umtx_op_wait
[LOADER][INFO] Guest thread 'AssetGarbageCollectorHelper' state=Blocked reason=_umtx_op_wait
[LOADER][INFO] Guest thread yield at import#7984: nid=04AjkP0jO9U ret=0x000000080A821799 reason=_umtx_op_wait
[LOADER][INFO] Guest thread yield at import#7727: nid=04AjkP0jO9U ret=0x000000080A821799 reason=_umtx_op_wait
[LOADER][INFO] Guest thread yield at import#8239: nid=04AjkP0jO9U ret=0x000000080A821799 reason=_umtx_op_wait
[LOADER][INFO] Guest thread 'AssetGarbageCollectorHelper' state=Blocked reason=_umtx_op_wait
[LOADER][INFO] Guest thread 'AssetGarbageCollectorHelper' state=Blocked reason=_umtx_op_wait
[LOADER][INFO] Guest thread 'AssetGarbageCollectorHelper' state=Blocked reason=_umtx_op_wait
[LOADER][INFO] guest_threads.timeout_wake count=1
[LOADER][INFO] Pumping guest thread 'AssetGarbageCollectorHelper' reason=dispatcher resume=0x000000080A821799
[LOADER][INFO] Guest thread yield at import#8496: nid=04AjkP0jO9U ret=0x000000080A821799 reason=_umtx_op_wait
[LOADER][INFO] Guest thread 'AssetGarbageCollectorHelper' state=Blocked reason=_umtx_op_wait
[LOADER][INFO] guest_threads.timeout_wake count=1
[LOADER][INFO] Pumping guest thread 'AssetGarbageCollectorHelper' reason=dispatcher resume=0x000000080A821799
[LOADER][INFO] Guest thread yield at import#5169: nid=04AjkP0jO9U ret=0x000000080A821799 reason=_umtx_op_wait
[LOADER][INFO] Guest thread 'AssetGarbageCollectorHelper' state=Blocked reason=_umtx_op_wait
[LOADER][INFO] guest_threads.timeout_wake count=1
[LOADER][INFO] Pumping guest thread 'AssetGarbageCollectorHelper' reason=dispatcher resume=0x000000080A821799
[LOADER][INFO] Guest thread yield at import#5936: nid=04AjkP0jO9U ret=0x000000080A821799 reason=_umtx_op_wait
[LOADER][INFO] Guest thread 'AssetGarbageCollectorHelper' state=Blocked reason=_umtx_op_wait
[LOADER][INFO] guest_threads.timeout_wake count=1
[LOADER][INFO] Pumping guest thread 'AssetGarbageCollectorHelper' reason=ready-dispatch resume=0x000000080A821799
[LOADER][INFO] Guest thread yield at import#5424: nid=04AjkP0jO9U ret=0x000000080A821799 reason=_umtx_op_wait
[LOADER][INFO] Guest thread 'AssetGarbageCollectorHelper' state=Blocked reason=_umtx_op_wait
[LOADER][INFO] guest_threads.timeout_wake count=3
[LOADER][INFO] Pumping guest thread 'AssetGarbageCollectorHelper' reason=dispatcher resume=0x000000080A821799
[LOADER][INFO] Pumping guest thread 'AssetGarbageCollectorHelper' reason=dispatcher resume=0x000000080A821799
[LOADER][INFO] Pumping guest thread 'AssetGarbageCollectorHelper' reason=dispatcher resume=0x000000080A821799
[LOADER][INFO] Guest thread yield at import#7216: nid=04AjkP0jO9U ret=0x000000080A821799 reason=_umtx_op_wait
[LOADER][INFO] Guest thread yield at import#6193: nid=04AjkP0jO9U ret=0x000000080A821799 reason=_umtx_op_wait
[LOADER][INFO] Guest thread yield at import#5681: nid=04AjkP0jO9U ret=0x000000080A821799 reason=_umtx_op_wait
[LOADER][INFO] Guest thread 'AssetGarbageCollectorHelper' state=Blocked reason=_umtx_op_wait
[LOADER][INFO] Guest thread 'AssetGarbageCollectorHelper' state=Blocked reason=_umtx_op_wait
[LOADER][INFO] Guest thread 'AssetGarbageCollectorHelper' state=Blocked reason=_umtx_op_wait
[LOADER][INFO] guest_threads.timeout_wake count=1
[LOADER][INFO] Pumping guest thread 'AssetGarbageCollectorHelper' reason=dispatcher resume=0x000000080A821799
[LOADER][INFO] Guest thread yield at import#6704: nid=04AjkP0jO9U ret=0x000000080A821799 reason=_umtx_op_wait
[LOADER][INFO] Guest thread 'AssetGarbageCollectorHelper' state=Blocked reason=_umtx_op_wait
[LOADER][INFO] guest_threads.timeout_wake count=2
[LOADER][INFO] Pumping guest thread 'AssetGarbageCollectorHelper' reason=ready-dispatch resume=0x000000080A821799
[LOADER][INFO] Pumping guest thread 'AssetGarbageCollectorHelper' reason=ready-dispatch resume=0x000000080A821799
[LOADER][INFO] Guest thread yield at import#6961: nid=04AjkP0jO9U ret=0x000000080A821799 reason=_umtx_op_wait
[LOADER][INFO] Guest thread yield at import#7473: nid=04AjkP0jO9U ret=0x000000080A821799 reason=_umtx_op_wait
[LOADER][INFO] Guest thread 'AssetGarbageCollectorHelper' state=Blocked reason=_umtx_op_wait
[LOADER][INFO] Guest thread 'AssetGarbageCollectorHelper' state=Blocked reason=_umtx_op_wait
[LOADER][INFO] guest_threads.timeout_wake count=3
[LOADER][INFO] guest_threads.timeout_wake count=1
[LOADER][INFO] Pumping guest thread 'AssetGarbageCollectorHelper' reason=dispatcher resume=0x000000080A821799
[LOADER][INFO] Pumping guest thread 'AssetGarbageCollectorHelper' reason=dispatcher resume=0x000000080A821799
[LOADER][INFO] Pumping guest thread 'AssetGarbageCollectorHelper' reason=dispatcher resume=0x000000080A821799
[LOADER][INFO] Pumping guest thread 'AssetGarbageCollectorHelper' reason=dispatcher resume=0x000000080A821799
[LOADER][INFO] Guest thread yield at import#7728: nid=04AjkP0jO9U ret=0x000000080A821799 reason=_umtx_op_wait
[LOADER][INFO] Guest thread yield at import#7985: nid=04AjkP0jO9U ret=0x000000080A821799 reason=_umtx_op_wait
[LOADER][INFO] Guest thread yield at import#8240: nid=04AjkP0jO9U ret=0x000000080A821799 reason=_umtx_op_wait
[LOADER][INFO] Guest thread 'AssetGarbageCollectorHelper' state=Blocked reason=_umtx_op_wait
[LOADER][INFO] Guest thread 'AssetGarbageCollectorHelper' state=Blocked reason=_umtx_op_wait
[LOADER][INFO] Guest thread 'AssetGarbageCollectorHelper' state=Blocked reason=_umtx_op_wait
[LOADER][INFO] Guest thread yield at import#8497: nid=04AjkP0jO9U ret=0x000000080A821799 reason=_umtx_op_wait
[LOADER][INFO] Guest thread 'AssetGarbageCollectorHelper' state=Blocked reason=_umtx_op_wait
[LOADER][INFO] guest_threads.timeout_wake count=1
[LOADER][INFO] Pumping guest thread 'AssetGarbageCollectorHelper' reason=dispatcher resume=0x000000080A821799
[LOADER][INFO] Guest thread yield at import#5170: nid=04AjkP0jO9U ret=0x000000080A821799 reason=_umtx_op_wait
[LOADER][INFO] Guest thread 'AssetGarbageCollectorHelper' state=Blocked reason=_umtx_op_wait
[LOADER][INFO] guest_threads.timeout_wake count=1
[LOADER][INFO] Pumping guest thread 'AssetGarbageCollectorHelper' reason=dispatcher resume=0x000000080A821799
[LOADER][INFO] Guest thread yield at import#5937: nid=04AjkP0jO9U ret=0x000000080A821799 reason=_umtx_op_wait
[LOADER][INFO] Guest thread 'AssetGarbageCollectorHelper' state=Blocked reason=_umtx_op_wait
[LOADER][INFO] guest_threads.timeout_wake count=1
[LOADER][INFO] Pumping guest thread 'AssetGarbageCollectorHelper' reason=ready-dispatch resume=0x000000080A821799
[LOADER][INFO] Guest thread yield at import#5425: nid=04AjkP0jO9U ret=0x000000080A821799 reason=_umtx_op_wait
[LOADER][INFO] Guest thread 'AssetGarbageCollectorHelper' state=Blocked reason=_umtx_op_wait
[LOADER][INFO] guest_threads.timeout_wake count=2
[LOADER][INFO] guest_threads.timeout_wake count=1
[LOADER][INFO] Pumping guest thread 'AssetGarbageCollectorHelper' reason=dispatcher resume=0x000000080A821799
[LOADER][INFO] Pumping guest thread 'AssetGarbageCollectorHelper' reason=dispatcher resume=0x000000080A821799
[LOADER][INFO] Pumping guest thread 'AssetGarbageCollectorHelper' reason=dispatcher resume=0x000000080A821799
[LOADER][INFO] Guest thread yield at import#7217: nid=04AjkP0jO9U ret=0x000000080A821799 reason=_umtx_op_wait
[LOADER][INFO] Guest thread yield at import#5682: nid=04AjkP0jO9U ret=0x000000080A821799 reason=_umtx_op_wait
[LOADER][INFO] Guest thread 'AssetGarbageCollectorHelper' state=Blocked reason=_umtx_op_wait
[LOADER][INFO] Guest thread 'AssetGarbageCollectorHelper' state=Blocked reason=_umtx_op_wait
[LOADER][INFO] Guest thread yield at import#6194: nid=04AjkP0jO9U ret=0x000000080A821799 reason=_umtx_op_wait
[LOADER][INFO] Guest thread 'AssetGarbageCollectorHelper' state=Blocked reason=_umtx_op_wait
[LOADER][INFO] guest_threads.timeout_wake count=1
[LOADER][INFO] Pumping guest thread 'AssetGarbageCollectorHelper' reason=ready-dispatch resume=0x000000080A821799
[LOADER][INFO] Guest thread yield at import#6705: nid=04AjkP0jO9U ret=0x000000080A821799 reason=_umtx_op_wait
[LOADER][INFO] Guest thread 'AssetGarbageCollectorHelper' state=Blocked reason=_umtx_op_wait
[LOADER][INFO] guest_threads.timeout_wake count=2
[LOADER][INFO] Pumping guest thread 'AssetGarbageCollectorHelper' reason=ready-dispatch resume=0x000000080A821799
[LOADER][INFO] Pumping guest thread 'AssetGarbageCollectorHelper' reason=ready-dispatch resume=0x000000080A821799
[LOADER][INFO] Guest thread yield at import#6962: nid=04AjkP0jO9U ret=0x000000080A821799 reason=_umtx_op_wait
[LOADER][INFO] Guest thread yield at import#7474: nid=04AjkP0jO9U ret=0x000000080A821799 reason=_umtx_op_wait
[LOADER][INFO] Guest thread 'AssetGarbageCollectorHelper' state=Blocked reason=_umtx_op_wait
[LOADER][INFO] Guest thread 'AssetGarbageCollectorHelper' state=Blocked reason=_umtx_op_wait
[LOADER][INFO] guest_threads.timeout_wake count=4
[LOADER][INFO] Pumping guest thread 'AssetGarbageCollectorHelper' reason=dispatcher resume=0x000000080A821799
[LOADER][INFO] Pumping guest thread 'AssetGarbageCollectorHelper' reason=dispatcher resume=0x000000080A821799
[LOADER][INFO] Pumping guest thread 'AssetGarbageCollectorHelper' reason=dispatcher resume=0x000000080A821799
[LOADER][INFO] Pumping guest thread 'AssetGarbageCollectorHelper' reason=dispatcher resume=0x000000080A821799
[LOADER][INFO] Guest thread yield at import#7729: nid=04AjkP0jO9U ret=0x000000080A821799 reason=_umtx_op_wait
[LOADER][INFO] Guest thread yield at import#7986: nid=04AjkP0jO9U ret=0x000000080A821799 reason=_umtx_op_wait
[LOADER][INFO] Guest thread yield at import#8241: nid=04AjkP0jO9U ret=0x000000080A821799 reason=_umtx_op_wait
[LOADER][INFO] Guest thread yield at import#8498: nid=04AjkP0jO9U ret=0x000000080A821799 reason=_umtx_op_wait
[LOADER][INFO] Guest thread 'AssetGarbageCollectorHelper' state=Blocked reason=_umtx_op_wait
[LOADER][INFO] Guest thread 'AssetGarbageCollectorHelper' state=Blocked reason=_umtx_op_wait
[LOADER][INFO] Guest thread 'AssetGarbageCollectorHelper' state=Blocked reason=_umtx_op_wait
[LOADER][INFO] Guest thread 'AssetGarbageCollectorHelper' state=Blocked reason=_umtx_op_wait
[LOADER][INFO] guest_threads.timeout_wake count=1
[LOADER][INFO] Pumping guest thread 'AssetGarbageCollectorHelper' reason=ready-dispatch resume=0x000000080A821799
[LOADER][INFO] Guest thread yield at import#5171: nid=04AjkP0jO9U ret=0x000000080A821799 reason=_umtx_op_wait
[LOADER][INFO] Guest thread 'AssetGarbageCollectorHelper' state=Blocked reason=_umtx_op_wait
[LOADER][INFO] guest_threads.timeout_wake count=2
[LOADER][INFO] Pumping guest thread 'AssetGarbageCollectorHelper' reason=dispatcher resume=0x000000080A821799
[LOADER][INFO] Pumping guest thread 'AssetGarbageCollectorHelper' reason=dispatcher resume=0x000000080A821799
[LOADER][INFO] Guest thread yield at import#5426: nid=04AjkP0jO9U ret=0x000000080A821799 reason=_umtx_op_wait
[LOADER][INFO] Guest thread yield at import#5938: nid=04AjkP0jO9U ret=0x000000080A821799 reason=_umtx_op_wait
[LOADER][INFO] Guest thread 'AssetGarbageCollectorHelper' state=Blocked reason=_umtx_op_wait
[LOADER][INFO] Guest thread 'AssetGarbageCollectorHelper' state=Blocked reason=_umtx_op_wait
[LOADER][INFO] guest_threads.timeout_wake count=1
[LOADER][INFO] Pumping guest thread 'AssetGarbageCollectorHelper' reason=ready-dispatch resume=0x000000080A821799
[LOADER][INFO] Guest thread yield at import#7218: nid=04AjkP0jO9U ret=0x000000080A821799 reason=_umtx_op_wait
[LOADER][INFO] Guest thread 'AssetGarbageCollectorHelper' state=Blocked reason=_umtx_op_wait
[LOADER][INFO] guest_threads.timeout_wake count=2
[LOADER][INFO] Pumping guest thread 'AssetGarbageCollectorHelper' reason=dispatcher resume=0x000000080A821799
[LOADER][INFO] Pumping guest thread 'AssetGarbageCollectorHelper' reason=dispatcher resume=0x000000080A821799
[LOADER][INFO] Guest thread yield at import#5683: nid=04AjkP0jO9U ret=0x000000080A821799 reason=_umtx_op_wait
[LOADER][INFO] Guest thread yield at import#6195: nid=04AjkP0jO9U ret=0x000000080A821799 reason=_umtx_op_wait
[LOADER][INFO] Guest thread 'AssetGarbageCollectorHelper' state=Blocked reason=_umtx_op_wait
[LOADER][INFO] Guest thread 'AssetGarbageCollectorHelper' state=Blocked reason=_umtx_op_wait
[LOADER][INFO] guest_threads.timeout_wake count=1
[LOADER][INFO] Pumping guest thread 'AssetGarbageCollectorHelper' reason=dispatcher resume=0x000000080A821799
[LOADER][INFO] Guest thread yield at import#6706: nid=04AjkP0jO9U ret=0x000000080A821799 reason=_umtx_op_wait
[LOADER][INFO] Guest thread 'AssetGarbageCollectorHelper' state=Blocked reason=_umtx_op_wait
[LOADER][INFO] guest_threads.timeout_wake count=2
[LOADER][INFO] Pumping guest thread 'AssetGarbageCollectorHelper' reason=dispatcher resume=0x000000080A821799
[LOADER][INFO] Pumping guest thread 'AssetGarbageCollectorHelper' reason=dispatcher resume=0x000000080A821799
[LOADER][INFO] Guest thread yield at import#6963: nid=04AjkP0jO9U ret=0x000000080A821799 reason=_umtx_op_wait
[LOADER][INFO] Guest thread yield at import#7475: nid=04AjkP0jO9U ret=0x000000080A821799 reason=_umtx_op_wait
[LOADER][INFO] Guest thread 'AssetGarbageCollectorHelper' state=Blocked reason=_umtx_op_wait
[LOADER][INFO] Guest thread 'AssetGarbageCollectorHelper' state=Blocked reason=_umtx_op_wait
[LOADER][INFO] guest_threads.timeout_wake count=3
[LOADER][INFO] guest_threads.timeout_wake count=1
[LOADER][INFO] Pumping guest thread 'AssetGarbageCollectorHelper' reason=dispatcher resume=0x000000080A821799
[LOADER][INFO] Pumping guest thread 'AssetGarbageCollectorHelper' reason=dispatcher resume=0x000000080A821799
[LOADER][INFO] Pumping guest thread 'AssetGarbageCollectorHelper' reason=dispatcher resume=0x000000080A821799
[LOADER][INFO] Pumping guest thread 'AssetGarbageCollectorHelper' reason=dispatcher resume=0x000000080A821799
[LOADER][INFO] Guest thread yield at import#8242: nid=04AjkP0jO9U ret=0x000000080A821799 reason=_umtx_op_wait
[LOADER][INFO] Guest thread yield at import#8499: nid=04AjkP0jO9U ret=0x000000080A821799 reason=_umtx_op_wait
[LOADER][INFO] Guest thread yield at import#7987: nid=04AjkP0jO9U ret=0x000000080A821799 reason=_umtx_op_wait
[LOADER][INFO] Guest thread yield at import#7730: nid=04AjkP0jO9U ret=0x000000080A821799 reason=_umtx_op_wait
[LOADER][INFO] Guest thread 'AssetGarbageCollectorHelper' state=Blocked reason=_umtx_op_wait
[LOADER][INFO] Guest thread 'AssetGarbageCollectorHelper' state=Blocked reason=_umtx_op_wait
[LOADER][INFO] Guest thread 'AssetGarbageCollectorHelper' state=Blocked reason=_umtx_op_wait
[LOADER][INFO] Guest thread 'AssetGarbageCollectorHelper' state=Blocked reason=_umtx_op_wait
[LOADER][INFO] guest_threads.timeout_wake count=1
[LOADER][INFO] Pumping guest thread 'AssetGarbageCollectorHelper' reason=ready-dispatch resume=0x000000080A821799
[LOADER][INFO] Guest thread yield at import#5172: nid=04AjkP0jO9U ret=0x000000080A821799 reason=_umtx_op_wait
[LOADER][INFO] Guest thread 'AssetGarbageCollectorHelper' state=Blocked reason=_umtx_op_wait
[LOADER][INFO] guest_threads.timeout_wake count=2
[LOADER][INFO] Pumping guest thread 'AssetGarbageCollectorHelper' reason=ready-dispatch resume=0x000000080A821799
[LOADER][INFO] Pumping guest thread 'AssetGarbageCollectorHelper' reason=ready-dispatch resume=0x000000080A821799
[LOADER][INFO] Guest thread yield at import#5427: nid=04AjkP0jO9U ret=0x000000080A821799 reason=_umtx_op_wait
[LOADER][INFO] Guest thread yield at import#5939: nid=04AjkP0jO9U ret=0x000000080A821799 reason=_umtx_op_wait
[LOADER][INFO] Guest thread 'AssetGarbageCollectorHelper' state=Blocked reason=_umtx_op_wait
[LOADER][INFO] Guest thread 'AssetGarbageCollectorHelper' state=Blocked reason=_umtx_op_wait
[LOADER][INFO] guest_threads.timeout_wake count=1
[LOADER][INFO] Pumping guest thread 'AssetGarbageCollectorHelper' reason=dispatcher resume=0x000000080A821799
[LOADER][INFO] Guest thread yield at import#7219: nid=04AjkP0jO9U ret=0x000000080A821799 reason=_umtx_op_wait
[LOADER][INFO] Guest thread 'AssetGarbageCollectorHelper' state=Blocked reason=_umtx_op_wait
[LOADER][INFO] guest_threads.timeout_wake count=2
[LOADER][INFO] Pumping guest thread 'AssetGarbageCollectorHelper' reason=dispatcher resume=0x000000080A821799
[LOADER][INFO] Pumping guest thread 'AssetGarbageCollectorHelper' reason=dispatcher resume=0x000000080A821799
[LOADER][INFO] Guest thread yield at import#5684: nid=04AjkP0jO9U ret=0x000000080A821799 reason=_umtx_op_wait
[LOADER][INFO] Guest thread yield at import#6196: nid=04AjkP0jO9U ret=0x000000080A821799 reason=_umtx_op_wait
[LOADER][INFO] Guest thread 'AssetGarbageCollectorHelper' state=Blocked reason=_umtx_op_wait
[LOADER][INFO] Guest thread 'AssetGarbageCollectorHelper' state=Blocked reason=_umtx_op_wait
[LOADER][INFO] guest_threads.timeout_wake count=1
[LOADER][INFO] Pumping guest thread 'AssetGarbageCollectorHelper' reason=dispatcher resume=0x000000080A821799
[LOADER][INFO] Guest thread yield at import#6707: nid=04AjkP0jO9U ret=0x000000080A821799 reason=_umtx_op_wait
[LOADER][INFO] Guest thread 'AssetGarbageCollectorHelper' state=Blocked reason=_umtx_op_wait
[LOADER][INFO] guest_threads.timeout_wake count=2
[LOADER][INFO] Pumping guest thread 'AssetGarbageCollectorHelper' reason=dispatcher resume=0x000000080A821799
[LOADER][INFO] Pumping guest thread 'AssetGarbageCollectorHelper' reason=dispatcher resume=0x000000080A821799
[LOADER][INFO] Guest thread yield at import#7476: nid=04AjkP0jO9U ret=0x000000080A821799 reason=_umtx_op_wait
[LOADER][INFO] Guest thread yield at import#6964: nid=04AjkP0jO9U ret=0x000000080A821799 reason=_umtx_op_wait
[LOADER][INFO] Guest thread 'AssetGarbageCollectorHelper' state=Blocked reason=_umtx_op_wait
[LOADER][INFO] Guest thread 'AssetGarbageCollectorHelper' state=Blocked reason=_umtx_op_wait
[LOADER][INFO] Pumping guest thread 'AssetGarbageCollectorHelper' reason=ready-dispatch resume=0x000000080A821799
[LOADER][INFO] guest_threads.timeout_wake count=2
[LOADER][INFO] Pumping guest thread 'AssetGarbageCollectorHelper' reason=ready-dispatch resume=0x000000080A821799
[LOADER][INFO] Guest thread yield at import#8500: nid=04AjkP0jO9U ret=0x000000080A821799 reason=_umtx_op_wait
[LOADER][INFO] Guest thread yield at import#8243: nid=04AjkP0jO9U ret=0x000000080A821799 reason=_umtx_op_wait
[LOADER][INFO] Guest thread 'AssetGarbageCollectorHelper' state=Blocked reason=_umtx_op_wait
[LOADER][INFO] Guest thread 'AssetGarbageCollectorHelper' state=Blocked reason=_umtx_op_wait
[LOADER][INFO] guest_threads.timeout_wake count=2
[LOADER][INFO] Pumping guest thread 'AssetGarbageCollectorHelper' reason=dispatcher resume=0x000000080A821799
[LOADER][INFO] Pumping guest thread 'AssetGarbageCollectorHelper' reason=dispatcher resume=0x000000080A821799
[LOADER][INFO] Guest thread yield at import#7731: nid=04AjkP0jO9U ret=0x000000080A821799 reason=_umtx_op_wait
[LOADER][INFO] Guest thread yield at import#7988: nid=04AjkP0jO9U ret=0x000000080A821799 reason=_umtx_op_wait
[LOADER][INFO] Guest thread 'AssetGarbageCollectorHelper' state=Blocked reason=_umtx_op_wait
[LOADER][INFO] Guest thread 'AssetGarbageCollectorHelper' state=Blocked reason=_umtx_op_wait
[LOADER][INFO] guest_threads.timeout_wake count=1
[LOADER][INFO] Pumping guest thread 'AssetGarbageCollectorHelper' reason=dispatcher resume=0x000000080A821799
[LOADER][INFO] Guest thread yield at import#5173: nid=04AjkP0jO9U ret=0x000000080A821799 reason=_umtx_op_wait
[LOADER][INFO] Guest thread 'AssetGarbageCollectorHelper' state=Blocked reason=_umtx_op_wait
[LOADER][INFO] guest_threads.timeout_wake count=2
[LOADER][INFO] Pumping guest thread 'AssetGarbageCollectorHelper' reason=dispatcher resume=0x000000080A821799
[LOADER][INFO] Pumping guest thread 'AssetGarbageCollectorHelper' reason=dispatcher resume=0x000000080A821799
[LOADER][INFO] Guest thread yield at import#5428: nid=04AjkP0jO9U ret=0x000000080A821799 reason=_umtx_op_wait
[LOADER][INFO] Guest thread yield at import#5940: nid=04AjkP0jO9U ret=0x000000080A821799 reason=_umtx_op_wait
[LOADER][INFO] Guest thread 'AssetGarbageCollectorHelper' state=Blocked reason=_umtx_op_wait
[LOADER][INFO] Guest thread 'AssetGarbageCollectorHelper' state=Blocked reason=_umtx_op_wait
[LOADER][INFO] guest_threads.timeout_wake count=1
[LOADER][INFO] Pumping guest thread 'AssetGarbageCollectorHelper' reason=ready-dispatch resume=0x000000080A821799
[LOADER][INFO] Guest thread yield at import#7220: nid=04AjkP0jO9U ret=0x000000080A821799 reason=_umtx_op_wait
[LOADER][INFO] Guest thread 'AssetGarbageCollectorHelper' state=Blocked reason=_umtx_op_wait
[LOADER][INFO] guest_threads.timeout_wake count=2
[LOADER][INFO] Pumping guest thread 'AssetGarbageCollectorHelper' reason=ready-dispatch resume=0x000000080A821799
[LOADER][INFO] Pumping guest thread 'AssetGarbageCollectorHelper' reason=ready-dispatch resume=0x000000080A821799
[LOADER][INFO] Guest thread yield at import#5685: nid=04AjkP0jO9U ret=0x000000080A821799 reason=_umtx_op_wait
[LOADER][INFO] Guest thread yield at import#6197: nid=04AjkP0jO9U ret=0x000000080A821799 reason=_umtx_op_wait
[LOADER][INFO] Guest thread 'AssetGarbageCollectorHelper' state=Blocked reason=_umtx_op_wait
[LOADER][INFO] Guest thread 'AssetGarbageCollectorHelper' state=Blocked reason=_umtx_op_wait
[LOADER][INFO] guest_threads.timeout_wake count=1
[LOADER][INFO] Pumping guest thread 'AssetGarbageCollectorHelper' reason=dispatcher resume=0x000000080A821799
[LOADER][INFO] Guest thread yield at import#6708: nid=04AjkP0jO9U ret=0x000000080A821799 reason=_umtx_op_wait
[LOADER][INFO] Guest thread 'AssetGarbageCollectorHelper' state=Blocked reason=_umtx_op_wait
[LOADER][INFO] guest_threads.timeout_wake count=2
[LOADER][INFO] Pumping guest thread 'AssetGarbageCollectorHelper' reason=ready-dispatch resume=0x000000080A821799
[LOADER][INFO] Pumping guest thread 'AssetGarbageCollectorHelper' reason=ready-dispatch resume=0x000000080A821799
[LOADER][INFO] Guest thread yield at import#6965: nid=04AjkP0jO9U ret=0x000000080A821799 reason=_umtx_op_wait
[LOADER][INFO] Guest thread yield at import#7477: nid=04AjkP0jO9U ret=0x000000080A821799 reason=_umtx_op_wait
[LOADER][INFO] Guest thread 'AssetGarbageCollectorHelper' state=Blocked reason=_umtx_op_wait
[LOADER][INFO] Guest thread 'AssetGarbageCollectorHelper' state=Blocked reason=_umtx_op_wait
[LOADER][INFO] guest_threads.timeout_wake count=3
[LOADER][INFO] guest_threads.timeout_wake count=1
[LOADER][INFO] Pumping guest thread 'AssetGarbageCollectorHelper' reason=dispatcher resume=0x000000080A821799
[LOADER][INFO] Pumping guest thread 'AssetGarbageCollectorHelper' reason=dispatcher resume=0x000000080A821799
[LOADER][INFO] Pumping guest thread 'AssetGarbageCollectorHelper' reason=dispatcher resume=0x000000080A821799
[LOADER][INFO] Pumping guest thread 'AssetGarbageCollectorHelper' reason=dispatcher resume=0x000000080A821799
[LOADER][INFO] Guest thread yield at import#8244: nid=04AjkP0jO9U ret=0x000000080A821799 reason=_umtx_op_wait
[LOADER][INFO] Guest thread yield at import#8501: nid=04AjkP0jO9U ret=0x000000080A821799 reason=_umtx_op_wait
[LOADER][INFO] Guest thread yield at import#7989: nid=04AjkP0jO9U ret=0x000000080A821799 reason=_umtx_op_wait
[LOADER][INFO] Guest thread yield at import#7732: nid=04AjkP0jO9U ret=0x000000080A821799 reason=_umtx_op_wait
[LOADER][INFO] Guest thread 'AssetGarbageCollectorHelper' state=Blocked reason=_umtx_op_wait
[LOADER][INFO] Guest thread 'AssetGarbageCollectorHelper' state=Blocked reason=_umtx_op_wait
[LOADER][INFO] Guest thread 'AssetGarbageCollectorHelper' state=Blocked reason=_umtx_op_wait
[LOADER][INFO] Guest thread 'AssetGarbageCollectorHelper' state=Blocked reason=_umtx_op_wait
[LOADER][INFO] guest_threads.timeout_wake count=1
[LOADER][INFO] Pumping guest thread 'AssetGarbageCollectorHelper' reason=ready-dispatch resume=0x000000080A821799
[LOADER][INFO] Guest thread yield at import#5174: nid=04AjkP0jO9U ret=0x000000080A821799 reason=_umtx_op_wait
[LOADER][INFO] Guest thread 'AssetGarbageCollectorHelper' state=Blocked reason=_umtx_op_wait
[LOADER][INFO] guest_threads.timeout_wake count=2
[LOADER][INFO] Pumping guest thread 'AssetGarbageCollectorHelper' reason=ready-dispatch resume=0x000000080A821799
[LOADER][INFO] Pumping guest thread 'AssetGarbageCollectorHelper' reason=ready-dispatch resume=0x000000080A821799
[LOADER][INFO] Guest thread yield at import#5429: nid=04AjkP0jO9U ret=0x000000080A821799 reason=_umtx_op_wait
[LOADER][INFO] Guest thread yield at import#5941: nid=04AjkP0jO9U ret=0x000000080A821799 reason=_umtx_op_wait
[LOADER][INFO] Guest thread 'AssetGarbageCollectorHelper' state=Blocked reason=_umtx_op_wait
[LOADER][INFO] Guest thread 'AssetGarbageCollectorHelper' state=Blocked reason=_umtx_op_wait
[LOADER][INFO] guest_threads.timeout_wake count=1
[LOADER][INFO] Pumping guest thread 'AssetGarbageCollectorHelper' reason=dispatcher resume=0x000000080A821799
[LOADER][INFO] Guest thread yield at import#7221: nid=04AjkP0jO9U ret=0x000000080A821799 reason=_umtx_op_wait
[LOADER][INFO] Guest thread 'AssetGarbageCollectorHelper' state=Blocked reason=_umtx_op_wait
[LOADER][INFO] guest_threads.timeout_wake count=2
[LOADER][INFO] Pumping guest thread 'AssetGarbageCollectorHelper' reason=ready-dispatch resume=0x000000080A821799
[LOADER][INFO] Pumping guest thread 'AssetGarbageCollectorHelper' reason=ready-dispatch resume=0x000000080A821799
[LOADER][INFO] Guest thread yield at import#5686: nid=04AjkP0jO9U ret=0x000000080A821799 reason=_umtx_op_wait
[LOADER][INFO] Guest thread yield at import#6198: nid=04AjkP0jO9U ret=0x000000080A821799 reason=_umtx_op_wait
[LOADER][INFO] Guest thread 'AssetGarbageCollectorHelper' state=Blocked reason=_umtx_op_wait
[LOADER][INFO] Guest thread 'AssetGarbageCollectorHelper' state=Blocked reason=_umtx_op_wait
[LOADER][INFO] guest_threads.timeout_wake count=1
[LOADER][INFO] Pumping guest thread 'AssetGarbageCollectorHelper' reason=ready-dispatch resume=0x000000080A821799
[LOADER][INFO] Guest thread yield at import#6709: nid=04AjkP0jO9U ret=0x000000080A821799 reason=_umtx_op_wait
[LOADER][INFO] Guest thread 'AssetGarbageCollectorHelper' state=Blocked reason=_umtx_op_wait
[LOADER][INFO] guest_threads.timeout_wake count=2
[LOADER][INFO] Pumping guest thread 'AssetGarbageCollectorHelper' reason=dispatcher resume=0x000000080A821799
[LOADER][INFO] Pumping guest thread 'AssetGarbageCollectorHelper' reason=dispatcher resume=0x000000080A821799
[LOADER][INFO] Guest thread yield at import#6966: nid=04AjkP0jO9U ret=0x000000080A821799 reason=_umtx_op_wait
[LOADER][INFO] Guest thread yield at import#7478: nid=04AjkP0jO9U ret=0x000000080A821799 reason=_umtx_op_wait
[LOADER][INFO] Guest thread 'AssetGarbageCollectorHelper' state=Blocked reason=_umtx_op_wait
[LOADER][INFO] Guest thread 'AssetGarbageCollectorHelper' state=Blocked reason=_umtx_op_wait
[LOADER][INFO] guest_threads.timeout_wake count=4
[LOADER][INFO] Pumping guest thread 'AssetGarbageCollectorHelper' reason=dispatcher resume=0x000000080A821799
[LOADER][INFO] Pumping guest thread 'AssetGarbageCollectorHelper' reason=dispatcher resume=0x000000080A821799
[LOADER][INFO] Pumping guest thread 'AssetGarbageCollectorHelper' reason=dispatcher resume=0x000000080A821799
[LOADER][INFO] Pumping guest thread 'AssetGarbageCollectorHelper' reason=dispatcher resume=0x000000080A821799
[LOADER][INFO] Guest thread yield at import#8245: nid=04AjkP0jO9U ret=0x000000080A821799 reason=_umtx_op_wait
[LOADER][INFO] Guest thread yield at import#7733: nid=04AjkP0jO9U ret=0x000000080A821799 reason=_umtx_op_wait
[LOADER][INFO] Guest thread yield at import#8502: nid=04AjkP0jO9U ret=0x000000080A821799 reason=_umtx_op_wait
[LOADER][INFO] Guest thread yield at import#7990: nid=04AjkP0jO9U ret=0x000000080A821799 reason=_umtx_op_wait
[LOADER][INFO] Guest thread 'AssetGarbageCollectorHelper' state=Blocked reason=_umtx_op_wait
[LOADER][INFO] Guest thread 'AssetGarbageCollectorHelper' state=Blocked reason=_umtx_op_wait
[LOADER][INFO] Guest thread 'AssetGarbageCollectorHelper' state=Blocked reason=_umtx_op_wait
[LOADER][INFO] Guest thread 'AssetGarbageCollectorHelper' state=Blocked reason=_umtx_op_wait
[LOADER][INFO] guest_threads.timeout_wake count=1
[LOADER][INFO] Pumping guest thread 'AssetGarbageCollectorHelper' reason=ready-dispatch resume=0x000000080A821799
[LOADER][INFO] Guest thread yield at import#5175: nid=04AjkP0jO9U ret=0x000000080A821799 reason=_umtx_op_wait
[LOADER][INFO] Guest thread 'AssetGarbageCollectorHelper' state=Blocked reason=_umtx_op_wait
[LOADER][INFO] guest_threads.timeout_wake count=2
[LOADER][INFO] Pumping guest thread 'AssetGarbageCollectorHelper' reason=dispatcher resume=0x000000080A821799
[LOADER][INFO] Pumping guest thread 'AssetGarbageCollectorHelper' reason=dispatcher resume=0x000000080A821799
[LOADER][INFO] Guest thread yield at import#5430: nid=04AjkP0jO9U ret=0x000000080A821799 reason=_umtx_op_wait
[LOADER][INFO] Guest thread yield at import#5942: nid=04AjkP0jO9U ret=0x000000080A821799 reason=_umtx_op_wait
[LOADER][INFO] Guest thread 'AssetGarbageCollectorHelper' state=Blocked reason=_umtx_op_wait
[LOADER][INFO] Guest thread 'AssetGarbageCollectorHelper' state=Blocked reason=_umtx_op_wait
[LOADER][INFO] guest_threads.timeout_wake count=1
[LOADER][INFO] Pumping guest thread 'AssetGarbageCollectorHelper' reason=dispatcher resume=0x000000080A821799
[LOADER][INFO] Guest thread yield at import#7222: nid=04AjkP0jO9U ret=0x000000080A821799 reason=_umtx_op_wait
[LOADER][INFO] Guest thread 'AssetGarbageCollectorHelper' state=Blocked reason=_umtx_op_wait
[LOADER][INFO] guest_threads.timeout_wake count=2
[LOADER][INFO] Pumping guest thread 'AssetGarbageCollectorHelper' reason=ready-dispatch resume=0x000000080A821799
[LOADER][INFO] Pumping guest thread 'AssetGarbageCollectorHelper' reason=ready-dispatch resume=0x000000080A821799
[LOADER][INFO] Guest thread yield at import#5687: nid=04AjkP0jO9U ret=0x000000080A821799 reason=_umtx_op_wait
[LOADER][INFO] Guest thread yield at import#6199: nid=04AjkP0jO9U ret=0x000000080A821799 reason=_umtx_op_wait
[LOADER][INFO] Guest thread 'AssetGarbageCollectorHelper' state=Blocked reason=_umtx_op_wait
[LOADER][INFO] Guest thread 'AssetGarbageCollectorHelper' state=Blocked reason=_umtx_op_wait
[LOADER][INFO] guest_threads.timeout_wake count=1
[LOADER][INFO] Pumping guest thread 'AssetGarbageCollectorHelper' reason=dispatcher resume=0x000000080A821799
[LOADER][INFO] Guest thread yield at import#6710: nid=04AjkP0jO9U ret=0x000000080A821799 reason=_umtx_op_wait
[LOADER][INFO] Guest thread 'AssetGarbageCollectorHelper' state=Blocked reason=_umtx_op_wait
[LOADER][INFO] guest_threads.timeout_wake count=2
[LOADER][INFO] Pumping guest thread 'AssetGarbageCollectorHelper' reason=dispatcher resume=0x000000080A821799
[LOADER][INFO] Pumping guest thread 'AssetGarbageCollectorHelper' reason=dispatcher resume=0x000000080A821799
[LOADER][INFO] Guest thread yield at import#7479: nid=04AjkP0jO9U ret=0x000000080A821799 reason=_umtx_op_wait
[LOADER][INFO] Guest thread yield at import#6967: nid=04AjkP0jO9U ret=0x000000080A821799 reason=_umtx_op_wait
[LOADER][INFO] Guest thread 'AssetGarbageCollectorHelper' state=Blocked reason=_umtx_op_wait
[LOADER][INFO] Guest thread 'AssetGarbageCollectorHelper' state=Blocked reason=_umtx_op_wait
[LOADER][INFO] guest_threads.timeout_wake count=3
[LOADER][INFO] Pumping guest thread 'AssetGarbageCollectorHelper' reason=ready-dispatch resume=0x000000080A821799
[LOADER][INFO] Pumping guest thread 'AssetGarbageCollectorHelper' reason=ready-dispatch resume=0x000000080A821799
[LOADER][INFO] Pumping guest thread 'AssetGarbageCollectorHelper' reason=ready-dispatch resume=0x000000080A821799
[LOADER][INFO] Guest thread yield at import#8503: nid=04AjkP0jO9U ret=0x000000080A821799 reason=_umtx_op_wait
[LOADER][INFO] Guest thread yield at import#7734: nid=04AjkP0jO9U ret=0x000000080A821799 reason=_umtx_op_wait
[LOADER][INFO] Guest thread yield at import#8246: nid=04AjkP0jO9U ret=0x000000080A821799 reason=_umtx_op_wait
[LOADER][INFO] Guest thread 'AssetGarbageCollectorHelper' state=Blocked reason=_umtx_op_wait
[LOADER][INFO] Guest thread 'AssetGarbageCollectorHelper' state=Blocked reason=_umtx_op_wait
[LOADER][INFO] Guest thread 'AssetGarbageCollectorHelper' state=Blocked reason=_umtx_op_wait
[LOADER][INFO] guest_threads.timeout_wake count=1
[LOADER][INFO] Pumping guest thread 'AssetGarbageCollectorHelper' reason=ready-dispatch resume=0x000000080A821799
[LOADER][INFO] Guest thread yield at import#7991: nid=04AjkP0jO9U ret=0x000000080A821799 reason=_umtx_op_wait
[LOADER][INFO] Guest thread 'AssetGarbageCollectorHelper' state=Blocked reason=_umtx_op_wait
[LOADER][INFO] guest_threads.timeout_wake count=1
[LOADER][INFO] Pumping guest thread 'AssetGarbageCollectorHelper' reason=ready-dispatch resume=0x000000080A821799
[LOADER][INFO] Guest thread yield at import#5176: nid=04AjkP0jO9U ret=0x000000080A821799 reason=_umtx_op_wait
[LOADER][INFO] Guest thread 'AssetGarbageCollectorHelper' state=Blocked reason=_umtx_op_wait
[LOADER][INFO] guest_threads.timeout_wake count=2
[LOADER][INFO] Pumping guest thread 'AssetGarbageCollectorHelper' reason=ready-dispatch resume=0x000000080A821799
[LOADER][INFO] Pumping guest thread 'AssetGarbageCollectorHelper' reason=ready-dispatch resume=0x000000080A821799
[LOADER][INFO] Guest thread yield at import#5943: nid=04AjkP0jO9U ret=0x000000080A821799 reason=_umtx_op_wait
[LOADER][INFO] Guest thread 'AssetGarbageCollectorHelper' state=Blocked reason=_umtx_op_wait
[LOADER][INFO] Guest thread yield at import#5431: nid=04AjkP0jO9U ret=0x000000080A821799 reason=_umtx_op_wait
[LOADER][INFO] Guest thread 'AssetGarbageCollectorHelper' state=Blocked reason=_umtx_op_wait
[LOADER][INFO] guest_threads.timeout_wake count=1
[LOADER][INFO] Pumping guest thread 'AssetGarbageCollectorHelper' reason=dispatcher resume=0x000000080A821799
[LOADER][INFO] Guest thread yield at import#7223: nid=04AjkP0jO9U ret=0x000000080A821799 reason=_umtx_op_wait
[LOADER][INFO] Guest thread 'AssetGarbageCollectorHelper' state=Blocked reason=_umtx_op_wait
[LOADER][INFO] guest_threads.timeout_wake count=2
[LOADER][INFO] Pumping guest thread 'AssetGarbageCollectorHelper' reason=ready-dispatch resume=0x000000080A821799
[LOADER][INFO] Pumping guest thread 'AssetGarbageCollectorHelper' reason=ready-dispatch resume=0x000000080A821799
[LOADER][INFO] Guest thread yield at import#6200: nid=04AjkP0jO9U ret=0x000000080A821799 reason=_umtx_op_wait
[LOADER][INFO] Guest thread 'AssetGarbageCollectorHelper' state=Blocked reason=_umtx_op_wait
[LOADER][INFO] Guest thread yield at import#5688: nid=04AjkP0jO9U ret=0x000000080A821799 reason=_umtx_op_wait
[LOADER][INFO] guest_threads.timeout_wake count=1
[LOADER][INFO] Guest thread 'AssetGarbageCollectorHelper' state=Blocked reason=_umtx_op_wait
[LOADER][INFO] Pumping guest thread 'AssetGarbageCollectorHelper' reason=dispatcher resume=0x000000080A821799
[LOADER][INFO] Guest thread yield at import#6711: nid=04AjkP0jO9U ret=0x000000080A821799 reason=_umtx_op_wait
[LOADER][INFO] Guest thread 'AssetGarbageCollectorHelper' state=Blocked reason=_umtx_op_wait
[LOADER][INFO] guest_threads.timeout_wake count=1
[LOADER][INFO] Pumping guest thread 'AssetGarbageCollectorHelper' reason=ready-dispatch resume=0x000000080A821799
[LOADER][INFO] Guest thread yield at import#7480: nid=04AjkP0jO9U ret=0x000000080A821799 reason=_umtx_op_wait
[LOADER][INFO] Guest thread 'AssetGarbageCollectorHelper' state=Blocked reason=_umtx_op_wait
[LOADER][INFO] guest_threads.timeout_wake count=1
[LOADER][INFO] Pumping guest thread 'AssetGarbageCollectorHelper' reason=dispatcher resume=0x000000080A821799
[LOADER][INFO] Guest thread yield at import#6968: nid=04AjkP0jO9U ret=0x000000080A821799 reason=_umtx_op_wait
[LOADER][INFO] Guest thread 'AssetGarbageCollectorHelper' state=Blocked reason=_umtx_op_wait
[LOADER][INFO] guest_threads.timeout_wake count=3
[LOADER][INFO] Pumping guest thread 'AssetGarbageCollectorHelper' reason=dispatcher resume=0x000000080A821799
[LOADER][INFO] Pumping guest thread 'AssetGarbageCollectorHelper' reason=dispatcher resume=0x000000080A821799
[LOADER][INFO] Pumping guest thread 'AssetGarbageCollectorHelper' reason=dispatcher resume=0x000000080A821799
[LOADER][INFO] Guest thread yield at import#8504: nid=04AjkP0jO9U ret=0x000000080A821799 reason=_umtx_op_wait
[LOADER][INFO] Guest thread yield at import#7735: nid=04AjkP0jO9U ret=0x000000080A821799 reason=_umtx_op_wait
[LOADER][INFO] Guest thread yield at import#8247: nid=04AjkP0jO9U ret=0x000000080A821799 reason=_umtx_op_wait
[LOADER][INFO] Guest thread 'AssetGarbageCollectorHelper' state=Blocked reason=_umtx_op_wait
[LOADER][INFO] Guest thread 'AssetGarbageCollectorHelper' state=Blocked reason=_umtx_op_wait
[LOADER][INFO] Guest thread 'AssetGarbageCollectorHelper' state=Blocked reason=_umtx_op_wait
[LOADER][INFO] guest_threads.timeout_wake count=1
[LOADER][INFO] Pumping guest thread 'AssetGarbageCollectorHelper' reason=dispatcher resume=0x000000080A821799
[LOADER][INFO] Guest thread yield at import#7992: nid=04AjkP0jO9U ret=0x000000080A821799 reason=_umtx_op_wait
[LOADER][INFO] Guest thread 'AssetGarbageCollectorHelper' state=Blocked reason=_umtx_op_wait
[LOADER][INFO] guest_threads.timeout_wake count=1
[LOADER][INFO] Pumping guest thread 'AssetGarbageCollectorHelper' reason=ready-dispatch resume=0x000000080A821799
[LOADER][INFO] Guest thread yield at import#5177: nid=04AjkP0jO9U ret=0x000000080A821799 reason=_umtx_op_wait
[LOADER][INFO] Guest thread 'AssetGarbageCollectorHelper' state=Blocked reason=_umtx_op_wait
[LOADER][INFO] guest_threads.timeout_wake count=1
[LOADER][INFO] Pumping guest thread 'AssetGarbageCollectorHelper' reason=ready-dispatch resume=0x000000080A821799
[LOADER][INFO] Guest thread yield at import#5432: nid=04AjkP0jO9U ret=0x000000080A821799 reason=_umtx_op_wait
[LOADER][INFO] Guest thread 'AssetGarbageCollectorHelper' state=Blocked reason=_umtx_op_wait
[LOADER][INFO] guest_threads.timeout_wake count=1
[LOADER][INFO] Pumping guest thread 'AssetGarbageCollectorHelper' reason=ready-dispatch resume=0x000000080A821799
[LOADER][INFO] Guest thread yield at import#5944: nid=04AjkP0jO9U ret=0x000000080A821799 reason=_umtx_op_wait
[LOADER][INFO] Guest thread 'AssetGarbageCollectorHelper' state=Blocked reason=_umtx_op_wait
[LOADER][INFO] guest_threads.timeout_wake count=1
[LOADER][INFO] Pumping guest thread 'AssetGarbageCollectorHelper' reason=dispatcher resume=0x000000080A821799
[LOADER][INFO] Guest thread yield at import#7224: nid=04AjkP0jO9U ret=0x000000080A821799 reason=_umtx_op_wait
[LOADER][INFO] Guest thread 'AssetGarbageCollectorHelper' state=Blocked reason=_umtx_op_wait
[LOADER][INFO] guest_threads.timeout_wake count=1
[LOADER][INFO] Pumping guest thread 'AssetGarbageCollectorHelper' reason=dispatcher resume=0x000000080A821799
[LOADER][INFO] Guest thread yield at import#6201: nid=04AjkP0jO9U ret=0x000000080A821799 reason=_umtx_op_wait
[LOADER][INFO] Guest thread 'AssetGarbageCollectorHelper' state=Blocked reason=_umtx_op_wait
[LOADER][INFO] guest_threads.timeout_wake count=2
[LOADER][INFO] Pumping guest thread 'AssetGarbageCollectorHelper' reason=dispatcher resume=0x000000080A821799
[LOADER][INFO] Pumping guest thread 'AssetGarbageCollectorHelper' reason=dispatcher resume=0x000000080A821799
[LOADER][INFO] Guest thread yield at import#6712: nid=04AjkP0jO9U ret=0x000000080A821799 reason=_umtx_op_wait
[LOADER][INFO] Guest thread yield at import#5689: nid=04AjkP0jO9U ret=0x000000080A821799 reason=_umtx_op_wait
[LOADER][INFO] Guest thread 'AssetGarbageCollectorHelper' state=Blocked reason=_umtx_op_wait
[LOADER][INFO] Guest thread 'AssetGarbageCollectorHelper' state=Blocked reason=_umtx_op_wait
[LOADER][INFO] guest_threads.timeout_wake count=1
[LOADER][INFO] Pumping guest thread 'AssetGarbageCollectorHelper' reason=ready-dispatch resume=0x000000080A821799
[LOADER][INFO] Guest thread yield at import#7481: nid=04AjkP0jO9U ret=0x000000080A821799 reason=_umtx_op_wait
[LOADER][INFO] Guest thread 'AssetGarbageCollectorHelper' state=Blocked reason=_umtx_op_wait
[LOADER][INFO] guest_threads.timeout_wake count=4
[LOADER][INFO] Pumping guest thread 'AssetGarbageCollectorHelper' reason=ready-dispatch resume=0x000000080A821799
[LOADER][INFO] Guest thread yield at import#8248: nid=04AjkP0jO9U ret=0x000000080A821799 reason=_umtx_op_wait
[LOADER][INFO] Pumping guest thread 'AssetGarbageCollectorHelper' reason=ready-dispatch resume=0x000000080A821799
[LOADER][INFO] Guest thread yield at import#7736: nid=04AjkP0jO9U ret=0x000000080A821799 reason=_umtx_op_wait
[LOADER][INFO] Pumping guest thread 'AssetGarbageCollectorHelper' reason=ready-dispatch resume=0x000000080A821799
[LOADER][INFO] Guest thread 'AssetGarbageCollectorHelper' state=Blocked reason=_umtx_op_wait
[LOADER][INFO] Pumping guest thread 'AssetGarbageCollectorHelper' reason=ready-dispatch resume=0x000000080A821799
[LOADER][INFO] Guest thread 'AssetGarbageCollectorHelper' state=Blocked reason=_umtx_op_wait
[LOADER][INFO] guest_threads.timeout_wake count=1
[LOADER][INFO] Guest thread yield at import#8505: nid=04AjkP0jO9U ret=0x000000080A821799 reason=_umtx_op_wait
[LOADER][INFO] Guest thread yield at import#6969: nid=04AjkP0jO9U ret=0x000000080A821799 reason=_umtx_op_wait
[LOADER][INFO] Pumping guest thread 'AssetGarbageCollectorHelper' reason=dispatcher resume=0x000000080A821799
[LOADER][INFO] Guest thread 'AssetGarbageCollectorHelper' state=Blocked reason=_umtx_op_wait
[LOADER][INFO] Guest thread 'AssetGarbageCollectorHelper' state=Blocked reason=_umtx_op_wait
[LOADER][INFO] Guest thread yield at import#7993: nid=04AjkP0jO9U ret=0x000000080A821799 reason=_umtx_op_wait
[LOADER][INFO] Guest thread 'AssetGarbageCollectorHelper' state=Blocked reason=_umtx_op_wait
[LOADER][INFO] guest_threads.timeout_wake count=1
[LOADER][INFO] Pumping guest thread 'AssetGarbageCollectorHelper' reason=ready-dispatch resume=0x000000080A821799
[LOADER][INFO] Guest thread yield at import#5178: nid=04AjkP0jO9U ret=0x000000080A821799 reason=_umtx_op_wait
[LOADER][INFO] Guest thread 'AssetGarbageCollectorHelper' state=Blocked reason=_umtx_op_wait
[LOADER][INFO] guest_threads.timeout_wake count=2
[LOADER][INFO] Pumping guest thread 'AssetGarbageCollectorHelper' reason=dispatcher resume=0x000000080A821799
[LOADER][INFO] Pumping guest thread 'AssetGarbageCollectorHelper' reason=dispatcher resume=0x000000080A821799
[LOADER][INFO] Guest thread yield at import#5433: nid=04AjkP0jO9U ret=0x000000080A821799 reason=_umtx_op_wait
[LOADER][INFO] Guest thread yield at import#5945: nid=04AjkP0jO9U ret=0x000000080A821799 reason=_umtx_op_wait
[LOADER][INFO] Guest thread 'AssetGarbageCollectorHelper' state=Blocked reason=_umtx_op_wait
[LOADER][INFO] Guest thread 'AssetGarbageCollectorHelper' state=Blocked reason=_umtx_op_wait
[LOADER][INFO] guest_threads.timeout_wake count=1
[LOADER][INFO] Pumping guest thread 'AssetGarbageCollectorHelper' reason=dispatcher resume=0x000000080A821799
[LOADER][INFO] Guest thread yield at import#7225: nid=04AjkP0jO9U ret=0x000000080A821799 reason=_umtx_op_wait
[LOADER][INFO] Guest thread 'AssetGarbageCollectorHelper' state=Blocked reason=_umtx_op_wait
[LOADER][INFO] guest_threads.timeout_wake count=1
[LOADER][INFO] Pumping guest thread 'AssetGarbageCollectorHelper' reason=dispatcher resume=0x000000080A821799
[LOADER][INFO] Guest thread yield at import#6202: nid=04AjkP0jO9U ret=0x000000080A821799 reason=_umtx_op_wait
[LOADER][INFO] Guest thread 'AssetGarbageCollectorHelper' state=Blocked reason=_umtx_op_wait
[LOADER][INFO] guest_threads.timeout_wake count=2
[LOADER][INFO] Pumping guest thread 'AssetGarbageCollectorHelper' reason=dispatcher resume=0x000000080A821799
[LOADER][INFO] Pumping guest thread 'AssetGarbageCollectorHelper' reason=dispatcher resume=0x000000080A821799
[LOADER][INFO] Guest thread yield at import#6713: nid=04AjkP0jO9U ret=0x000000080A821799 reason=_umtx_op_wait
[LOADER][INFO] Guest thread yield at import#5690: nid=04AjkP0jO9U ret=0x000000080A821799 reason=_umtx_op_wait
[LOADER][INFO] Guest thread 'AssetGarbageCollectorHelper' state=Blocked reason=_umtx_op_wait
[LOADER][INFO] Guest thread 'AssetGarbageCollectorHelper' state=Blocked reason=_umtx_op_wait
[LOADER][INFO] guest_threads.timeout_wake count=1
[LOADER][INFO] Pumping guest thread 'AssetGarbageCollectorHelper' reason=dispatcher resume=0x000000080A821799
[LOADER][INFO] Guest thread yield at import#7482: nid=04AjkP0jO9U ret=0x000000080A821799 reason=_umtx_op_wait
[LOADER][INFO] Guest thread 'AssetGarbageCollectorHelper' state=Blocked reason=_umtx_op_wait
[LOADER][INFO] guest_threads.timeout_wake count=1
[LOADER][INFO] Pumping guest thread 'AssetGarbageCollectorHelper' reason=dispatcher resume=0x000000080A821799
[LOADER][INFO] Guest thread yield at import#8249: nid=04AjkP0jO9U ret=0x000000080A821799 reason=_umtx_op_wait
[LOADER][INFO] Guest thread 'AssetGarbageCollectorHelper' state=Blocked reason=_umtx_op_wait
[LOADER][INFO] guest_threads.timeout_wake count=4
[LOADER][INFO] Pumping guest thread 'AssetGarbageCollectorHelper' reason=dispatcher resume=0x000000080A821799
[LOADER][INFO] Pumping guest thread 'AssetGarbageCollectorHelper' reason=dispatcher resume=0x000000080A821799
[LOADER][INFO] Pumping guest thread 'AssetGarbageCollectorHelper' reason=dispatcher resume=0x000000080A821799
[LOADER][INFO] Pumping guest thread 'AssetGarbageCollectorHelper' reason=dispatcher resume=0x000000080A821799
[LOADER][INFO] Guest thread yield at import#7737: nid=04AjkP0jO9U ret=0x000000080A821799 reason=_umtx_op_wait
[LOADER][INFO] Guest thread yield at import#6970: nid=04AjkP0jO9U ret=0x000000080A821799 reason=_umtx_op_wait
[LOADER][INFO] Guest thread 'AssetGarbageCollectorHelper' state=Blocked reason=_umtx_op_wait
[LOADER][INFO] Guest thread yield at import#8506: nid=04AjkP0jO9U ret=0x000000080A821799 reason=_umtx_op_wait
[LOADER][INFO] Guest thread 'AssetGarbageCollectorHelper' state=Blocked reason=_umtx_op_wait
[LOADER][INFO] Guest thread yield at import#7994: nid=04AjkP0jO9U ret=0x000000080A821799 reason=_umtx_op_wait
[LOADER][INFO] Guest thread 'AssetGarbageCollectorHelper' state=Blocked reason=_umtx_op_wait
[LOADER][INFO] Guest thread 'AssetGarbageCollectorHelper' state=Blocked reason=_umtx_op_wait
[LOADER][INFO] guest_threads.timeout_wake count=1
[LOADER][INFO] Pumping guest thread 'AssetGarbageCollectorHelper' reason=dispatcher resume=0x000000080A821799
[LOADER][INFO] Guest thread yield at import#5179: nid=04AjkP0jO9U ret=0x000000080A821799 reason=_umtx_op_wait
[LOADER][INFO] Guest thread 'AssetGarbageCollectorHelper' state=Blocked reason=_umtx_op_wait
[LOADER][INFO] guest_threads.timeout_wake count=2
[LOADER][INFO] Pumping guest thread 'AssetGarbageCollectorHelper' reason=ready-dispatch resume=0x000000080A821799
[LOADER][INFO] Pumping guest thread 'AssetGarbageCollectorHelper' reason=ready-dispatch resume=0x000000080A821799
[LOADER][INFO] Guest thread yield at import#5434: nid=04AjkP0jO9U ret=0x000000080A821799 reason=_umtx_op_wait
[LOADER][INFO] Guest thread yield at import#5946: nid=04AjkP0jO9U ret=0x000000080A821799 reason=_umtx_op_wait
[LOADER][INFO] Guest thread 'AssetGarbageCollectorHelper' state=Blocked reason=_umtx_op_wait
[LOADER][INFO] Guest thread 'AssetGarbageCollectorHelper' state=Blocked reason=_umtx_op_wait
[LOADER][INFO] guest_threads.timeout_wake count=1
[LOADER][INFO] Pumping guest thread 'AssetGarbageCollectorHelper' reason=dispatcher resume=0x000000080A821799
[LOADER][INFO] Guest thread yield at import#7226: nid=04AjkP0jO9U ret=0x000000080A821799 reason=_umtx_op_wait
[LOADER][INFO] Guest thread 'AssetGarbageCollectorHelper' state=Blocked reason=_umtx_op_wait
[LOADER][INFO] guest_threads.timeout_wake count=1
[LOADER][INFO] Pumping guest thread 'AssetGarbageCollectorHelper' reason=dispatcher resume=0x000000080A821799
[LOADER][INFO] Guest thread yield at import#6203: nid=04AjkP0jO9U ret=0x000000080A821799 reason=_umtx_op_wait
[LOADER][INFO] Guest thread 'AssetGarbageCollectorHelper' state=Blocked reason=_umtx_op_wait
[LOADER][INFO] guest_threads.timeout_wake count=2
[LOADER][INFO] Pumping guest thread 'AssetGarbageCollectorHelper' reason=ready-dispatch resume=0x000000080A821799
[LOADER][INFO] Pumping guest thread 'AssetGarbageCollectorHelper' reason=ready-dispatch resume=0x000000080A821799
[LOADER][INFO] Guest thread yield at import#5691: nid=04AjkP0jO9U ret=0x000000080A821799 reason=_umtx_op_wait
[LOADER][INFO] Guest thread 'AssetGarbageCollectorHelper' state=Blocked reason=_umtx_op_wait
[LOADER][INFO] guest_threads.timeout_wake count=1
[LOADER][INFO] Guest thread yield at import#6714: nid=04AjkP0jO9U ret=0x000000080A821799 reason=_umtx_op_wait
[LOADER][INFO] Pumping guest thread 'AssetGarbageCollectorHelper' reason=ready-dispatch resume=0x000000080A821799
[LOADER][INFO] Guest thread 'AssetGarbageCollectorHelper' state=Blocked reason=_umtx_op_wait
[LOADER][INFO] Guest thread yield at import#7483: nid=04AjkP0jO9U ret=0x000000080A821799 reason=_umtx_op_wait
[LOADER][INFO] Guest thread 'AssetGarbageCollectorHelper' state=Blocked reason=_umtx_op_wait
[LOADER][INFO] guest_threads.timeout_wake count=1
[LOADER][INFO] Pumping guest thread 'AssetGarbageCollectorHelper' reason=dispatcher resume=0x000000080A821799
[LOADER][INFO] Guest thread yield at import#8250: nid=04AjkP0jO9U ret=0x000000080A821799 reason=_umtx_op_wait
[LOADER][INFO] Guest thread 'AssetGarbageCollectorHelper' state=Blocked reason=_umtx_op_wait
[LOADER][INFO] guest_threads.timeout_wake count=4
[LOADER][INFO] Pumping guest thread 'AssetGarbageCollectorHelper' reason=dispatcher resume=0x000000080A821799
[LOADER][INFO] Pumping guest thread 'AssetGarbageCollectorHelper' reason=dispatcher resume=0x000000080A821799
[LOADER][INFO] Pumping guest thread 'AssetGarbageCollectorHelper' reason=dispatcher resume=0x000000080A821799
[LOADER][INFO] Pumping guest thread 'AssetGarbageCollectorHelper' reason=dispatcher resume=0x000000080A821799
[LOADER][INFO] Guest thread yield at import#7738: nid=04AjkP0jO9U ret=0x000000080A821799 reason=_umtx_op_wait
[LOADER][INFO] Guest thread yield at import#6971: nid=04AjkP0jO9U ret=0x000000080A821799 reason=_umtx_op_wait
[LOADER][INFO] Guest thread yield at import#8507: nid=04AjkP0jO9U ret=0x000000080A821799 reason=_umtx_op_wait
[LOADER][INFO] Guest thread yield at import#7995: nid=04AjkP0jO9U ret=0x000000080A821799 reason=_umtx_op_wait
[LOADER][INFO] Guest thread 'AssetGarbageCollectorHelper' state=Blocked reason=_umtx_op_wait
[LOADER][INFO] Guest thread 'AssetGarbageCollectorHelper' state=Blocked reason=_umtx_op_wait
[LOADER][INFO] Guest thread 'AssetGarbageCollectorHelper' state=Blocked reason=_umtx_op_wait
[LOADER][INFO] Guest thread 'AssetGarbageCollectorHelper' state=Blocked reason=_umtx_op_wait
[LOADER][INFO] guest_threads.timeout_wake count=1
[LOADER][INFO] Pumping guest thread 'AssetGarbageCollectorHelper' reason=dispatcher resume=0x000000080A821799
[LOADER][INFO] Guest thread yield at import#5180: nid=04AjkP0jO9U ret=0x000000080A821799 reason=_umtx_op_wait
[LOADER][INFO] Guest thread 'AssetGarbageCollectorHelper' state=Blocked reason=_umtx_op_wait
[LOADER][INFO] guest_threads.timeout_wake count=2
[LOADER][INFO] Pumping guest thread 'AssetGarbageCollectorHelper' reason=dispatcher resume=0x000000080A821799
[LOADER][INFO] Pumping guest thread 'AssetGarbageCollectorHelper' reason=dispatcher resume=0x000000080A821799
[LOADER][INFO] Guest thread yield at import#5435: nid=04AjkP0jO9U ret=0x000000080A821799 reason=_umtx_op_wait
[LOADER][INFO] Guest thread yield at import#5947: nid=04AjkP0jO9U ret=0x000000080A821799 reason=_umtx_op_wait
[LOADER][INFO] Guest thread 'AssetGarbageCollectorHelper' state=Blocked reason=_umtx_op_wait
[LOADER][INFO] Guest thread 'AssetGarbageCollectorHelper' state=Blocked reason=_umtx_op_wait
[LOADER][INFO] guest_threads.timeout_wake count=1
[LOADER][INFO] Pumping guest thread 'AssetGarbageCollectorHelper' reason=dispatcher resume=0x000000080A821799
[LOADER][INFO] Guest thread yield at import#7227: nid=04AjkP0jO9U ret=0x000000080A821799 reason=_umtx_op_wait
[LOADER][INFO] Guest thread 'AssetGarbageCollectorHelper' state=Blocked reason=_umtx_op_wait
[LOADER][INFO] guest_threads.timeout_wake count=1
[LOADER][INFO] Pumping guest thread 'AssetGarbageCollectorHelper' reason=ready-dispatch resume=0x000000080A821799
[LOADER][INFO] Guest thread yield at import#6204: nid=04AjkP0jO9U ret=0x000000080A821799 reason=_umtx_op_wait
[LOADER][INFO] Guest thread 'AssetGarbageCollectorHelper' state=Blocked reason=_umtx_op_wait
[LOADER][INFO] guest_threads.timeout_wake count=2
[LOADER][INFO] Pumping guest thread 'AssetGarbageCollectorHelper' reason=ready-dispatch resume=0x000000080A821799
[LOADER][INFO] Pumping guest thread 'AssetGarbageCollectorHelper' reason=ready-dispatch resume=0x000000080A821799
[LOADER][INFO] Guest thread yield at import#6715: nid=04AjkP0jO9U ret=0x000000080A821799 reason=_umtx_op_wait
[LOADER][INFO] Guest thread yield at import#5692: nid=04AjkP0jO9U ret=0x000000080A821799 reason=_umtx_op_wait
[LOADER][INFO] Guest thread 'AssetGarbageCollectorHelper' state=Blocked reason=_umtx_op_wait
[LOADER][INFO] Guest thread 'AssetGarbageCollectorHelper' state=Blocked reason=_umtx_op_wait
[LOADER][INFO] guest_threads.timeout_wake count=1
[LOADER][INFO] Pumping guest thread 'AssetGarbageCollectorHelper' reason=dispatcher resume=0x000000080A821799
[LOADER][INFO] Guest thread yield at import#7484: nid=04AjkP0jO9U ret=0x000000080A821799 reason=_umtx_op_wait
[LOADER][INFO] Guest thread 'AssetGarbageCollectorHelper' state=Blocked reason=_umtx_op_wait
[LOADER][INFO] guest_threads.timeout_wake count=1
[LOADER][INFO] Pumping guest thread 'AssetGarbageCollectorHelper' reason=dispatcher resume=0x000000080A821799
[LOADER][INFO] Guest thread yield at import#8251: nid=04AjkP0jO9U ret=0x000000080A821799 reason=_umtx_op_wait
[LOADER][INFO] Guest thread 'AssetGarbageCollectorHelper' state=Blocked reason=_umtx_op_wait
[LOADER][INFO] guest_threads.timeout_wake count=4
[LOADER][INFO] Pumping guest thread 'AssetGarbageCollectorHelper' reason=ready-dispatch resume=0x000000080A821799
[LOADER][INFO] Pumping guest thread 'AssetGarbageCollectorHelper' reason=ready-dispatch resume=0x000000080A821799
[LOADER][INFO] Pumping guest thread 'AssetGarbageCollectorHelper' reason=ready-dispatch resume=0x000000080A821799
[LOADER][INFO] Pumping guest thread 'AssetGarbageCollectorHelper' reason=ready-dispatch resume=0x000000080A821799
[LOADER][INFO] Guest thread yield at import#6972: nid=04AjkP0jO9U ret=0x000000080A821799 reason=_umtx_op_wait
[LOADER][INFO] Guest thread yield at import#7996: nid=04AjkP0jO9U ret=0x000000080A821799 reason=_umtx_op_wait
[LOADER][INFO] Guest thread yield at import#7739: nid=04AjkP0jO9U ret=0x000000080A821799 reason=_umtx_op_wait
[LOADER][INFO] Guest thread yield at import#8508: nid=04AjkP0jO9U ret=0x000000080A821799 reason=_umtx_op_wait
[LOADER][INFO] Guest thread 'AssetGarbageCollectorHelper' state=Blocked reason=_umtx_op_wait
[LOADER][INFO] Guest thread 'AssetGarbageCollectorHelper' state=Blocked reason=_umtx_op_wait
[LOADER][INFO] Guest thread 'AssetGarbageCollectorHelper' state=Blocked reason=_umtx_op_wait
[LOADER][INFO] Guest thread 'AssetGarbageCollectorHelper' state=Blocked reason=_umtx_op_wait
[LOADER][INFO] guest_threads.timeout_wake count=1
[LOADER][INFO] Pumping guest thread 'AssetGarbageCollectorHelper' reason=dispatcher resume=0x000000080A821799
[LOADER][INFO] Guest thread yield at import#5181: nid=04AjkP0jO9U ret=0x000000080A821799 reason=_umtx_op_wait
[LOADER][INFO] Guest thread 'AssetGarbageCollectorHelper' state=Blocked reason=_umtx_op_wait
[LOADER][INFO] guest_threads.timeout_wake count=2
[LOADER][INFO] Pumping guest thread 'AssetGarbageCollectorHelper' reason=dispatcher resume=0x000000080A821799
[LOADER][INFO] Pumping guest thread 'AssetGarbageCollectorHelper' reason=dispatcher resume=0x000000080A821799
[LOADER][INFO] Guest thread yield at import#5948: nid=04AjkP0jO9U ret=0x000000080A821799 reason=_umtx_op_wait
[LOADER][INFO] Guest thread yield at import#5436: nid=04AjkP0jO9U ret=0x000000080A821799 reason=_umtx_op_wait
[LOADER][INFO] Guest thread 'AssetGarbageCollectorHelper' state=Blocked reason=_umtx_op_wait
[LOADER][INFO] Guest thread 'AssetGarbageCollectorHelper' state=Blocked reason=_umtx_op_wait
[LOADER][INFO] guest_threads.timeout_wake count=1
[LOADER][INFO] Pumping guest thread 'AssetGarbageCollectorHelper' reason=dispatcher resume=0x000000080A821799
[LOADER][INFO] Guest thread yield at import#7228: nid=04AjkP0jO9U ret=0x000000080A821799 reason=_umtx_op_wait
[LOADER][INFO] Guest thread 'AssetGarbageCollectorHelper' state=Blocked reason=_umtx_op_wait
[LOADER][INFO] guest_threads.timeout_wake count=1
[LOADER][INFO] Pumping guest thread 'AssetGarbageCollectorHelper' reason=ready-dispatch resume=0x000000080A821799
[LOADER][INFO] Guest thread yield at import#6205: nid=04AjkP0jO9U ret=0x000000080A821799 reason=_umtx_op_wait
[LOADER][INFO] Guest thread 'AssetGarbageCollectorHelper' state=Blocked reason=_umtx_op_wait
[LOADER][INFO] guest_threads.timeout_wake count=2
[LOADER][INFO] Pumping guest thread 'AssetGarbageCollectorHelper' reason=dispatcher resume=0x000000080A821799
[LOADER][INFO] Pumping guest thread 'AssetGarbageCollectorHelper' reason=dispatcher resume=0x000000080A821799
[LOADER][INFO] Guest thread yield at import#5693: nid=04AjkP0jO9U ret=0x000000080A821799 reason=_umtx_op_wait
[LOADER][INFO] Guest thread yield at import#6716: nid=04AjkP0jO9U ret=0x000000080A821799 reason=_umtx_op_wait
[LOADER][INFO] Guest thread 'AssetGarbageCollectorHelper' state=Blocked reason=_umtx_op_wait
[LOADER][INFO] Guest thread 'AssetGarbageCollectorHelper' state=Blocked reason=_umtx_op_wait
[LOADER][INFO] guest_threads.timeout_wake count=1
[LOADER][INFO] Pumping guest thread 'AssetGarbageCollectorHelper' reason=ready-dispatch resume=0x000000080A821799
[LOADER][INFO] Guest thread yield at import#7485: nid=04AjkP0jO9U ret=0x000000080A821799 reason=_umtx_op_wait
[LOADER][INFO] Guest thread 'AssetGarbageCollectorHelper' state=Blocked reason=_umtx_op_wait
[LOADER][INFO] guest_threads.timeout_wake count=1
[LOADER][INFO] Pumping guest thread 'AssetGarbageCollectorHelper' reason=ready-dispatch resume=0x000000080A821799
[LOADER][INFO] Guest thread yield at import#8252: nid=04AjkP0jO9U ret=0x000000080A821799 reason=_umtx_op_wait
[LOADER][INFO] Guest thread 'AssetGarbageCollectorHelper' state=Blocked reason=_umtx_op_wait
[LOADER][INFO] guest_threads.timeout_wake count=4
[LOADER][INFO] Pumping guest thread 'AssetGarbageCollectorHelper' reason=dispatcher resume=0x000000080A821799
[LOADER][INFO] Pumping guest thread 'AssetGarbageCollectorHelper' reason=dispatcher resume=0x000000080A821799
[LOADER][INFO] Pumping guest thread 'AssetGarbageCollectorHelper' reason=dispatcher resume=0x000000080A821799
[LOADER][INFO] Pumping guest thread 'AssetGarbageCollectorHelper' reason=dispatcher resume=0x000000080A821799
[LOADER][INFO] Guest thread yield at import#7997: nid=04AjkP0jO9U ret=0x000000080A821799 reason=_umtx_op_wait
[LOADER][INFO] Guest thread yield at import#7740: nid=04AjkP0jO9U ret=0x000000080A821799 reason=_umtx_op_wait
[LOADER][INFO] Guest thread yield at import#6973: nid=04AjkP0jO9U ret=0x000000080A821799 reason=_umtx_op_wait
[LOADER][INFO] Guest thread yield at import#8509: nid=04AjkP0jO9U ret=0x000000080A821799 reason=_umtx_op_wait
[LOADER][INFO] Guest thread 'AssetGarbageCollectorHelper' state=Blocked reason=_umtx_op_wait
[LOADER][INFO] Guest thread 'AssetGarbageCollectorHelper' state=Blocked reason=_umtx_op_wait
[LOADER][INFO] Guest thread 'AssetGarbageCollectorHelper' state=Blocked reason=_umtx_op_wait
[LOADER][INFO] Guest thread 'AssetGarbageCollectorHelper' state=Blocked reason=_umtx_op_wait
[LOADER][INFO] guest_threads.timeout_wake count=1
[LOADER][INFO] Pumping guest thread 'AssetGarbageCollectorHelper' reason=dispatcher resume=0x000000080A821799
[LOADER][INFO] Guest thread yield at import#5182: nid=04AjkP0jO9U ret=0x000000080A821799 reason=_umtx_op_wait
[LOADER][INFO] Guest thread 'AssetGarbageCollectorHelper' state=Blocked reason=_umtx_op_wait
[LOADER][INFO] guest_threads.timeout_wake count=2
[LOADER][INFO] Pumping guest thread 'AssetGarbageCollectorHelper' reason=ready-dispatch resume=0x000000080A821799
[LOADER][INFO] Pumping guest thread 'AssetGarbageCollectorHelper' reason=ready-dispatch resume=0x000000080A821799
[LOADER][INFO] Guest thread yield at import#5437: nid=04AjkP0jO9U ret=0x000000080A821799 reason=_umtx_op_wait
[LOADER][INFO] Guest thread 'AssetGarbageCollectorHelper' state=Blocked reason=_umtx_op_wait
[LOADER][INFO] Guest thread yield at import#5949: nid=04AjkP0jO9U ret=0x000000080A821799 reason=_umtx_op_wait
[LOADER][INFO] Guest thread 'AssetGarbageCollectorHelper' state=Blocked reason=_umtx_op_wait
[LOADER][INFO] guest_threads.timeout_wake count=1
[LOADER][INFO] Pumping guest thread 'AssetGarbageCollectorHelper' reason=dispatcher resume=0x000000080A821799
[LOADER][INFO] Guest thread yield at import#7229: nid=04AjkP0jO9U ret=0x000000080A821799 reason=_umtx_op_wait
[LOADER][INFO] Guest thread 'AssetGarbageCollectorHelper' state=Blocked reason=_umtx_op_wait
[LOADER][INFO] guest_threads.timeout_wake count=1
[LOADER][INFO] Pumping guest thread 'AssetGarbageCollectorHelper' reason=ready-dispatch resume=0x000000080A821799
[LOADER][INFO] Guest thread yield at import#6206: nid=04AjkP0jO9U ret=0x000000080A821799 reason=_umtx_op_wait
[LOADER][INFO] Guest thread 'AssetGarbageCollectorHelper' state=Blocked reason=_umtx_op_wait
[LOADER][INFO] guest_threads.timeout_wake count=2
[LOADER][INFO] Pumping guest thread 'AssetGarbageCollectorHelper' reason=dispatcher resume=0x000000080A821799
[LOADER][INFO] Pumping guest thread 'AssetGarbageCollectorHelper' reason=dispatcher resume=0x000000080A821799
[LOADER][INFO] Guest thread yield at import#5694: nid=04AjkP0jO9U ret=0x000000080A821799 reason=_umtx_op_wait
[LOADER][INFO] Guest thread yield at import#6717: nid=04AjkP0jO9U ret=0x000000080A821799 reason=_umtx_op_wait
[LOADER][INFO] Guest thread 'AssetGarbageCollectorHelper' state=Blocked reason=_umtx_op_wait
[LOADER][INFO] Guest thread 'AssetGarbageCollectorHelper' state=Blocked reason=_umtx_op_wait
[LOADER][INFO] guest_threads.timeout_wake count=2
[LOADER][INFO] Pumping guest thread 'AssetGarbageCollectorHelper' reason=dispatcher resume=0x000000080A821799
[LOADER][INFO] Pumping guest thread 'AssetGarbageCollectorHelper' reason=dispatcher resume=0x000000080A821799
[LOADER][INFO] Guest thread yield at import#8253: nid=04AjkP0jO9U ret=0x000000080A821799 reason=_umtx_op_wait
[LOADER][INFO] Guest thread yield at import#7486: nid=04AjkP0jO9U ret=0x000000080A821799 reason=_umtx_op_wait
[LOADER][INFO] Guest thread 'AssetGarbageCollectorHelper' state=Blocked reason=_umtx_op_wait
[LOADER][INFO] Guest thread 'AssetGarbageCollectorHelper' state=Blocked reason=_umtx_op_wait
[LOADER][INFO] guest_threads.timeout_wake count=4
[LOADER][INFO] Pumping guest thread 'AssetGarbageCollectorHelper' reason=dispatcher resume=0x000000080A821799
[LOADER][INFO] Pumping guest thread 'AssetGarbageCollectorHelper' reason=dispatcher resume=0x000000080A821799
[LOADER][INFO] Pumping guest thread 'AssetGarbageCollectorHelper' reason=dispatcher resume=0x000000080A821799
[LOADER][INFO] Pumping guest thread 'AssetGarbageCollectorHelper' reason=dispatcher resume=0x000000080A821799
[LOADER][INFO] Guest thread yield at import#7998: nid=04AjkP0jO9U ret=0x000000080A821799 reason=_umtx_op_wait
[LOADER][INFO] Guest thread yield at import#7741: nid=04AjkP0jO9U ret=0x000000080A821799 reason=_umtx_op_wait
[LOADER][INFO] Guest thread yield at import#8510: nid=04AjkP0jO9U ret=0x000000080A821799 reason=_umtx_op_wait
[LOADER][INFO] Guest thread yield at import#6974: nid=04AjkP0jO9U ret=0x000000080A821799 reason=_umtx_op_wait
[LOADER][INFO] Guest thread 'AssetGarbageCollectorHelper' state=Blocked reason=_umtx_op_wait
[LOADER][INFO] Guest thread 'AssetGarbageCollectorHelper' state=Blocked reason=_umtx_op_wait
[LOADER][INFO] Guest thread 'AssetGarbageCollectorHelper' state=Blocked reason=_umtx_op_wait
[LOADER][INFO] Guest thread 'AssetGarbageCollectorHelper' state=Blocked reason=_umtx_op_wait
[LOADER][INFO] guest_threads.timeout_wake count=1
[LOADER][INFO] Pumping guest thread 'AssetGarbageCollectorHelper' reason=dispatcher resume=0x000000080A821799
[LOADER][INFO] Guest thread yield at import#5183: nid=04AjkP0jO9U ret=0x000000080A821799 reason=_umtx_op_wait
[LOADER][INFO] Guest thread 'AssetGarbageCollectorHelper' state=Blocked reason=_umtx_op_wait
[LOADER][INFO] guest_threads.timeout_wake count=2
[LOADER][INFO] Pumping guest thread 'AssetGarbageCollectorHelper' reason=ready-dispatch resume=0x000000080A821799
[LOADER][INFO] Pumping guest thread 'AssetGarbageCollectorHelper' reason=ready-dispatch resume=0x000000080A821799
[LOADER][INFO] Guest thread yield at import#5950: nid=04AjkP0jO9U ret=0x000000080A821799 reason=_umtx_op_wait
[LOADER][INFO] Guest thread yield at import#5438: nid=04AjkP0jO9U ret=0x000000080A821799 reason=_umtx_op_wait
[LOADER][INFO] Guest thread 'AssetGarbageCollectorHelper' state=Blocked reason=_umtx_op_wait
[LOADER][INFO] Guest thread 'AssetGarbageCollectorHelper' state=Blocked reason=_umtx_op_wait
[LOADER][INFO] guest_threads.timeout_wake count=1
[LOADER][INFO] Pumping guest thread 'AssetGarbageCollectorHelper' reason=ready-dispatch resume=0x000000080A821799
[LOADER][INFO] Guest thread yield at import#7230: nid=04AjkP0jO9U ret=0x000000080A821799 reason=_umtx_op_wait
[LOADER][INFO] Guest thread 'AssetGarbageCollectorHelper' state=Blocked reason=_umtx_op_wait
[LOADER][INFO] guest_threads.timeout_wake count=1
[LOADER][INFO] Pumping guest thread 'AssetGarbageCollectorHelper' reason=ready-dispatch resume=0x000000080A821799
[LOADER][INFO] Guest thread yield at import#6207: nid=04AjkP0jO9U ret=0x000000080A821799 reason=_umtx_op_wait
[LOADER][INFO] Guest thread 'AssetGarbageCollectorHelper' state=Blocked reason=_umtx_op_wait
[LOADER][INFO] guest_threads.timeout_wake count=1
[LOADER][INFO] guest_threads.timeout_wake count=1
[LOADER][INFO] Pumping guest thread 'AssetGarbageCollectorHelper' reason=dispatcher resume=0x000000080A821799
[LOADER][INFO] Pumping guest thread 'AssetGarbageCollectorHelper' reason=dispatcher resume=0x000000080A821799
[LOADER][INFO] Guest thread yield at import#5695: nid=04AjkP0jO9U ret=0x000000080A821799 reason=_umtx_op_wait
[LOADER][INFO] Guest thread yield at import#6718: nid=04AjkP0jO9U ret=0x000000080A821799 reason=_umtx_op_wait
[LOADER][INFO] Guest thread 'AssetGarbageCollectorHelper' state=Blocked reason=_umtx_op_wait
[LOADER][INFO] Guest thread 'AssetGarbageCollectorHelper' state=Blocked reason=_umtx_op_wait
[LOADER][INFO] guest_threads.timeout_wake count=2
[LOADER][INFO] Pumping guest thread 'AssetGarbageCollectorHelper' reason=dispatcher resume=0x000000080A821799
[LOADER][INFO] Pumping guest thread 'AssetGarbageCollectorHelper' reason=dispatcher resume=0x000000080A821799
[LOADER][INFO] Guest thread yield at import#8254: nid=04AjkP0jO9U ret=0x000000080A821799 reason=_umtx_op_wait
[LOADER][INFO] Guest thread yield at import#7487: nid=04AjkP0jO9U ret=0x000000080A821799 reason=_umtx_op_wait
[LOADER][INFO] Guest thread 'AssetGarbageCollectorHelper' state=Blocked reason=_umtx_op_wait
[LOADER][INFO] Guest thread 'AssetGarbageCollectorHelper' state=Blocked reason=_umtx_op_wait
[LOADER][INFO] guest_threads.timeout_wake count=4
[LOADER][INFO] Pumping guest thread 'AssetGarbageCollectorHelper' reason=dispatcher resume=0x000000080A821799
[LOADER][INFO] Pumping guest thread 'AssetGarbageCollectorHelper' reason=dispatcher resume=0x000000080A821799
[LOADER][INFO] Pumping guest thread 'AssetGarbageCollectorHelper' reason=dispatcher resume=0x000000080A821799
[LOADER][INFO] Pumping guest thread 'AssetGarbageCollectorHelper' reason=dispatcher resume=0x000000080A821799
[LOADER][INFO] Guest thread yield at import#7999: nid=04AjkP0jO9U ret=0x000000080A821799 reason=_umtx_op_wait
[LOADER][INFO] Guest thread yield at import#7742: nid=04AjkP0jO9U ret=0x000000080A821799 reason=_umtx_op_wait
[LOADER][INFO] Guest thread yield at import#8511: nid=04AjkP0jO9U ret=0x000000080A821799 reason=_umtx_op_wait
[LOADER][INFO] Guest thread yield at import#6975: nid=04AjkP0jO9U ret=0x000000080A821799 reason=_umtx_op_wait
[LOADER][INFO] Guest thread 'AssetGarbageCollectorHelper' state=Blocked reason=_umtx_op_wait
[LOADER][INFO] Guest thread 'AssetGarbageCollectorHelper' state=Blocked reason=_umtx_op_wait
[LOADER][INFO] Guest thread 'AssetGarbageCollectorHelper' state=Blocked reason=_umtx_op_wait
[LOADER][INFO] Guest thread 'AssetGarbageCollectorHelper' state=Blocked reason=_umtx_op_wait
[LOADER][INFO] guest_threads.timeout_wake count=1
[LOADER][INFO] Pumping guest thread 'AssetGarbageCollectorHelper' reason=ready-dispatch resume=0x000000080A821799
[LOADER][INFO] Guest thread yield at import#5184: nid=04AjkP0jO9U ret=0x000000080A821799 reason=_umtx_op_wait
[LOADER][INFO] guest_threads.timeout_wake count=2
[LOADER][INFO] Pumping guest thread 'AssetGarbageCollectorHelper' reason=ready-dispatch resume=0x000000080A821799
[LOADER][INFO] Pumping guest thread 'AssetGarbageCollectorHelper' reason=ready-dispatch resume=0x000000080A821799
[LOADER][INFO] Guest thread 'AssetGarbageCollectorHelper' state=Blocked reason=_umtx_op_wait
[LOADER][INFO] Guest thread yield at import#5439: nid=04AjkP0jO9U ret=0x000000080A821799 reason=_umtx_op_wait
[LOADER][INFO] Guest thread yield at import#5951: nid=04AjkP0jO9U ret=0x000000080A821799 reason=_umtx_op_wait
[LOADER][INFO] Guest thread 'AssetGarbageCollectorHelper' state=Blocked reason=_umtx_op_wait
[LOADER][INFO] Guest thread 'AssetGarbageCollectorHelper' state=Blocked reason=_umtx_op_wait
[LOADER][INFO] guest_threads.timeout_wake count=1
[LOADER][INFO] Pumping guest thread 'AssetGarbageCollectorHelper' reason=dispatcher resume=0x000000080A821799
[LOADER][INFO] Guest thread yield at import#7231: nid=04AjkP0jO9U ret=0x000000080A821799 reason=_umtx_op_wait
[LOADER][INFO] Guest thread 'AssetGarbageCollectorHelper' state=Blocked reason=_umtx_op_wait
[LOADER][INFO] guest_threads.timeout_wake count=1
[LOADER][INFO] Pumping guest thread 'AssetGarbageCollectorHelper' reason=ready-dispatch resume=0x000000080A821799
[LOADER][INFO] Guest thread yield at import#6208: nid=04AjkP0jO9U ret=0x000000080A821799 reason=_umtx_op_wait
[LOADER][INFO] Guest thread 'AssetGarbageCollectorHelper' state=Blocked reason=_umtx_op_wait
[LOADER][INFO] guest_threads.timeout_wake count=2
[LOADER][INFO] Pumping guest thread 'AssetGarbageCollectorHelper' reason=ready-dispatch resume=0x000000080A821799
[LOADER][INFO] Pumping guest thread 'AssetGarbageCollectorHelper' reason=ready-dispatch resume=0x000000080A821799
[LOADER][INFO] Guest thread yield at import#5696: nid=04AjkP0jO9U ret=0x000000080A821799 reason=_umtx_op_wait
[LOADER][INFO] Guest thread yield at import#6719: nid=04AjkP0jO9U ret=0x000000080A821799 reason=_umtx_op_wait
[LOADER][INFO] Guest thread 'AssetGarbageCollectorHelper' state=Blocked reason=_umtx_op_wait
[LOADER][INFO] Guest thread 'AssetGarbageCollectorHelper' state=Blocked reason=_umtx_op_wait
[LOADER][INFO] guest_threads.timeout_wake count=2
[LOADER][INFO] Pumping guest thread 'AssetGarbageCollectorHelper' reason=dispatcher resume=0x000000080A821799
[LOADER][INFO] Pumping guest thread 'AssetGarbageCollectorHelper' reason=dispatcher resume=0x000000080A821799
[LOADER][INFO] Guest thread yield at import#8255: nid=04AjkP0jO9U ret=0x000000080A821799 reason=_umtx_op_wait
[LOADER][INFO] Guest thread yield at import#7488: nid=04AjkP0jO9U ret=0x000000080A821799 reason=_umtx_op_wait
[LOADER][INFO] Guest thread 'AssetGarbageCollectorHelper' state=Blocked reason=_umtx_op_wait
[LOADER][INFO] Guest thread 'AssetGarbageCollectorHelper' state=Blocked reason=_umtx_op_wait
[LOADER][INFO] guest_threads.timeout_wake count=4
[LOADER][INFO] Pumping guest thread 'AssetGarbageCollectorHelper' reason=dispatcher resume=0x000000080A821799
[LOADER][INFO] Pumping guest thread 'AssetGarbageCollectorHelper' reason=dispatcher resume=0x000000080A821799
[LOADER][INFO] Pumping guest thread 'AssetGarbageCollectorHelper' reason=dispatcher resume=0x000000080A821799
[LOADER][INFO] Pumping guest thread 'AssetGarbageCollectorHelper' reason=dispatcher resume=0x000000080A821799
[LOADER][INFO] Guest thread yield at import#7743: nid=04AjkP0jO9U ret=0x000000080A821799 reason=_umtx_op_wait
[LOADER][INFO] Guest thread yield at import#8000: nid=04AjkP0jO9U ret=0x000000080A821799 reason=_umtx_op_wait
[LOADER][INFO] Guest thread yield at import#6976: nid=04AjkP0jO9U ret=0x000000080A821799 reason=_umtx_op_wait
[LOADER][INFO] Guest thread yield at import#8512: nid=04AjkP0jO9U ret=0x000000080A821799 reason=_umtx_op_wait
[LOADER][INFO] Guest thread 'AssetGarbageCollectorHelper' state=Blocked reason=_umtx_op_wait
[LOADER][INFO] Guest thread 'AssetGarbageCollectorHelper' state=Blocked reason=_umtx_op_wait
[LOADER][INFO] Guest thread 'AssetGarbageCollectorHelper' state=Blocked reason=_umtx_op_wait
[LOADER][INFO] Guest thread 'AssetGarbageCollectorHelper' state=Blocked reason=_umtx_op_wait
[LOADER][INFO] guest_threads.timeout_wake count=1
[LOADER][INFO] Pumping guest thread 'AssetGarbageCollectorHelper' reason=dispatcher resume=0x000000080A821799
[LOADER][INFO] Guest thread yield at import#5185: nid=04AjkP0jO9U ret=0x000000080A821799 reason=_umtx_op_wait
[LOADER][INFO] Guest thread 'AssetGarbageCollectorHelper' state=Blocked reason=_umtx_op_wait
[LOADER][INFO] guest_threads.timeout_wake count=2
[LOADER][INFO] Pumping guest thread 'AssetGarbageCollectorHelper' reason=ready-dispatch resume=0x000000080A821799
[LOADER][INFO] Pumping guest thread 'AssetGarbageCollectorHelper' reason=ready-dispatch resume=0x000000080A821799
[LOADER][INFO] Guest thread yield at import#5440: nid=04AjkP0jO9U ret=0x000000080A821799 reason=_umtx_op_wait
[LOADER][INFO] Guest thread yield at import#5952: nid=04AjkP0jO9U ret=0x000000080A821799 reason=_umtx_op_wait
[LOADER][INFO] Guest thread 'AssetGarbageCollectorHelper' state=Blocked reason=_umtx_op_wait
[LOADER][INFO] Guest thread 'AssetGarbageCollectorHelper' state=Blocked reason=_umtx_op_wait
[LOADER][INFO] guest_threads.timeout_wake count=1
[LOADER][INFO] Pumping guest thread 'AssetGarbageCollectorHelper' reason=ready-dispatch resume=0x000000080A821799
[LOADER][INFO] Guest thread yield at import#7232: nid=04AjkP0jO9U ret=0x000000080A821799 reason=_umtx_op_wait
[LOADER][INFO] Guest thread 'AssetGarbageCollectorHelper' state=Blocked reason=_umtx_op_wait
[LOADER][INFO] guest_threads.timeout_wake count=1
[LOADER][INFO] Pumping guest thread 'AssetGarbageCollectorHelper' reason=ready-dispatch resume=0x000000080A821799
[LOADER][INFO] Guest thread yield at import#6209: nid=04AjkP0jO9U ret=0x000000080A821799 reason=_umtx_op_wait
[LOADER][INFO] Guest thread 'AssetGarbageCollectorHelper' state=Blocked reason=_umtx_op_wait
[LOADER][INFO] guest_threads.timeout_wake count=2
[LOADER][INFO] Pumping guest thread 'AssetGarbageCollectorHelper' reason=dispatcher resume=0x000000080A821799
[LOADER][INFO] Pumping guest thread 'AssetGarbageCollectorHelper' reason=dispatcher resume=0x000000080A821799
[LOADER][INFO] Guest thread yield at import#5697: nid=04AjkP0jO9U ret=0x000000080A821799 reason=_umtx_op_wait
[LOADER][INFO] Guest thread yield at import#6720: nid=04AjkP0jO9U ret=0x000000080A821799 reason=_umtx_op_wait
[LOADER][INFO] Guest thread 'AssetGarbageCollectorHelper' state=Blocked reason=_umtx_op_wait
[LOADER][INFO] Guest thread 'AssetGarbageCollectorHelper' state=Blocked reason=_umtx_op_wait
[LOADER][INFO] guest_threads.timeout_wake count=2
[LOADER][INFO] Pumping guest thread 'AssetGarbageCollectorHelper' reason=ready-dispatch resume=0x000000080A821799
[LOADER][INFO] Pumping guest thread 'AssetGarbageCollectorHelper' reason=ready-dispatch resume=0x000000080A821799
[LOADER][INFO] Guest thread yield at import#7489: nid=04AjkP0jO9U ret=0x000000080A821799 reason=_umtx_op_wait
[LOADER][INFO] Guest thread yield at import#8256: nid=04AjkP0jO9U ret=0x000000080A821799 reason=_umtx_op_wait
[LOADER][INFO] Guest thread 'AssetGarbageCollectorHelper' state=Blocked reason=_umtx_op_wait
[LOADER][INFO] Guest thread 'AssetGarbageCollectorHelper' state=Blocked reason=_umtx_op_wait
[LOADER][INFO] guest_threads.timeout_wake count=4
[LOADER][INFO] Pumping guest thread 'AssetGarbageCollectorHelper' reason=ready-dispatch resume=0x000000080A821799
[LOADER][INFO] Pumping guest thread 'AssetGarbageCollectorHelper' reason=ready-dispatch resume=0x000000080A821799
[LOADER][INFO] Pumping guest thread 'AssetGarbageCollectorHelper' reason=ready-dispatch resume=0x000000080A821799
[LOADER][INFO] Pumping guest thread 'AssetGarbageCollectorHelper' reason=ready-dispatch resume=0x000000080A821799
[LOADER][INFO] Guest thread yield at import#8001: nid=04AjkP0jO9U ret=0x000000080A821799 reason=_umtx_op_wait
[LOADER][INFO] Guest thread yield at import#6977: nid=04AjkP0jO9U ret=0x000000080A821799 reason=_umtx_op_wait
[LOADER][INFO] Guest thread yield at import#8513: nid=04AjkP0jO9U ret=0x000000080A821799 reason=_umtx_op_wait
[LOADER][INFO] Guest thread yield at import#7744: nid=04AjkP0jO9U ret=0x000000080A821799 reason=_umtx_op_wait
[LOADER][INFO] Guest thread 'AssetGarbageCollectorHelper' state=Blocked reason=_umtx_op_wait
[LOADER][INFO] Guest thread 'AssetGarbageCollectorHelper' state=Blocked reason=_umtx_op_wait
[LOADER][INFO] Guest thread 'AssetGarbageCollectorHelper' state=Blocked reason=_umtx_op_wait
[LOADER][INFO] Guest thread 'AssetGarbageCollectorHelper' state=Blocked reason=_umtx_op_wait
[LOADER][INFO] guest_threads.timeout_wake count=1
[LOADER][INFO] guest_threads.timeout_wake count=1
[LOADER][INFO] Pumping guest thread 'AssetGarbageCollectorHelper' reason=dispatcher resume=0x000000080A821799
[LOADER][INFO] Pumping guest thread 'AssetGarbageCollectorHelper' reason=dispatcher resume=0x000000080A821799
[LOADER][INFO] Guest thread yield at import#5186: nid=04AjkP0jO9U ret=0x000000080A821799 reason=_umtx_op_wait
[LOADER][INFO] Guest thread yield at import#5441: nid=04AjkP0jO9U ret=0x000000080A821799 reason=_umtx_op_wait
[LOADER][INFO] Guest thread 'AssetGarbageCollectorHelper' state=Blocked reason=_umtx_op_wait
[LOADER][INFO] Guest thread 'AssetGarbageCollectorHelper' state=Blocked reason=_umtx_op_wait
[LOADER][INFO] guest_threads.timeout_wake count=1
[LOADER][INFO] Pumping guest thread 'AssetGarbageCollectorHelper' reason=ready-dispatch resume=0x000000080A821799
[LOADER][INFO] Guest thread yield at import#5953: nid=04AjkP0jO9U ret=0x000000080A821799 reason=_umtx_op_wait
[LOADER][INFO] Guest thread 'AssetGarbageCollectorHelper' state=Blocked reason=_umtx_op_wait
[LOADER][INFO] guest_threads.timeout_wake count=1
[LOADER][INFO] Pumping guest thread 'AssetGarbageCollectorHelper' reason=ready-dispatch resume=0x000000080A821799
[LOADER][INFO] Guest thread yield at import#7233: nid=04AjkP0jO9U ret=0x000000080A821799 reason=_umtx_op_wait
[LOADER][INFO] Guest thread 'AssetGarbageCollectorHelper' state=Blocked reason=_umtx_op_wait
[LOADER][INFO] guest_threads.timeout_wake count=1
[LOADER][INFO] Pumping guest thread 'AssetGarbageCollectorHelper' reason=dispatcher resume=0x000000080A821799
[LOADER][INFO] Guest thread yield at import#6210: nid=04AjkP0jO9U ret=0x000000080A821799 reason=_umtx_op_wait
[LOADER][INFO] Guest thread 'AssetGarbageCollectorHelper' state=Blocked reason=_umtx_op_wait
[LOADER][INFO] guest_threads.timeout_wake count=2
[LOADER][INFO] Pumping guest thread 'AssetGarbageCollectorHelper' reason=ready-dispatch resume=0x000000080A821799
[LOADER][INFO] Pumping guest thread 'AssetGarbageCollectorHelper' reason=ready-dispatch resume=0x000000080A821799
[LOADER][INFO] Guest thread yield at import#6721: nid=04AjkP0jO9U ret=0x000000080A821799 reason=_umtx_op_wait
[LOADER][INFO] Guest thread yield at import#5698: nid=04AjkP0jO9U ret=0x000000080A821799 reason=_umtx_op_wait
[LOADER][INFO] Guest thread 'AssetGarbageCollectorHelper' state=Blocked reason=_umtx_op_wait
[LOADER][INFO] Guest thread 'AssetGarbageCollectorHelper' state=Blocked reason=_umtx_op_wait
[LOADER][INFO] guest_threads.timeout_wake count=2
[LOADER][INFO] Pumping guest thread 'AssetGarbageCollectorHelper' reason=dispatcher resume=0x000000080A821799
[LOADER][INFO] Pumping guest thread 'AssetGarbageCollectorHelper' reason=dispatcher resume=0x000000080A821799
[LOADER][INFO] Guest thread yield at import#7490: nid=04AjkP0jO9U ret=0x000000080A821799 reason=_umtx_op_wait
[LOADER][INFO] Guest thread yield at import#8257: nid=04AjkP0jO9U ret=0x000000080A821799 reason=_umtx_op_wait
[LOADER][INFO] Guest thread 'AssetGarbageCollectorHelper' state=Blocked reason=_umtx_op_wait
[LOADER][INFO] Guest thread 'AssetGarbageCollectorHelper' state=Blocked reason=_umtx_op_wait
[LOADER][INFO] guest_threads.timeout_wake count=4
[LOADER][INFO] Pumping guest thread 'AssetGarbageCollectorHelper' reason=dispatcher resume=0x000000080A821799
[LOADER][INFO] Pumping guest thread 'AssetGarbageCollectorHelper' reason=dispatcher resume=0x000000080A821799
[LOADER][INFO] Pumping guest thread 'AssetGarbageCollectorHelper' reason=dispatcher resume=0x000000080A821799
[LOADER][INFO] Pumping guest thread 'AssetGarbageCollectorHelper' reason=dispatcher resume=0x000000080A821799
[LOADER][INFO] Guest thread yield at import#8514: nid=04AjkP0jO9U ret=0x000000080A821799 reason=_umtx_op_wait
[LOADER][INFO] Guest thread yield at import#6978: nid=04AjkP0jO9U ret=0x000000080A821799 reason=_umtx_op_wait
[LOADER][INFO] Guest thread 'AssetGarbageCollectorHelper' state=Blocked reason=_umtx_op_wait
[LOADER][INFO] Guest thread yield at import#8002: nid=04AjkP0jO9U ret=0x000000080A821799 reason=_umtx_op_wait
[LOADER][INFO] Guest thread 'AssetGarbageCollectorHelper' state=Blocked reason=_umtx_op_wait
[LOADER][INFO] Guest thread yield at import#7745: nid=04AjkP0jO9U ret=0x000000080A821799 reason=_umtx_op_wait
[LOADER][INFO] Guest thread 'AssetGarbageCollectorHelper' state=Blocked reason=_umtx_op_wait
[LOADER][INFO] Guest thread 'AssetGarbageCollectorHelper' state=Blocked reason=_umtx_op_wait
[LOADER][INFO] guest_threads.timeout_wake count=2
[LOADER][INFO] Pumping guest thread 'AssetGarbageCollectorHelper' reason=dispatcher resume=0x000000080A821799
[LOADER][INFO] Pumping guest thread 'AssetGarbageCollectorHelper' reason=dispatcher resume=0x000000080A821799
[LOADER][INFO] Guest thread yield at import#5187: nid=04AjkP0jO9U ret=0x000000080A821799 reason=_umtx_op_wait
[LOADER][INFO] Guest thread yield at import#5442: nid=04AjkP0jO9U ret=0x000000080A821799 reason=_umtx_op_wait
[LOADER][INFO] Guest thread 'AssetGarbageCollectorHelper' state=Blocked reason=_umtx_op_wait
[LOADER][INFO] Guest thread 'AssetGarbageCollectorHelper' state=Blocked reason=_umtx_op_wait
[LOADER][INFO] guest_threads.timeout_wake count=1
[LOADER][INFO] Pumping guest thread 'AssetGarbageCollectorHelper' reason=ready-dispatch resume=0x000000080A821799
[LOADER][INFO] Guest thread yield at import#5954: nid=04AjkP0jO9U ret=0x000000080A821799 reason=_umtx_op_wait
[LOADER][INFO] guest_threads.timeout_wake count=1
[LOADER][INFO] Pumping guest thread 'AssetGarbageCollectorHelper' reason=ready-dispatch resume=0x000000080A821799
[LOADER][INFO] Guest thread 'AssetGarbageCollectorHelper' state=Blocked reason=_umtx_op_wait
[LOADER][INFO] Guest thread yield at import#7234: nid=04AjkP0jO9U ret=0x000000080A821799 reason=_umtx_op_wait
[LOADER][INFO] Guest thread 'AssetGarbageCollectorHelper' state=Blocked reason=_umtx_op_wait
[LOADER][INFO] guest_threads.timeout_wake count=1
[LOADER][INFO] Pumping guest thread 'AssetGarbageCollectorHelper' reason=dispatcher resume=0x000000080A821799
[LOADER][INFO] Guest thread yield at import#6211: nid=04AjkP0jO9U ret=0x000000080A821799 reason=_umtx_op_wait
[LOADER][INFO] Guest thread 'AssetGarbageCollectorHelper' state=Blocked reason=_umtx_op_wait
[LOADER][INFO] guest_threads.timeout_wake count=2
[LOADER][INFO] Pumping guest thread 'AssetGarbageCollectorHelper' reason=dispatcher resume=0x000000080A821799
[LOADER][INFO] Pumping guest thread 'AssetGarbageCollectorHelper' reason=dispatcher resume=0x000000080A821799
[LOADER][INFO] Guest thread yield at import#5699: nid=04AjkP0jO9U ret=0x000000080A821799 reason=_umtx_op_wait
[LOADER][INFO] Guest thread yield at import#6722: nid=04AjkP0jO9U ret=0x000000080A821799 reason=_umtx_op_wait
[LOADER][INFO] Guest thread 'AssetGarbageCollectorHelper' state=Blocked reason=_umtx_op_wait
[LOADER][INFO] Guest thread 'AssetGarbageCollectorHelper' state=Blocked reason=_umtx_op_wait
[LOADER][INFO] guest_threads.timeout_wake count=2
[LOADER][INFO] Pumping guest thread 'AssetGarbageCollectorHelper' reason=ready-dispatch resume=0x000000080A821799
[LOADER][INFO] Pumping guest thread 'AssetGarbageCollectorHelper' reason=ready-dispatch resume=0x000000080A821799
[LOADER][INFO] Guest thread yield at import#8258: nid=04AjkP0jO9U ret=0x000000080A821799 reason=_umtx_op_wait
[LOADER][INFO] Guest thread yield at import#7491: nid=04AjkP0jO9U ret=0x000000080A821799 reason=_umtx_op_wait
[LOADER][INFO] Guest thread 'AssetGarbageCollectorHelper' state=Blocked reason=_umtx_op_wait
[LOADER][INFO] Guest thread 'AssetGarbageCollectorHelper' state=Blocked reason=_umtx_op_wait
[LOADER][INFO] guest_threads.timeout_wake count=4
[LOADER][INFO] Pumping guest thread 'AssetGarbageCollectorHelper' reason=dispatcher resume=0x000000080A821799
[LOADER][INFO] Pumping guest thread 'AssetGarbageCollectorHelper' reason=dispatcher resume=0x000000080A821799
[LOADER][INFO] Pumping guest thread 'AssetGarbageCollectorHelper' reason=dispatcher resume=0x000000080A821799
[LOADER][INFO] Pumping guest thread 'AssetGarbageCollectorHelper' reason=dispatcher resume=0x000000080A821799
[LOADER][INFO] Guest thread yield at import#8003: nid=04AjkP0jO9U ret=0x000000080A821799 reason=_umtx_op_wait
[LOADER][INFO] Guest thread yield at import#6979: nid=04AjkP0jO9U ret=0x000000080A821799 reason=_umtx_op_wait
[LOADER][INFO] Guest thread yield at import#7746: nid=04AjkP0jO9U ret=0x000000080A821799 reason=_umtx_op_wait
[LOADER][INFO] Guest thread yield at import#8515: nid=04AjkP0jO9U ret=0x000000080A821799 reason=_umtx_op_wait
[LOADER][INFO] Guest thread 'AssetGarbageCollectorHelper' state=Blocked reason=_umtx_op_wait
[LOADER][INFO] Guest thread 'AssetGarbageCollectorHelper' state=Blocked reason=_umtx_op_wait
[LOADER][INFO] Guest thread 'AssetGarbageCollectorHelper' state=Blocked reason=_umtx_op_wait
[LOADER][INFO] Guest thread 'AssetGarbageCollectorHelper' state=Blocked reason=_umtx_op_wait
[LOADER][INFO] guest_threads.timeout_wake count=2
[LOADER][INFO] Pumping guest thread 'AssetGarbageCollectorHelper' reason=dispatcher resume=0x000000080A821799
[LOADER][INFO] Pumping guest thread 'AssetGarbageCollectorHelper' reason=dispatcher resume=0x000000080A821799
[LOADER][INFO] Guest thread yield at import#5443: nid=04AjkP0jO9U ret=0x000000080A821799 reason=_umtx_op_wait
[LOADER][INFO] Guest thread yield at import#5188: nid=04AjkP0jO9U ret=0x000000080A821799 reason=_umtx_op_wait
[LOADER][INFO] Guest thread 'AssetGarbageCollectorHelper' state=Blocked reason=_umtx_op_wait
[LOADER][INFO] Guest thread 'AssetGarbageCollectorHelper' state=Blocked reason=_umtx_op_wait
[LOADER][INFO] guest_threads.timeout_wake count=1
[LOADER][INFO] Pumping guest thread 'AssetGarbageCollectorHelper' reason=dispatcher resume=0x000000080A821799
[LOADER][INFO] Guest thread yield at import#5955: nid=04AjkP0jO9U ret=0x000000080A821799 reason=_umtx_op_wait
[LOADER][INFO] Guest thread 'AssetGarbageCollectorHelper' state=Blocked reason=_umtx_op_wait
[LOADER][INFO] guest_threads.timeout_wake count=1
[LOADER][INFO] Pumping guest thread 'AssetGarbageCollectorHelper' reason=ready-dispatch resume=0x000000080A821799
[LOADER][INFO] Guest thread yield at import#7235: nid=04AjkP0jO9U ret=0x000000080A821799 reason=_umtx_op_wait
[LOADER][INFO] Guest thread 'AssetGarbageCollectorHelper' state=Blocked reason=_umtx_op_wait
[LOADER][INFO] guest_threads.timeout_wake count=1
[LOADER][INFO] Pumping guest thread 'AssetGarbageCollectorHelper' reason=ready-dispatch resume=0x000000080A821799
[LOADER][INFO] Guest thread yield at import#6212: nid=04AjkP0jO9U ret=0x000000080A821799 reason=_umtx_op_wait
[LOADER][INFO] Guest thread 'AssetGarbageCollectorHelper' state=Blocked reason=_umtx_op_wait
[LOADER][INFO] guest_threads.timeout_wake count=2
[LOADER][INFO] Pumping guest thread 'AssetGarbageCollectorHelper' reason=dispatcher resume=0x000000080A821799
[LOADER][INFO] Pumping guest thread 'AssetGarbageCollectorHelper' reason=dispatcher resume=0x000000080A821799
[LOADER][INFO] Guest thread yield at import#5700: nid=04AjkP0jO9U ret=0x000000080A821799 reason=_umtx_op_wait
[LOADER][INFO] Guest thread yield at import#6723: nid=04AjkP0jO9U ret=0x000000080A821799 reason=_umtx_op_wait
[LOADER][INFO] Guest thread 'AssetGarbageCollectorHelper' state=Blocked reason=_umtx_op_wait
[LOADER][INFO] Guest thread 'AssetGarbageCollectorHelper' state=Blocked reason=_umtx_op_wait
[LOADER][INFO] guest_threads.timeout_wake count=1
[LOADER][INFO] guest_threads.timeout_wake count=1
[LOADER][INFO] Pumping guest thread 'AssetGarbageCollectorHelper' reason=dispatcher resume=0x000000080A821799
[LOADER][INFO] Pumping guest thread 'AssetGarbageCollectorHelper' reason=dispatcher resume=0x000000080A821799
[LOADER][INFO] Guest thread yield at import#7492: nid=04AjkP0jO9U ret=0x000000080A821799 reason=_umtx_op_wait
[LOADER][INFO] Guest thread yield at import#8259: nid=04AjkP0jO9U ret=0x000000080A821799 reason=_umtx_op_wait
[LOADER][INFO] Guest thread 'AssetGarbageCollectorHelper' state=Blocked reason=_umtx_op_wait
[LOADER][INFO] Guest thread 'AssetGarbageCollectorHelper' state=Blocked reason=_umtx_op_wait
[LOADER][INFO] guest_threads.timeout_wake count=4
[LOADER][INFO] Pumping guest thread 'AssetGarbageCollectorHelper' reason=dispatcher resume=0x000000080A821799
[LOADER][INFO] Pumping guest thread 'AssetGarbageCollectorHelper' reason=dispatcher resume=0x000000080A821799
[LOADER][INFO] Pumping guest thread 'AssetGarbageCollectorHelper' reason=dispatcher resume=0x000000080A821799
[LOADER][INFO] Pumping guest thread 'AssetGarbageCollectorHelper' reason=dispatcher resume=0x000000080A821799
[LOADER][INFO] Guest thread yield at import#6980: nid=04AjkP0jO9U ret=0x000000080A821799 reason=_umtx_op_wait
[LOADER][INFO] Guest thread yield at import#8516: nid=04AjkP0jO9U ret=0x000000080A821799 reason=_umtx_op_wait
[LOADER][INFO] Guest thread yield at import#8004: nid=04AjkP0jO9U ret=0x000000080A821799 reason=_umtx_op_wait
[LOADER][INFO] Guest thread yield at import#7747: nid=04AjkP0jO9U ret=0x000000080A821799 reason=_umtx_op_wait
[LOADER][INFO] Guest thread 'AssetGarbageCollectorHelper' state=Blocked reason=_umtx_op_wait
[LOADER][INFO] Guest thread 'AssetGarbageCollectorHelper' state=Blocked reason=_umtx_op_wait
[LOADER][INFO] Guest thread 'AssetGarbageCollectorHelper' state=Blocked reason=_umtx_op_wait
[LOADER][INFO] Guest thread 'AssetGarbageCollectorHelper' state=Blocked reason=_umtx_op_wait
[LOADER][INFO] guest_threads.timeout_wake count=2
[LOADER][INFO] Pumping guest thread 'AssetGarbageCollectorHelper' reason=dispatcher resume=0x000000080A821799
[LOADER][INFO] Pumping guest thread 'AssetGarbageCollectorHelper' reason=dispatcher resume=0x000000080A821799
[LOADER][INFO] Guest thread yield at import#5189: nid=04AjkP0jO9U ret=0x000000080A821799 reason=_umtx_op_wait
[LOADER][INFO] Guest thread yield at import#5444: nid=04AjkP0jO9U ret=0x000000080A821799 reason=_umtx_op_wait
[LOADER][INFO] Guest thread 'AssetGarbageCollectorHelper' state=Blocked reason=_umtx_op_wait
[LOADER][INFO] Guest thread 'AssetGarbageCollectorHelper' state=Blocked reason=_umtx_op_wait
[LOADER][INFO] guest_threads.timeout_wake count=1
[LOADER][INFO] guest_threads.timeout_wake count=1
[LOADER][INFO] Pumping guest thread 'AssetGarbageCollectorHelper' reason=dispatcher resume=0x000000080A821799
[LOADER][INFO] Pumping guest thread 'AssetGarbageCollectorHelper' reason=dispatcher resume=0x000000080A821799
[LOADER][INFO] Guest thread yield at import#5956: nid=04AjkP0jO9U ret=0x000000080A821799 reason=_umtx_op_wait
[LOADER][INFO] Guest thread yield at import#7236: nid=04AjkP0jO9U ret=0x000000080A821799 reason=_umtx_op_wait
[LOADER][INFO] Guest thread 'AssetGarbageCollectorHelper' state=Blocked reason=_umtx_op_wait
[LOADER][INFO] Guest thread 'AssetGarbageCollectorHelper' state=Blocked reason=_umtx_op_wait
[LOADER][INFO] guest_threads.timeout_wake count=1
[LOADER][INFO] Pumping guest thread 'AssetGarbageCollectorHelper' reason=ready-dispatch resume=0x000000080A821799
[LOADER][INFO] Guest thread yield at import#6213: nid=04AjkP0jO9U ret=0x000000080A821799 reason=_umtx_op_wait
[LOADER][INFO] Guest thread 'AssetGarbageCollectorHelper' state=Blocked reason=_umtx_op_wait
[LOADER][INFO] guest_threads.timeout_wake count=1
[LOADER][INFO] guest_threads.timeout_wake count=1
[LOADER][INFO] Pumping guest thread 'AssetGarbageCollectorHelper' reason=dispatcher resume=0x000000080A821799
[LOADER][INFO] Pumping guest thread 'AssetGarbageCollectorHelper' reason=dispatcher resume=0x000000080A821799
[LOADER][INFO] Guest thread yield at import#5701: nid=04AjkP0jO9U ret=0x000000080A821799 reason=_umtx_op_wait
[LOADER][INFO] Guest thread yield at import#6724: nid=04AjkP0jO9U ret=0x000000080A821799 reason=_umtx_op_wait
[LOADER][INFO] Guest thread 'AssetGarbageCollectorHelper' state=Blocked reason=_umtx_op_wait
[LOADER][INFO] Guest thread 'AssetGarbageCollectorHelper' state=Blocked reason=_umtx_op_wait
[LOADER][INFO] guest_threads.timeout_wake count=2
[LOADER][INFO] Pumping guest thread 'AssetGarbageCollectorHelper' reason=dispatcher resume=0x000000080A821799
[LOADER][INFO] Pumping guest thread 'AssetGarbageCollectorHelper' reason=dispatcher resume=0x000000080A821799
[LOADER][INFO] Guest thread yield at import#7493: nid=04AjkP0jO9U ret=0x000000080A821799 reason=_umtx_op_wait
[LOADER][INFO] Guest thread yield at import#8260: nid=04AjkP0jO9U ret=0x000000080A821799 reason=_umtx_op_wait
[LOADER][INFO] Guest thread 'AssetGarbageCollectorHelper' state=Blocked reason=_umtx_op_wait
[LOADER][INFO] Guest thread 'AssetGarbageCollectorHelper' state=Blocked reason=_umtx_op_wait
[LOADER][INFO] guest_threads.timeout_wake count=1
[LOADER][INFO] Pumping guest thread 'AssetGarbageCollectorHelper' reason=ready-dispatch resume=0x000000080A821799
[LOADER][INFO] Guest thread yield at import#6981: nid=04AjkP0jO9U ret=0x000000080A821799 reason=_umtx_op_wait
[LOADER][INFO] Guest thread 'AssetGarbageCollectorHelper' state=Blocked reason=_umtx_op_wait
[LOADER][INFO] Pumping guest thread 'AssetGarbageCollectorHelper' reason=ready-dispatch resume=0x000000080A821799
[LOADER][INFO] Pumping guest thread 'AssetGarbageCollectorHelper' reason=ready-dispatch resume=0x000000080A821799
[LOADER][INFO] Pumping guest thread 'AssetGarbageCollectorHelper' reason=ready-dispatch resume=0x000000080A821799
[LOADER][INFO] guest_threads.timeout_wake count=3
[LOADER][INFO] Guest thread yield at import#8517: nid=04AjkP0jO9U ret=0x000000080A821799 reason=_umtx_op_wait
[LOADER][INFO] Guest thread yield at import#8005: nid=04AjkP0jO9U ret=0x000000080A821799 reason=_umtx_op_wait
[LOADER][INFO] Guest thread yield at import#7748: nid=04AjkP0jO9U ret=0x000000080A821799 reason=_umtx_op_wait
[LOADER][INFO] Guest thread 'AssetGarbageCollectorHelper' state=Blocked reason=_umtx_op_wait
[LOADER][INFO] Guest thread 'AssetGarbageCollectorHelper' state=Blocked reason=_umtx_op_wait
[LOADER][INFO] Guest thread 'AssetGarbageCollectorHelper' state=Blocked reason=_umtx_op_wait
[LOADER][INFO] guest_threads.timeout_wake count=2
[LOADER][INFO] Pumping guest thread 'AssetGarbageCollectorHelper' reason=ready-dispatch resume=0x000000080A821799
[LOADER][INFO] Pumping guest thread 'AssetGarbageCollectorHelper' reason=ready-dispatch resume=0x000000080A821799
[LOADER][INFO] Guest thread yield at import#5190: nid=04AjkP0jO9U ret=0x000000080A821799 reason=_umtx_op_wait
[LOADER][INFO] Guest thread 'AssetGarbageCollectorHelper' state=Blocked reason=_umtx_op_wait
[LOADER][INFO] Guest thread yield at import#5445: nid=04AjkP0jO9U ret=0x000000080A821799 reason=_umtx_op_wait
[LOADER][INFO] Guest thread 'AssetGarbageCollectorHelper' state=Blocked reason=_umtx_op_wait
[LOADER][INFO] guest_threads.timeout_wake count=2
[LOADER][INFO] Pumping guest thread 'AssetGarbageCollectorHelper' reason=ready-dispatch resume=0x000000080A821799
[LOADER][INFO] Pumping guest thread 'AssetGarbageCollectorHelper' reason=ready-dispatch resume=0x000000080A821799
[LOADER][INFO] Guest thread yield at import#7237: nid=04AjkP0jO9U ret=0x000000080A821799 reason=_umtx_op_wait
[LOADER][INFO] Guest thread yield at import#5957: nid=04AjkP0jO9U ret=0x000000080A821799 reason=_umtx_op_wait
[LOADER][INFO] Guest thread 'AssetGarbageCollectorHelper' state=Blocked reason=_umtx_op_wait
[LOADER][INFO] Guest thread 'AssetGarbageCollectorHelper' state=Blocked reason=_umtx_op_wait
[LOADER][INFO] guest_threads.timeout_wake count=1
[LOADER][INFO] Pumping guest thread 'AssetGarbageCollectorHelper' reason=dispatcher resume=0x000000080A821799
[LOADER][INFO] Guest thread yield at import#6214: nid=04AjkP0jO9U ret=0x000000080A821799 reason=_umtx_op_wait
[LOADER][INFO] Guest thread 'AssetGarbageCollectorHelper' state=Blocked reason=_umtx_op_wait
[LOADER][INFO] guest_threads.timeout_wake count=2
[LOADER][INFO] Pumping guest thread 'AssetGarbageCollectorHelper' reason=ready-dispatch resume=0x000000080A821799
[LOADER][INFO] Pumping guest thread 'AssetGarbageCollectorHelper' reason=ready-dispatch resume=0x000000080A821799
[LOADER][INFO] Guest thread yield at import#6725: nid=04AjkP0jO9U ret=0x000000080A821799 reason=_umtx_op_wait
[LOADER][INFO] Guest thread yield at import#5702: nid=04AjkP0jO9U ret=0x000000080A821799 reason=_umtx_op_wait
[LOADER][INFO] Guest thread 'AssetGarbageCollectorHelper' state=Blocked reason=_umtx_op_wait
[LOADER][INFO] Guest thread 'AssetGarbageCollectorHelper' state=Blocked reason=_umtx_op_wait
[LOADER][INFO] guest_threads.timeout_wake count=2
[LOADER][INFO] Pumping guest thread 'AssetGarbageCollectorHelper' reason=dispatcher resume=0x000000080A821799
[LOADER][INFO] Pumping guest thread 'AssetGarbageCollectorHelper' reason=dispatcher resume=0x000000080A821799
[LOADER][INFO] Guest thread yield at import#7494: nid=04AjkP0jO9U ret=0x000000080A821799 reason=_umtx_op_wait
[LOADER][INFO] Guest thread yield at import#8261: nid=04AjkP0jO9U ret=0x000000080A821799 reason=_umtx_op_wait
[LOADER][INFO] Guest thread 'AssetGarbageCollectorHelper' state=Blocked reason=_umtx_op_wait
[LOADER][INFO] Guest thread 'AssetGarbageCollectorHelper' state=Blocked reason=_umtx_op_wait
[LOADER][INFO] guest_threads.timeout_wake count=1
[LOADER][INFO] Pumping guest thread 'AssetGarbageCollectorHelper' reason=ready-dispatch resume=0x000000080A821799
[LOADER][INFO] Guest thread yield at import#6982: nid=04AjkP0jO9U ret=0x000000080A821799 reason=_umtx_op_wait
[LOADER][INFO] Guest thread 'AssetGarbageCollectorHelper' state=Blocked reason=_umtx_op_wait
[LOADER][INFO] guest_threads.timeout_wake count=2
[LOADER][INFO] Pumping guest thread 'AssetGarbageCollectorHelper' reason=ready-dispatch resume=0x000000080A821799
[LOADER][INFO] Pumping guest thread 'AssetGarbageCollectorHelper' reason=ready-dispatch resume=0x000000080A821799
[LOADER][INFO] Guest thread yield at import#8518: nid=04AjkP0jO9U ret=0x000000080A821799 reason=_umtx_op_wait
[LOADER][INFO] Guest thread 'AssetGarbageCollectorHelper' state=Blocked reason=_umtx_op_wait
[LOADER][INFO] Guest thread yield at import#8006: nid=04AjkP0jO9U ret=0x000000080A821799 reason=_umtx_op_wait
[LOADER][INFO] Guest thread 'AssetGarbageCollectorHelper' state=Blocked reason=_umtx_op_wait
[LOADER][INFO] guest_threads.timeout_wake count=1
[LOADER][INFO] Pumping guest thread 'AssetGarbageCollectorHelper' reason=dispatcher resume=0x000000080A821799
[LOADER][INFO] Guest thread yield at import#7749: nid=04AjkP0jO9U ret=0x000000080A821799 reason=_umtx_op_wait
[LOADER][INFO] Guest thread 'AssetGarbageCollectorHelper' state=Blocked reason=_umtx_op_wait
[LOADER][INFO] guest_threads.timeout_wake count=2
[LOADER][INFO] Pumping guest thread 'AssetGarbageCollectorHelper' reason=dispatcher resume=0x000000080A821799
[LOADER][INFO] Pumping guest thread 'AssetGarbageCollectorHelper' reason=dispatcher resume=0x000000080A821799
[LOADER][INFO] Guest thread yield at import#5446: nid=04AjkP0jO9U ret=0x000000080A821799 reason=_umtx_op_wait
[LOADER][INFO] Guest thread yield at import#5191: nid=04AjkP0jO9U ret=0x000000080A821799 reason=_umtx_op_wait
[LOADER][INFO] Guest thread 'AssetGarbageCollectorHelper' state=Blocked reason=_umtx_op_wait
[LOADER][INFO] Guest thread 'AssetGarbageCollectorHelper' state=Blocked reason=_umtx_op_wait
[LOADER][INFO] guest_threads.timeout_wake count=1
[LOADER][INFO] guest_threads.timeout_wake count=1
[LOADER][INFO] Pumping guest thread 'AssetGarbageCollectorHelper' reason=dispatcher resume=0x000000080A821799
[LOADER][INFO] Pumping guest thread 'AssetGarbageCollectorHelper' reason=dispatcher resume=0x000000080A821799
[LOADER][INFO] Guest thread yield at import#5958: nid=04AjkP0jO9U ret=0x000000080A821799 reason=_umtx_op_wait
[LOADER][INFO] Guest thread yield at import#7238: nid=04AjkP0jO9U ret=0x000000080A821799 reason=_umtx_op_wait
[LOADER][INFO] Guest thread 'AssetGarbageCollectorHelper' state=Blocked reason=_umtx_op_wait
[LOADER][INFO] Guest thread 'AssetGarbageCollectorHelper' state=Blocked reason=_umtx_op_wait
[LOADER][INFO] guest_threads.timeout_wake count=1
[LOADER][INFO] Pumping guest thread 'AssetGarbageCollectorHelper' reason=ready-dispatch resume=0x000000080A821799
[LOADER][INFO] Guest thread yield at import#6215: nid=04AjkP0jO9U ret=0x000000080A821799 reason=_umtx_op_wait
[LOADER][INFO] Guest thread 'AssetGarbageCollectorHelper' state=Blocked reason=_umtx_op_wait
[LOADER][INFO] guest_threads.timeout_wake count=2
[LOADER][INFO] Pumping guest thread 'AssetGarbageCollectorHelper' reason=dispatcher resume=0x000000080A821799
[LOADER][INFO] Guest thread yield at import#5703: nid=04AjkP0jO9U ret=0x000000080A821799 reason=_umtx_op_wait
[LOADER][INFO] Pumping guest thread 'AssetGarbageCollectorHelper' reason=dispatcher resume=0x000000080A821799
[LOADER][INFO] Guest thread 'AssetGarbageCollectorHelper' state=Blocked reason=_umtx_op_wait
[LOADER][INFO] Guest thread yield at import#6726: nid=04AjkP0jO9U ret=0x000000080A821799 reason=_umtx_op_wait
[LOADER][INFO] Guest thread 'AssetGarbageCollectorHelper' state=Blocked reason=_umtx_op_wait
[LOADER][INFO] guest_threads.timeout_wake count=2
[LOADER][INFO] Pumping guest thread 'AssetGarbageCollectorHelper' reason=dispatcher resume=0x000000080A821799
[LOADER][INFO] Pumping guest thread 'AssetGarbageCollectorHelper' reason=dispatcher resume=0x000000080A821799
[LOADER][INFO] Guest thread yield at import#7495: nid=04AjkP0jO9U ret=0x000000080A821799 reason=_umtx_op_wait
[LOADER][INFO] Guest thread yield at import#8262: nid=04AjkP0jO9U ret=0x000000080A821799 reason=_umtx_op_wait
[LOADER][INFO] Guest thread 'AssetGarbageCollectorHelper' state=Blocked reason=_umtx_op_wait
[LOADER][INFO] Guest thread 'AssetGarbageCollectorHelper' state=Blocked reason=_umtx_op_wait
[LOADER][INFO] guest_threads.timeout_wake count=3
[LOADER][INFO] Pumping guest thread 'AssetGarbageCollectorHelper' reason=dispatcher resume=0x000000080A821799
[LOADER][INFO] Pumping guest thread 'AssetGarbageCollectorHelper' reason=dispatcher resume=0x000000080A821799
[LOADER][INFO] Pumping guest thread 'AssetGarbageCollectorHelper' reason=dispatcher resume=0x000000080A821799
[LOADER][INFO] Guest thread yield at import#8519: nid=04AjkP0jO9U ret=0x000000080A821799 reason=_umtx_op_wait
[LOADER][INFO] Guest thread yield at import#8007: nid=04AjkP0jO9U ret=0x000000080A821799 reason=_umtx_op_wait
[LOADER][INFO] Guest thread yield at import#6983: nid=04AjkP0jO9U ret=0x000000080A821799 reason=_umtx_op_wait
[LOADER][INFO] Guest thread 'AssetGarbageCollectorHelper' state=Blocked reason=_umtx_op_wait
[LOADER][INFO] Guest thread 'AssetGarbageCollectorHelper' state=Blocked reason=_umtx_op_wait
[LOADER][INFO] Guest thread 'AssetGarbageCollectorHelper' state=Blocked reason=_umtx_op_wait
[LOADER][INFO] guest_threads.timeout_wake count=1
[LOADER][INFO] Pumping guest thread 'AssetGarbageCollectorHelper' reason=dispatcher resume=0x000000080A821799
[LOADER][INFO] Guest thread yield at import#7750: nid=04AjkP0jO9U ret=0x000000080A821799 reason=_umtx_op_wait
[LOADER][INFO] Guest thread 'AssetGarbageCollectorHelper' state=Blocked reason=_umtx_op_wait
[LOADER][INFO] guest_threads.timeout_wake count=2
[LOADER][INFO] Pumping guest thread 'AssetGarbageCollectorHelper' reason=ready-dispatch resume=0x000000080A821799
[LOADER][INFO] Pumping guest thread 'AssetGarbageCollectorHelper' reason=ready-dispatch resume=0x000000080A821799
[LOADER][INFO] Guest thread yield at import#5192: nid=04AjkP0jO9U ret=0x000000080A821799 reason=_umtx_op_wait
[LOADER][INFO] Guest thread yield at import#5447: nid=04AjkP0jO9U ret=0x000000080A821799 reason=_umtx_op_wait
[LOADER][INFO] Guest thread 'AssetGarbageCollectorHelper' state=Blocked reason=_umtx_op_wait
[LOADER][INFO] Guest thread 'AssetGarbageCollectorHelper' state=Blocked reason=_umtx_op_wait
[LOADER][INFO] guest_threads.timeout_wake count=2
[LOADER][INFO] Pumping guest thread 'AssetGarbageCollectorHelper' reason=ready-dispatch resume=0x000000080A821799
[LOADER][INFO] Pumping guest thread 'AssetGarbageCollectorHelper' reason=ready-dispatch resume=0x000000080A821799
[LOADER][INFO] Guest thread yield at import#5959: nid=04AjkP0jO9U ret=0x000000080A821799 reason=_umtx_op_wait
[LOADER][INFO] Guest thread yield at import#7239: nid=04AjkP0jO9U ret=0x000000080A821799 reason=_umtx_op_wait
[LOADER][INFO] Guest thread 'AssetGarbageCollectorHelper' state=Blocked reason=_umtx_op_wait
[LOADER][INFO] Guest thread 'AssetGarbageCollectorHelper' state=Blocked reason=_umtx_op_wait
[LOADER][INFO] guest_threads.timeout_wake count=1
[LOADER][INFO] Pumping guest thread 'AssetGarbageCollectorHelper' reason=dispatcher resume=0x000000080A821799
[LOADER][INFO] Guest thread yield at import#6216: nid=04AjkP0jO9U ret=0x000000080A821799 reason=_umtx_op_wait
[LOADER][INFO] Guest thread 'AssetGarbageCollectorHelper' state=Blocked reason=_umtx_op_wait
[LOADER][INFO] guest_threads.timeout_wake count=2
[LOADER][INFO] Pumping guest thread 'AssetGarbageCollectorHelper' reason=ready-dispatch resume=0x000000080A821799
[LOADER][INFO] Pumping guest thread 'AssetGarbageCollectorHelper' reason=ready-dispatch resume=0x000000080A821799
[LOADER][INFO] Guest thread yield at import#5704: nid=04AjkP0jO9U ret=0x000000080A821799 reason=_umtx_op_wait
[LOADER][INFO] Guest thread 'AssetGarbageCollectorHelper' state=Blocked reason=_umtx_op_wait
[LOADER][INFO] Guest thread yield at import#6727: nid=04AjkP0jO9U ret=0x000000080A821799 reason=_umtx_op_wait
[LOADER][INFO] Guest thread 'AssetGarbageCollectorHelper' state=Blocked reason=_umtx_op_wait
[LOADER][INFO] guest_threads.timeout_wake count=2
[LOADER][INFO] Pumping guest thread 'AssetGarbageCollectorHelper' reason=ready-dispatch resume=0x000000080A821799
[LOADER][INFO] Pumping guest thread 'AssetGarbageCollectorHelper' reason=ready-dispatch resume=0x000000080A821799
[LOADER][INFO] Guest thread yield at import#8263: nid=04AjkP0jO9U ret=0x000000080A821799 reason=_umtx_op_wait
[LOADER][INFO] Guest thread yield at import#7496: nid=04AjkP0jO9U ret=0x000000080A821799 reason=_umtx_op_wait
[LOADER][INFO] Guest thread 'AssetGarbageCollectorHelper' state=Blocked reason=_umtx_op_wait
[LOADER][INFO] Guest thread 'AssetGarbageCollectorHelper' state=Blocked reason=_umtx_op_wait
[LOADER][INFO] guest_threads.timeout_wake count=1
[LOADER][INFO] guest_threads.timeout_wake count=2
[LOADER][INFO] Pumping guest thread 'AssetGarbageCollectorHelper' reason=dispatcher resume=0x000000080A821799
[LOADER][INFO] Pumping guest thread 'AssetGarbageCollectorHelper' reason=dispatcher resume=0x000000080A821799
[LOADER][INFO] Pumping guest thread 'AssetGarbageCollectorHelper' reason=dispatcher resume=0x000000080A821799
[LOADER][INFO] Guest thread yield at import#6984: nid=04AjkP0jO9U ret=0x000000080A821799 reason=_umtx_op_wait
[LOADER][INFO] Guest thread yield at import#8008: nid=04AjkP0jO9U ret=0x000000080A821799 reason=_umtx_op_wait
[LOADER][INFO] Guest thread yield at import#8520: nid=04AjkP0jO9U ret=0x000000080A821799 reason=_umtx_op_wait
[LOADER][INFO] Guest thread 'AssetGarbageCollectorHelper' state=Blocked reason=_umtx_op_wait
[LOADER][INFO] Guest thread 'AssetGarbageCollectorHelper' state=Blocked reason=_umtx_op_wait
[LOADER][INFO] Guest thread 'AssetGarbageCollectorHelper' state=Blocked reason=_umtx_op_wait
[LOADER][INFO] guest_threads.timeout_wake count=1
[LOADER][INFO] Pumping guest thread 'AssetGarbageCollectorHelper' reason=dispatcher resume=0x000000080A821799
[LOADER][INFO] Guest thread yield at import#7751: nid=04AjkP0jO9U ret=0x000000080A821799 reason=_umtx_op_wait
[LOADER][INFO] Guest thread 'AssetGarbageCollectorHelper' state=Blocked reason=_umtx_op_wait
[LOADER][INFO] guest_threads.timeout_wake count=2
[LOADER][INFO] Pumping guest thread 'AssetGarbageCollectorHelper' reason=dispatcher resume=0x000000080A821799
[LOADER][INFO] Pumping guest thread 'AssetGarbageCollectorHelper' reason=dispatcher resume=0x000000080A821799
[LOADER][INFO] Guest thread yield at import#5193: nid=04AjkP0jO9U ret=0x000000080A821799 reason=_umtx_op_wait
[LOADER][INFO] Guest thread yield at import#5448: nid=04AjkP0jO9U ret=0x000000080A821799 reason=_umtx_op_wait
[LOADER][INFO] Guest thread 'AssetGarbageCollectorHelper' state=Blocked reason=_umtx_op_wait
[LOADER][INFO] Guest thread 'AssetGarbageCollectorHelper' state=Blocked reason=_umtx_op_wait
[LOADER][INFO] guest_threads.timeout_wake count=2
[LOADER][INFO] Pumping guest thread 'AssetGarbageCollectorHelper' reason=dispatcher resume=0x000000080A821799
[LOADER][INFO] Guest thread yield at import#7240: nid=04AjkP0jO9U ret=0x000000080A821799 reason=_umtx_op_wait
[LOADER][INFO] Guest thread 'AssetGarbageCollectorHelper' state=Blocked reason=_umtx_op_wait
[LOADER][INFO] Pumping guest thread 'AssetGarbageCollectorHelper' reason=dispatcher resume=0x000000080A821799
[LOADER][INFO] Guest thread yield at import#5960: nid=04AjkP0jO9U ret=0x000000080A821799 reason=_umtx_op_wait
[LOADER][INFO] Guest thread 'AssetGarbageCollectorHelper' state=Blocked reason=_umtx_op_wait
[LOADER][INFO] guest_threads.timeout_wake count=1
[LOADER][INFO] Pumping guest thread 'AssetGarbageCollectorHelper' reason=dispatcher resume=0x000000080A821799
[LOADER][INFO] Guest thread yield at import#6217: nid=04AjkP0jO9U ret=0x000000080A821799 reason=_umtx_op_wait
[LOADER][INFO] Guest thread 'AssetGarbageCollectorHelper' state=Blocked reason=_umtx_op_wait
[LOADER][INFO] guest_threads.timeout_wake count=2
[LOADER][INFO] Pumping guest thread 'AssetGarbageCollectorHelper' reason=dispatcher resume=0x000000080A821799
[LOADER][INFO] Pumping guest thread 'AssetGarbageCollectorHelper' reason=dispatcher resume=0x000000080A821799
[LOADER][INFO] Guest thread yield at import#6728: nid=04AjkP0jO9U ret=0x000000080A821799 reason=_umtx_op_wait
[LOADER][INFO] Guest thread yield at import#5705: nid=04AjkP0jO9U ret=0x000000080A821799 reason=_umtx_op_wait
[LOADER][INFO] Guest thread 'AssetGarbageCollectorHelper' state=Blocked reason=_umtx_op_wait
[LOADER][INFO] Guest thread 'AssetGarbageCollectorHelper' state=Blocked reason=_umtx_op_wait
[LOADER][INFO] guest_threads.timeout_wake count=2
[LOADER][INFO] Pumping guest thread 'AssetGarbageCollectorHelper' reason=dispatcher resume=0x000000080A821799
[LOADER][INFO] Pumping guest thread 'AssetGarbageCollectorHelper' reason=dispatcher resume=0x000000080A821799
[LOADER][INFO] Guest thread yield at import#7497: nid=04AjkP0jO9U ret=0x000000080A821799 reason=_umtx_op_wait
[LOADER][INFO] Guest thread yield at import#8264: nid=04AjkP0jO9U ret=0x000000080A821799 reason=_umtx_op_wait
[LOADER][INFO] Guest thread 'AssetGarbageCollectorHelper' state=Blocked reason=_umtx_op_wait
[LOADER][INFO] Guest thread 'AssetGarbageCollectorHelper' state=Blocked reason=_umtx_op_wait
[LOADER][INFO] guest_threads.timeout_wake count=1
[LOADER][INFO] Pumping guest thread 'AssetGarbageCollectorHelper' reason=ready-dispatch resume=0x000000080A821799
[LOADER][INFO] Guest thread yield at import#6985: nid=04AjkP0jO9U ret=0x000000080A821799 reason=_umtx_op_wait
[LOADER][INFO] Guest thread 'AssetGarbageCollectorHelper' state=Blocked reason=_umtx_op_wait
[LOADER][INFO] guest_threads.timeout_wake count=2
[LOADER][INFO] Pumping guest thread 'AssetGarbageCollectorHelper' reason=ready-dispatch resume=0x000000080A821799
[LOADER][INFO] Pumping guest thread 'AssetGarbageCollectorHelper' reason=ready-dispatch resume=0x000000080A821799
[LOADER][INFO] Guest thread yield at import#8009: nid=04AjkP0jO9U ret=0x000000080A821799 reason=_umtx_op_wait
[LOADER][INFO] Guest thread yield at import#8521: nid=04AjkP0jO9U ret=0x000000080A821799 reason=_umtx_op_wait
[LOADER][INFO] Guest thread 'AssetGarbageCollectorHelper' state=Blocked reason=_umtx_op_wait
[LOADER][INFO] Guest thread 'AssetGarbageCollectorHelper' state=Blocked reason=_umtx_op_wait
[LOADER][INFO] guest_threads.timeout_wake count=1
[LOADER][INFO] Pumping guest thread 'AssetGarbageCollectorHelper' reason=dispatcher resume=0x000000080A821799
[LOADER][INFO] Guest thread yield at import#7752: nid=04AjkP0jO9U ret=0x000000080A821799 reason=_umtx_op_wait
[LOADER][INFO] Guest thread 'AssetGarbageCollectorHelper' state=Blocked reason=_umtx_op_wait
[LOADER][INFO] guest_threads.timeout_wake count=2
[LOADER][INFO] Pumping guest thread 'AssetGarbageCollectorHelper' reason=ready-dispatch resume=0x000000080A821799
[LOADER][INFO] Pumping guest thread 'AssetGarbageCollectorHelper' reason=ready-dispatch resume=0x000000080A821799
[LOADER][INFO] Guest thread yield at import#5449: nid=04AjkP0jO9U ret=0x000000080A821799 reason=_umtx_op_wait
[LOADER][INFO] Guest thread yield at import#5194: nid=04AjkP0jO9U ret=0x000000080A821799 reason=_umtx_op_wait
[LOADER][INFO] Guest thread 'AssetGarbageCollectorHelper' state=Blocked reason=_umtx_op_wait
[LOADER][INFO] Guest thread 'AssetGarbageCollectorHelper' state=Blocked reason=_umtx_op_wait
[LOADER][INFO] guest_threads.timeout_wake count=1
[LOADER][INFO] guest_threads.timeout_wake count=1
[LOADER][INFO] Pumping guest thread 'AssetGarbageCollectorHelper' reason=dispatcher resume=0x000000080A821799
[LOADER][INFO] Pumping guest thread 'AssetGarbageCollectorHelper' reason=dispatcher resume=0x000000080A821799
[LOADER][INFO] Guest thread yield at import#7241: nid=04AjkP0jO9U ret=0x000000080A821799 reason=_umtx_op_wait
[LOADER][INFO] Guest thread yield at import#5961: nid=04AjkP0jO9U ret=0x000000080A821799 reason=_umtx_op_wait
[LOADER][INFO] Guest thread 'AssetGarbageCollectorHelper' state=Blocked reason=_umtx_op_wait
[LOADER][INFO] Guest thread 'AssetGarbageCollectorHelper' state=Blocked reason=_umtx_op_wait
[LOADER][INFO] guest_threads.timeout_wake count=1
[LOADER][INFO] Pumping guest thread 'AssetGarbageCollectorHelper' reason=dispatcher resume=0x000000080A821799
[LOADER][INFO] Guest thread yield at import#6218: nid=04AjkP0jO9U ret=0x000000080A821799 reason=_umtx_op_wait
[LOADER][INFO] Guest thread 'AssetGarbageCollectorHelper' state=Blocked reason=_umtx_op_wait
[LOADER][INFO] guest_threads.timeout_wake count=2
[LOADER][INFO] Pumping guest thread 'AssetGarbageCollectorHelper' reason=dispatcher resume=0x000000080A821799
[LOADER][INFO] Pumping guest thread 'AssetGarbageCollectorHelper' reason=dispatcher resume=0x000000080A821799
[LOADER][INFO] Guest thread yield at import#5706: nid=04AjkP0jO9U ret=0x000000080A821799 reason=_umtx_op_wait
[LOADER][INFO] Guest thread yield at import#6729: nid=04AjkP0jO9U ret=0x000000080A821799 reason=_umtx_op_wait
[LOADER][INFO] Guest thread 'AssetGarbageCollectorHelper' state=Blocked reason=_umtx_op_wait
[LOADER][INFO] Guest thread 'AssetGarbageCollectorHelper' state=Blocked reason=_umtx_op_wait
[LOADER][INFO] guest_threads.timeout_wake count=2
[LOADER][INFO] Pumping guest thread 'AssetGarbageCollectorHelper' reason=dispatcher resume=0x000000080A821799
[LOADER][INFO] Pumping guest thread 'AssetGarbageCollectorHelper' reason=dispatcher resume=0x000000080A821799
[LOADER][INFO] Guest thread yield at import#7498: nid=04AjkP0jO9U ret=0x000000080A821799 reason=_umtx_op_wait
[LOADER][INFO] Guest thread 'AssetGarbageCollectorHelper' state=Blocked reason=_umtx_op_wait
[LOADER][INFO] Guest thread yield at import#8265: nid=04AjkP0jO9U ret=0x000000080A821799 reason=_umtx_op_wait
[LOADER][INFO] Guest thread 'AssetGarbageCollectorHelper' state=Blocked reason=_umtx_op_wait
[LOADER][INFO] guest_threads.timeout_wake count=1
[LOADER][INFO] Pumping guest thread 'AssetGarbageCollectorHelper' reason=dispatcher resume=0x000000080A821799
[LOADER][INFO] Guest thread yield at import#6986: nid=04AjkP0jO9U ret=0x000000080A821799 reason=_umtx_op_wait
[LOADER][INFO] Guest thread 'AssetGarbageCollectorHelper' state=Blocked reason=_umtx_op_wait
[LOADER][INFO] guest_threads.timeout_wake count=2
[LOADER][INFO] Pumping guest thread 'AssetGarbageCollectorHelper' reason=ready-dispatch resume=0x000000080A821799
[LOADER][INFO] Pumping guest thread 'AssetGarbageCollectorHelper' reason=ready-dispatch resume=0x000000080A821799
[LOADER][INFO] Guest thread yield at import#8010: nid=04AjkP0jO9U ret=0x000000080A821799 reason=_umtx_op_wait
[LOADER][INFO] Guest thread yield at import#8522: nid=04AjkP0jO9U ret=0x000000080A821799 reason=_umtx_op_wait
[LOADER][INFO] Guest thread 'AssetGarbageCollectorHelper' state=Blocked reason=_umtx_op_wait
[LOADER][INFO] Guest thread 'AssetGarbageCollectorHelper' state=Blocked reason=_umtx_op_wait
[LOADER][INFO] guest_threads.timeout_wake count=1
[LOADER][INFO] Pumping guest thread 'AssetGarbageCollectorHelper' reason=dispatcher resume=0x000000080A821799
[LOADER][INFO] Guest thread yield at import#7753: nid=04AjkP0jO9U ret=0x000000080A821799 reason=_umtx_op_wait
[LOADER][INFO] Guest thread 'AssetGarbageCollectorHelper' state=Blocked reason=_umtx_op_wait
[LOADER][INFO] guest_threads.timeout_wake count=2
[LOADER][INFO] Pumping guest thread 'AssetGarbageCollectorHelper' reason=dispatcher resume=0x000000080A821799
[LOADER][INFO] Pumping guest thread 'AssetGarbageCollectorHelper' reason=dispatcher resume=0x000000080A821799
[LOADER][INFO] Guest thread yield at import#5450: nid=04AjkP0jO9U ret=0x000000080A821799 reason=_umtx_op_wait
[LOADER][INFO] Guest thread 'AssetGarbageCollectorHelper' state=Blocked reason=_umtx_op_wait
[LOADER][INFO] Guest thread yield at import#5195: nid=04AjkP0jO9U ret=0x000000080A821799 reason=_umtx_op_wait
[LOADER][INFO] Guest thread 'AssetGarbageCollectorHelper' state=Blocked reason=_umtx_op_wait
[LOADER][INFO] guest_threads.timeout_wake count=2
[LOADER][INFO] Pumping guest thread 'AssetGarbageCollectorHelper' reason=dispatcher resume=0x000000080A821799
[LOADER][INFO] Pumping guest thread 'AssetGarbageCollectorHelper' reason=dispatcher resume=0x000000080A821799
[LOADER][INFO] Guest thread yield at import#7242: nid=04AjkP0jO9U ret=0x000000080A821799 reason=_umtx_op_wait
[LOADER][INFO] Guest thread yield at import#5962: nid=04AjkP0jO9U ret=0x000000080A821799 reason=_umtx_op_wait
[LOADER][INFO] Guest thread 'AssetGarbageCollectorHelper' state=Blocked reason=_umtx_op_wait
[LOADER][INFO] Guest thread 'AssetGarbageCollectorHelper' state=Blocked reason=_umtx_op_wait
[LOADER][INFO] guest_threads.timeout_wake count=1
[LOADER][INFO] Pumping guest thread 'AssetGarbageCollectorHelper' reason=ready-dispatch resume=0x000000080A821799
[LOADER][INFO] Guest thread yield at import#6219: nid=04AjkP0jO9U ret=0x000000080A821799 reason=_umtx_op_wait
[LOADER][INFO] Guest thread 'AssetGarbageCollectorHelper' state=Blocked reason=_umtx_op_wait
[LOADER][INFO] guest_threads.timeout_wake count=2
[LOADER][INFO] Pumping guest thread 'AssetGarbageCollectorHelper' reason=dispatcher resume=0x000000080A821799
[LOADER][INFO] Pumping guest thread 'AssetGarbageCollectorHelper' reason=dispatcher resume=0x000000080A821799
[LOADER][INFO] Guest thread yield at import#5707: nid=04AjkP0jO9U ret=0x000000080A821799 reason=_umtx_op_wait
[LOADER][INFO] Guest thread yield at import#6730: nid=04AjkP0jO9U ret=0x000000080A821799 reason=_umtx_op_wait
[LOADER][INFO] Guest thread 'AssetGarbageCollectorHelper' state=Blocked reason=_umtx_op_wait
[LOADER][INFO] Guest thread 'AssetGarbageCollectorHelper' state=Blocked reason=_umtx_op_wait
[LOADER][INFO] guest_threads.timeout_wake count=2
[LOADER][INFO] Pumping guest thread 'AssetGarbageCollectorHelper' reason=dispatcher resume=0x000000080A821799
[LOADER][INFO] Pumping guest thread 'AssetGarbageCollectorHelper' reason=dispatcher resume=0x000000080A821799
[LOADER][INFO] Guest thread yield at import#8266: nid=04AjkP0jO9U ret=0x000000080A821799 reason=_umtx_op_wait
[LOADER][INFO] Guest thread yield at import#7499: nid=04AjkP0jO9U ret=0x000000080A821799 reason=_umtx_op_wait
[LOADER][INFO] Guest thread 'AssetGarbageCollectorHelper' state=Blocked reason=_umtx_op_wait
[LOADER][INFO] Guest thread 'AssetGarbageCollectorHelper' state=Blocked reason=_umtx_op_wait
[LOADER][INFO] guest_threads.timeout_wake count=1
[LOADER][INFO] Pumping guest thread 'AssetGarbageCollectorHelper' reason=dispatcher resume=0x000000080A821799
[LOADER][INFO] Guest thread yield at import#6987: nid=04AjkP0jO9U ret=0x000000080A821799 reason=_umtx_op_wait
[LOADER][INFO] Guest thread 'AssetGarbageCollectorHelper' state=Blocked reason=_umtx_op_wait
[LOADER][INFO] guest_threads.timeout_wake count=2
[LOADER][INFO] Pumping guest thread 'AssetGarbageCollectorHelper' reason=dispatcher resume=0x000000080A821799
[LOADER][INFO] Pumping guest thread 'AssetGarbageCollectorHelper' reason=dispatcher resume=0x000000080A821799
[LOADER][INFO] Guest thread yield at import#8011: nid=04AjkP0jO9U ret=0x000000080A821799 reason=_umtx_op_wait
[LOADER][INFO] Guest thread yield at import#8523: nid=04AjkP0jO9U ret=0x000000080A821799 reason=_umtx_op_wait
[LOADER][INFO] Guest thread 'AssetGarbageCollectorHelper' state=Blocked reason=_umtx_op_wait
[LOADER][INFO] Guest thread 'AssetGarbageCollectorHelper' state=Blocked reason=_umtx_op_wait
[LOADER][INFO] guest_threads.timeout_wake count=1
[LOADER][INFO] Pumping guest thread 'AssetGarbageCollectorHelper' reason=ready-dispatch resume=0x000000080A821799
[LOADER][INFO] Guest thread yield at import#7754: nid=04AjkP0jO9U ret=0x000000080A821799 reason=_umtx_op_wait
[LOADER][INFO] Guest thread 'AssetGarbageCollectorHelper' state=Blocked reason=_umtx_op_wait
[LOADER][INFO] guest_threads.timeout_wake count=1
[LOADER][INFO] Pumping guest thread 'AssetGarbageCollectorHelper' reason=ready-dispatch resume=0x000000080A821799
[LOADER][INFO] Guest thread yield at import#5451: nid=04AjkP0jO9U ret=0x000000080A821799 reason=_umtx_op_wait
[LOADER][INFO] Guest thread 'AssetGarbageCollectorHelper' state=Blocked reason=_umtx_op_wait
[LOADER][INFO] guest_threads.timeout_wake count=1
[LOADER][INFO] Pumping guest thread 'AssetGarbageCollectorHelper' reason=dispatcher resume=0x000000080A821799
[LOADER][INFO] Guest thread yield at import#5196: nid=04AjkP0jO9U ret=0x000000080A821799 reason=_umtx_op_wait
[LOADER][INFO] Guest thread 'AssetGarbageCollectorHelper' state=Blocked reason=_umtx_op_wait
[LOADER][INFO] guest_threads.timeout_wake count=2
[LOADER][INFO] Pumping guest thread 'AssetGarbageCollectorHelper' reason=ready-dispatch resume=0x000000080A821799
[LOADER][INFO] Pumping guest thread 'AssetGarbageCollectorHelper' reason=ready-dispatch resume=0x000000080A821799
[LOADER][INFO] Guest thread yield at import#5963: nid=04AjkP0jO9U ret=0x000000080A821799 reason=_umtx_op_wait
[LOADER][INFO] Guest thread yield at import#7243: nid=04AjkP0jO9U ret=0x000000080A821799 reason=_umtx_op_wait
[LOADER][INFO] Guest thread 'AssetGarbageCollectorHelper' state=Blocked reason=_umtx_op_wait
[LOADER][INFO] Guest thread 'AssetGarbageCollectorHelper' state=Blocked reason=_umtx_op_wait
[LOADER][INFO] guest_threads.timeout_wake count=1
[LOADER][INFO] Pumping guest thread 'AssetGarbageCollectorHelper' reason=ready-dispatch resume=0x000000080A821799
[LOADER][INFO] Guest thread yield at import#6220: nid=04AjkP0jO9U ret=0x000000080A821799 reason=_umtx_op_wait
[LOADER][INFO] Guest thread 'AssetGarbageCollectorHelper' state=Blocked reason=_umtx_op_wait
[LOADER][INFO] guest_threads.timeout_wake count=2
[LOADER][INFO] Pumping guest thread 'AssetGarbageCollectorHelper' reason=dispatcher resume=0x000000080A821799
[LOADER][INFO] Pumping guest thread 'AssetGarbageCollectorHelper' reason=dispatcher resume=0x000000080A821799
[LOADER][INFO] Guest thread yield at import#6731: nid=04AjkP0jO9U ret=0x000000080A821799 reason=_umtx_op_wait
[LOADER][INFO] Guest thread yield at import#5708: nid=04AjkP0jO9U ret=0x000000080A821799 reason=_umtx_op_wait
[LOADER][INFO] Guest thread 'AssetGarbageCollectorHelper' state=Blocked reason=_umtx_op_wait
[LOADER][INFO] Guest thread 'AssetGarbageCollectorHelper' state=Blocked reason=_umtx_op_wait
[LOADER][INFO] guest_threads.timeout_wake count=2
[LOADER][INFO] Pumping guest thread 'AssetGarbageCollectorHelper' reason=ready-dispatch resume=0x000000080A821799
[LOADER][INFO] Pumping guest thread 'AssetGarbageCollectorHelper' reason=ready-dispatch resume=0x000000080A821799
[LOADER][INFO] Guest thread yield at import#7500: nid=04AjkP0jO9U ret=0x000000080A821799 reason=_umtx_op_wait
[LOADER][INFO] Guest thread yield at import#8267: nid=04AjkP0jO9U ret=0x000000080A821799 reason=_umtx_op_wait
[LOADER][INFO] Guest thread 'AssetGarbageCollectorHelper' state=Blocked reason=_umtx_op_wait
[LOADER][INFO] Guest thread 'AssetGarbageCollectorHelper' state=Blocked reason=_umtx_op_wait
[LOADER][INFO] guest_threads.timeout_wake count=1
[LOADER][INFO] Pumping guest thread 'AssetGarbageCollectorHelper' reason=dispatcher resume=0x000000080A821799
[LOADER][INFO] Guest thread yield at import#6988: nid=04AjkP0jO9U ret=0x000000080A821799 reason=_umtx_op_wait
[LOADER][INFO] Guest thread 'AssetGarbageCollectorHelper' state=Blocked reason=_umtx_op_wait
[LOADER][INFO] guest_threads.timeout_wake count=2
[LOADER][INFO] Pumping guest thread 'AssetGarbageCollectorHelper' reason=dispatcher resume=0x000000080A821799
[LOADER][INFO] Pumping guest thread 'AssetGarbageCollectorHelper' reason=dispatcher resume=0x000000080A821799
[LOADER][INFO] guest_threads.timeout_wake count=1
[LOADER][INFO] Pumping guest thread 'AssetGarbageCollectorHelper' reason=ready-dispatch resume=0x000000080A821799
[LOADER][INFO] Guest thread yield at import#8524: nid=04AjkP0jO9U ret=0x000000080A821799 reason=_umtx_op_wait
[LOADER][INFO] Guest thread yield at import#8012: nid=04AjkP0jO9U ret=0x000000080A821799 reason=_umtx_op_wait
[LOADER][INFO] Guest thread yield at import#7755: nid=04AjkP0jO9U ret=0x000000080A821799 reason=_umtx_op_wait
[LOADER][INFO] Guest thread 'AssetGarbageCollectorHelper' state=Blocked reason=_umtx_op_wait
[LOADER][INFO] Guest thread 'AssetGarbageCollectorHelper' state=Blocked reason=_umtx_op_wait
[LOADER][INFO] Guest thread 'AssetGarbageCollectorHelper' state=Blocked reason=_umtx_op_wait
[LOADER][INFO] guest_threads.timeout_wake count=1
[LOADER][INFO] Pumping guest thread 'AssetGarbageCollectorHelper' reason=ready-dispatch resume=0x000000080A821799
[LOADER][INFO] Guest thread yield at import#5452: nid=04AjkP0jO9U ret=0x000000080A821799 reason=_umtx_op_wait
[LOADER][INFO] Guest thread 'AssetGarbageCollectorHelper' state=Blocked reason=_umtx_op_wait
[LOADER][INFO] guest_threads.timeout_wake count=1
[LOADER][INFO] Pumping guest thread 'AssetGarbageCollectorHelper' reason=ready-dispatch resume=0x000000080A821799
[LOADER][INFO] Guest thread yield at import#5197: nid=04AjkP0jO9U ret=0x000000080A821799 reason=_umtx_op_wait
[LOADER][INFO] Guest thread 'AssetGarbageCollectorHelper' state=Blocked reason=_umtx_op_wait
[LOADER][INFO] guest_threads.timeout_wake count=2
[LOADER][INFO] Pumping guest thread 'AssetGarbageCollectorHelper' reason=dispatcher resume=0x000000080A821799
[LOADER][INFO] Pumping guest thread 'AssetGarbageCollectorHelper' reason=dispatcher resume=0x000000080A821799
[LOADER][INFO] Guest thread yield at import#7244: nid=04AjkP0jO9U ret=0x000000080A821799 reason=_umtx_op_wait
[LOADER][INFO] Guest thread yield at import#5964: nid=04AjkP0jO9U ret=0x000000080A821799 reason=_umtx_op_wait
[LOADER][INFO] Guest thread 'AssetGarbageCollectorHelper' state=Blocked reason=_umtx_op_wait
[LOADER][INFO] Guest thread 'AssetGarbageCollectorHelper' state=Blocked reason=_umtx_op_wait
[LOADER][INFO] guest_threads.timeout_wake count=1
[LOADER][INFO] Pumping guest thread 'AssetGarbageCollectorHelper' reason=dispatcher resume=0x000000080A821799
[LOADER][INFO] Guest thread yield at import#6221: nid=04AjkP0jO9U ret=0x000000080A821799 reason=_umtx_op_wait
[LOADER][INFO] Guest thread 'AssetGarbageCollectorHelper' state=Blocked reason=_umtx_op_wait
[LOADER][INFO] guest_threads.timeout_wake count=2
[LOADER][INFO] Pumping guest thread 'AssetGarbageCollectorHelper' reason=dispatcher resume=0x000000080A821799
[LOADER][INFO] Pumping guest thread 'AssetGarbageCollectorHelper' reason=dispatcher resume=0x000000080A821799
[LOADER][INFO] Guest thread yield at import#5709: nid=04AjkP0jO9U ret=0x000000080A821799 reason=_umtx_op_wait
[LOADER][INFO] Guest thread yield at import#6732: nid=04AjkP0jO9U ret=0x000000080A821799 reason=_umtx_op_wait
[LOADER][INFO] Guest thread 'AssetGarbageCollectorHelper' state=Blocked reason=_umtx_op_wait
[LOADER][INFO] Guest thread 'AssetGarbageCollectorHelper' state=Blocked reason=_umtx_op_wait
[LOADER][INFO] guest_threads.timeout_wake count=1
[LOADER][INFO] Pumping guest thread 'AssetGarbageCollectorHelper' reason=dispatcher resume=0x000000080A821799
[LOADER][INFO] Guest thread yield at import#7501: nid=04AjkP0jO9U ret=0x000000080A821799 reason=_umtx_op_wait
[LOADER][INFO] Guest thread 'AssetGarbageCollectorHelper' state=Blocked reason=_umtx_op_wait
[LOADER][INFO] guest_threads.timeout_wake count=1
[LOADER][INFO] Pumping guest thread 'AssetGarbageCollectorHelper' reason=dispatcher resume=0x000000080A821799
[LOADER][INFO] Guest thread yield at import#8268: nid=04AjkP0jO9U ret=0x000000080A821799 reason=_umtx_op_wait
[LOADER][INFO] Guest thread 'AssetGarbageCollectorHelper' state=Blocked reason=_umtx_op_wait
[LOADER][INFO] guest_threads.timeout_wake count=1
[LOADER][INFO] Pumping guest thread 'AssetGarbageCollectorHelper' reason=ready-dispatch resume=0x000000080A821799
[LOADER][INFO] Guest thread yield at import#6989: nid=04AjkP0jO9U ret=0x000000080A821799 reason=_umtx_op_wait
[LOADER][INFO] Guest thread 'AssetGarbageCollectorHelper' state=Blocked reason=_umtx_op_wait
[LOADER][INFO] guest_threads.timeout_wake count=1
[LOADER][INFO] Pumping guest thread 'AssetGarbageCollectorHelper' reason=ready-dispatch resume=0x000000080A821799
[LOADER][INFO] Guest thread yield at import#8525: nid=04AjkP0jO9U ret=0x000000080A821799 reason=_umtx_op_wait
[LOADER][INFO] Guest thread 'AssetGarbageCollectorHelper' state=Blocked reason=_umtx_op_wait
[LOADER][INFO] guest_threads.timeout_wake count=1
[LOADER][INFO] Pumping guest thread 'AssetGarbageCollectorHelper' reason=dispatcher resume=0x000000080A821799
[LOADER][INFO] Guest thread yield at import#8013: nid=04AjkP0jO9U ret=0x000000080A821799 reason=_umtx_op_wait
[LOADER][INFO] Guest thread 'AssetGarbageCollectorHelper' state=Blocked reason=_umtx_op_wait
[LOADER][INFO] guest_threads.timeout_wake count=1
[LOADER][INFO] Pumping guest thread 'AssetGarbageCollectorHelper' reason=ready-dispatch resume=0x000000080A821799
[LOADER][INFO] Guest thread yield at import#7756: nid=04AjkP0jO9U ret=0x000000080A821799 reason=_umtx_op_wait
[LOADER][INFO] Guest thread 'AssetGarbageCollectorHelper' state=Blocked reason=_umtx_op_wait
[LOADER][INFO] guest_threads.timeout_wake count=1
[LOADER][INFO] Pumping guest thread 'AssetGarbageCollectorHelper' reason=dispatcher resume=0x000000080A821799
[LOADER][INFO] Guest thread yield at import#5453: nid=04AjkP0jO9U ret=0x000000080A821799 reason=_umtx_op_wait
[LOADER][INFO] Guest thread 'AssetGarbageCollectorHelper' state=Blocked reason=_umtx_op_wait
[LOADER][INFO] guest_threads.timeout_wake count=1
[LOADER][INFO] Pumping guest thread 'AssetGarbageCollectorHelper' reason=dispatcher resume=0x000000080A821799
[LOADER][INFO] Guest thread yield at import#5198: nid=04AjkP0jO9U ret=0x000000080A821799 reason=_umtx_op_wait
[LOADER][INFO] Guest thread 'AssetGarbageCollectorHelper' state=Blocked reason=_umtx_op_wait
[LOADER][INFO] guest_threads.timeout_wake count=2
[LOADER][INFO] Pumping guest thread 'AssetGarbageCollectorHelper' reason=ready-dispatch resume=0x000000080A821799
[LOADER][INFO] Pumping guest thread 'AssetGarbageCollectorHelper' reason=ready-dispatch resume=0x000000080A821799
[LOADER][INFO] Guest thread yield at import#5965: nid=04AjkP0jO9U ret=0x000000080A821799 reason=_umtx_op_wait
[LOADER][INFO] Guest thread yield at import#7245: nid=04AjkP0jO9U ret=0x000000080A821799 reason=_umtx_op_wait
[LOADER][INFO] Guest thread 'AssetGarbageCollectorHelper' state=Blocked reason=_umtx_op_wait
[LOADER][INFO] Guest thread 'AssetGarbageCollectorHelper' state=Blocked reason=_umtx_op_wait
[LOADER][INFO] guest_threads.timeout_wake count=1
[LOADER][INFO] Pumping guest thread 'AssetGarbageCollectorHelper' reason=dispatcher resume=0x000000080A821799
[LOADER][INFO] Guest thread yield at import#6222: nid=04AjkP0jO9U ret=0x000000080A821799 reason=_umtx_op_wait
[LOADER][INFO] Guest thread 'AssetGarbageCollectorHelper' state=Blocked reason=_umtx_op_wait
[LOADER][INFO] guest_threads.timeout_wake count=2
[LOADER][INFO] Pumping guest thread 'AssetGarbageCollectorHelper' reason=ready-dispatch resume=0x000000080A821799
[LOADER][INFO] Pumping guest thread 'AssetGarbageCollectorHelper' reason=ready-dispatch resume=0x000000080A821799
[LOADER][INFO] Guest thread yield at import#5710: nid=04AjkP0jO9U ret=0x000000080A821799 reason=_umtx_op_wait
[LOADER][INFO] Guest thread yield at import#6733: nid=04AjkP0jO9U ret=0x000000080A821799 reason=_umtx_op_wait
[LOADER][INFO] Guest thread 'AssetGarbageCollectorHelper' state=Blocked reason=_umtx_op_wait
[LOADER][INFO] Guest thread 'AssetGarbageCollectorHelper' state=Blocked reason=_umtx_op_wait
[LOADER][INFO] guest_threads.timeout_wake count=2
[LOADER][INFO] Pumping guest thread 'AssetGarbageCollectorHelper' reason=ready-dispatch resume=0x000000080A821799
[LOADER][INFO] Pumping guest thread 'AssetGarbageCollectorHelper' reason=ready-dispatch resume=0x000000080A821799
[LOADER][INFO] Guest thread yield at import#7502: nid=04AjkP0jO9U ret=0x000000080A821799 reason=_umtx_op_wait
[LOADER][INFO] Guest thread yield at import#8269: nid=04AjkP0jO9U ret=0x000000080A821799 reason=_umtx_op_wait
[LOADER][INFO] Guest thread 'AssetGarbageCollectorHelper' state=Blocked reason=_umtx_op_wait
[LOADER][INFO] Guest thread 'AssetGarbageCollectorHelper' state=Blocked reason=_umtx_op_wait
[LOADER][INFO] guest_threads.timeout_wake count=1
[LOADER][INFO] Pumping guest thread 'AssetGarbageCollectorHelper' reason=ready-dispatch resume=0x000000080A821799
[LOADER][INFO] Guest thread yield at import#6990: nid=04AjkP0jO9U ret=0x000000080A821799 reason=_umtx_op_wait
[LOADER][INFO] Guest thread 'AssetGarbageCollectorHelper' state=Blocked reason=_umtx_op_wait
[LOADER][INFO] guest_threads.timeout_wake count=1
[LOADER][INFO] Pumping guest thread 'AssetGarbageCollectorHelper' reason=ready-dispatch resume=0x000000080A821799
[LOADER][INFO] Guest thread yield at import#8526: nid=04AjkP0jO9U ret=0x000000080A821799 reason=_umtx_op_wait
[LOADER][INFO] Guest thread 'AssetGarbageCollectorHelper' state=Blocked reason=_umtx_op_wait
[LOADER][INFO] guest_threads.timeout_wake count=1
[LOADER][INFO] Pumping guest thread 'AssetGarbageCollectorHelper' reason=dispatcher resume=0x000000080A821799
[LOADER][INFO] Guest thread yield at import#8014: nid=04AjkP0jO9U ret=0x000000080A821799 reason=_umtx_op_wait
[LOADER][INFO] Guest thread 'AssetGarbageCollectorHelper' state=Blocked reason=_umtx_op_wait
[LOADER][INFO] guest_threads.timeout_wake count=1
[LOADER][INFO] Pumping guest thread 'AssetGarbageCollectorHelper' reason=dispatcher resume=0x000000080A821799
[LOADER][INFO] Guest thread yield at import#7757: nid=04AjkP0jO9U ret=0x000000080A821799 reason=_umtx_op_wait
[LOADER][INFO] Guest thread 'AssetGarbageCollectorHelper' state=Blocked reason=_umtx_op_wait
[LOADER][INFO] guest_threads.timeout_wake count=1
[LOADER][INFO] Pumping guest thread 'AssetGarbageCollectorHelper' reason=dispatcher resume=0x000000080A821799
[LOADER][INFO] Guest thread yield at import#5454: nid=04AjkP0jO9U ret=0x000000080A821799 reason=_umtx_op_wait
[LOADER][INFO] Guest thread 'AssetGarbageCollectorHelper' state=Blocked reason=_umtx_op_wait
[LOADER][INFO] guest_threads.timeout_wake count=1
[LOADER][INFO] Pumping guest thread 'AssetGarbageCollectorHelper' reason=dispatcher resume=0x000000080A821799
[LOADER][INFO] Guest thread yield at import#5199: nid=04AjkP0jO9U ret=0x000000080A821799 reason=_umtx_op_wait
[LOADER][INFO] Guest thread 'AssetGarbageCollectorHelper' state=Blocked reason=_umtx_op_wait
[LOADER][INFO] guest_threads.timeout_wake count=2
[LOADER][INFO] Pumping guest thread 'AssetGarbageCollectorHelper' reason=ready-dispatch resume=0x000000080A821799
[LOADER][INFO] Pumping guest thread 'AssetGarbageCollectorHelper' reason=ready-dispatch resume=0x000000080A821799
[LOADER][INFO] Guest thread yield at import#5966: nid=04AjkP0jO9U ret=0x000000080A821799 reason=_umtx_op_wait
[LOADER][INFO] Guest thread yield at import#7246: nid=04AjkP0jO9U ret=0x000000080A821799 reason=_umtx_op_wait
[LOADER][INFO] Guest thread 'AssetGarbageCollectorHelper' state=Blocked reason=_umtx_op_wait
[LOADER][INFO] Guest thread 'AssetGarbageCollectorHelper' state=Blocked reason=_umtx_op_wait
[LOADER][INFO] guest_threads.timeout_wake count=1
[LOADER][INFO] Pumping guest thread 'AssetGarbageCollectorHelper' reason=ready-dispatch resume=0x000000080A821799
[LOADER][INFO] Guest thread yield at import#6223: nid=04AjkP0jO9U ret=0x000000080A821799 reason=_umtx_op_wait
[LOADER][INFO] Guest thread 'AssetGarbageCollectorHelper' state=Blocked reason=_umtx_op_wait
[LOADER][INFO] guest_threads.timeout_wake count=2
[LOADER][INFO] Pumping guest thread 'AssetGarbageCollectorHelper' reason=dispatcher resume=0x000000080A821799
[LOADER][INFO] Pumping guest thread 'AssetGarbageCollectorHelper' reason=dispatcher resume=0x000000080A821799
[LOADER][INFO] Guest thread yield at import#5711: nid=04AjkP0jO9U ret=0x000000080A821799 reason=_umtx_op_wait
[LOADER][INFO] Guest thread 'AssetGarbageCollectorHelper' state=Blocked reason=_umtx_op_wait
[LOADER][INFO] Guest thread yield at import#6734: nid=04AjkP0jO9U ret=0x000000080A821799 reason=_umtx_op_wait
[LOADER][INFO] Guest thread 'AssetGarbageCollectorHelper' state=Blocked reason=_umtx_op_wait
[LOADER][INFO] guest_threads.timeout_wake count=2
[LOADER][INFO] Pumping guest thread 'AssetGarbageCollectorHelper' reason=dispatcher resume=0x000000080A821799
[LOADER][INFO] Pumping guest thread 'AssetGarbageCollectorHelper' reason=dispatcher resume=0x000000080A821799
[LOADER][INFO] Guest thread yield at import#7503: nid=04AjkP0jO9U ret=0x000000080A821799 reason=_umtx_op_wait
[LOADER][INFO] Guest thread yield at import#8270: nid=04AjkP0jO9U ret=0x000000080A821799 reason=_umtx_op_wait
[LOADER][INFO] Guest thread 'AssetGarbageCollectorHelper' state=Blocked reason=_umtx_op_wait
[LOADER][INFO] Guest thread 'AssetGarbageCollectorHelper' state=Blocked reason=_umtx_op_wait
[LOADER][INFO] guest_threads.timeout_wake count=1
[LOADER][INFO] Pumping guest thread 'AssetGarbageCollectorHelper' reason=dispatcher resume=0x000000080A821799
[LOADER][INFO] Guest thread yield at import#6991: nid=04AjkP0jO9U ret=0x000000080A821799 reason=_umtx_op_wait
[LOADER][INFO] Guest thread 'AssetGarbageCollectorHelper' state=Blocked reason=_umtx_op_wait
[LOADER][INFO] guest_threads.timeout_wake count=1
[LOADER][INFO] Pumping guest thread 'AssetGarbageCollectorHelper' reason=ready-dispatch resume=0x000000080A821799
[LOADER][INFO] Guest thread yield at import#8527: nid=04AjkP0jO9U ret=0x000000080A821799 reason=_umtx_op_wait
[LOADER][INFO] Guest thread 'AssetGarbageCollectorHelper' state=Blocked reason=_umtx_op_wait
[LOADER][INFO] guest_threads.timeout_wake count=2
[LOADER][INFO] Pumping guest thread 'AssetGarbageCollectorHelper' reason=dispatcher resume=0x000000080A821799
[LOADER][INFO] Pumping guest thread 'AssetGarbageCollectorHelper' reason=dispatcher resume=0x000000080A821799
[LOADER][INFO] Guest thread yield at import#8015: nid=04AjkP0jO9U ret=0x000000080A821799 reason=_umtx_op_wait
[LOADER][INFO] Guest thread yield at import#7758: nid=04AjkP0jO9U ret=0x000000080A821799 reason=_umtx_op_wait
[LOADER][INFO] Guest thread 'AssetGarbageCollectorHelper' state=Blocked reason=_umtx_op_wait
[LOADER][INFO] Guest thread 'AssetGarbageCollectorHelper' state=Blocked reason=_umtx_op_wait
[LOADER][INFO] guest_threads.timeout_wake count=1
[LOADER][INFO] Pumping guest thread 'AssetGarbageCollectorHelper' reason=dispatcher resume=0x000000080A821799
[LOADER][INFO] Guest thread yield at import#5455: nid=04AjkP0jO9U ret=0x000000080A821799 reason=_umtx_op_wait
[LOADER][INFO] Guest thread 'AssetGarbageCollectorHelper' state=Blocked reason=_umtx_op_wait
[LOADER][INFO] guest_threads.timeout_wake count=1
[LOADER][INFO] Pumping guest thread 'AssetGarbageCollectorHelper' reason=ready-dispatch resume=0x000000080A821799
[LOADER][INFO] Guest thread yield at import#5200: nid=04AjkP0jO9U ret=0x000000080A821799 reason=_umtx_op_wait
[LOADER][INFO] Guest thread 'AssetGarbageCollectorHelper' state=Blocked reason=_umtx_op_wait
[LOADER][INFO] guest_threads.timeout_wake count=2
[LOADER][INFO] Pumping guest thread 'AssetGarbageCollectorHelper' reason=dispatcher resume=0x000000080A821799
[LOADER][INFO] Pumping guest thread 'AssetGarbageCollectorHelper' reason=dispatcher resume=0x000000080A821799
[LOADER][INFO] Guest thread yield at import#5967: nid=04AjkP0jO9U ret=0x000000080A821799 reason=_umtx_op_wait
[LOADER][INFO] Guest thread yield at import#7247: nid=04AjkP0jO9U ret=0x000000080A821799 reason=_umtx_op_wait
[LOADER][INFO] Guest thread 'AssetGarbageCollectorHelper' state=Blocked reason=_umtx_op_wait
[LOADER][INFO] Guest thread 'AssetGarbageCollectorHelper' state=Blocked reason=_umtx_op_wait
[LOADER][INFO] guest_threads.timeout_wake count=1
[LOADER][INFO] Pumping guest thread 'AssetGarbageCollectorHelper' reason=dispatcher resume=0x000000080A821799
[LOADER][INFO] Guest thread yield at import#6224: nid=04AjkP0jO9U ret=0x000000080A821799 reason=_umtx_op_wait
[LOADER][INFO] Guest thread 'AssetGarbageCollectorHelper' state=Blocked reason=_umtx_op_wait
[LOADER][INFO] guest_threads.timeout_wake count=1
[LOADER][INFO] guest_threads.timeout_wake count=1
[LOADER][INFO] Pumping guest thread 'AssetGarbageCollectorHelper' reason=dispatcher resume=0x000000080A821799
[LOADER][INFO] Guest thread yield at import#5712: nid=04AjkP0jO9U ret=0x000000080A821799 reason=_umtx_op_wait
[LOADER][INFO] Pumping guest thread 'AssetGarbageCollectorHelper' reason=dispatcher resume=0x000000080A821799
[LOADER][INFO] Guest thread 'AssetGarbageCollectorHelper' state=Blocked reason=_umtx_op_wait
[LOADER][INFO] Guest thread yield at import#6735: nid=04AjkP0jO9U ret=0x000000080A821799 reason=_umtx_op_wait
[LOADER][INFO] Guest thread 'AssetGarbageCollectorHelper' state=Blocked reason=_umtx_op_wait
[LOADER][INFO] guest_threads.timeout_wake count=1
[LOADER][INFO] guest_threads.timeout_wake count=1
[LOADER][INFO] Pumping guest thread 'AssetGarbageCollectorHelper' reason=dispatcher resume=0x000000080A821799
[LOADER][INFO] Pumping guest thread 'AssetGarbageCollectorHelper' reason=dispatcher resume=0x000000080A821799
[LOADER][INFO] Guest thread yield at import#8271: nid=04AjkP0jO9U ret=0x000000080A821799 reason=_umtx_op_wait
[LOADER][INFO] Guest thread yield at import#7504: nid=04AjkP0jO9U ret=0x000000080A821799 reason=_umtx_op_wait
[LOADER][INFO] Guest thread 'AssetGarbageCollectorHelper' state=Blocked reason=_umtx_op_wait
[LOADER][INFO] Guest thread 'AssetGarbageCollectorHelper' state=Blocked reason=_umtx_op_wait
[LOADER][INFO] guest_threads.timeout_wake count=1
[LOADER][INFO] Pumping guest thread 'AssetGarbageCollectorHelper' reason=dispatcher resume=0x000000080A821799
[LOADER][INFO] Guest thread yield at import#6992: nid=04AjkP0jO9U ret=0x000000080A821799 reason=_umtx_op_wait
[LOADER][INFO] Guest thread 'AssetGarbageCollectorHelper' state=Blocked reason=_umtx_op_wait
[LOADER][INFO] guest_threads.timeout_wake count=1
[LOADER][INFO] Pumping guest thread 'AssetGarbageCollectorHelper' reason=dispatcher resume=0x000000080A821799
[LOADER][INFO] Guest thread yield at import#8528: nid=04AjkP0jO9U ret=0x000000080A821799 reason=_umtx_op_wait
[LOADER][INFO] Guest thread 'AssetGarbageCollectorHelper' state=Blocked reason=_umtx_op_wait
[LOADER][INFO] guest_threads.timeout_wake count=2
[LOADER][INFO] Pumping guest thread 'AssetGarbageCollectorHelper' reason=ready-dispatch resume=0x000000080A821799
[LOADER][INFO] Pumping guest thread 'AssetGarbageCollectorHelper' reason=ready-dispatch resume=0x000000080A821799
[LOADER][INFO] Guest thread yield at import#7759: nid=04AjkP0jO9U ret=0x000000080A821799 reason=_umtx_op_wait
[LOADER][INFO] Guest thread yield at import#8016: nid=04AjkP0jO9U ret=0x000000080A821799 reason=_umtx_op_wait
[LOADER][INFO] Guest thread 'AssetGarbageCollectorHelper' state=Blocked reason=_umtx_op_wait
[LOADER][INFO] Guest thread 'AssetGarbageCollectorHelper' state=Blocked reason=_umtx_op_wait
[LOADER][INFO] guest_threads.timeout_wake count=1
[LOADER][INFO] Pumping guest thread 'AssetGarbageCollectorHelper' reason=ready-dispatch resume=0x000000080A821799
[LOADER][INFO] Guest thread yield at import#5456: nid=04AjkP0jO9U ret=0x000000080A821799 reason=_umtx_op_wait
[LOADER][INFO] Guest thread 'AssetGarbageCollectorHelper' state=Blocked reason=_umtx_op_wait
[LOADER][INFO] guest_threads.timeout_wake count=1
[LOADER][INFO] Pumping guest thread 'AssetGarbageCollectorHelper' reason=ready-dispatch resume=0x000000080A821799
[LOADER][INFO] Guest thread yield at import#5201: nid=04AjkP0jO9U ret=0x000000080A821799 reason=_umtx_op_wait
[LOADER][INFO] Guest thread 'AssetGarbageCollectorHelper' state=Blocked reason=_umtx_op_wait
[LOADER][INFO] guest_threads.timeout_wake count=2
[LOADER][INFO] Pumping guest thread 'AssetGarbageCollectorHelper' reason=dispatcher resume=0x000000080A821799
[LOADER][INFO] Pumping guest thread 'AssetGarbageCollectorHelper' reason=dispatcher resume=0x000000080A821799
[LOADER][INFO] Guest thread yield at import#5968: nid=04AjkP0jO9U ret=0x000000080A821799 reason=_umtx_op_wait
[LOADER][INFO] Guest thread yield at import#7248: nid=04AjkP0jO9U ret=0x000000080A821799 reason=_umtx_op_wait
[LOADER][INFO] Guest thread 'AssetGarbageCollectorHelper' state=Blocked reason=_umtx_op_wait
[LOADER][INFO] Guest thread 'AssetGarbageCollectorHelper' state=Blocked reason=_umtx_op_wait
[LOADER][INFO] guest_threads.timeout_wake count=1
[LOADER][INFO] Pumping guest thread 'AssetGarbageCollectorHelper' reason=dispatcher resume=0x000000080A821799
[LOADER][INFO] Guest thread yield at import#6225: nid=04AjkP0jO9U ret=0x000000080A821799 reason=_umtx_op_wait
[LOADER][INFO] Guest thread 'AssetGarbageCollectorHelper' state=Blocked reason=_umtx_op_wait
[LOADER][INFO] guest_threads.timeout_wake count=1
[LOADER][INFO] guest_threads.timeout_wake count=1
[LOADER][INFO] Pumping guest thread 'AssetGarbageCollectorHelper' reason=dispatcher resume=0x000000080A821799
[LOADER][INFO] Pumping guest thread 'AssetGarbageCollectorHelper' reason=dispatcher resume=0x000000080A821799
[LOADER][INFO] Guest thread yield at import#6736: nid=04AjkP0jO9U ret=0x000000080A821799 reason=_umtx_op_wait
[LOADER][INFO] Guest thread yield at import#5713: nid=04AjkP0jO9U ret=0x000000080A821799 reason=_umtx_op_wait
[LOADER][INFO] Guest thread 'AssetGarbageCollectorHelper' state=Blocked reason=_umtx_op_wait
[LOADER][INFO] Guest thread 'AssetGarbageCollectorHelper' state=Blocked reason=_umtx_op_wait
[LOADER][INFO] guest_threads.timeout_wake count=2
[LOADER][INFO] Pumping guest thread 'AssetGarbageCollectorHelper' reason=ready-dispatch resume=0x000000080A821799
[LOADER][INFO] Pumping guest thread 'AssetGarbageCollectorHelper' reason=ready-dispatch resume=0x000000080A821799
[LOADER][INFO] Guest thread yield at import#8272: nid=04AjkP0jO9U ret=0x000000080A821799 reason=_umtx_op_wait
[LOADER][INFO] Guest thread yield at import#7505: nid=04AjkP0jO9U ret=0x000000080A821799 reason=_umtx_op_wait
[LOADER][INFO] Guest thread 'AssetGarbageCollectorHelper' state=Blocked reason=_umtx_op_wait
[LOADER][INFO] Guest thread 'AssetGarbageCollectorHelper' state=Blocked reason=_umtx_op_wait
[LOADER][INFO] guest_threads.timeout_wake count=1
[LOADER][INFO] Pumping guest thread 'AssetGarbageCollectorHelper' reason=ready-dispatch resume=0x000000080A821799
[LOADER][INFO] Guest thread yield at import#6993: nid=04AjkP0jO9U ret=0x000000080A821799 reason=_umtx_op_wait
[LOADER][INFO] Guest thread 'AssetGarbageCollectorHelper' state=Blocked reason=_umtx_op_wait
[LOADER][INFO] guest_threads.timeout_wake count=1
[LOADER][INFO] Pumping guest thread 'AssetGarbageCollectorHelper' reason=dispatcher resume=0x000000080A821799
[LOADER][INFO] Guest thread yield at import#8529: nid=04AjkP0jO9U ret=0x000000080A821799 reason=_umtx_op_wait
[LOADER][INFO] Guest thread 'AssetGarbageCollectorHelper' state=Blocked reason=_umtx_op_wait
[LOADER][INFO] guest_threads.timeout_wake count=2
[LOADER][INFO] Pumping guest thread 'AssetGarbageCollectorHelper' reason=dispatcher resume=0x000000080A821799
[LOADER][INFO] Pumping guest thread 'AssetGarbageCollectorHelper' reason=dispatcher resume=0x000000080A821799
[LOADER][INFO] Guest thread yield at import#8017: nid=04AjkP0jO9U ret=0x000000080A821799 reason=_umtx_op_wait
[LOADER][INFO] Guest thread yield at import#7760: nid=04AjkP0jO9U ret=0x000000080A821799 reason=_umtx_op_wait
[LOADER][INFO] Guest thread 'AssetGarbageCollectorHelper' state=Blocked reason=_umtx_op_wait
[LOADER][INFO] Guest thread 'AssetGarbageCollectorHelper' state=Blocked reason=_umtx_op_wait
[LOADER][INFO] guest_threads.timeout_wake count=1
[LOADER][INFO] Pumping guest thread 'AssetGarbageCollectorHelper' reason=ready-dispatch resume=0x000000080A821799
[LOADER][INFO] Guest thread yield at import#5457: nid=04AjkP0jO9U ret=0x000000080A821799 reason=_umtx_op_wait
[LOADER][INFO] Guest thread 'AssetGarbageCollectorHelper' state=Blocked reason=_umtx_op_wait
[LOADER][INFO] guest_threads.timeout_wake count=1
[LOADER][INFO] Pumping guest thread 'AssetGarbageCollectorHelper' reason=ready-dispatch resume=0x000000080A821799
[LOADER][INFO] Guest thread yield at import#5202: nid=04AjkP0jO9U ret=0x000000080A821799 reason=_umtx_op_wait
[LOADER][INFO] Guest thread 'AssetGarbageCollectorHelper' state=Blocked reason=_umtx_op_wait
[LOADER][INFO] guest_threads.timeout_wake count=2
[LOADER][INFO] Pumping guest thread 'AssetGarbageCollectorHelper' reason=ready-dispatch resume=0x000000080A821799
[LOADER][INFO] Pumping guest thread 'AssetGarbageCollectorHelper' reason=ready-dispatch resume=0x000000080A821799
[LOADER][INFO] Guest thread yield at import#7249: nid=04AjkP0jO9U ret=0x000000080A821799 reason=_umtx_op_wait
[LOADER][INFO] Guest thread yield at import#5969: nid=04AjkP0jO9U ret=0x000000080A821799 reason=_umtx_op_wait
[LOADER][INFO] Guest thread 'AssetGarbageCollectorHelper' state=Blocked reason=_umtx_op_wait
[LOADER][INFO] Guest thread 'AssetGarbageCollectorHelper' state=Blocked reason=_umtx_op_wait
[LOADER][INFO] guest_threads.timeout_wake count=1
[LOADER][INFO] Pumping guest thread 'AssetGarbageCollectorHelper' reason=dispatcher resume=0x000000080A821799
[LOADER][INFO] Guest thread yield at import#6226: nid=04AjkP0jO9U ret=0x000000080A821799 reason=_umtx_op_wait
[LOADER][INFO] guest_threads.timeout_wake count=2
[LOADER][INFO] Guest thread 'AssetGarbageCollectorHelper' state=Blocked reason=_umtx_op_wait
[LOADER][INFO] Pumping guest thread 'AssetGarbageCollectorHelper' reason=dispatcher resume=0x000000080A821799
[LOADER][INFO] Pumping guest thread 'AssetGarbageCollectorHelper' reason=dispatcher resume=0x000000080A821799
[LOADER][INFO] Guest thread yield at import#6737: nid=04AjkP0jO9U ret=0x000000080A821799 reason=_umtx_op_wait
[LOADER][INFO] Guest thread yield at import#5714: nid=04AjkP0jO9U ret=0x000000080A821799 reason=_umtx_op_wait
[LOADER][INFO] Guest thread 'AssetGarbageCollectorHelper' state=Blocked reason=_umtx_op_wait
[LOADER][INFO] Guest thread 'AssetGarbageCollectorHelper' state=Blocked reason=_umtx_op_wait
[LOADER][INFO] guest_threads.timeout_wake count=2
[LOADER][INFO] Pumping guest thread 'AssetGarbageCollectorHelper' reason=dispatcher resume=0x000000080A821799
[LOADER][INFO] Pumping guest thread 'AssetGarbageCollectorHelper' reason=dispatcher resume=0x000000080A821799
[LOADER][INFO] Guest thread yield at import#7506: nid=04AjkP0jO9U ret=0x000000080A821799 reason=_umtx_op_wait
[LOADER][INFO] Guest thread yield at import#8273: nid=04AjkP0jO9U ret=0x000000080A821799 reason=_umtx_op_wait
[LOADER][INFO] Guest thread 'AssetGarbageCollectorHelper' state=Blocked reason=_umtx_op_wait
[LOADER][INFO] Guest thread 'AssetGarbageCollectorHelper' state=Blocked reason=_umtx_op_wait
[LOADER][INFO] guest_threads.timeout_wake count=1
[LOADER][INFO] Pumping guest thread 'AssetGarbageCollectorHelper' reason=ready-dispatch resume=0x000000080A821799
[LOADER][INFO] Guest thread yield at import#6994: nid=04AjkP0jO9U ret=0x000000080A821799 reason=_umtx_op_wait
[LOADER][INFO] Guest thread 'AssetGarbageCollectorHelper' state=Blocked reason=_umtx_op_wait
[LOADER][INFO] guest_threads.timeout_wake count=1
[LOADER][INFO] Pumping guest thread 'AssetGarbageCollectorHelper' reason=dispatcher resume=0x000000080A821799
[LOADER][INFO] Guest thread yield at import#8530: nid=04AjkP0jO9U ret=0x000000080A821799 reason=_umtx_op_wait
[LOADER][INFO] Guest thread 'AssetGarbageCollectorHelper' state=Blocked reason=_umtx_op_wait
[LOADER][INFO] guest_threads.timeout_wake count=2
[LOADER][INFO] Pumping guest thread 'AssetGarbageCollectorHelper' reason=dispatcher resume=0x000000080A821799
[LOADER][INFO] Pumping guest thread 'AssetGarbageCollectorHelper' reason=dispatcher resume=0x000000080A821799
[LOADER][INFO] Guest thread yield at import#7761: nid=04AjkP0jO9U ret=0x000000080A821799 reason=_umtx_op_wait
[LOADER][INFO] Guest thread yield at import#8018: nid=04AjkP0jO9U ret=0x000000080A821799 reason=_umtx_op_wait
[LOADER][INFO] Guest thread 'AssetGarbageCollectorHelper' state=Blocked reason=_umtx_op_wait
[LOADER][INFO] Guest thread 'AssetGarbageCollectorHelper' state=Blocked reason=_umtx_op_wait
[LOADER][INFO] guest_threads.timeout_wake count=1
[LOADER][INFO] Pumping guest thread 'AssetGarbageCollectorHelper' reason=ready-dispatch resume=0x000000080A821799
[LOADER][INFO] Guest thread yield at import#5458: nid=04AjkP0jO9U ret=0x000000080A821799 reason=_umtx_op_wait
[LOADER][INFO] Guest thread 'AssetGarbageCollectorHelper' state=Blocked reason=_umtx_op_wait
[LOADER][INFO] guest_threads.timeout_wake count=1
[LOADER][INFO] Pumping guest thread 'AssetGarbageCollectorHelper' reason=dispatcher resume=0x000000080A821799
[LOADER][INFO] Guest thread yield at import#5203: nid=04AjkP0jO9U ret=0x000000080A821799 reason=_umtx_op_wait
[LOADER][INFO] Guest thread 'AssetGarbageCollectorHelper' state=Blocked reason=_umtx_op_wait
[LOADER][INFO] guest_threads.timeout_wake count=2
[LOADER][INFO] Pumping guest thread 'AssetGarbageCollectorHelper' reason=ready-dispatch resume=0x000000080A821799
[LOADER][INFO] Pumping guest thread 'AssetGarbageCollectorHelper' reason=ready-dispatch resume=0x000000080A821799
[LOADER][INFO] Guest thread yield at import#5970: nid=04AjkP0jO9U ret=0x000000080A821799 reason=_umtx_op_wait
[LOADER][INFO] Guest thread yield at import#7250: nid=04AjkP0jO9U ret=0x000000080A821799 reason=_umtx_op_wait
[LOADER][INFO] Guest thread 'AssetGarbageCollectorHelper' state=Blocked reason=_umtx_op_wait
[LOADER][INFO] Guest thread 'AssetGarbageCollectorHelper' state=Blocked reason=_umtx_op_wait
[LOADER][INFO] guest_threads.timeout_wake count=1
[LOADER][INFO] Pumping guest thread 'AssetGarbageCollectorHelper' reason=dispatcher resume=0x000000080A821799
[LOADER][INFO] Guest thread yield at import#6227: nid=04AjkP0jO9U ret=0x000000080A821799 reason=_umtx_op_wait
[LOADER][INFO] Guest thread 'AssetGarbageCollectorHelper' state=Blocked reason=_umtx_op_wait
[LOADER][INFO] guest_threads.timeout_wake count=2
[LOADER][INFO] Pumping guest thread 'AssetGarbageCollectorHelper' reason=ready-dispatch resume=0x000000080A821799
[LOADER][INFO] Pumping guest thread 'AssetGarbageCollectorHelper' reason=ready-dispatch resume=0x000000080A821799
[LOADER][INFO] Guest thread yield at import#5715: nid=04AjkP0jO9U ret=0x000000080A821799 reason=_umtx_op_wait
[LOADER][INFO] Guest thread yield at import#6738: nid=04AjkP0jO9U ret=0x000000080A821799 reason=_umtx_op_wait
[LOADER][INFO] Guest thread 'AssetGarbageCollectorHelper' state=Blocked reason=_umtx_op_wait
[LOADER][INFO] Guest thread 'AssetGarbageCollectorHelper' state=Blocked reason=_umtx_op_wait
[LOADER][INFO] guest_threads.timeout_wake count=2
[LOADER][INFO] Pumping guest thread 'AssetGarbageCollectorHelper' reason=dispatcher resume=0x000000080A821799
[LOADER][INFO] Pumping guest thread 'AssetGarbageCollectorHelper' reason=dispatcher resume=0x000000080A821799
[LOADER][INFO] Guest thread yield at import#8274: nid=04AjkP0jO9U ret=0x000000080A821799 reason=_umtx_op_wait
[LOADER][INFO] Guest thread 'AssetGarbageCollectorHelper' state=Blocked reason=_umtx_op_wait
[LOADER][INFO] Guest thread yield at import#7507: nid=04AjkP0jO9U ret=0x000000080A821799 reason=_umtx_op_wait
[LOADER][INFO] Guest thread 'AssetGarbageCollectorHelper' state=Blocked reason=_umtx_op_wait
[LOADER][INFO] guest_threads.timeout_wake count=1
[LOADER][INFO] Pumping guest thread 'AssetGarbageCollectorHelper' reason=dispatcher resume=0x000000080A821799
[LOADER][INFO] Guest thread yield at import#6995: nid=04AjkP0jO9U ret=0x000000080A821799 reason=_umtx_op_wait
[LOADER][INFO] Guest thread 'AssetGarbageCollectorHelper' state=Blocked reason=_umtx_op_wait
[LOADER][INFO] guest_threads.timeout_wake count=1
[LOADER][INFO] Pumping guest thread 'AssetGarbageCollectorHelper' reason=dispatcher resume=0x000000080A821799
[LOADER][INFO] Guest thread yield at import#8531: nid=04AjkP0jO9U ret=0x000000080A821799 reason=_umtx_op_wait
[LOADER][INFO] Guest thread 'AssetGarbageCollectorHelper' state=Blocked reason=_umtx_op_wait
[LOADER][INFO] guest_threads.timeout_wake count=2
[LOADER][INFO] Pumping guest thread 'AssetGarbageCollectorHelper' reason=ready-dispatch resume=0x000000080A821799
[LOADER][INFO] Pumping guest thread 'AssetGarbageCollectorHelper' reason=ready-dispatch resume=0x000000080A821799
[LOADER][INFO] Guest thread yield at import#8019: nid=04AjkP0jO9U ret=0x000000080A821799 reason=_umtx_op_wait
[LOADER][INFO] Guest thread yield at import#7762: nid=04AjkP0jO9U ret=0x000000080A821799 reason=_umtx_op_wait
[LOADER][INFO] Guest thread 'AssetGarbageCollectorHelper' state=Blocked reason=_umtx_op_wait
[LOADER][INFO] Guest thread 'AssetGarbageCollectorHelper' state=Blocked reason=_umtx_op_wait
[LOADER][INFO] guest_threads.timeout_wake count=1
[LOADER][INFO] Pumping guest thread 'AssetGarbageCollectorHelper' reason=dispatcher resume=0x000000080A821799
[LOADER][INFO] Guest thread yield at import#5459: nid=04AjkP0jO9U ret=0x000000080A821799 reason=_umtx_op_wait
[LOADER][INFO] Guest thread 'AssetGarbageCollectorHelper' state=Blocked reason=_umtx_op_wait
[LOADER][INFO] guest_threads.timeout_wake count=1
[LOADER][INFO] Pumping guest thread 'AssetGarbageCollectorHelper' reason=ready-dispatch resume=0x000000080A821799
[LOADER][INFO] Guest thread yield at import#5204: nid=04AjkP0jO9U ret=0x000000080A821799 reason=_umtx_op_wait
[LOADER][INFO] Guest thread 'AssetGarbageCollectorHelper' state=Blocked reason=_umtx_op_wait
[LOADER][INFO] guest_threads.timeout_wake count=2
[LOADER][INFO] Pumping guest thread 'AssetGarbageCollectorHelper' reason=dispatcher resume=0x000000080A821799
[LOADER][INFO] Guest thread yield at import#7251: nid=04AjkP0jO9U ret=0x000000080A821799 reason=_umtx_op_wait
[LOADER][INFO] Guest thread 'AssetGarbageCollectorHelper' state=Blocked reason=_umtx_op_wait
[LOADER][INFO] Pumping guest thread 'AssetGarbageCollectorHelper' reason=dispatcher resume=0x000000080A821799
[LOADER][INFO] Guest thread yield at import#5971: nid=04AjkP0jO9U ret=0x000000080A821799 reason=_umtx_op_wait
[LOADER][INFO] Guest thread 'AssetGarbageCollectorHelper' state=Blocked reason=_umtx_op_wait
[LOADER][INFO] guest_threads.timeout_wake count=1
[LOADER][INFO] Pumping guest thread 'AssetGarbageCollectorHelper' reason=dispatcher resume=0x000000080A821799
[LOADER][INFO] Guest thread yield at import#6228: nid=04AjkP0jO9U ret=0x000000080A821799 reason=_umtx_op_wait
[LOADER][INFO] Guest thread 'AssetGarbageCollectorHelper' state=Blocked reason=_umtx_op_wait
[LOADER][INFO] guest_threads.timeout_wake count=1
[LOADER][INFO] Pumping guest thread 'AssetGarbageCollectorHelper' reason=ready-dispatch resume=0x000000080A821799
[LOADER][INFO] Guest thread yield at import#5716: nid=04AjkP0jO9U ret=0x000000080A821799 reason=_umtx_op_wait
[LOADER][INFO] Guest thread 'AssetGarbageCollectorHelper' state=Blocked reason=_umtx_op_wait
[LOADER][INFO] guest_threads.timeout_wake count=1
[LOADER][INFO] Pumping guest thread 'AssetGarbageCollectorHelper' reason=ready-dispatch resume=0x000000080A821799
[LOADER][INFO] Guest thread yield at import#6739: nid=04AjkP0jO9U ret=0x000000080A821799 reason=_umtx_op_wait
[LOADER][INFO] Guest thread 'AssetGarbageCollectorHelper' state=Blocked reason=_umtx_op_wait
[LOADER][INFO] guest_threads.timeout_wake count=2
[LOADER][INFO] Pumping guest thread 'AssetGarbageCollectorHelper' reason=dispatcher resume=0x000000080A821799
[LOADER][INFO] Pumping guest thread 'AssetGarbageCollectorHelper' reason=dispatcher resume=0x000000080A821799
[LOADER][INFO] Guest thread yield at import#7508: nid=04AjkP0jO9U ret=0x000000080A821799 reason=_umtx_op_wait
[LOADER][INFO] Guest thread yield at import#8275: nid=04AjkP0jO9U ret=0x000000080A821799 reason=_umtx_op_wait
[LOADER][INFO] Guest thread 'AssetGarbageCollectorHelper' state=Blocked reason=_umtx_op_wait
[LOADER][INFO] Guest thread 'AssetGarbageCollectorHelper' state=Blocked reason=_umtx_op_wait
[LOADER][INFO] guest_threads.timeout_wake count=1
[LOADER][INFO] Pumping guest thread 'AssetGarbageCollectorHelper' reason=ready-dispatch resume=0x000000080A821799
[LOADER][INFO] Guest thread yield at import#6996: nid=04AjkP0jO9U ret=0x000000080A821799 reason=_umtx_op_wait
[LOADER][INFO] Guest thread 'AssetGarbageCollectorHelper' state=Blocked reason=_umtx_op_wait
[LOADER][INFO] guest_threads.timeout_wake count=1
[LOADER][INFO] Pumping guest thread 'AssetGarbageCollectorHelper' reason=dispatcher resume=0x000000080A821799
[LOADER][INFO] Guest thread yield at import#8532: nid=04AjkP0jO9U ret=0x000000080A821799 reason=_umtx_op_wait
[LOADER][INFO] Guest thread 'AssetGarbageCollectorHelper' state=Blocked reason=_umtx_op_wait
[LOADER][INFO] guest_threads.timeout_wake count=2
[LOADER][INFO] Pumping guest thread 'AssetGarbageCollectorHelper' reason=ready-dispatch resume=0x000000080A821799
[LOADER][INFO] Pumping guest thread 'AssetGarbageCollectorHelper' reason=ready-dispatch resume=0x000000080A821799
[LOADER][INFO] Guest thread yield at import#8020: nid=04AjkP0jO9U ret=0x000000080A821799 reason=_umtx_op_wait
[LOADER][INFO] Guest thread yield at import#7763: nid=04AjkP0jO9U ret=0x000000080A821799 reason=_umtx_op_wait
[LOADER][INFO] Guest thread 'AssetGarbageCollectorHelper' state=Blocked reason=_umtx_op_wait
[LOADER][INFO] Guest thread 'AssetGarbageCollectorHelper' state=Blocked reason=_umtx_op_wait
[LOADER][INFO] guest_threads.timeout_wake count=1
[LOADER][INFO] Pumping guest thread 'AssetGarbageCollectorHelper' reason=dispatcher resume=0x000000080A821799
[LOADER][INFO] Guest thread yield at import#5460: nid=04AjkP0jO9U ret=0x000000080A821799 reason=_umtx_op_wait
[LOADER][INFO] Guest thread 'AssetGarbageCollectorHelper' state=Blocked reason=_umtx_op_wait
[LOADER][INFO] guest_threads.timeout_wake count=1
[LOADER][INFO] Pumping guest thread 'AssetGarbageCollectorHelper' reason=ready-dispatch resume=0x000000080A821799
[LOADER][INFO] Guest thread yield at import#5205: nid=04AjkP0jO9U ret=0x000000080A821799 reason=_umtx_op_wait
[LOADER][INFO] Guest thread 'AssetGarbageCollectorHelper' state=Blocked reason=_umtx_op_wait
[LOADER][INFO] guest_threads.timeout_wake count=1
[LOADER][INFO] guest_threads.timeout_wake count=1
[LOADER][INFO] Pumping guest thread 'AssetGarbageCollectorHelper' reason=dispatcher resume=0x000000080A821799
[LOADER][INFO] Pumping guest thread 'AssetGarbageCollectorHelper' reason=dispatcher resume=0x000000080A821799
[LOADER][INFO] Guest thread yield at import#7252: nid=04AjkP0jO9U ret=0x000000080A821799 reason=_umtx_op_wait
[LOADER][INFO] Guest thread yield at import#5972: nid=04AjkP0jO9U ret=0x000000080A821799 reason=_umtx_op_wait
[LOADER][INFO] Guest thread 'AssetGarbageCollectorHelper' state=Blocked reason=_umtx_op_wait
[LOADER][INFO] Guest thread 'AssetGarbageCollectorHelper' state=Blocked reason=_umtx_op_wait
[LOADER][INFO] guest_threads.timeout_wake count=1
[LOADER][INFO] Pumping guest thread 'AssetGarbageCollectorHelper' reason=ready-dispatch resume=0x000000080A821799
[LOADER][INFO] Guest thread yield at import#6229: nid=04AjkP0jO9U ret=0x000000080A821799 reason=_umtx_op_wait
[LOADER][INFO] Guest thread 'AssetGarbageCollectorHelper' state=Blocked reason=_umtx_op_wait
[LOADER][INFO] guest_threads.timeout_wake count=1
[LOADER][INFO] Pumping guest thread 'AssetGarbageCollectorHelper' reason=dispatcher resume=0x000000080A821799
[LOADER][INFO] Guest thread yield at import#5717: nid=04AjkP0jO9U ret=0x000000080A821799 reason=_umtx_op_wait
[LOADER][INFO] Guest thread 'AssetGarbageCollectorHelper' state=Blocked reason=_umtx_op_wait
[LOADER][INFO] guest_threads.timeout_wake count=1
[LOADER][INFO] Pumping guest thread 'AssetGarbageCollectorHelper' reason=dispatcher resume=0x000000080A821799
[LOADER][INFO] Guest thread yield at import#6740: nid=04AjkP0jO9U ret=0x000000080A821799 reason=_umtx_op_wait
[LOADER][INFO] Guest thread 'AssetGarbageCollectorHelper' state=Blocked reason=_umtx_op_wait
[LOADER][INFO] guest_threads.timeout_wake count=2
[LOADER][INFO] Pumping guest thread 'AssetGarbageCollectorHelper' reason=ready-dispatch resume=0x000000080A821799
[LOADER][INFO] Pumping guest thread 'AssetGarbageCollectorHelper' reason=ready-dispatch resume=0x000000080A821799
[LOADER][INFO] Guest thread yield at import#8276: nid=04AjkP0jO9U ret=0x000000080A821799 reason=_umtx_op_wait
[LOADER][INFO] Guest thread yield at import#7509: nid=04AjkP0jO9U ret=0x000000080A821799 reason=_umtx_op_wait
[LOADER][INFO] Guest thread 'AssetGarbageCollectorHelper' state=Blocked reason=_umtx_op_wait
[LOADER][INFO] Guest thread 'AssetGarbageCollectorHelper' state=Blocked reason=_umtx_op_wait
[LOADER][INFO] guest_threads.timeout_wake count=1
[LOADER][INFO] Pumping guest thread 'AssetGarbageCollectorHelper' reason=dispatcher resume=0x000000080A821799
[LOADER][INFO] Guest thread yield at import#6997: nid=04AjkP0jO9U ret=0x000000080A821799 reason=_umtx_op_wait
[LOADER][INFO] Guest thread 'AssetGarbageCollectorHelper' state=Blocked reason=_umtx_op_wait
[LOADER][INFO] guest_threads.timeout_wake count=1
[LOADER][INFO] Pumping guest thread 'AssetGarbageCollectorHelper' reason=ready-dispatch resume=0x000000080A821799
[LOADER][INFO] Guest thread yield at import#8533: nid=04AjkP0jO9U ret=0x000000080A821799 reason=_umtx_op_wait
[LOADER][INFO] Guest thread 'AssetGarbageCollectorHelper' state=Blocked reason=_umtx_op_wait
[LOADER][INFO] guest_threads.timeout_wake count=2
[LOADER][INFO] Pumping guest thread 'AssetGarbageCollectorHelper' reason=dispatcher resume=0x000000080A821799
[LOADER][INFO] Pumping guest thread 'AssetGarbageCollectorHelper' reason=dispatcher resume=0x000000080A821799
[LOADER][INFO] Guest thread yield at import#8021: nid=04AjkP0jO9U ret=0x000000080A821799 reason=_umtx_op_wait
[LOADER][INFO] Guest thread yield at import#7764: nid=04AjkP0jO9U ret=0x000000080A821799 reason=_umtx_op_wait
[LOADER][INFO] Guest thread 'AssetGarbageCollectorHelper' state=Blocked reason=_umtx_op_wait
[LOADER][INFO] Guest thread 'AssetGarbageCollectorHelper' state=Blocked reason=_umtx_op_wait
[LOADER][INFO] guest_threads.timeout_wake count=1
[LOADER][INFO] Pumping guest thread 'AssetGarbageCollectorHelper' reason=dispatcher resume=0x000000080A821799
[LOADER][INFO] Guest thread yield at import#5461: nid=04AjkP0jO9U ret=0x000000080A821799 reason=_umtx_op_wait
[LOADER][INFO] Guest thread 'AssetGarbageCollectorHelper' state=Blocked reason=_umtx_op_wait
[LOADER][INFO] guest_threads.timeout_wake count=1
[LOADER][INFO] Pumping guest thread 'AssetGarbageCollectorHelper' reason=dispatcher resume=0x000000080A821799
[LOADER][INFO] Guest thread yield at import#5206: nid=04AjkP0jO9U ret=0x000000080A821799 reason=_umtx_op_wait
[LOADER][INFO] Guest thread 'AssetGarbageCollectorHelper' state=Blocked reason=_umtx_op_wait
[LOADER][INFO] guest_threads.timeout_wake count=1
[LOADER][INFO] Pumping guest thread 'AssetGarbageCollectorHelper' reason=ready-dispatch resume=0x000000080A821799
[LOADER][INFO] Guest thread yield at import#7253: nid=04AjkP0jO9U ret=0x000000080A821799 reason=_umtx_op_wait
[LOADER][INFO] Guest thread 'AssetGarbageCollectorHelper' state=Blocked reason=_umtx_op_wait
[LOADER][INFO] guest_threads.timeout_wake count=1
[LOADER][INFO] guest_threads.timeout_wake count=1
[LOADER][INFO] Pumping guest thread 'AssetGarbageCollectorHelper' reason=dispatcher resume=0x000000080A821799
[LOADER][INFO] Pumping guest thread 'AssetGarbageCollectorHelper' reason=dispatcher resume=0x000000080A821799
[LOADER][INFO] Guest thread yield at import#6230: nid=04AjkP0jO9U ret=0x000000080A821799 reason=_umtx_op_wait
[LOADER][INFO] Guest thread yield at import#5973: nid=04AjkP0jO9U ret=0x000000080A821799 reason=_umtx_op_wait
[LOADER][INFO] Guest thread 'AssetGarbageCollectorHelper' state=Blocked reason=_umtx_op_wait
[LOADER][INFO] Guest thread 'AssetGarbageCollectorHelper' state=Blocked reason=_umtx_op_wait
[LOADER][INFO] guest_threads.timeout_wake count=1
[LOADER][INFO] Pumping guest thread 'AssetGarbageCollectorHelper' reason=dispatcher resume=0x000000080A821799
[LOADER][INFO] Guest thread yield at import#5718: nid=04AjkP0jO9U ret=0x000000080A821799 reason=_umtx_op_wait
[LOADER][INFO] Guest thread 'AssetGarbageCollectorHelper' state=Blocked reason=_umtx_op_wait
[LOADER][INFO] guest_threads.timeout_wake count=1
[LOADER][INFO] Pumping guest thread 'AssetGarbageCollectorHelper' reason=dispatcher resume=0x000000080A821799
[LOADER][INFO] Guest thread yield at import#6741: nid=04AjkP0jO9U ret=0x000000080A821799 reason=_umtx_op_wait
[LOADER][INFO] Guest thread 'AssetGarbageCollectorHelper' state=Blocked reason=_umtx_op_wait
[LOADER][INFO] guest_threads.timeout_wake count=2
[LOADER][INFO] Pumping guest thread 'AssetGarbageCollectorHelper' reason=dispatcher resume=0x000000080A821799
[LOADER][INFO] Pumping guest thread 'AssetGarbageCollectorHelper' reason=dispatcher resume=0x000000080A821799
[LOADER][INFO] Guest thread yield at import#7510: nid=04AjkP0jO9U ret=0x000000080A821799 reason=_umtx_op_wait
[LOADER][INFO] Guest thread yield at import#8277: nid=04AjkP0jO9U ret=0x000000080A821799 reason=_umtx_op_wait
[LOADER][INFO] Guest thread 'AssetGarbageCollectorHelper' state=Blocked reason=_umtx_op_wait
[LOADER][INFO] Guest thread 'AssetGarbageCollectorHelper' state=Blocked reason=_umtx_op_wait
[LOADER][INFO] guest_threads.timeout_wake count=1
[LOADER][INFO] Pumping guest thread 'AssetGarbageCollectorHelper' reason=ready-dispatch resume=0x000000080A821799
[LOADER][INFO] Guest thread yield at import#6998: nid=04AjkP0jO9U ret=0x000000080A821799 reason=_umtx_op_wait
[LOADER][INFO] Guest thread 'AssetGarbageCollectorHelper' state=Blocked reason=_umtx_op_wait
[LOADER][INFO] guest_threads.timeout_wake count=1
[LOADER][INFO] Pumping guest thread 'AssetGarbageCollectorHelper' reason=ready-dispatch resume=0x000000080A821799
[LOADER][INFO] Guest thread yield at import#8534: nid=04AjkP0jO9U ret=0x000000080A821799 reason=_umtx_op_wait
[LOADER][INFO] Guest thread 'AssetGarbageCollectorHelper' state=Blocked reason=_umtx_op_wait
[LOADER][INFO] guest_threads.timeout_wake count=2
[LOADER][INFO] Pumping guest thread 'AssetGarbageCollectorHelper' reason=dispatcher resume=0x000000080A821799
[LOADER][INFO] Pumping guest thread 'AssetGarbageCollectorHelper' reason=dispatcher resume=0x000000080A821799
[LOADER][INFO] Guest thread yield at import#8022: nid=04AjkP0jO9U ret=0x000000080A821799 reason=_umtx_op_wait
[LOADER][INFO] Guest thread yield at import#7765: nid=04AjkP0jO9U ret=0x000000080A821799 reason=_umtx_op_wait
[LOADER][INFO] Guest thread 'AssetGarbageCollectorHelper' state=Blocked reason=_umtx_op_wait
[LOADER][INFO] Guest thread 'AssetGarbageCollectorHelper' state=Blocked reason=_umtx_op_wait
[LOADER][INFO] guest_threads.timeout_wake count=1
[LOADER][INFO] Pumping guest thread 'AssetGarbageCollectorHelper' reason=dispatcher resume=0x000000080A821799
[LOADER][INFO] Guest thread yield at import#5462: nid=04AjkP0jO9U ret=0x000000080A821799 reason=_umtx_op_wait
[LOADER][INFO] Guest thread 'AssetGarbageCollectorHelper' state=Blocked reason=_umtx_op_wait
[LOADER][INFO] guest_threads.timeout_wake count=1
[LOADER][INFO] Pumping guest thread 'AssetGarbageCollectorHelper' reason=ready-dispatch resume=0x000000080A821799
[LOADER][INFO] Guest thread yield at import#5207: nid=04AjkP0jO9U ret=0x000000080A821799 reason=_umtx_op_wait
[LOADER][INFO] Guest thread 'AssetGarbageCollectorHelper' state=Blocked reason=_umtx_op_wait
[LOADER][INFO] guest_threads.timeout_wake count=1
[LOADER][INFO] Pumping guest thread 'AssetGarbageCollectorHelper' reason=dispatcher resume=0x000000080A821799
[LOADER][INFO] Guest thread yield at import#7254: nid=04AjkP0jO9U ret=0x000000080A821799 reason=_umtx_op_wait
[LOADER][INFO] Guest thread 'AssetGarbageCollectorHelper' state=Blocked reason=_umtx_op_wait
[LOADER][INFO] guest_threads.timeout_wake count=2
[LOADER][INFO] Pumping guest thread 'AssetGarbageCollectorHelper' reason=ready-dispatch resume=0x000000080A821799
[LOADER][INFO] Pumping guest thread 'AssetGarbageCollectorHelper' reason=ready-dispatch resume=0x000000080A821799
[LOADER][INFO] Guest thread yield at import#5974: nid=04AjkP0jO9U ret=0x000000080A821799 reason=_umtx_op_wait
[LOADER][INFO] Guest thread 'AssetGarbageCollectorHelper' state=Blocked reason=_umtx_op_wait
[LOADER][INFO] Guest thread yield at import#6231: nid=04AjkP0jO9U ret=0x000000080A821799 reason=_umtx_op_wait
[LOADER][INFO] Guest thread 'AssetGarbageCollectorHelper' state=Blocked reason=_umtx_op_wait
[LOADER][INFO] guest_threads.timeout_wake count=1
[LOADER][INFO] Pumping guest thread 'AssetGarbageCollectorHelper' reason=ready-dispatch resume=0x000000080A821799
[LOADER][INFO] Guest thread yield at import#5719: nid=04AjkP0jO9U ret=0x000000080A821799 reason=_umtx_op_wait
[LOADER][INFO] Guest thread 'AssetGarbageCollectorHelper' state=Blocked reason=_umtx_op_wait
[LOADER][INFO] guest_threads.timeout_wake count=1
[LOADER][INFO] Pumping guest thread 'AssetGarbageCollectorHelper' reason=dispatcher resume=0x000000080A821799
[LOADER][INFO] Guest thread yield at import#6742: nid=04AjkP0jO9U ret=0x000000080A821799 reason=_umtx_op_wait
[LOADER][INFO] Guest thread 'AssetGarbageCollectorHelper' state=Blocked reason=_umtx_op_wait
[LOADER][INFO] guest_threads.timeout_wake count=2
[LOADER][INFO] Pumping guest thread 'AssetGarbageCollectorHelper' reason=dispatcher resume=0x000000080A821799
[LOADER][INFO] Pumping guest thread 'AssetGarbageCollectorHelper' reason=dispatcher resume=0x000000080A821799
[LOADER][INFO] Guest thread yield at import#7511: nid=04AjkP0jO9U ret=0x000000080A821799 reason=_umtx_op_wait
[LOADER][INFO] Guest thread yield at import#8278: nid=04AjkP0jO9U ret=0x000000080A821799 reason=_umtx_op_wait
[LOADER][INFO] Guest thread 'AssetGarbageCollectorHelper' state=Blocked reason=_umtx_op_wait
[LOADER][INFO] Guest thread 'AssetGarbageCollectorHelper' state=Blocked reason=_umtx_op_wait
[LOADER][INFO] guest_threads.timeout_wake count=1
[LOADER][INFO] Pumping guest thread 'AssetGarbageCollectorHelper' reason=dispatcher resume=0x000000080A821799
[LOADER][INFO] Guest thread yield at import#6999: nid=04AjkP0jO9U ret=0x000000080A821799 reason=_umtx_op_wait
[LOADER][INFO] Guest thread 'AssetGarbageCollectorHelper' state=Blocked reason=_umtx_op_wait
[LOADER][INFO] guest_threads.timeout_wake count=1
[LOADER][INFO] Pumping guest thread 'AssetGarbageCollectorHelper' reason=dispatcher resume=0x000000080A821799
[LOADER][INFO] Guest thread yield at import#8535: nid=04AjkP0jO9U ret=0x000000080A821799 reason=_umtx_op_wait
[LOADER][INFO] Guest thread 'AssetGarbageCollectorHelper' state=Blocked reason=_umtx_op_wait
[LOADER][INFO] guest_threads.timeout_wake count=2
[LOADER][INFO] Pumping guest thread 'AssetGarbageCollectorHelper' reason=ready-dispatch resume=0x000000080A821799
[LOADER][INFO] Pumping guest thread 'AssetGarbageCollectorHelper' reason=ready-dispatch resume=0x000000080A821799
[LOADER][INFO] Guest thread yield at import#7766: nid=04AjkP0jO9U ret=0x000000080A821799 reason=_umtx_op_wait
[LOADER][INFO] Guest thread yield at import#8023: nid=04AjkP0jO9U ret=0x000000080A821799 reason=_umtx_op_wait
[LOADER][INFO] Guest thread 'AssetGarbageCollectorHelper' state=Blocked reason=_umtx_op_wait
[LOADER][INFO] Guest thread 'AssetGarbageCollectorHelper' state=Blocked reason=_umtx_op_wait
[LOADER][INFO] guest_threads.timeout_wake count=1
[LOADER][INFO] Pumping guest thread 'AssetGarbageCollectorHelper' reason=dispatcher resume=0x000000080A821799
[LOADER][INFO] Guest thread yield at import#5463: nid=04AjkP0jO9U ret=0x000000080A821799 reason=_umtx_op_wait
[LOADER][INFO] Guest thread 'AssetGarbageCollectorHelper' state=Blocked reason=_umtx_op_wait
[LOADER][INFO] guest_threads.timeout_wake count=1
[LOADER][INFO] Pumping guest thread 'AssetGarbageCollectorHelper' reason=ready-dispatch resume=0x000000080A821799
[LOADER][INFO] Guest thread yield at import#5208: nid=04AjkP0jO9U ret=0x000000080A821799 reason=_umtx_op_wait
[LOADER][INFO] Guest thread 'AssetGarbageCollectorHelper' state=Blocked reason=_umtx_op_wait
[LOADER][INFO] guest_threads.timeout_wake count=1
[LOADER][INFO] Pumping guest thread 'AssetGarbageCollectorHelper' reason=dispatcher resume=0x000000080A821799
[LOADER][INFO] Guest thread yield at import#7255: nid=04AjkP0jO9U ret=0x000000080A821799 reason=_umtx_op_wait
[LOADER][INFO] Guest thread 'AssetGarbageCollectorHelper' state=Blocked reason=_umtx_op_wait
[LOADER][INFO] guest_threads.timeout_wake count=1
[LOADER][INFO] guest_threads.timeout_wake count=1
[LOADER][INFO] Pumping guest thread 'AssetGarbageCollectorHelper' reason=ready-dispatch resume=0x000000080A821799
[LOADER][INFO] Pumping guest thread 'AssetGarbageCollectorHelper' reason=ready-dispatch resume=0x000000080A821799
[LOADER][INFO] Guest thread yield at import#6232: nid=04AjkP0jO9U ret=0x000000080A821799 reason=_umtx_op_wait
[LOADER][INFO] Guest thread yield at import#5975: nid=04AjkP0jO9U ret=0x000000080A821799 reason=_umtx_op_wait
[LOADER][INFO] Guest thread 'AssetGarbageCollectorHelper' state=Blocked reason=_umtx_op_wait
[LOADER][INFO] Guest thread 'AssetGarbageCollectorHelper' state=Blocked reason=_umtx_op_wait
[LOADER][INFO] guest_threads.timeout_wake count=1
[LOADER][INFO] Pumping guest thread 'AssetGarbageCollectorHelper' reason=dispatcher resume=0x000000080A821799
[LOADER][INFO] Guest thread yield at import#5720: nid=04AjkP0jO9U ret=0x000000080A821799 reason=_umtx_op_wait
[LOADER][INFO] Guest thread 'AssetGarbageCollectorHelper' state=Blocked reason=_umtx_op_wait
[LOADER][INFO] guest_threads.timeout_wake count=1
[LOADER][INFO] Pumping guest thread 'AssetGarbageCollectorHelper' reason=dispatcher resume=0x000000080A821799
[LOADER][INFO] Guest thread yield at import#6743: nid=04AjkP0jO9U ret=0x000000080A821799 reason=_umtx_op_wait
[LOADER][INFO] Guest thread 'AssetGarbageCollectorHelper' state=Blocked reason=_umtx_op_wait
[LOADER][INFO] guest_threads.timeout_wake count=2
[LOADER][INFO] Pumping guest thread 'AssetGarbageCollectorHelper' reason=dispatcher resume=0x000000080A821799
[LOADER][INFO] Pumping guest thread 'AssetGarbageCollectorHelper' reason=dispatcher resume=0x000000080A821799
[LOADER][INFO] Guest thread yield at import#7512: nid=04AjkP0jO9U ret=0x000000080A821799 reason=_umtx_op_wait
[LOADER][INFO] Guest thread yield at import#8279: nid=04AjkP0jO9U ret=0x000000080A821799 reason=_umtx_op_wait
[LOADER][INFO] Guest thread 'AssetGarbageCollectorHelper' state=Blocked reason=_umtx_op_wait
[LOADER][INFO] Guest thread 'AssetGarbageCollectorHelper' state=Blocked reason=_umtx_op_wait
[LOADER][INFO] guest_threads.timeout_wake count=1
[LOADER][INFO] Pumping guest thread 'AssetGarbageCollectorHelper' reason=dispatcher resume=0x000000080A821799
[LOADER][INFO] Guest thread yield at import#7000: nid=04AjkP0jO9U ret=0x000000080A821799 reason=_umtx_op_wait
[LOADER][INFO] Guest thread 'AssetGarbageCollectorHelper' state=Blocked reason=_umtx_op_wait
[LOADER][INFO] guest_threads.timeout_wake count=1
[LOADER][INFO] Pumping guest thread 'AssetGarbageCollectorHelper' reason=ready-dispatch resume=0x000000080A821799
[LOADER][INFO] Guest thread yield at import#8536: nid=04AjkP0jO9U ret=0x000000080A821799 reason=_umtx_op_wait
[LOADER][INFO] Guest thread 'AssetGarbageCollectorHelper' state=Blocked reason=_umtx_op_wait
[LOADER][INFO] guest_threads.timeout_wake count=2
[LOADER][INFO] Pumping guest thread 'AssetGarbageCollectorHelper' reason=dispatcher resume=0x000000080A821799
[LOADER][INFO] Pumping guest thread 'AssetGarbageCollectorHelper' reason=dispatcher resume=0x000000080A821799
[LOADER][INFO] Guest thread yield at import#8024: nid=04AjkP0jO9U ret=0x000000080A821799 reason=_umtx_op_wait
[LOADER][INFO] Guest thread yield at import#7767: nid=04AjkP0jO9U ret=0x000000080A821799 reason=_umtx_op_wait
[LOADER][INFO] Guest thread 'AssetGarbageCollectorHelper' state=Blocked reason=_umtx_op_wait
[LOADER][INFO] Guest thread 'AssetGarbageCollectorHelper' state=Blocked reason=_umtx_op_wait
[LOADER][INFO] guest_threads.timeout_wake count=1
[LOADER][INFO] Pumping guest thread 'AssetGarbageCollectorHelper' reason=dispatcher resume=0x000000080A821799
[LOADER][INFO] Guest thread yield at import#5464: nid=04AjkP0jO9U ret=0x000000080A821799 reason=_umtx_op_wait
[LOADER][INFO] Guest thread 'AssetGarbageCollectorHelper' state=Blocked reason=_umtx_op_wait
[LOADER][INFO] guest_threads.timeout_wake count=1
[LOADER][INFO] Pumping guest thread 'AssetGarbageCollectorHelper' reason=ready-dispatch resume=0x000000080A821799
[LOADER][INFO] Guest thread yield at import#5209: nid=04AjkP0jO9U ret=0x000000080A821799 reason=_umtx_op_wait
[LOADER][INFO] Guest thread 'AssetGarbageCollectorHelper' state=Blocked reason=_umtx_op_wait
[LOADER][INFO] guest_threads.timeout_wake count=1
[LOADER][INFO] Pumping guest thread 'AssetGarbageCollectorHelper' reason=ready-dispatch resume=0x000000080A821799
[LOADER][INFO] Guest thread yield at import#7256: nid=04AjkP0jO9U ret=0x000000080A821799 reason=_umtx_op_wait
[LOADER][INFO] Guest thread 'AssetGarbageCollectorHelper' state=Blocked reason=_umtx_op_wait
[LOADER][INFO] guest_threads.timeout_wake count=2
[LOADER][INFO] Pumping guest thread 'AssetGarbageCollectorHelper' reason=dispatcher resume=0x000000080A821799
[LOADER][INFO] Pumping guest thread 'AssetGarbageCollectorHelper' reason=dispatcher resume=0x000000080A821799
[LOADER][INFO] Guest thread yield at import#6233: nid=04AjkP0jO9U ret=0x000000080A821799 reason=_umtx_op_wait
[LOADER][INFO] Guest thread yield at import#5976: nid=04AjkP0jO9U ret=0x000000080A821799 reason=_umtx_op_wait
[LOADER][INFO] Guest thread 'AssetGarbageCollectorHelper' state=Blocked reason=_umtx_op_wait
[LOADER][INFO] Guest thread 'AssetGarbageCollectorHelper' state=Blocked reason=_umtx_op_wait
[LOADER][INFO] guest_threads.timeout_wake count=1
[LOADER][INFO] Pumping guest thread 'AssetGarbageCollectorHelper' reason=ready-dispatch resume=0x000000080A821799
[LOADER][INFO] Guest thread yield at import#5721: nid=04AjkP0jO9U ret=0x000000080A821799 reason=_umtx_op_wait
[LOADER][INFO] Guest thread 'AssetGarbageCollectorHelper' state=Blocked reason=_umtx_op_wait
[LOADER][INFO] guest_threads.timeout_wake count=1
[LOADER][INFO] Pumping guest thread 'AssetGarbageCollectorHelper' reason=dispatcher resume=0x000000080A821799
[LOADER][INFO] Guest thread yield at import#6744: nid=04AjkP0jO9U ret=0x000000080A821799 reason=_umtx_op_wait
[LOADER][INFO] Guest thread 'AssetGarbageCollectorHelper' state=Blocked reason=_umtx_op_wait
[LOADER][INFO] guest_threads.timeout_wake count=2
[LOADER][INFO] Pumping guest thread 'AssetGarbageCollectorHelper' reason=ready-dispatch resume=0x000000080A821799
[LOADER][INFO] Guest thread yield at import#7513: nid=04AjkP0jO9U ret=0x000000080A821799 reason=_umtx_op_wait
[LOADER][INFO] Pumping guest thread 'AssetGarbageCollectorHelper' reason=ready-dispatch resume=0x000000080A821799
[LOADER][INFO] Guest thread 'AssetGarbageCollectorHelper' state=Blocked reason=_umtx_op_wait
[LOADER][INFO] Guest thread yield at import#8280: nid=04AjkP0jO9U ret=0x000000080A821799 reason=_umtx_op_wait
[LOADER][INFO] Guest thread 'AssetGarbageCollectorHelper' state=Blocked reason=_umtx_op_wait
[LOADER][INFO] guest_threads.timeout_wake count=1
[LOADER][INFO] Pumping guest thread 'AssetGarbageCollectorHelper' reason=ready-dispatch resume=0x000000080A821799
[LOADER][INFO] Guest thread yield at import#7001: nid=04AjkP0jO9U ret=0x000000080A821799 reason=_umtx_op_wait
[LOADER][INFO] Guest thread 'AssetGarbageCollectorHelper' state=Blocked reason=_umtx_op_wait
[LOADER][INFO] guest_threads.timeout_wake count=1
[LOADER][INFO] Pumping guest thread 'AssetGarbageCollectorHelper' reason=dispatcher resume=0x000000080A821799
[LOADER][INFO] Guest thread yield at import#8537: nid=04AjkP0jO9U ret=0x000000080A821799 reason=_umtx_op_wait
[LOADER][INFO] Guest thread 'AssetGarbageCollectorHelper' state=Blocked reason=_umtx_op_wait
[LOADER][INFO] guest_threads.timeout_wake count=2
[LOADER][INFO] Pumping guest thread 'AssetGarbageCollectorHelper' reason=dispatcher resume=0x000000080A821799
[LOADER][INFO] Pumping guest thread 'AssetGarbageCollectorHelper' reason=dispatcher resume=0x000000080A821799
[LOADER][INFO] Guest thread yield at import#8025: nid=04AjkP0jO9U ret=0x000000080A821799 reason=_umtx_op_wait
[LOADER][INFO] Guest thread yield at import#7768: nid=04AjkP0jO9U ret=0x000000080A821799 reason=_umtx_op_wait
[LOADER][INFO] Guest thread 'AssetGarbageCollectorHelper' state=Blocked reason=_umtx_op_wait
[LOADER][INFO] Guest thread 'AssetGarbageCollectorHelper' state=Blocked reason=_umtx_op_wait
[LOADER][INFO] guest_threads.timeout_wake count=1
[LOADER][INFO] Pumping guest thread 'AssetGarbageCollectorHelper' reason=dispatcher resume=0x000000080A821799
[LOADER][INFO] Guest thread yield at import#5465: nid=04AjkP0jO9U ret=0x000000080A821799 reason=_umtx_op_wait
[LOADER][INFO] Guest thread 'AssetGarbageCollectorHelper' state=Blocked reason=_umtx_op_wait
[LOADER][INFO] guest_threads.timeout_wake count=1
[LOADER][INFO] Pumping guest thread 'AssetGarbageCollectorHelper' reason=dispatcher resume=0x000000080A821799
[LOADER][INFO] Guest thread yield at import#5210: nid=04AjkP0jO9U ret=0x000000080A821799 reason=_umtx_op_wait
[LOADER][INFO] Guest thread 'AssetGarbageCollectorHelper' state=Blocked reason=_umtx_op_wait
[LOADER][INFO] guest_threads.timeout_wake count=2
[LOADER][INFO] guest_threads.timeout_wake count=1
[LOADER][INFO] Pumping guest thread 'AssetGarbageCollectorHelper' reason=dispatcher resume=0x000000080A821799
[LOADER][INFO] Pumping guest thread 'AssetGarbageCollectorHelper' reason=dispatcher resume=0x000000080A821799
[LOADER][INFO] Pumping guest thread 'AssetGarbageCollectorHelper' reason=dispatcher resume=0x000000080A821799
[LOADER][INFO] Guest thread yield at import#5977: nid=04AjkP0jO9U ret=0x000000080A821799 reason=_umtx_op_wait
[LOADER][INFO] Guest thread 'AssetGarbageCollectorHelper' state=Blocked reason=_umtx_op_wait
[LOADER][INFO] Guest thread yield at import#7257: nid=04AjkP0jO9U ret=0x000000080A821799 reason=_umtx_op_wait
[LOADER][INFO] Guest thread yield at import#6234: nid=04AjkP0jO9U ret=0x000000080A821799 reason=_umtx_op_wait
[LOADER][INFO] Guest thread 'AssetGarbageCollectorHelper' state=Blocked reason=_umtx_op_wait
[LOADER][INFO] Guest thread 'AssetGarbageCollectorHelper' state=Blocked reason=_umtx_op_wait
[LOADER][INFO] guest_threads.timeout_wake count=1
[LOADER][INFO] Pumping guest thread 'AssetGarbageCollectorHelper' reason=dispatcher resume=0x000000080A821799
[LOADER][INFO] Guest thread yield at import#5722: nid=04AjkP0jO9U ret=0x000000080A821799 reason=_umtx_op_wait
[LOADER][INFO] Guest thread 'AssetGarbageCollectorHelper' state=Blocked reason=_umtx_op_wait
[LOADER][INFO] guest_threads.timeout_wake count=1
[LOADER][INFO] Pumping guest thread 'AssetGarbageCollectorHelper' reason=dispatcher resume=0x000000080A821799
[LOADER][INFO] Guest thread yield at import#6745: nid=04AjkP0jO9U ret=0x000000080A821799 reason=_umtx_op_wait
[LOADER][INFO] Guest thread 'AssetGarbageCollectorHelper' state=Blocked reason=_umtx_op_wait
[LOADER][INFO] guest_threads.timeout_wake count=1
[LOADER][INFO] Pumping guest thread 'AssetGarbageCollectorHelper' reason=ready-dispatch resume=0x000000080A821799
[LOADER][INFO] Guest thread yield at import#7514: nid=04AjkP0jO9U ret=0x000000080A821799 reason=_umtx_op_wait
[LOADER][INFO] Guest thread 'AssetGarbageCollectorHelper' state=Blocked reason=_umtx_op_wait
[LOADER][INFO] guest_threads.timeout_wake count=1
[LOADER][INFO] Pumping guest thread 'AssetGarbageCollectorHelper' reason=ready-dispatch resume=0x000000080A821799
[LOADER][INFO] Guest thread yield at import#8281: nid=04AjkP0jO9U ret=0x000000080A821799 reason=_umtx_op_wait
[LOADER][INFO] Guest thread 'AssetGarbageCollectorHelper' state=Blocked reason=_umtx_op_wait
[LOADER][INFO] guest_threads.timeout_wake count=1
[LOADER][INFO] Pumping guest thread 'AssetGarbageCollectorHelper' reason=ready-dispatch resume=0x000000080A821799
[LOADER][INFO] Guest thread yield at import#7002: nid=04AjkP0jO9U ret=0x000000080A821799 reason=_umtx_op_wait
[LOADER][INFO] Guest thread 'AssetGarbageCollectorHelper' state=Blocked reason=_umtx_op_wait
[LOADER][INFO] guest_threads.timeout_wake count=1
[LOADER][INFO] Pumping guest thread 'AssetGarbageCollectorHelper' reason=ready-dispatch resume=0x000000080A821799
[LOADER][INFO] Guest thread yield at import#8538: nid=04AjkP0jO9U ret=0x000000080A821799 reason=_umtx_op_wait
[LOADER][INFO] Guest thread 'AssetGarbageCollectorHelper' state=Blocked reason=_umtx_op_wait
[LOADER][INFO] guest_threads.timeout_wake count=2
[LOADER][INFO] Pumping guest thread 'AssetGarbageCollectorHelper' reason=dispatcher resume=0x000000080A821799
[LOADER][INFO] Pumping guest thread 'AssetGarbageCollectorHelper' reason=dispatcher resume=0x000000080A821799
[LOADER][INFO] Guest thread yield at import#7769: nid=04AjkP0jO9U ret=0x000000080A821799 reason=_umtx_op_wait
[LOADER][INFO] Guest thread yield at import#8026: nid=04AjkP0jO9U ret=0x000000080A821799 reason=_umtx_op_wait
[LOADER][INFO] Guest thread 'AssetGarbageCollectorHelper' state=Blocked reason=_umtx_op_wait
[LOADER][INFO] Guest thread 'AssetGarbageCollectorHelper' state=Blocked reason=_umtx_op_wait
[LOADER][INFO] guest_threads.timeout_wake count=1
[LOADER][INFO] Pumping guest thread 'AssetGarbageCollectorHelper' reason=dispatcher resume=0x000000080A821799
[LOADER][INFO] Guest thread yield at import#5466: nid=04AjkP0jO9U ret=0x000000080A821799 reason=_umtx_op_wait
[LOADER][INFO] Guest thread 'AssetGarbageCollectorHelper' state=Blocked reason=_umtx_op_wait
[LOADER][INFO] guest_threads.timeout_wake count=1
[LOADER][INFO] Pumping guest thread 'AssetGarbageCollectorHelper' reason=dispatcher resume=0x000000080A821799
[LOADER][INFO] Guest thread yield at import#5211: nid=04AjkP0jO9U ret=0x000000080A821799 reason=_umtx_op_wait
[LOADER][INFO] Guest thread 'AssetGarbageCollectorHelper' state=Blocked reason=_umtx_op_wait
[LOADER][INFO] guest_threads.timeout_wake count=3
[LOADER][INFO] Pumping guest thread 'AssetGarbageCollectorHelper' reason=dispatcher resume=0x000000080A821799
[LOADER][INFO] Pumping guest thread 'AssetGarbageCollectorHelper' reason=dispatcher resume=0x000000080A821799
[LOADER][INFO] Pumping guest thread 'AssetGarbageCollectorHelper' reason=dispatcher resume=0x000000080A821799
[LOADER][INFO] Guest thread yield at import#5978: nid=04AjkP0jO9U ret=0x000000080A821799 reason=_umtx_op_wait
[LOADER][INFO] Guest thread yield at import#7258: nid=04AjkP0jO9U ret=0x000000080A821799 reason=_umtx_op_wait
[LOADER][INFO] Guest thread yield at import#6235: nid=04AjkP0jO9U ret=0x000000080A821799 reason=_umtx_op_wait
[LOADER][INFO] Guest thread 'AssetGarbageCollectorHelper' state=Blocked reason=_umtx_op_wait
[LOADER][INFO] Guest thread 'AssetGarbageCollectorHelper' state=Blocked reason=_umtx_op_wait
[LOADER][INFO] Guest thread 'AssetGarbageCollectorHelper' state=Blocked reason=_umtx_op_wait
[LOADER][INFO] guest_threads.timeout_wake count=1
[LOADER][INFO] Pumping guest thread 'AssetGarbageCollectorHelper' reason=ready-dispatch resume=0x000000080A821799
[LOADER][INFO] Guest thread yield at import#5723: nid=04AjkP0jO9U ret=0x000000080A821799 reason=_umtx_op_wait
[LOADER][INFO] Guest thread 'AssetGarbageCollectorHelper' state=Blocked reason=_umtx_op_wait
[LOADER][INFO] guest_threads.timeout_wake count=1
[LOADER][INFO] Pumping guest thread 'AssetGarbageCollectorHelper' reason=ready-dispatch resume=0x000000080A821799
[LOADER][INFO] Guest thread yield at import#6746: nid=04AjkP0jO9U ret=0x000000080A821799 reason=_umtx_op_wait
[LOADER][INFO] Guest thread 'AssetGarbageCollectorHelper' state=Blocked reason=_umtx_op_wait
[LOADER][INFO] guest_threads.timeout_wake count=2
[LOADER][INFO] Pumping guest thread 'AssetGarbageCollectorHelper' reason=ready-dispatch resume=0x000000080A821799
[LOADER][INFO] Pumping guest thread 'AssetGarbageCollectorHelper' reason=ready-dispatch resume=0x000000080A821799
[LOADER][INFO] Guest thread yield at import#8282: nid=04AjkP0jO9U ret=0x000000080A821799 reason=_umtx_op_wait
[LOADER][INFO] Guest thread yield at import#7515: nid=04AjkP0jO9U ret=0x000000080A821799 reason=_umtx_op_wait
[LOADER][INFO] Guest thread 'AssetGarbageCollectorHelper' state=Blocked reason=_umtx_op_wait
[LOADER][INFO] Guest thread 'AssetGarbageCollectorHelper' state=Blocked reason=_umtx_op_wait
[LOADER][INFO] guest_threads.timeout_wake count=1
[LOADER][INFO] Pumping guest thread 'AssetGarbageCollectorHelper' reason=dispatcher resume=0x000000080A821799
[LOADER][INFO] Guest thread yield at import#7003: nid=04AjkP0jO9U ret=0x000000080A821799 reason=_umtx_op_wait
[LOADER][INFO] Guest thread 'AssetGarbageCollectorHelper' state=Blocked reason=_umtx_op_wait
[LOADER][INFO] guest_threads.timeout_wake count=1
[LOADER][INFO] Pumping guest thread 'AssetGarbageCollectorHelper' reason=ready-dispatch resume=0x000000080A821799
[LOADER][INFO] Guest thread yield at import#8539: nid=04AjkP0jO9U ret=0x000000080A821799 reason=_umtx_op_wait
[LOADER][INFO] Guest thread 'AssetGarbageCollectorHelper' state=Blocked reason=_umtx_op_wait
[LOADER][INFO] guest_threads.timeout_wake count=2
[LOADER][INFO] Pumping guest thread 'AssetGarbageCollectorHelper' reason=ready-dispatch resume=0x000000080A821799
[LOADER][INFO] Guest thread yield at import#7770: nid=04AjkP0jO9U ret=0x000000080A821799 reason=_umtx_op_wait
[LOADER][INFO] Pumping guest thread 'AssetGarbageCollectorHelper' reason=ready-dispatch resume=0x000000080A821799
[LOADER][INFO] Guest thread 'AssetGarbageCollectorHelper' state=Blocked reason=_umtx_op_wait
[LOADER][INFO] Guest thread yield at import#8027: nid=04AjkP0jO9U ret=0x000000080A821799 reason=_umtx_op_wait
[LOADER][INFO] Guest thread 'AssetGarbageCollectorHelper' state=Blocked reason=_umtx_op_wait
[LOADER][INFO] guest_threads.timeout_wake count=1
[LOADER][INFO] guest_threads.timeout_wake count=1
[LOADER][INFO] guest_threads.timeout_wake count=7
[LOADER][INFO] Pumping guest thread 'AssetGarbageCollectorHelper' reason=dispatcher resume=0x000000080A821799
[LOADER][INFO] Guest thread yield at import#5724: nid=04AjkP0jO9U ret=0x000000080A821799 reason=_umtx_op_wait
[LOADER][INFO] Guest thread 'AssetGarbageCollectorHelper' state=Blocked reason=_umtx_op_wait
[LOADER][INFO] guest_threads.timeout_wake count=2
[LOADER][INFO] Pumping guest thread 'AssetGarbageCollectorHelper' reason=ready-dispatch resume=0x000000080A821799
[LOADER][INFO] Guest thread yield at import#5467: nid=04AjkP0jO9U ret=0x000000080A821799 reason=_umtx_op_wait
[LOADER][INFO] Guest thread 'AssetGarbageCollectorHelper' state=Blocked reason=_umtx_op_wait
[LOADER][INFO] Pumping guest thread 'AssetGarbageCollectorHelper' reason=dispatcher resume=0x000000080A821799
[LOADER][INFO] Guest thread yield at import#6747: nid=04AjkP0jO9U ret=0x000000080A821799 reason=_umtx_op_wait
[LOADER][INFO] Pumping guest thread 'AssetGarbageCollectorHelper' reason=dispatcher resume=0x000000080A821799
[LOADER][INFO] Pumping guest thread 'AssetGarbageCollectorHelper' reason=dispatcher resume=0x000000080A821799
[LOADER][INFO] Guest thread yield at import#7516: nid=04AjkP0jO9U ret=0x000000080A821799 reason=_umtx_op_wait
[LOADER][INFO] Guest thread 'AssetGarbageCollectorHelper' state=Blocked reason=_umtx_op_wait
[LOADER][INFO] Pumping guest thread 'AssetGarbageCollectorHelper' reason=dispatcher resume=0x000000080A821799
[LOADER][INFO] Pumping guest thread 'AssetGarbageCollectorHelper' reason=dispatcher resume=0x000000080A821799
[LOADER][INFO] Pumping guest thread 'AssetGarbageCollectorHelper' reason=dispatcher resume=0x000000080A821799
[LOADER][INFO] Guest thread yield at import#5212: nid=04AjkP0jO9U ret=0x000000080A821799 reason=_umtx_op_wait
[LOADER][INFO] Guest thread 'AssetGarbageCollectorHelper' state=Blocked reason=_umtx_op_wait
[LOADER][INFO] Guest thread yield at import#7259: nid=04AjkP0jO9U ret=0x000000080A821799 reason=_umtx_op_wait
[LOADER][INFO] Pumping guest thread 'AssetGarbageCollectorHelper' reason=ready-dispatch resume=0x000000080A821799
[LOADER][INFO] Pumping guest thread 'AssetGarbageCollectorHelper' reason=ready-dispatch resume=0x000000080A821799
[LOADER][INFO] guest_threads.timeout_wake count=1
[LOADER][INFO] Pumping guest thread 'AssetGarbageCollectorHelper' reason=ready-dispatch resume=0x000000080A821799
[LOADER][INFO] Guest thread yield at import#8283: nid=04AjkP0jO9U ret=0x000000080A821799 reason=_umtx_op_wait
[LOADER][INFO] Guest thread 'AssetGarbageCollectorHelper' state=Blocked reason=_umtx_op_wait
[LOADER][INFO] Pumping guest thread 'AssetGarbageCollectorHelper' reason=dispatcher resume=0x000000080A821799
[LOADER][INFO] Guest thread 'AssetGarbageCollectorHelper' state=Blocked reason=_umtx_op_wait
[LOADER][INFO] Guest thread 'AssetGarbageCollectorHelper' state=Blocked reason=_umtx_op_wait
[LOADER][INFO] Guest thread yield at import#7004: nid=04AjkP0jO9U ret=0x000000080A821799 reason=_umtx_op_wait
[LOADER][INFO] Guest thread 'AssetGarbageCollectorHelper' state=Blocked reason=_umtx_op_wait
[LOADER][INFO] Guest thread yield at import#7771: nid=04AjkP0jO9U ret=0x000000080A821799 reason=_umtx_op_wait
[LOADER][INFO] Guest thread yield at import#5979: nid=04AjkP0jO9U ret=0x000000080A821799 reason=_umtx_op_wait
[LOADER][INFO] Guest thread yield at import#6236: nid=04AjkP0jO9U ret=0x000000080A821799 reason=_umtx_op_wait
[LOADER][INFO] Guest thread yield at import#8540: nid=04AjkP0jO9U ret=0x000000080A821799 reason=_umtx_op_wait
[LOADER][INFO] Guest thread 'AssetGarbageCollectorHelper' state=Blocked reason=_umtx_op_wait
[LOADER][INFO] Guest thread 'AssetGarbageCollectorHelper' state=Blocked reason=_umtx_op_wait
[LOADER][INFO] Guest thread 'AssetGarbageCollectorHelper' state=Blocked reason=_umtx_op_wait
[LOADER][INFO] Guest thread 'AssetGarbageCollectorHelper' state=Blocked reason=_umtx_op_wait
[LOADER][INFO] guest_threads.timeout_wake count=1
[LOADER][INFO] Pumping guest thread 'AssetGarbageCollectorHelper' reason=ready-dispatch resume=0x000000080A821799
[LOADER][INFO] Guest thread yield at import#8028: nid=04AjkP0jO9U ret=0x000000080A821799 reason=_umtx_op_wait
[LOADER][INFO] Guest thread 'AssetGarbageCollectorHelper' state=Blocked reason=_umtx_op_wait
[LOADER][INFO] guest_threads.timeout_wake count=1
[LOADER][INFO] Pumping guest thread 'AssetGarbageCollectorHelper' reason=ready-dispatch resume=0x000000080A821799
[LOADER][INFO] Guest thread yield at import#5725: nid=04AjkP0jO9U ret=0x000000080A821799 reason=_umtx_op_wait
[LOADER][INFO] Guest thread 'AssetGarbageCollectorHelper' state=Blocked reason=_umtx_op_wait
[LOADER][INFO] guest_threads.timeout_wake count=1
[LOADER][INFO] Pumping guest thread 'AssetGarbageCollectorHelper' reason=ready-dispatch resume=0x000000080A821799
[LOADER][INFO] Guest thread yield at import#5468: nid=04AjkP0jO9U ret=0x000000080A821799 reason=_umtx_op_wait
[LOADER][INFO] Guest thread 'AssetGarbageCollectorHelper' state=Blocked reason=_umtx_op_wait
[LOADER][INFO] guest_threads.timeout_wake count=1
[LOADER][INFO] Pumping guest thread 'AssetGarbageCollectorHelper' reason=ready-dispatch resume=0x000000080A821799
[LOADER][INFO] Guest thread yield at import#6748: nid=04AjkP0jO9U ret=0x000000080A821799 reason=_umtx_op_wait
[LOADER][INFO] Guest thread 'AssetGarbageCollectorHelper' state=Blocked reason=_umtx_op_wait
[LOADER][INFO] guest_threads.timeout_wake count=2
[LOADER][INFO] Pumping guest thread 'AssetGarbageCollectorHelper' reason=dispatcher resume=0x000000080A821799
[LOADER][INFO] Pumping guest thread 'AssetGarbageCollectorHelper' reason=dispatcher resume=0x000000080A821799
[LOADER][INFO] Guest thread yield at import#7260: nid=04AjkP0jO9U ret=0x000000080A821799 reason=_umtx_op_wait
[LOADER][INFO] Guest thread yield at import#7517: nid=04AjkP0jO9U ret=0x000000080A821799 reason=_umtx_op_wait
[LOADER][INFO] Guest thread 'AssetGarbageCollectorHelper' state=Blocked reason=_umtx_op_wait
[LOADER][INFO] Guest thread 'AssetGarbageCollectorHelper' state=Blocked reason=_umtx_op_wait
[LOADER][INFO] guest_threads.timeout_wake count=1
[LOADER][INFO] guest_threads.timeout_wake count=1
[LOADER][INFO] Pumping guest thread 'AssetGarbageCollectorHelper' reason=dispatcher resume=0x000000080A821799
[LOADER][INFO] Pumping guest thread 'AssetGarbageCollectorHelper' reason=dispatcher resume=0x000000080A821799
[LOADER][INFO] Guest thread yield at import#5980: nid=04AjkP0jO9U ret=0x000000080A821799 reason=_umtx_op_wait
[LOADER][INFO] Guest thread yield at import#8284: nid=04AjkP0jO9U ret=0x000000080A821799 reason=_umtx_op_wait
[LOADER][INFO] Guest thread 'AssetGarbageCollectorHelper' state=Blocked reason=_umtx_op_wait
[LOADER][INFO] Guest thread 'AssetGarbageCollectorHelper' state=Blocked reason=_umtx_op_wait
[LOADER][INFO] guest_threads.timeout_wake count=1
[LOADER][INFO] Pumping guest thread 'AssetGarbageCollectorHelper' reason=dispatcher resume=0x000000080A821799
[LOADER][INFO] Guest thread yield at import#5213: nid=04AjkP0jO9U ret=0x000000080A821799 reason=_umtx_op_wait
[LOADER][INFO] Guest thread 'AssetGarbageCollectorHelper' state=Blocked reason=_umtx_op_wait
[LOADER][INFO] guest_threads.timeout_wake count=2
[LOADER][INFO] Pumping guest thread 'AssetGarbageCollectorHelper' reason=dispatcher resume=0x000000080A821799
[LOADER][INFO] Pumping guest thread 'AssetGarbageCollectorHelper' reason=dispatcher resume=0x000000080A821799
[LOADER][INFO] Guest thread yield at import#8541: nid=04AjkP0jO9U ret=0x000000080A821799 reason=_umtx_op_wait
[LOADER][INFO] Guest thread yield at import#7005: nid=04AjkP0jO9U ret=0x000000080A821799 reason=_umtx_op_wait
[LOADER][INFO] Guest thread 'AssetGarbageCollectorHelper' state=Blocked reason=_umtx_op_wait
[LOADER][INFO] Guest thread 'AssetGarbageCollectorHelper' state=Blocked reason=_umtx_op_wait
[LOADER][INFO] guest_threads.timeout_wake count=1
[LOADER][INFO] Pumping guest thread 'AssetGarbageCollectorHelper' reason=ready-dispatch resume=0x000000080A821799
[LOADER][INFO] Guest thread yield at import#7772: nid=04AjkP0jO9U ret=0x000000080A821799 reason=_umtx_op_wait
[LOADER][INFO] Guest thread 'AssetGarbageCollectorHelper' state=Blocked reason=_umtx_op_wait
[LOADER][INFO] guest_threads.timeout_wake count=1
[LOADER][INFO] Pumping guest thread 'AssetGarbageCollectorHelper' reason=dispatcher resume=0x000000080A821799
[LOADER][INFO] Guest thread yield at import#6237: nid=04AjkP0jO9U ret=0x000000080A821799 reason=_umtx_op_wait
[LOADER][INFO] Guest thread 'AssetGarbageCollectorHelper' state=Blocked reason=_umtx_op_wait
[LOADER][INFO] guest_threads.timeout_wake count=1
[LOADER][INFO] Pumping guest thread 'AssetGarbageCollectorHelper' reason=ready-dispatch resume=0x000000080A821799
[LOADER][INFO] Guest thread yield at import#8029: nid=04AjkP0jO9U ret=0x000000080A821799 reason=_umtx_op_wait
[LOADER][INFO] Guest thread 'AssetGarbageCollectorHelper' state=Blocked reason=_umtx_op_wait
[LOADER][INFO] guest_threads.timeout_wake count=1
[LOADER][INFO] Pumping guest thread 'AssetGarbageCollectorHelper' reason=dispatcher resume=0x000000080A821799
[LOADER][INFO] Guest thread yield at import#5726: nid=04AjkP0jO9U ret=0x000000080A821799 reason=_umtx_op_wait
[LOADER][INFO] Guest thread 'AssetGarbageCollectorHelper' state=Blocked reason=_umtx_op_wait
[LOADER][INFO] guest_threads.timeout_wake count=1
[LOADER][INFO] Pumping guest thread 'AssetGarbageCollectorHelper' reason=dispatcher resume=0x000000080A821799
[LOADER][INFO] Guest thread yield at import#5469: nid=04AjkP0jO9U ret=0x000000080A821799 reason=_umtx_op_wait
[LOADER][INFO] Guest thread 'AssetGarbageCollectorHelper' state=Blocked reason=_umtx_op_wait
[LOADER][INFO] guest_threads.timeout_wake count=1
[LOADER][INFO] Pumping guest thread 'AssetGarbageCollectorHelper' reason=ready-dispatch resume=0x000000080A821799
[LOADER][INFO] Guest thread yield at import#6749: nid=04AjkP0jO9U ret=0x000000080A821799 reason=_umtx_op_wait
[LOADER][INFO] Guest thread 'AssetGarbageCollectorHelper' state=Blocked reason=_umtx_op_wait
[LOADER][INFO] guest_threads.timeout_wake count=2
[LOADER][INFO] Pumping guest thread 'AssetGarbageCollectorHelper' reason=dispatcher resume=0x000000080A821799
[LOADER][INFO] Pumping guest thread 'AssetGarbageCollectorHelper' reason=dispatcher resume=0x000000080A821799
[LOADER][INFO] Guest thread yield at import#7518: nid=04AjkP0jO9U ret=0x000000080A821799 reason=_umtx_op_wait
[LOADER][INFO] Guest thread yield at import#7261: nid=04AjkP0jO9U ret=0x000000080A821799 reason=_umtx_op_wait
[LOADER][INFO] Guest thread 'AssetGarbageCollectorHelper' state=Blocked reason=_umtx_op_wait
[LOADER][INFO] Guest thread 'AssetGarbageCollectorHelper' state=Blocked reason=_umtx_op_wait
[LOADER][INFO] guest_threads.timeout_wake count=2
[LOADER][INFO] guest_threads.timeout_wake count=1
[LOADER][INFO] Pumping guest thread 'AssetGarbageCollectorHelper' reason=dispatcher resume=0x000000080A821799
[LOADER][INFO] Pumping guest thread 'AssetGarbageCollectorHelper' reason=dispatcher resume=0x000000080A821799
[LOADER][INFO] Guest thread yield at import#5981: nid=04AjkP0jO9U ret=0x000000080A821799 reason=_umtx_op_wait
[LOADER][INFO] Pumping guest thread 'AssetGarbageCollectorHelper' reason=dispatcher resume=0x000000080A821799
[LOADER][INFO] Guest thread yield at import#8285: nid=04AjkP0jO9U ret=0x000000080A821799 reason=_umtx_op_wait
[LOADER][INFO] Guest thread 'AssetGarbageCollectorHelper' state=Blocked reason=_umtx_op_wait
[LOADER][INFO] Guest thread yield at import#5214: nid=04AjkP0jO9U ret=0x000000080A821799 reason=_umtx_op_wait
[LOADER][INFO] Guest thread 'AssetGarbageCollectorHelper' state=Blocked reason=_umtx_op_wait
[LOADER][INFO] Guest thread 'AssetGarbageCollectorHelper' state=Blocked reason=_umtx_op_wait
[LOADER][INFO] guest_threads.timeout_wake count=2
[LOADER][INFO] Pumping guest thread 'AssetGarbageCollectorHelper' reason=dispatcher resume=0x000000080A821799
[LOADER][INFO] Pumping guest thread 'AssetGarbageCollectorHelper' reason=dispatcher resume=0x000000080A821799
[LOADER][INFO] Guest thread yield at import#8542: nid=04AjkP0jO9U ret=0x000000080A821799 reason=_umtx_op_wait
[LOADER][INFO] Guest thread yield at import#7006: nid=04AjkP0jO9U ret=0x000000080A821799 reason=_umtx_op_wait
[LOADER][INFO] Guest thread 'AssetGarbageCollectorHelper' state=Blocked reason=_umtx_op_wait
[LOADER][INFO] Guest thread 'AssetGarbageCollectorHelper' state=Blocked reason=_umtx_op_wait
[LOADER][INFO] guest_threads.timeout_wake count=1
[LOADER][INFO] Pumping guest thread 'AssetGarbageCollectorHelper' reason=ready-dispatch resume=0x000000080A821799
[LOADER][INFO] Guest thread yield at import#7773: nid=04AjkP0jO9U ret=0x000000080A821799 reason=_umtx_op_wait
[LOADER][INFO] Guest thread 'AssetGarbageCollectorHelper' state=Blocked reason=_umtx_op_wait
[LOADER][INFO] guest_threads.timeout_wake count=1
[LOADER][INFO] Pumping guest thread 'AssetGarbageCollectorHelper' reason=ready-dispatch resume=0x000000080A821799
[LOADER][INFO] Guest thread yield at import#6238: nid=04AjkP0jO9U ret=0x000000080A821799 reason=_umtx_op_wait
[LOADER][INFO] Guest thread 'AssetGarbageCollectorHelper' state=Blocked reason=_umtx_op_wait
[LOADER][INFO] guest_threads.timeout_wake count=1
[LOADER][INFO] Pumping guest thread 'AssetGarbageCollectorHelper' reason=dispatcher resume=0x000000080A821799
[LOADER][INFO] Guest thread yield at import#8030: nid=04AjkP0jO9U ret=0x000000080A821799 reason=_umtx_op_wait
[LOADER][INFO] Guest thread 'AssetGarbageCollectorHelper' state=Blocked reason=_umtx_op_wait
[LOADER][INFO] guest_threads.timeout_wake count=1
[LOADER][INFO] Pumping guest thread 'AssetGarbageCollectorHelper' reason=dispatcher resume=0x000000080A821799
[LOADER][INFO] Guest thread yield at import#5727: nid=04AjkP0jO9U ret=0x000000080A821799 reason=_umtx_op_wait
[LOADER][INFO] Guest thread 'AssetGarbageCollectorHelper' state=Blocked reason=_umtx_op_wait
[LOADER][INFO] guest_threads.timeout_wake count=1
[LOADER][INFO] Pumping guest thread 'AssetGarbageCollectorHelper' reason=dispatcher resume=0x000000080A821799
[LOADER][INFO] Guest thread yield at import#5470: nid=04AjkP0jO9U ret=0x000000080A821799 reason=_umtx_op_wait
[LOADER][INFO] Guest thread 'AssetGarbageCollectorHelper' state=Blocked reason=_umtx_op_wait
[LOADER][INFO] guest_threads.timeout_wake count=1
[LOADER][INFO] Pumping guest thread 'AssetGarbageCollectorHelper' reason=dispatcher resume=0x000000080A821799
[LOADER][INFO] Guest thread yield at import#6750: nid=04AjkP0jO9U ret=0x000000080A821799 reason=_umtx_op_wait
[LOADER][INFO] Guest thread 'AssetGarbageCollectorHelper' state=Blocked reason=_umtx_op_wait
[LOADER][INFO] guest_threads.timeout_wake count=2
[LOADER][INFO] Pumping guest thread 'AssetGarbageCollectorHelper' reason=dispatcher resume=0x000000080A821799
[LOADER][INFO] Pumping guest thread 'AssetGarbageCollectorHelper' reason=dispatcher resume=0x000000080A821799
[LOADER][INFO] Guest thread yield at import#7519: nid=04AjkP0jO9U ret=0x000000080A821799 reason=_umtx_op_wait
[LOADER][INFO] Guest thread yield at import#7262: nid=04AjkP0jO9U ret=0x000000080A821799 reason=_umtx_op_wait
[LOADER][INFO] Guest thread 'AssetGarbageCollectorHelper' state=Blocked reason=_umtx_op_wait
[LOADER][INFO] Guest thread 'AssetGarbageCollectorHelper' state=Blocked reason=_umtx_op_wait
[LOADER][INFO] guest_threads.timeout_wake count=2
[LOADER][INFO] guest_threads.timeout_wake count=1
[LOADER][INFO] Pumping guest thread 'AssetGarbageCollectorHelper' reason=dispatcher resume=0x000000080A821799
[LOADER][INFO] Guest thread yield at import#5982: nid=04AjkP0jO9U ret=0x000000080A821799 reason=_umtx_op_wait
[LOADER][INFO] Pumping guest thread 'AssetGarbageCollectorHelper' reason=dispatcher resume=0x000000080A821799
[LOADER][INFO] Pumping guest thread 'AssetGarbageCollectorHelper' reason=dispatcher resume=0x000000080A821799
[LOADER][INFO] Guest thread 'AssetGarbageCollectorHelper' state=Blocked reason=_umtx_op_wait
[LOADER][INFO] Guest thread yield at import#5215: nid=04AjkP0jO9U ret=0x000000080A821799 reason=_umtx_op_wait
[LOADER][INFO] Guest thread yield at import#8286: nid=04AjkP0jO9U ret=0x000000080A821799 reason=_umtx_op_wait
[LOADER][INFO] Guest thread 'AssetGarbageCollectorHelper' state=Blocked reason=_umtx_op_wait
[LOADER][INFO] Guest thread 'AssetGarbageCollectorHelper' state=Blocked reason=_umtx_op_wait
[LOADER][INFO] guest_threads.timeout_wake count=2
[LOADER][INFO] Pumping guest thread 'AssetGarbageCollectorHelper' reason=ready-dispatch resume=0x000000080A821799
[LOADER][INFO] Pumping guest thread 'AssetGarbageCollectorHelper' reason=ready-dispatch resume=0x000000080A821799
[LOADER][INFO] Guest thread yield at import#8543: nid=04AjkP0jO9U ret=0x000000080A821799 reason=_umtx_op_wait
[LOADER][INFO] Guest thread yield at import#7007: nid=04AjkP0jO9U ret=0x000000080A821799 reason=_umtx_op_wait
[LOADER][INFO] Guest thread 'AssetGarbageCollectorHelper' state=Blocked reason=_umtx_op_wait
[LOADER][INFO] Guest thread 'AssetGarbageCollectorHelper' state=Blocked reason=_umtx_op_wait
[LOADER][INFO] guest_threads.timeout_wake count=1
[LOADER][INFO] Pumping guest thread 'AssetGarbageCollectorHelper' reason=dispatcher resume=0x000000080A821799
[LOADER][INFO] Guest thread yield at import#7774: nid=04AjkP0jO9U ret=0x000000080A821799 reason=_umtx_op_wait
[LOADER][INFO] Guest thread 'AssetGarbageCollectorHelper' state=Blocked reason=_umtx_op_wait
[LOADER][INFO] guest_threads.timeout_wake count=1
[LOADER][INFO] Pumping guest thread 'AssetGarbageCollectorHelper' reason=dispatcher resume=0x000000080A821799
[LOADER][INFO] Guest thread yield at import#6239: nid=04AjkP0jO9U ret=0x000000080A821799 reason=_umtx_op_wait
[LOADER][INFO] Guest thread 'AssetGarbageCollectorHelper' state=Blocked reason=_umtx_op_wait
[LOADER][INFO] guest_threads.timeout_wake count=1
[LOADER][INFO] Pumping guest thread 'AssetGarbageCollectorHelper' reason=ready-dispatch resume=0x000000080A821799
[LOADER][INFO] Guest thread yield at import#8031: nid=04AjkP0jO9U ret=0x000000080A821799 reason=_umtx_op_wait
[LOADER][INFO] Guest thread 'AssetGarbageCollectorHelper' state=Blocked reason=_umtx_op_wait
[LOADER][INFO] guest_threads.timeout_wake count=1
[LOADER][INFO] Pumping guest thread 'AssetGarbageCollectorHelper' reason=dispatcher resume=0x000000080A821799
[LOADER][INFO] Guest thread yield at import#5728: nid=04AjkP0jO9U ret=0x000000080A821799 reason=_umtx_op_wait
[LOADER][INFO] Guest thread 'AssetGarbageCollectorHelper' state=Blocked reason=_umtx_op_wait
[LOADER][INFO] guest_threads.timeout_wake count=1
[LOADER][INFO] Pumping guest thread 'AssetGarbageCollectorHelper' reason=ready-dispatch resume=0x000000080A821799
[LOADER][INFO] Guest thread yield at import#5471: nid=04AjkP0jO9U ret=0x000000080A821799 reason=_umtx_op_wait
[LOADER][INFO] Guest thread 'AssetGarbageCollectorHelper' state=Blocked reason=_umtx_op_wait
[LOADER][INFO] guest_threads.timeout_wake count=1
[LOADER][INFO] Pumping guest thread 'AssetGarbageCollectorHelper' reason=dispatcher resume=0x000000080A821799
[LOADER][INFO] Guest thread yield at import#6751: nid=04AjkP0jO9U ret=0x000000080A821799 reason=_umtx_op_wait
[LOADER][INFO] Guest thread 'AssetGarbageCollectorHelper' state=Blocked reason=_umtx_op_wait
[LOADER][INFO] guest_threads.timeout_wake count=2
[LOADER][INFO] Pumping guest thread 'AssetGarbageCollectorHelper' reason=ready-dispatch resume=0x000000080A821799
[LOADER][INFO] Pumping guest thread 'AssetGarbageCollectorHelper' reason=ready-dispatch resume=0x000000080A821799
[LOADER][INFO] Guest thread yield at import#7520: nid=04AjkP0jO9U ret=0x000000080A821799 reason=_umtx_op_wait
[LOADER][INFO] Guest thread yield at import#7263: nid=04AjkP0jO9U ret=0x000000080A821799 reason=_umtx_op_wait
[LOADER][INFO] Guest thread 'AssetGarbageCollectorHelper' state=Blocked reason=_umtx_op_wait
[LOADER][INFO] Guest thread 'AssetGarbageCollectorHelper' state=Blocked reason=_umtx_op_wait
[LOADER][INFO] guest_threads.timeout_wake count=3
[LOADER][INFO] Pumping guest thread 'AssetGarbageCollectorHelper' reason=ready-dispatch resume=0x000000080A821799
[LOADER][INFO] Pumping guest thread 'AssetGarbageCollectorHelper' reason=ready-dispatch resume=0x000000080A821799
[LOADER][INFO] Pumping guest thread 'AssetGarbageCollectorHelper' reason=ready-dispatch resume=0x000000080A821799
[LOADER][INFO] Guest thread yield at import#5216: nid=04AjkP0jO9U ret=0x000000080A821799 reason=_umtx_op_wait
[LOADER][INFO] Guest thread yield at import#8287: nid=04AjkP0jO9U ret=0x000000080A821799 reason=_umtx_op_wait
[LOADER][INFO] Guest thread yield at import#5983: nid=04AjkP0jO9U ret=0x000000080A821799 reason=_umtx_op_wait
[LOADER][INFO] Guest thread 'AssetGarbageCollectorHelper' state=Blocked reason=_umtx_op_wait
[LOADER][INFO] Guest thread 'AssetGarbageCollectorHelper' state=Blocked reason=_umtx_op_wait
[LOADER][INFO] Guest thread 'AssetGarbageCollectorHelper' state=Blocked reason=_umtx_op_wait
[LOADER][INFO] guest_threads.timeout_wake count=2
[LOADER][INFO] Pumping guest thread 'AssetGarbageCollectorHelper' reason=ready-dispatch resume=0x000000080A821799
[LOADER][INFO] Pumping guest thread 'AssetGarbageCollectorHelper' reason=ready-dispatch resume=0x000000080A821799
[LOADER][INFO] Guest thread yield at import#8544: nid=04AjkP0jO9U ret=0x000000080A821799 reason=_umtx_op_wait
[LOADER][INFO] Guest thread yield at import#7008: nid=04AjkP0jO9U ret=0x000000080A821799 reason=_umtx_op_wait
[LOADER][INFO] Guest thread 'AssetGarbageCollectorHelper' state=Blocked reason=_umtx_op_wait
[LOADER][INFO] Guest thread 'AssetGarbageCollectorHelper' state=Blocked reason=_umtx_op_wait
[LOADER][INFO] guest_threads.timeout_wake count=1
[LOADER][INFO] Pumping guest thread 'AssetGarbageCollectorHelper' reason=dispatcher resume=0x000000080A821799
[LOADER][INFO] Guest thread yield at import#7775: nid=04AjkP0jO9U ret=0x000000080A821799 reason=_umtx_op_wait
[LOADER][INFO] Guest thread 'AssetGarbageCollectorHelper' state=Blocked reason=_umtx_op_wait
[LOADER][INFO] guest_threads.timeout_wake count=1
[LOADER][INFO] Pumping guest thread 'AssetGarbageCollectorHelper' reason=dispatcher resume=0x000000080A821799
[LOADER][INFO] Guest thread yield at import#6240: nid=04AjkP0jO9U ret=0x000000080A821799 reason=_umtx_op_wait
[LOADER][INFO] Guest thread 'AssetGarbageCollectorHelper' state=Blocked reason=_umtx_op_wait
[LOADER][INFO] guest_threads.timeout_wake count=1
[LOADER][INFO] Pumping guest thread 'AssetGarbageCollectorHelper' reason=dispatcher resume=0x000000080A821799
[LOADER][INFO] Guest thread yield at import#8032: nid=04AjkP0jO9U ret=0x000000080A821799 reason=_umtx_op_wait
[LOADER][INFO] Guest thread 'AssetGarbageCollectorHelper' state=Blocked reason=_umtx_op_wait
[LOADER][INFO] guest_threads.timeout_wake count=1
[LOADER][INFO] Pumping guest thread 'AssetGarbageCollectorHelper' reason=ready-dispatch resume=0x000000080A821799
[LOADER][INFO] Guest thread yield at import#5729: nid=04AjkP0jO9U ret=0x000000080A821799 reason=_umtx_op_wait
[LOADER][INFO] Guest thread 'AssetGarbageCollectorHelper' state=Blocked reason=_umtx_op_wait
[LOADER][INFO] guest_threads.timeout_wake count=1
[LOADER][INFO] Pumping guest thread 'AssetGarbageCollectorHelper' reason=ready-dispatch resume=0x000000080A821799
[LOADER][INFO] Guest thread yield at import#5472: nid=04AjkP0jO9U ret=0x000000080A821799 reason=_umtx_op_wait
[LOADER][INFO] Guest thread 'AssetGarbageCollectorHelper' state=Blocked reason=_umtx_op_wait
[LOADER][INFO] guest_threads.timeout_wake count=1
[LOADER][INFO] Pumping guest thread 'AssetGarbageCollectorHelper' reason=dispatcher resume=0x000000080A821799
[LOADER][INFO] Guest thread yield at import#6752: nid=04AjkP0jO9U ret=0x000000080A821799 reason=_umtx_op_wait
[LOADER][INFO] Guest thread 'AssetGarbageCollectorHelper' state=Blocked reason=_umtx_op_wait
[LOADER][INFO] guest_threads.timeout_wake count=1
[LOADER][INFO] Pumping guest thread 'AssetGarbageCollectorHelper' reason=ready-dispatch resume=0x000000080A821799
[LOADER][INFO] Guest thread yield at import#7521: nid=04AjkP0jO9U ret=0x000000080A821799 reason=_umtx_op_wait
[LOADER][INFO] Guest thread 'AssetGarbageCollectorHelper' state=Blocked reason=_umtx_op_wait
[LOADER][INFO] guest_threads.timeout_wake count=1
[LOADER][INFO] Pumping guest thread 'AssetGarbageCollectorHelper' reason=dispatcher resume=0x000000080A821799
[LOADER][INFO] Guest thread yield at import#7264: nid=04AjkP0jO9U ret=0x000000080A821799 reason=_umtx_op_wait
[LOADER][INFO] Guest thread 'AssetGarbageCollectorHelper' state=Blocked reason=_umtx_op_wait
[LOADER][INFO] guest_threads.timeout_wake count=3
[LOADER][INFO] Pumping guest thread 'AssetGarbageCollectorHelper' reason=dispatcher resume=0x000000080A821799
[LOADER][INFO] Pumping guest thread 'AssetGarbageCollectorHelper' reason=dispatcher resume=0x000000080A821799
[LOADER][INFO] Pumping guest thread 'AssetGarbageCollectorHelper' reason=dispatcher resume=0x000000080A821799
[LOADER][INFO] Guest thread yield at import#8288: nid=04AjkP0jO9U ret=0x000000080A821799 reason=_umtx_op_wait
[LOADER][INFO] Guest thread yield at import#5217: nid=04AjkP0jO9U ret=0x000000080A821799 reason=_umtx_op_wait
[LOADER][INFO] Guest thread yield at import#5984: nid=04AjkP0jO9U ret=0x000000080A821799 reason=_umtx_op_wait
[LOADER][INFO] Guest thread 'AssetGarbageCollectorHelper' state=Blocked reason=_umtx_op_wait
[LOADER][INFO] Guest thread 'AssetGarbageCollectorHelper' state=Blocked reason=_umtx_op_wait
[LOADER][INFO] Guest thread 'AssetGarbageCollectorHelper' state=Blocked reason=_umtx_op_wait
[LOADER][INFO] guest_threads.timeout_wake count=2
[LOADER][INFO] Pumping guest thread 'AssetGarbageCollectorHelper' reason=ready-dispatch resume=0x000000080A821799
[LOADER][INFO] Pumping guest thread 'AssetGarbageCollectorHelper' reason=ready-dispatch resume=0x000000080A821799
[LOADER][INFO] Guest thread yield at import#8545: nid=04AjkP0jO9U ret=0x000000080A821799 reason=_umtx_op_wait
[LOADER][INFO] Guest thread yield at import#7009: nid=04AjkP0jO9U ret=0x000000080A821799 reason=_umtx_op_wait
[LOADER][INFO] Guest thread 'AssetGarbageCollectorHelper' state=Blocked reason=_umtx_op_wait
[LOADER][INFO] Guest thread 'AssetGarbageCollectorHelper' state=Blocked reason=_umtx_op_wait
[LOADER][INFO] guest_threads.timeout_wake count=1
[LOADER][INFO] Pumping guest thread 'AssetGarbageCollectorHelper' reason=dispatcher resume=0x000000080A821799
[LOADER][INFO] Guest thread yield at import#7776: nid=04AjkP0jO9U ret=0x000000080A821799 reason=_umtx_op_wait
[LOADER][INFO] Guest thread 'AssetGarbageCollectorHelper' state=Blocked reason=_umtx_op_wait
[LOADER][INFO] guest_threads.timeout_wake count=1
[LOADER][INFO] Pumping guest thread 'AssetGarbageCollectorHelper' reason=ready-dispatch resume=0x000000080A821799
[LOADER][INFO] Guest thread yield at import#6241: nid=04AjkP0jO9U ret=0x000000080A821799 reason=_umtx_op_wait
[LOADER][INFO] Guest thread 'AssetGarbageCollectorHelper' state=Blocked reason=_umtx_op_wait
[LOADER][INFO] guest_threads.timeout_wake count=1
[LOADER][INFO] Pumping guest thread 'AssetGarbageCollectorHelper' reason=dispatcher resume=0x000000080A821799
[LOADER][INFO] Guest thread yield at import#8033: nid=04AjkP0jO9U ret=0x000000080A821799 reason=_umtx_op_wait
[LOADER][INFO] Guest thread 'AssetGarbageCollectorHelper' state=Blocked reason=_umtx_op_wait
[LOADER][INFO] guest_threads.timeout_wake count=1
[LOADER][INFO] Pumping guest thread 'AssetGarbageCollectorHelper' reason=ready-dispatch resume=0x000000080A821799
[LOADER][INFO] Guest thread yield at import#5730: nid=04AjkP0jO9U ret=0x000000080A821799 reason=_umtx_op_wait
[LOADER][INFO] Guest thread 'AssetGarbageCollectorHelper' state=Blocked reason=_umtx_op_wait
[LOADER][INFO] guest_threads.timeout_wake count=1
[LOADER][INFO] guest_threads.timeout_wake count=1
[LOADER][INFO] Pumping guest thread 'AssetGarbageCollectorHelper' reason=dispatcher resume=0x000000080A821799
[LOADER][INFO] Pumping guest thread 'AssetGarbageCollectorHelper' reason=dispatcher resume=0x000000080A821799
[LOADER][INFO] Guest thread yield at import#5473: nid=04AjkP0jO9U ret=0x000000080A821799 reason=_umtx_op_wait
[LOADER][INFO] Guest thread yield at import#6753: nid=04AjkP0jO9U ret=0x000000080A821799 reason=_umtx_op_wait
[LOADER][INFO] Guest thread 'AssetGarbageCollectorHelper' state=Blocked reason=_umtx_op_wait
[LOADER][INFO] Guest thread 'AssetGarbageCollectorHelper' state=Blocked reason=_umtx_op_wait
[LOADER][INFO] guest_threads.timeout_wake count=1
[LOADER][INFO] Pumping guest thread 'AssetGarbageCollectorHelper' reason=ready-dispatch resume=0x000000080A821799
[LOADER][INFO] Guest thread yield at import#7522: nid=04AjkP0jO9U ret=0x000000080A821799 reason=_umtx_op_wait
[LOADER][INFO] Guest thread 'AssetGarbageCollectorHelper' state=Blocked reason=_umtx_op_wait
[LOADER][INFO] guest_threads.timeout_wake count=1
[LOADER][INFO] Pumping guest thread 'AssetGarbageCollectorHelper' reason=dispatcher resume=0x000000080A821799
[LOADER][INFO] Guest thread yield at import#7265: nid=04AjkP0jO9U ret=0x000000080A821799 reason=_umtx_op_wait
[LOADER][INFO] Guest thread 'AssetGarbageCollectorHelper' state=Blocked reason=_umtx_op_wait
[LOADER][INFO] guest_threads.timeout_wake count=3
[LOADER][INFO] Pumping guest thread 'AssetGarbageCollectorHelper' reason=dispatcher resume=0x000000080A821799
[LOADER][INFO] Pumping guest thread 'AssetGarbageCollectorHelper' reason=dispatcher resume=0x000000080A821799
[LOADER][INFO] Pumping guest thread 'AssetGarbageCollectorHelper' reason=dispatcher resume=0x000000080A821799
[LOADER][INFO] Guest thread yield at import#8289: nid=04AjkP0jO9U ret=0x000000080A821799 reason=_umtx_op_wait
[LOADER][INFO] Guest thread yield at import#5218: nid=04AjkP0jO9U ret=0x000000080A821799 reason=_umtx_op_wait
[LOADER][INFO] Guest thread yield at import#5985: nid=04AjkP0jO9U ret=0x000000080A821799 reason=_umtx_op_wait
[LOADER][INFO] Guest thread 'AssetGarbageCollectorHelper' state=Blocked reason=_umtx_op_wait
[LOADER][INFO] Guest thread 'AssetGarbageCollectorHelper' state=Blocked reason=_umtx_op_wait
[LOADER][INFO] Guest thread 'AssetGarbageCollectorHelper' state=Blocked reason=_umtx_op_wait
[LOADER][INFO] guest_threads.timeout_wake count=2
[LOADER][INFO] Pumping guest thread 'AssetGarbageCollectorHelper' reason=dispatcher resume=0x000000080A821799
[LOADER][INFO] Pumping guest thread 'AssetGarbageCollectorHelper' reason=dispatcher resume=0x000000080A821799
[LOADER][INFO] Guest thread yield at import#7010: nid=04AjkP0jO9U ret=0x000000080A821799 reason=_umtx_op_wait
[LOADER][INFO] Guest thread yield at import#8546: nid=04AjkP0jO9U ret=0x000000080A821799 reason=_umtx_op_wait
[LOADER][INFO] Guest thread 'AssetGarbageCollectorHelper' state=Blocked reason=_umtx_op_wait
[LOADER][INFO] Guest thread 'AssetGarbageCollectorHelper' state=Blocked reason=_umtx_op_wait
[LOADER][INFO] guest_threads.timeout_wake count=1
[LOADER][INFO] Pumping guest thread 'AssetGarbageCollectorHelper' reason=dispatcher resume=0x000000080A821799
[LOADER][INFO] Guest thread yield at import#7777: nid=04AjkP0jO9U ret=0x000000080A821799 reason=_umtx_op_wait
[LOADER][INFO] Guest thread 'AssetGarbageCollectorHelper' state=Blocked reason=_umtx_op_wait
[LOADER][INFO] guest_threads.timeout_wake count=1
[LOADER][INFO] Pumping guest thread 'AssetGarbageCollectorHelper' reason=ready-dispatch resume=0x000000080A821799
[LOADER][INFO] Guest thread yield at import#6242: nid=04AjkP0jO9U ret=0x000000080A821799 reason=_umtx_op_wait
[LOADER][INFO] Guest thread 'AssetGarbageCollectorHelper' state=Blocked reason=_umtx_op_wait
[LOADER][INFO] guest_threads.timeout_wake count=1
[LOADER][INFO] Pumping guest thread 'AssetGarbageCollectorHelper' reason=ready-dispatch resume=0x000000080A821799
[LOADER][INFO] Guest thread yield at import#8034: nid=04AjkP0jO9U ret=0x000000080A821799 reason=_umtx_op_wait
[LOADER][INFO] Guest thread 'AssetGarbageCollectorHelper' state=Blocked reason=_umtx_op_wait
[LOADER][INFO] guest_threads.timeout_wake count=1
[LOADER][INFO] Pumping guest thread 'AssetGarbageCollectorHelper' reason=ready-dispatch resume=0x000000080A821799
[LOADER][INFO] Guest thread yield at import#5731: nid=04AjkP0jO9U ret=0x000000080A821799 reason=_umtx_op_wait
[LOADER][INFO] Guest thread 'AssetGarbageCollectorHelper' state=Blocked reason=_umtx_op_wait
[LOADER][INFO] guest_threads.timeout_wake count=4
[LOADER][INFO] Pumping guest thread 'AssetGarbageCollectorHelper' reason=dispatcher resume=0x000000080A821799
[LOADER][INFO] Pumping guest thread 'AssetGarbageCollectorHelper' reason=dispatcher resume=0x000000080A821799
[LOADER][INFO] Guest thread yield at import#6754: nid=04AjkP0jO9U ret=0x000000080A821799 reason=_umtx_op_wait
[LOADER][INFO] Guest thread 'AssetGarbageCollectorHelper' state=Blocked reason=_umtx_op_wait
[LOADER][INFO] Guest thread yield at import#5474: nid=04AjkP0jO9U ret=0x000000080A821799 reason=_umtx_op_wait
[LOADER][INFO] Pumping guest thread 'AssetGarbageCollectorHelper' reason=dispatcher resume=0x000000080A821799
[LOADER][INFO] Pumping guest thread 'AssetGarbageCollectorHelper' reason=dispatcher resume=0x000000080A821799
[LOADER][INFO] Guest thread 'AssetGarbageCollectorHelper' state=Blocked reason=_umtx_op_wait
[LOADER][INFO] Guest thread yield at import#7266: nid=04AjkP0jO9U ret=0x000000080A821799 reason=_umtx_op_wait
[LOADER][INFO] Guest thread yield at import#7523: nid=04AjkP0jO9U ret=0x000000080A821799 reason=_umtx_op_wait
[LOADER][INFO] Guest thread 'AssetGarbageCollectorHelper' state=Blocked reason=_umtx_op_wait
[LOADER][INFO] Guest thread 'AssetGarbageCollectorHelper' state=Blocked reason=_umtx_op_wait
[LOADER][INFO] guest_threads.timeout_wake count=3
[LOADER][INFO] Pumping guest thread 'AssetGarbageCollectorHelper' reason=dispatcher resume=0x000000080A821799
[LOADER][INFO] Guest thread yield at import#8290: nid=04AjkP0jO9U ret=0x000000080A821799 reason=_umtx_op_wait
[LOADER][INFO] Guest thread 'AssetGarbageCollectorHelper' state=Blocked reason=_umtx_op_wait
[LOADER][INFO] Pumping guest thread 'AssetGarbageCollectorHelper' reason=dispatcher resume=0x000000080A821799
[LOADER][INFO] Pumping guest thread 'AssetGarbageCollectorHelper' reason=dispatcher resume=0x000000080A821799
[LOADER][INFO] Guest thread yield at import#5986: nid=04AjkP0jO9U ret=0x000000080A821799 reason=_umtx_op_wait
[LOADER][INFO] Guest thread yield at import#5219: nid=04AjkP0jO9U ret=0x000000080A821799 reason=_umtx_op_wait
[LOADER][INFO] Guest thread 'AssetGarbageCollectorHelper' state=Blocked reason=_umtx_op_wait
[LOADER][INFO] Guest thread 'AssetGarbageCollectorHelper' state=Blocked reason=_umtx_op_wait
[LOADER][INFO] guest_threads.timeout_wake count=2
[LOADER][INFO] guest_threads.timeout_wake count=1
[LOADER][INFO] Pumping guest thread 'AssetGarbageCollectorHelper' reason=dispatcher resume=0x000000080A821799
[LOADER][INFO] Guest thread yield at import#7011: nid=04AjkP0jO9U ret=0x000000080A821799 reason=_umtx_op_wait
[LOADER][INFO] Pumping guest thread 'AssetGarbageCollectorHelper' reason=dispatcher resume=0x000000080A821799
[LOADER][INFO] Guest thread yield at import#7778: nid=04AjkP0jO9U ret=0x000000080A821799 reason=_umtx_op_wait
[LOADER][INFO] Guest thread 'AssetGarbageCollectorHelper' state=Blocked reason=_umtx_op_wait
[LOADER][INFO] Pumping guest thread 'AssetGarbageCollectorHelper' reason=dispatcher resume=0x000000080A821799
[LOADER][INFO] guest_threads.timeout_wake count=1
[LOADER][INFO] Guest thread 'AssetGarbageCollectorHelper' state=Blocked reason=_umtx_op_wait
[LOADER][INFO] Pumping guest thread 'AssetGarbageCollectorHelper' reason=ready-dispatch resume=0x000000080A821799
[LOADER][INFO] Guest thread yield at import#8547: nid=04AjkP0jO9U ret=0x000000080A821799 reason=_umtx_op_wait
[LOADER][INFO] Guest thread 'AssetGarbageCollectorHelper' state=Blocked reason=_umtx_op_wait
[LOADER][INFO] Guest thread yield at import#6243: nid=04AjkP0jO9U ret=0x000000080A821799 reason=_umtx_op_wait
[LOADER][INFO] Guest thread 'AssetGarbageCollectorHelper' state=Blocked reason=_umtx_op_wait
[LOADER][INFO] guest_threads.timeout_wake count=1
[LOADER][INFO] Pumping guest thread 'AssetGarbageCollectorHelper' reason=dispatcher resume=0x000000080A821799
[LOADER][INFO] Guest thread yield at import#8035: nid=04AjkP0jO9U ret=0x000000080A821799 reason=_umtx_op_wait
[LOADER][INFO] Guest thread 'AssetGarbageCollectorHelper' state=Blocked reason=_umtx_op_wait
[LOADER][INFO] guest_threads.timeout_wake count=1
[LOADER][INFO] Pumping guest thread 'AssetGarbageCollectorHelper' reason=ready-dispatch resume=0x000000080A821799
[LOADER][INFO] Guest thread yield at import#5732: nid=04AjkP0jO9U ret=0x000000080A821799 reason=_umtx_op_wait
[LOADER][INFO] Guest thread 'AssetGarbageCollectorHelper' state=Blocked reason=_umtx_op_wait
[LOADER][INFO] guest_threads.timeout_wake count=2
[LOADER][INFO] Pumping guest thread 'AssetGarbageCollectorHelper' reason=ready-dispatch resume=0x000000080A821799
[LOADER][INFO] Pumping guest thread 'AssetGarbageCollectorHelper' reason=ready-dispatch resume=0x000000080A821799
[LOADER][INFO] Guest thread yield at import#6755: nid=04AjkP0jO9U ret=0x000000080A821799 reason=_umtx_op_wait
[LOADER][INFO] Guest thread yield at import#5475: nid=04AjkP0jO9U ret=0x000000080A821799 reason=_umtx_op_wait
[LOADER][INFO] Guest thread 'AssetGarbageCollectorHelper' state=Blocked reason=_umtx_op_wait
[LOADER][INFO] Guest thread 'AssetGarbageCollectorHelper' state=Blocked reason=_umtx_op_wait
[LOADER][INFO] guest_threads.timeout_wake count=2
[LOADER][INFO] Pumping guest thread 'AssetGarbageCollectorHelper' reason=dispatcher resume=0x000000080A821799
[LOADER][INFO] Guest thread yield at import#7524: nid=04AjkP0jO9U ret=0x000000080A821799 reason=_umtx_op_wait
[LOADER][INFO] Pumping guest thread 'AssetGarbageCollectorHelper' reason=dispatcher resume=0x000000080A821799
[LOADER][INFO] Guest thread 'AssetGarbageCollectorHelper' state=Blocked reason=_umtx_op_wait
[LOADER][INFO] Guest thread yield at import#7267: nid=04AjkP0jO9U ret=0x000000080A821799 reason=_umtx_op_wait
[LOADER][INFO] Guest thread 'AssetGarbageCollectorHelper' state=Blocked reason=_umtx_op_wait
[LOADER][INFO] guest_threads.timeout_wake count=2
[LOADER][INFO] guest_threads.timeout_wake count=1
[LOADER][INFO] Pumping guest thread 'AssetGarbageCollectorHelper' reason=dispatcher resume=0x000000080A821799
[LOADER][INFO] Guest thread yield at import#5987: nid=04AjkP0jO9U ret=0x000000080A821799 reason=_umtx_op_wait
[LOADER][INFO] Pumping guest thread 'AssetGarbageCollectorHelper' reason=dispatcher resume=0x000000080A821799
[LOADER][INFO] Pumping guest thread 'AssetGarbageCollectorHelper' reason=dispatcher resume=0x000000080A821799
[LOADER][INFO] Guest thread 'AssetGarbageCollectorHelper' state=Blocked reason=_umtx_op_wait
[LOADER][INFO] Guest thread yield at import#8291: nid=04AjkP0jO9U ret=0x000000080A821799 reason=_umtx_op_wait
[LOADER][INFO] Guest thread yield at import#5220: nid=04AjkP0jO9U ret=0x000000080A821799 reason=_umtx_op_wait
[LOADER][INFO] Guest thread 'AssetGarbageCollectorHelper' state=Blocked reason=_umtx_op_wait
[LOADER][INFO] Guest thread 'AssetGarbageCollectorHelper' state=Blocked reason=_umtx_op_wait
[LOADER][INFO] guest_threads.timeout_wake count=1
[LOADER][INFO] Pumping guest thread 'AssetGarbageCollectorHelper' reason=ready-dispatch resume=0x000000080A821799
[LOADER][INFO] Guest thread yield at import#7012: nid=04AjkP0jO9U ret=0x000000080A821799 reason=_umtx_op_wait
[LOADER][INFO] Guest thread 'AssetGarbageCollectorHelper' state=Blocked reason=_umtx_op_wait
[LOADER][INFO] guest_threads.timeout_wake count=1
[LOADER][INFO] Pumping guest thread 'AssetGarbageCollectorHelper' reason=dispatcher resume=0x000000080A821799
[LOADER][INFO] Guest thread yield at import#7779: nid=04AjkP0jO9U ret=0x000000080A821799 reason=_umtx_op_wait
[LOADER][INFO] Guest thread 'AssetGarbageCollectorHelper' state=Blocked reason=_umtx_op_wait
[LOADER][INFO] guest_threads.timeout_wake count=1
[LOADER][INFO] Pumping guest thread 'AssetGarbageCollectorHelper' reason=ready-dispatch resume=0x000000080A821799
[LOADER][INFO] Guest thread yield at import#8548: nid=04AjkP0jO9U ret=0x000000080A821799 reason=_umtx_op_wait
[LOADER][INFO] Guest thread 'AssetGarbageCollectorHelper' state=Blocked reason=_umtx_op_wait
[LOADER][INFO] guest_threads.timeout_wake count=1
[LOADER][INFO] Pumping guest thread 'AssetGarbageCollectorHelper' reason=dispatcher resume=0x000000080A821799
[LOADER][INFO] Guest thread yield at import#6244: nid=04AjkP0jO9U ret=0x000000080A821799 reason=_umtx_op_wait
[LOADER][INFO] Guest thread 'AssetGarbageCollectorHelper' state=Blocked reason=_umtx_op_wait
[LOADER][INFO] guest_threads.timeout_wake count=1
[LOADER][INFO] Pumping guest thread 'AssetGarbageCollectorHelper' reason=dispatcher resume=0x000000080A821799
[LOADER][INFO] Guest thread yield at import#8036: nid=04AjkP0jO9U ret=0x000000080A821799 reason=_umtx_op_wait
[LOADER][INFO] Guest thread 'AssetGarbageCollectorHelper' state=Blocked reason=_umtx_op_wait
[LOADER][INFO] guest_threads.timeout_wake count=3
[LOADER][INFO] Pumping guest thread 'AssetGarbageCollectorHelper' reason=dispatcher resume=0x000000080A821799
[LOADER][INFO] Pumping guest thread 'AssetGarbageCollectorHelper' reason=dispatcher resume=0x000000080A821799
[LOADER][INFO] Pumping guest thread 'AssetGarbageCollectorHelper' reason=dispatcher resume=0x000000080A821799
[LOADER][INFO] Guest thread yield at import#6756: nid=04AjkP0jO9U ret=0x000000080A821799 reason=_umtx_op_wait
[LOADER][INFO] Guest thread yield at import#5476: nid=04AjkP0jO9U ret=0x000000080A821799 reason=_umtx_op_wait
[LOADER][INFO] Guest thread yield at import#5733: nid=04AjkP0jO9U ret=0x000000080A821799 reason=_umtx_op_wait
[LOADER][INFO] Guest thread 'AssetGarbageCollectorHelper' state=Blocked reason=_umtx_op_wait
[LOADER][INFO] Guest thread 'AssetGarbageCollectorHelper' state=Blocked reason=_umtx_op_wait
[LOADER][INFO] Guest thread 'AssetGarbageCollectorHelper' state=Blocked reason=_umtx_op_wait
[LOADER][INFO] guest_threads.timeout_wake count=1
[LOADER][INFO] Pumping guest thread 'AssetGarbageCollectorHelper' reason=dispatcher resume=0x000000080A821799
[LOADER][INFO] Guest thread yield at import#7525: nid=04AjkP0jO9U ret=0x000000080A821799 reason=_umtx_op_wait
[LOADER][INFO] Guest thread 'AssetGarbageCollectorHelper' state=Blocked reason=_umtx_op_wait
[LOADER][INFO] guest_threads.timeout_wake count=1
[LOADER][INFO] Pumping guest thread 'AssetGarbageCollectorHelper' reason=ready-dispatch resume=0x000000080A821799
[LOADER][INFO] Guest thread yield at import#7268: nid=04AjkP0jO9U ret=0x000000080A821799 reason=_umtx_op_wait
[LOADER][INFO] Guest thread 'AssetGarbageCollectorHelper' state=Blocked reason=_umtx_op_wait
[LOADER][INFO] guest_threads.timeout_wake count=3
[LOADER][INFO] Pumping guest thread 'AssetGarbageCollectorHelper' reason=dispatcher resume=0x000000080A821799
[LOADER][INFO] Pumping guest thread 'AssetGarbageCollectorHelper' reason=dispatcher resume=0x000000080A821799
[LOADER][INFO] Pumping guest thread 'AssetGarbageCollectorHelper' reason=dispatcher resume=0x000000080A821799
[LOADER][INFO] Guest thread yield at import#5221: nid=04AjkP0jO9U ret=0x000000080A821799 reason=_umtx_op_wait
[LOADER][INFO] Guest thread yield at import#5988: nid=04AjkP0jO9U ret=0x000000080A821799 reason=_umtx_op_wait
[LOADER][INFO] Guest thread yield at import#8292: nid=04AjkP0jO9U ret=0x000000080A821799 reason=_umtx_op_wait
[LOADER][INFO] Guest thread 'AssetGarbageCollectorHelper' state=Blocked reason=_umtx_op_wait
[LOADER][INFO] Guest thread 'AssetGarbageCollectorHelper' state=Blocked reason=_umtx_op_wait
[LOADER][INFO] Guest thread 'AssetGarbageCollectorHelper' state=Blocked reason=_umtx_op_wait
[LOADER][INFO] guest_threads.timeout_wake count=1
[LOADER][INFO] Pumping guest thread 'AssetGarbageCollectorHelper' reason=ready-dispatch resume=0x000000080A821799
[LOADER][INFO] Guest thread yield at import#7013: nid=04AjkP0jO9U ret=0x000000080A821799 reason=_umtx_op_wait
[LOADER][INFO] Guest thread 'AssetGarbageCollectorHelper' state=Blocked reason=_umtx_op_wait
[LOADER][INFO] guest_threads.timeout_wake count=1
[LOADER][INFO] Pumping guest thread 'AssetGarbageCollectorHelper' reason=dispatcher resume=0x000000080A821799
[LOADER][INFO] Guest thread yield at import#7780: nid=04AjkP0jO9U ret=0x000000080A821799 reason=_umtx_op_wait
[LOADER][INFO] Guest thread 'AssetGarbageCollectorHelper' state=Blocked reason=_umtx_op_wait
[LOADER][INFO] guest_threads.timeout_wake count=1
[LOADER][INFO] guest_threads.timeout_wake count=1
[LOADER][INFO] Pumping guest thread 'AssetGarbageCollectorHelper' reason=dispatcher resume=0x000000080A821799
[LOADER][INFO] Pumping guest thread 'AssetGarbageCollectorHelper' reason=dispatcher resume=0x000000080A821799
[LOADER][INFO] Guest thread yield at import#6245: nid=04AjkP0jO9U ret=0x000000080A821799 reason=_umtx_op_wait
[LOADER][INFO] Guest thread yield at import#8549: nid=04AjkP0jO9U ret=0x000000080A821799 reason=_umtx_op_wait
[LOADER][INFO] Guest thread 'AssetGarbageCollectorHelper' state=Blocked reason=_umtx_op_wait
[LOADER][INFO] Guest thread 'AssetGarbageCollectorHelper' state=Blocked reason=_umtx_op_wait
[LOADER][INFO] guest_threads.timeout_wake count=1
[LOADER][INFO] Pumping guest thread 'AssetGarbageCollectorHelper' reason=dispatcher resume=0x000000080A821799
[LOADER][INFO] Guest thread yield at import#8037: nid=04AjkP0jO9U ret=0x000000080A821799 reason=_umtx_op_wait
[LOADER][INFO] Guest thread 'AssetGarbageCollectorHelper' state=Blocked reason=_umtx_op_wait
[LOADER][INFO] guest_threads.timeout_wake count=3
[LOADER][INFO] Pumping guest thread 'AssetGarbageCollectorHelper' reason=dispatcher resume=0x000000080A821799
[LOADER][INFO] Pumping guest thread 'AssetGarbageCollectorHelper' reason=dispatcher resume=0x000000080A821799
[LOADER][INFO] Guest thread yield at import#6757: nid=04AjkP0jO9U ret=0x000000080A821799 reason=_umtx_op_wait
[LOADER][INFO] Guest thread yield at import#5477: nid=04AjkP0jO9U ret=0x000000080A821799 reason=_umtx_op_wait
[LOADER][INFO] guest_threads.timeout_wake count=1
[LOADER][INFO] Guest thread 'AssetGarbageCollectorHelper' state=Blocked reason=_umtx_op_wait
[LOADER][INFO] Guest thread 'AssetGarbageCollectorHelper' state=Blocked reason=_umtx_op_wait
[LOADER][INFO] Pumping guest thread 'AssetGarbageCollectorHelper' reason=dispatcher resume=0x000000080A821799
[LOADER][INFO] Pumping guest thread 'AssetGarbageCollectorHelper' reason=ready-dispatch resume=0x000000080A821799
[LOADER][INFO] Guest thread yield at import#5734: nid=04AjkP0jO9U ret=0x000000080A821799 reason=_umtx_op_wait
[LOADER][INFO] Guest thread yield at import#7526: nid=04AjkP0jO9U ret=0x000000080A821799 reason=_umtx_op_wait
[LOADER][INFO] Guest thread 'AssetGarbageCollectorHelper' state=Blocked reason=_umtx_op_wait
[LOADER][INFO] Guest thread 'AssetGarbageCollectorHelper' state=Blocked reason=_umtx_op_wait
[LOADER][INFO] guest_threads.timeout_wake count=1
[LOADER][INFO] Pumping guest thread 'AssetGarbageCollectorHelper' reason=dispatcher resume=0x000000080A821799
[LOADER][INFO] Guest thread yield at import#7269: nid=04AjkP0jO9U ret=0x000000080A821799 reason=_umtx_op_wait
[LOADER][INFO] Guest thread 'AssetGarbageCollectorHelper' state=Blocked reason=_umtx_op_wait
[LOADER][INFO] guest_threads.timeout_wake count=3
[LOADER][INFO] Pumping guest thread 'AssetGarbageCollectorHelper' reason=dispatcher resume=0x000000080A821799
[LOADER][INFO] Pumping guest thread 'AssetGarbageCollectorHelper' reason=dispatcher resume=0x000000080A821799
[LOADER][INFO] Pumping guest thread 'AssetGarbageCollectorHelper' reason=dispatcher resume=0x000000080A821799
[LOADER][INFO] Guest thread yield at import#8293: nid=04AjkP0jO9U ret=0x000000080A821799 reason=_umtx_op_wait
[LOADER][INFO] Guest thread yield at import#5222: nid=04AjkP0jO9U ret=0x000000080A821799 reason=_umtx_op_wait
[LOADER][INFO] Guest thread yield at import#5989: nid=04AjkP0jO9U ret=0x000000080A821799 reason=_umtx_op_wait
[LOADER][INFO] Guest thread 'AssetGarbageCollectorHelper' state=Blocked reason=_umtx_op_wait
[LOADER][INFO] Guest thread 'AssetGarbageCollectorHelper' state=Blocked reason=_umtx_op_wait
[LOADER][INFO] Guest thread 'AssetGarbageCollectorHelper' state=Blocked reason=_umtx_op_wait
[LOADER][INFO] guest_threads.timeout_wake count=1
[LOADER][INFO] Pumping guest thread 'AssetGarbageCollectorHelper' reason=ready-dispatch resume=0x000000080A821799
[LOADER][INFO] Guest thread yield at import#7014: nid=04AjkP0jO9U ret=0x000000080A821799 reason=_umtx_op_wait
[LOADER][INFO] Guest thread 'AssetGarbageCollectorHelper' state=Blocked reason=_umtx_op_wait
[LOADER][INFO] guest_threads.timeout_wake count=1
[LOADER][INFO] Pumping guest thread 'AssetGarbageCollectorHelper' reason=dispatcher resume=0x000000080A821799
[LOADER][INFO] Guest thread yield at import#7781: nid=04AjkP0jO9U ret=0x000000080A821799 reason=_umtx_op_wait
[LOADER][INFO] Guest thread 'AssetGarbageCollectorHelper' state=Blocked reason=_umtx_op_wait
[LOADER][INFO] guest_threads.timeout_wake count=2
[LOADER][INFO] Pumping guest thread 'AssetGarbageCollectorHelper' reason=ready-dispatch resume=0x000000080A821799
[LOADER][INFO] Pumping guest thread 'AssetGarbageCollectorHelper' reason=ready-dispatch resume=0x000000080A821799
[LOADER][INFO] Guest thread yield at import#8550: nid=04AjkP0jO9U ret=0x000000080A821799 reason=_umtx_op_wait
[LOADER][INFO] Guest thread yield at import#6246: nid=04AjkP0jO9U ret=0x000000080A821799 reason=_umtx_op_wait
[LOADER][INFO] Guest thread 'AssetGarbageCollectorHelper' state=Blocked reason=_umtx_op_wait
[LOADER][INFO] Guest thread 'AssetGarbageCollectorHelper' state=Blocked reason=_umtx_op_wait
[LOADER][INFO] guest_threads.timeout_wake count=1
[LOADER][INFO] Pumping guest thread 'AssetGarbageCollectorHelper' reason=ready-dispatch resume=0x000000080A821799
[LOADER][INFO] Guest thread yield at import#8038: nid=04AjkP0jO9U ret=0x000000080A821799 reason=_umtx_op_wait
[LOADER][INFO] Guest thread 'AssetGarbageCollectorHelper' state=Blocked reason=_umtx_op_wait
[LOADER][INFO] guest_threads.timeout_wake count=2
[LOADER][INFO] Pumping guest thread 'AssetGarbageCollectorHelper' reason=dispatcher resume=0x000000080A821799
[LOADER][INFO] Pumping guest thread 'AssetGarbageCollectorHelper' reason=dispatcher resume=0x000000080A821799
[LOADER][INFO] Guest thread yield at import#5478: nid=04AjkP0jO9U ret=0x000000080A821799 reason=_umtx_op_wait
[LOADER][INFO] Guest thread yield at import#6758: nid=04AjkP0jO9U ret=0x000000080A821799 reason=_umtx_op_wait
[LOADER][INFO] Guest thread 'AssetGarbageCollectorHelper' state=Blocked reason=_umtx_op_wait
[LOADER][INFO] Guest thread 'AssetGarbageCollectorHelper' state=Blocked reason=_umtx_op_wait
[LOADER][INFO] guest_threads.timeout_wake count=2
[LOADER][INFO] Pumping guest thread 'AssetGarbageCollectorHelper' reason=dispatcher resume=0x000000080A821799
[LOADER][INFO] Pumping guest thread 'AssetGarbageCollectorHelper' reason=dispatcher resume=0x000000080A821799
[LOADER][INFO] Guest thread yield at import#7527: nid=04AjkP0jO9U ret=0x000000080A821799 reason=_umtx_op_wait
[LOADER][INFO] Guest thread yield at import#5735: nid=04AjkP0jO9U ret=0x000000080A821799 reason=_umtx_op_wait
[LOADER][INFO] Guest thread 'AssetGarbageCollectorHelper' state=Blocked reason=_umtx_op_wait
[LOADER][INFO] Guest thread 'AssetGarbageCollectorHelper' state=Blocked reason=_umtx_op_wait
[LOADER][INFO] guest_threads.timeout_wake count=1
[LOADER][INFO] Pumping guest thread 'AssetGarbageCollectorHelper' reason=dispatcher resume=0x000000080A821799
[LOADER][INFO] Guest thread yield at import#7270: nid=04AjkP0jO9U ret=0x000000080A821799 reason=_umtx_op_wait
[LOADER][INFO] Guest thread 'AssetGarbageCollectorHelper' state=Blocked reason=_umtx_op_wait
[LOADER][INFO] guest_threads.timeout_wake count=3
[LOADER][INFO] Pumping guest thread 'AssetGarbageCollectorHelper' reason=ready-dispatch resume=0x000000080A821799
[LOADER][INFO] Pumping guest thread 'AssetGarbageCollectorHelper' reason=ready-dispatch resume=0x000000080A821799
[LOADER][INFO] Pumping guest thread 'AssetGarbageCollectorHelper' reason=ready-dispatch resume=0x000000080A821799
[LOADER][INFO] Guest thread yield at import#5223: nid=04AjkP0jO9U ret=0x000000080A821799 reason=_umtx_op_wait
[LOADER][INFO] Guest thread yield at import#5990: nid=04AjkP0jO9U ret=0x000000080A821799 reason=_umtx_op_wait
[LOADER][INFO] Guest thread yield at import#8294: nid=04AjkP0jO9U ret=0x000000080A821799 reason=_umtx_op_wait
[LOADER][INFO] Guest thread 'AssetGarbageCollectorHelper' state=Blocked reason=_umtx_op_wait
[LOADER][INFO] Guest thread 'AssetGarbageCollectorHelper' state=Blocked reason=_umtx_op_wait
[LOADER][INFO] Guest thread 'AssetGarbageCollectorHelper' state=Blocked reason=_umtx_op_wait
[LOADER][INFO] guest_threads.timeout_wake count=1
[LOADER][INFO] Pumping guest thread 'AssetGarbageCollectorHelper' reason=dispatcher resume=0x000000080A821799
[LOADER][INFO] Guest thread yield at import#7015: nid=04AjkP0jO9U ret=0x000000080A821799 reason=_umtx_op_wait
[LOADER][INFO] Guest thread 'AssetGarbageCollectorHelper' state=Blocked reason=_umtx_op_wait
[LOADER][INFO] guest_threads.timeout_wake count=1
[LOADER][INFO] Pumping guest thread 'AssetGarbageCollectorHelper' reason=dispatcher resume=0x000000080A821799
[LOADER][INFO] Guest thread yield at import#7782: nid=04AjkP0jO9U ret=0x000000080A821799 reason=_umtx_op_wait
[LOADER][INFO] Guest thread 'AssetGarbageCollectorHelper' state=Blocked reason=_umtx_op_wait
[LOADER][INFO] guest_threads.timeout_wake count=2
[LOADER][INFO] Pumping guest thread 'AssetGarbageCollectorHelper' reason=ready-dispatch resume=0x000000080A821799
[LOADER][INFO] Pumping guest thread 'AssetGarbageCollectorHelper' reason=ready-dispatch resume=0x000000080A821799
[LOADER][INFO] Guest thread yield at import#6247: nid=04AjkP0jO9U ret=0x000000080A821799 reason=_umtx_op_wait
[LOADER][INFO] Guest thread yield at import#8551: nid=04AjkP0jO9U ret=0x000000080A821799 reason=_umtx_op_wait
[LOADER][INFO] Guest thread 'AssetGarbageCollectorHelper' state=Blocked reason=_umtx_op_wait
[LOADER][INFO] Guest thread 'AssetGarbageCollectorHelper' state=Blocked reason=_umtx_op_wait
[LOADER][INFO] guest_threads.timeout_wake count=1
[LOADER][INFO] Pumping guest thread 'AssetGarbageCollectorHelper' reason=dispatcher resume=0x000000080A821799
[LOADER][INFO] Guest thread yield at import#8039: nid=04AjkP0jO9U ret=0x000000080A821799 reason=_umtx_op_wait
[LOADER][INFO] Guest thread 'AssetGarbageCollectorHelper' state=Blocked reason=_umtx_op_wait
[LOADER][INFO] guest_threads.timeout_wake count=2
[LOADER][INFO] Pumping guest thread 'AssetGarbageCollectorHelper' reason=ready-dispatch resume=0x000000080A821799
[LOADER][INFO] Pumping guest thread 'AssetGarbageCollectorHelper' reason=ready-dispatch resume=0x000000080A821799
[LOADER][INFO] Guest thread yield at import#5479: nid=04AjkP0jO9U ret=0x000000080A821799 reason=_umtx_op_wait
[LOADER][INFO] Guest thread yield at import#6759: nid=04AjkP0jO9U ret=0x000000080A821799 reason=_umtx_op_wait
[LOADER][INFO] Guest thread 'AssetGarbageCollectorHelper' state=Blocked reason=_umtx_op_wait
[LOADER][INFO] Guest thread 'AssetGarbageCollectorHelper' state=Blocked reason=_umtx_op_wait
[LOADER][INFO] guest_threads.timeout_wake count=2
[LOADER][INFO] Pumping guest thread 'AssetGarbageCollectorHelper' reason=ready-dispatch resume=0x000000080A821799
[LOADER][INFO] Pumping guest thread 'AssetGarbageCollectorHelper' reason=ready-dispatch resume=0x000000080A821799
[LOADER][INFO] Guest thread yield at import#5736: nid=04AjkP0jO9U ret=0x000000080A821799 reason=_umtx_op_wait
[LOADER][INFO] Guest thread yield at import#7528: nid=04AjkP0jO9U ret=0x000000080A821799 reason=_umtx_op_wait
[LOADER][INFO] Guest thread 'AssetGarbageCollectorHelper' state=Blocked reason=_umtx_op_wait
[LOADER][INFO] Guest thread 'AssetGarbageCollectorHelper' state=Blocked reason=_umtx_op_wait
[LOADER][INFO] guest_threads.timeout_wake count=1
[LOADER][INFO] Pumping guest thread 'AssetGarbageCollectorHelper' reason=ready-dispatch resume=0x000000080A821799
[LOADER][INFO] Guest thread yield at import#7271: nid=04AjkP0jO9U ret=0x000000080A821799 reason=_umtx_op_wait
[LOADER][INFO] Guest thread 'AssetGarbageCollectorHelper' state=Blocked reason=_umtx_op_wait
[LOADER][INFO] guest_threads.timeout_wake count=3
[LOADER][INFO] Pumping guest thread 'AssetGarbageCollectorHelper' reason=ready-dispatch resume=0x000000080A821799
[LOADER][INFO] Pumping guest thread 'AssetGarbageCollectorHelper' reason=ready-dispatch resume=0x000000080A821799
[LOADER][INFO] Pumping guest thread 'AssetGarbageCollectorHelper' reason=ready-dispatch resume=0x000000080A821799
[LOADER][INFO] Guest thread yield at import#8295: nid=04AjkP0jO9U ret=0x000000080A821799 reason=_umtx_op_wait
[LOADER][INFO] Guest thread yield at import#5224: nid=04AjkP0jO9U ret=0x000000080A821799 reason=_umtx_op_wait
[LOADER][INFO] Guest thread yield at import#5991: nid=04AjkP0jO9U ret=0x000000080A821799 reason=_umtx_op_wait
[LOADER][INFO] Guest thread 'AssetGarbageCollectorHelper' state=Blocked reason=_umtx_op_wait
[LOADER][INFO] Guest thread 'AssetGarbageCollectorHelper' state=Blocked reason=_umtx_op_wait
[LOADER][INFO] Guest thread 'AssetGarbageCollectorHelper' state=Blocked reason=_umtx_op_wait
[LOADER][INFO] guest_threads.timeout_wake count=1
[LOADER][INFO] Pumping guest thread 'AssetGarbageCollectorHelper' reason=dispatcher resume=0x000000080A821799
[LOADER][INFO] Guest thread yield at import#7016: nid=04AjkP0jO9U ret=0x000000080A821799 reason=_umtx_op_wait
[LOADER][INFO] Guest thread 'AssetGarbageCollectorHelper' state=Blocked reason=_umtx_op_wait
[LOADER][INFO] guest_threads.timeout_wake count=1
[LOADER][INFO] Pumping guest thread 'AssetGarbageCollectorHelper' reason=dispatcher resume=0x000000080A821799
[LOADER][INFO] Guest thread yield at import#7783: nid=04AjkP0jO9U ret=0x000000080A821799 reason=_umtx_op_wait
[LOADER][INFO] Guest thread 'AssetGarbageCollectorHelper' state=Blocked reason=_umtx_op_wait
[LOADER][INFO] guest_threads.timeout_wake count=2
[LOADER][INFO] Pumping guest thread 'AssetGarbageCollectorHelper' reason=ready-dispatch resume=0x000000080A821799
[LOADER][INFO] Pumping guest thread 'AssetGarbageCollectorHelper' reason=ready-dispatch resume=0x000000080A821799
[LOADER][INFO] Guest thread yield at import#6248: nid=04AjkP0jO9U ret=0x000000080A821799 reason=_umtx_op_wait
[LOADER][INFO] Guest thread yield at import#8552: nid=04AjkP0jO9U ret=0x000000080A821799 reason=_umtx_op_wait
[LOADER][INFO] Guest thread 'AssetGarbageCollectorHelper' state=Blocked reason=_umtx_op_wait
[LOADER][INFO] Guest thread 'AssetGarbageCollectorHelper' state=Blocked reason=_umtx_op_wait
[LOADER][INFO] guest_threads.timeout_wake count=1
[LOADER][INFO] Pumping guest thread 'AssetGarbageCollectorHelper' reason=dispatcher resume=0x000000080A821799
[LOADER][INFO] Guest thread yield at import#8040: nid=04AjkP0jO9U ret=0x000000080A821799 reason=_umtx_op_wait
[LOADER][INFO] Guest thread 'AssetGarbageCollectorHelper' state=Blocked reason=_umtx_op_wait
[LOADER][INFO] guest_threads.timeout_wake count=2
[LOADER][INFO] Pumping guest thread 'AssetGarbageCollectorHelper' reason=dispatcher resume=0x000000080A821799
[LOADER][INFO] Pumping guest thread 'AssetGarbageCollectorHelper' reason=dispatcher resume=0x000000080A821799
[LOADER][INFO] Guest thread yield at import#5480: nid=04AjkP0jO9U ret=0x000000080A821799 reason=_umtx_op_wait
[LOADER][INFO] Guest thread yield at import#6760: nid=04AjkP0jO9U ret=0x000000080A821799 reason=_umtx_op_wait
[LOADER][INFO] Guest thread 'AssetGarbageCollectorHelper' state=Blocked reason=_umtx_op_wait
[LOADER][INFO] Guest thread 'AssetGarbageCollectorHelper' state=Blocked reason=_umtx_op_wait
[LOADER][INFO] guest_threads.timeout_wake count=2
[LOADER][INFO] Pumping guest thread 'AssetGarbageCollectorHelper' reason=ready-dispatch resume=0x000000080A821799
[LOADER][INFO] Pumping guest thread 'AssetGarbageCollectorHelper' reason=ready-dispatch resume=0x000000080A821799
[LOADER][INFO] Guest thread yield at import#5737: nid=04AjkP0jO9U ret=0x000000080A821799 reason=_umtx_op_wait
[LOADER][INFO] Guest thread yield at import#7529: nid=04AjkP0jO9U ret=0x000000080A821799 reason=_umtx_op_wait
[LOADER][INFO] Guest thread 'AssetGarbageCollectorHelper' state=Blocked reason=_umtx_op_wait
[LOADER][INFO] Guest thread 'AssetGarbageCollectorHelper' state=Blocked reason=_umtx_op_wait
[LOADER][INFO] guest_threads.timeout_wake count=1
[LOADER][INFO] Pumping guest thread 'AssetGarbageCollectorHelper' reason=dispatcher resume=0x000000080A821799
[LOADER][INFO] Guest thread yield at import#7272: nid=04AjkP0jO9U ret=0x000000080A821799 reason=_umtx_op_wait
[LOADER][INFO] Guest thread 'AssetGarbageCollectorHelper' state=Blocked reason=_umtx_op_wait
[LOADER][INFO] guest_threads.timeout_wake count=3
[LOADER][INFO] Pumping guest thread 'AssetGarbageCollectorHelper' reason=dispatcher resume=0x000000080A821799
[LOADER][INFO] Pumping guest thread 'AssetGarbageCollectorHelper' reason=dispatcher resume=0x000000080A821799
[LOADER][INFO] Pumping guest thread 'AssetGarbageCollectorHelper' reason=dispatcher resume=0x000000080A821799
[LOADER][INFO] Guest thread yield at import#8296: nid=04AjkP0jO9U ret=0x000000080A821799 reason=_umtx_op_wait
[LOADER][INFO] Guest thread yield at import#5225: nid=04AjkP0jO9U ret=0x000000080A821799 reason=_umtx_op_wait
[LOADER][INFO] Guest thread yield at import#5992: nid=04AjkP0jO9U ret=0x000000080A821799 reason=_umtx_op_wait
[LOADER][INFO] Guest thread 'AssetGarbageCollectorHelper' state=Blocked reason=_umtx_op_wait
[LOADER][INFO] Guest thread 'AssetGarbageCollectorHelper' state=Blocked reason=_umtx_op_wait
[LOADER][INFO] Guest thread 'AssetGarbageCollectorHelper' state=Blocked reason=_umtx_op_wait
[LOADER][INFO] guest_threads.timeout_wake count=1
[LOADER][INFO] Pumping guest thread 'AssetGarbageCollectorHelper' reason=dispatcher resume=0x000000080A821799
[LOADER][INFO] Guest thread yield at import#7017: nid=04AjkP0jO9U ret=0x000000080A821799 reason=_umtx_op_wait
[LOADER][INFO] Guest thread 'AssetGarbageCollectorHelper' state=Blocked reason=_umtx_op_wait
[LOADER][INFO] guest_threads.timeout_wake count=1
[LOADER][INFO] Pumping guest thread 'AssetGarbageCollectorHelper' reason=dispatcher resume=0x000000080A821799
[LOADER][INFO] Guest thread yield at import#7784: nid=04AjkP0jO9U ret=0x000000080A821799 reason=_umtx_op_wait
[LOADER][INFO] Guest thread 'AssetGarbageCollectorHelper' state=Blocked reason=_umtx_op_wait
[LOADER][INFO] guest_threads.timeout_wake count=2
[LOADER][INFO] Pumping guest thread 'AssetGarbageCollectorHelper' reason=dispatcher resume=0x000000080A821799
[LOADER][INFO] Pumping guest thread 'AssetGarbageCollectorHelper' reason=dispatcher resume=0x000000080A821799
[LOADER][INFO] Guest thread yield at import#6249: nid=04AjkP0jO9U ret=0x000000080A821799 reason=_umtx_op_wait
[LOADER][INFO] Guest thread yield at import#8553: nid=04AjkP0jO9U ret=0x000000080A821799 reason=_umtx_op_wait
[LOADER][INFO] Guest thread 'AssetGarbageCollectorHelper' state=Blocked reason=_umtx_op_wait
[LOADER][INFO] Guest thread 'AssetGarbageCollectorHelper' state=Blocked reason=_umtx_op_wait
[LOADER][INFO] guest_threads.timeout_wake count=1
[LOADER][INFO] Pumping guest thread 'AssetGarbageCollectorHelper' reason=ready-dispatch resume=0x000000080A821799
[LOADER][INFO] Guest thread yield at import#8041: nid=04AjkP0jO9U ret=0x000000080A821799 reason=_umtx_op_wait
[LOADER][INFO] Guest thread 'AssetGarbageCollectorHelper' state=Blocked reason=_umtx_op_wait
[LOADER][INFO] guest_threads.timeout_wake count=2
[LOADER][INFO] Pumping guest thread 'AssetGarbageCollectorHelper' reason=dispatcher resume=0x000000080A821799
[LOADER][INFO] Pumping guest thread 'AssetGarbageCollectorHelper' reason=dispatcher resume=0x000000080A821799
[LOADER][INFO] Guest thread yield at import#5481: nid=04AjkP0jO9U ret=0x000000080A821799 reason=_umtx_op_wait
[LOADER][INFO] Guest thread yield at import#6761: nid=04AjkP0jO9U ret=0x000000080A821799 reason=_umtx_op_wait
[LOADER][INFO] Guest thread 'AssetGarbageCollectorHelper' state=Blocked reason=_umtx_op_wait
[LOADER][INFO] Guest thread 'AssetGarbageCollectorHelper' state=Blocked reason=_umtx_op_wait
[LOADER][INFO] guest_threads.timeout_wake count=2
[LOADER][INFO] Pumping guest thread 'AssetGarbageCollectorHelper' reason=dispatcher resume=0x000000080A821799
[LOADER][INFO] Pumping guest thread 'AssetGarbageCollectorHelper' reason=dispatcher resume=0x000000080A821799
[LOADER][INFO] Guest thread yield at import#7530: nid=04AjkP0jO9U ret=0x000000080A821799 reason=_umtx_op_wait
[LOADER][INFO] Guest thread yield at import#5738: nid=04AjkP0jO9U ret=0x000000080A821799 reason=_umtx_op_wait
[LOADER][INFO] Guest thread 'AssetGarbageCollectorHelper' state=Blocked reason=_umtx_op_wait
[LOADER][INFO] Guest thread 'AssetGarbageCollectorHelper' state=Blocked reason=_umtx_op_wait
[LOADER][INFO] guest_threads.timeout_wake count=1
[LOADER][INFO] Pumping guest thread 'AssetGarbageCollectorHelper' reason=ready-dispatch resume=0x000000080A821799
[LOADER][INFO] Guest thread yield at import#7273: nid=04AjkP0jO9U ret=0x000000080A821799 reason=_umtx_op_wait
[LOADER][INFO] Guest thread 'AssetGarbageCollectorHelper' state=Blocked reason=_umtx_op_wait
[LOADER][INFO] guest_threads.timeout_wake count=3
[LOADER][INFO] Pumping guest thread 'AssetGarbageCollectorHelper' reason=dispatcher resume=0x000000080A821799
[LOADER][INFO] Pumping guest thread 'AssetGarbageCollectorHelper' reason=dispatcher resume=0x000000080A821799
[LOADER][INFO] Pumping guest thread 'AssetGarbageCollectorHelper' reason=dispatcher resume=0x000000080A821799
[LOADER][INFO] Guest thread yield at import#8297: nid=04AjkP0jO9U ret=0x000000080A821799 reason=_umtx_op_wait
[LOADER][INFO] Guest thread yield at import#5993: nid=04AjkP0jO9U ret=0x000000080A821799 reason=_umtx_op_wait
[LOADER][INFO] Guest thread yield at import#5226: nid=04AjkP0jO9U ret=0x000000080A821799 reason=_umtx_op_wait
[LOADER][INFO] Guest thread 'AssetGarbageCollectorHelper' state=Blocked reason=_umtx_op_wait
[LOADER][INFO] Guest thread 'AssetGarbageCollectorHelper' state=Blocked reason=_umtx_op_wait
[LOADER][INFO] Guest thread 'AssetGarbageCollectorHelper' state=Blocked reason=_umtx_op_wait
[LOADER][INFO] guest_threads.timeout_wake count=1
[LOADER][INFO] Pumping guest thread 'AssetGarbageCollectorHelper' reason=ready-dispatch resume=0x000000080A821799
[LOADER][INFO] Guest thread yield at import#7018: nid=04AjkP0jO9U ret=0x000000080A821799 reason=_umtx_op_wait
[LOADER][INFO] Guest thread 'AssetGarbageCollectorHelper' state=Blocked reason=_umtx_op_wait
[LOADER][INFO] guest_threads.timeout_wake count=1
[LOADER][INFO] Pumping guest thread 'AssetGarbageCollectorHelper' reason=ready-dispatch resume=0x000000080A821799
[LOADER][INFO] Guest thread yield at import#7785: nid=04AjkP0jO9U ret=0x000000080A821799 reason=_umtx_op_wait
[LOADER][INFO] Guest thread 'AssetGarbageCollectorHelper' state=Blocked reason=_umtx_op_wait
[LOADER][INFO] guest_threads.timeout_wake count=2
[LOADER][INFO] Pumping guest thread 'AssetGarbageCollectorHelper' reason=dispatcher resume=0x000000080A821799
[LOADER][INFO] Pumping guest thread 'AssetGarbageCollectorHelper' reason=dispatcher resume=0x000000080A821799
[LOADER][INFO] Guest thread yield at import#8554: nid=04AjkP0jO9U ret=0x000000080A821799 reason=_umtx_op_wait
[LOADER][INFO] Guest thread yield at import#6250: nid=04AjkP0jO9U ret=0x000000080A821799 reason=_umtx_op_wait
[LOADER][INFO] Guest thread 'AssetGarbageCollectorHelper' state=Blocked reason=_umtx_op_wait
[LOADER][INFO] Guest thread 'AssetGarbageCollectorHelper' state=Blocked reason=_umtx_op_wait
[LOADER][INFO] guest_threads.timeout_wake count=1
[LOADER][INFO] Pumping guest thread 'AssetGarbageCollectorHelper' reason=dispatcher resume=0x000000080A821799
[LOADER][INFO] Guest thread yield at import#8042: nid=04AjkP0jO9U ret=0x000000080A821799 reason=_umtx_op_wait
[LOADER][INFO] Guest thread 'AssetGarbageCollectorHelper' state=Blocked reason=_umtx_op_wait
[LOADER][INFO] guest_threads.timeout_wake count=2
[LOADER][INFO] Pumping guest thread 'AssetGarbageCollectorHelper' reason=dispatcher resume=0x000000080A821799
[LOADER][INFO] Pumping guest thread 'AssetGarbageCollectorHelper' reason=dispatcher resume=0x000000080A821799
[LOADER][INFO] Guest thread yield at import#5482: nid=04AjkP0jO9U ret=0x000000080A821799 reason=_umtx_op_wait
[LOADER][INFO] Guest thread yield at import#6762: nid=04AjkP0jO9U ret=0x000000080A821799 reason=_umtx_op_wait
[LOADER][INFO] Guest thread 'AssetGarbageCollectorHelper' state=Blocked reason=_umtx_op_wait
[LOADER][INFO] Guest thread 'AssetGarbageCollectorHelper' state=Blocked reason=_umtx_op_wait
[LOADER][INFO] guest_threads.timeout_wake count=2
[LOADER][INFO] Pumping guest thread 'AssetGarbageCollectorHelper' reason=dispatcher resume=0x000000080A821799
[LOADER][INFO] Pumping guest thread 'AssetGarbageCollectorHelper' reason=dispatcher resume=0x000000080A821799
[LOADER][INFO] Guest thread yield at import#5739: nid=04AjkP0jO9U ret=0x000000080A821799 reason=_umtx_op_wait
[LOADER][INFO] Guest thread yield at import#7531: nid=04AjkP0jO9U ret=0x000000080A821799 reason=_umtx_op_wait
[LOADER][INFO] Guest thread 'AssetGarbageCollectorHelper' state=Blocked reason=_umtx_op_wait
[LOADER][INFO] Guest thread 'AssetGarbageCollectorHelper' state=Blocked reason=_umtx_op_wait
[LOADER][INFO] guest_threads.timeout_wake count=1
[LOADER][INFO] Pumping guest thread 'AssetGarbageCollectorHelper' reason=ready-dispatch resume=0x000000080A821799
[LOADER][INFO] Guest thread yield at import#7274: nid=04AjkP0jO9U ret=0x000000080A821799 reason=_umtx_op_wait
[LOADER][INFO] Guest thread 'AssetGarbageCollectorHelper' state=Blocked reason=_umtx_op_wait
[LOADER][INFO] guest_threads.timeout_wake count=1
[LOADER][INFO] Pumping guest thread 'AssetGarbageCollectorHelper' reason=ready-dispatch resume=0x000000080A821799
[LOADER][INFO] Guest thread yield at import#8298: nid=04AjkP0jO9U ret=0x000000080A821799 reason=_umtx_op_wait
[LOADER][INFO] Guest thread 'AssetGarbageCollectorHelper' state=Blocked reason=_umtx_op_wait
[LOADER][INFO] guest_threads.timeout_wake count=2
[LOADER][INFO] Pumping guest thread 'AssetGarbageCollectorHelper' reason=ready-dispatch resume=0x000000080A821799
[LOADER][INFO] Pumping guest thread 'AssetGarbageCollectorHelper' reason=ready-dispatch resume=0x000000080A821799
[LOADER][INFO] Guest thread yield at import#5994: nid=04AjkP0jO9U ret=0x000000080A821799 reason=_umtx_op_wait
[LOADER][INFO] Guest thread 'AssetGarbageCollectorHelper' state=Blocked reason=_umtx_op_wait
[LOADER][INFO] Guest thread yield at import#5227: nid=04AjkP0jO9U ret=0x000000080A821799 reason=_umtx_op_wait
[LOADER][INFO] Guest thread 'AssetGarbageCollectorHelper' state=Blocked reason=_umtx_op_wait
[LOADER][INFO] guest_threads.timeout_wake count=1
[LOADER][INFO] Pumping guest thread 'AssetGarbageCollectorHelper' reason=dispatcher resume=0x000000080A821799
[LOADER][INFO] Guest thread yield at import#7019: nid=04AjkP0jO9U ret=0x000000080A821799 reason=_umtx_op_wait
[LOADER][INFO] Guest thread 'AssetGarbageCollectorHelper' state=Blocked reason=_umtx_op_wait
[LOADER][INFO] guest_threads.timeout_wake count=1
[LOADER][INFO] Pumping guest thread 'AssetGarbageCollectorHelper' reason=dispatcher resume=0x000000080A821799
[LOADER][INFO] Guest thread yield at import#7786: nid=04AjkP0jO9U ret=0x000000080A821799 reason=_umtx_op_wait
[LOADER][INFO] Guest thread 'AssetGarbageCollectorHelper' state=Blocked reason=_umtx_op_wait
[LOADER][INFO] guest_threads.timeout_wake count=2
[LOADER][INFO] Pumping guest thread 'AssetGarbageCollectorHelper' reason=dispatcher resume=0x000000080A821799
[LOADER][INFO] Pumping guest thread 'AssetGarbageCollectorHelper' reason=dispatcher resume=0x000000080A821799
[LOADER][INFO] Guest thread yield at import#6251: nid=04AjkP0jO9U ret=0x000000080A821799 reason=_umtx_op_wait
[LOADER][INFO] Guest thread yield at import#8555: nid=04AjkP0jO9U ret=0x000000080A821799 reason=_umtx_op_wait
[LOADER][INFO] Guest thread 'AssetGarbageCollectorHelper' state=Blocked reason=_umtx_op_wait
[LOADER][INFO] Guest thread 'AssetGarbageCollectorHelper' state=Blocked reason=_umtx_op_wait
[LOADER][INFO] guest_threads.timeout_wake count=1
[LOADER][INFO] Pumping guest thread 'AssetGarbageCollectorHelper' reason=dispatcher resume=0x000000080A821799
[LOADER][INFO] Guest thread yield at import#8043: nid=04AjkP0jO9U ret=0x000000080A821799 reason=_umtx_op_wait
[LOADER][INFO] Guest thread 'AssetGarbageCollectorHelper' state=Blocked reason=_umtx_op_wait
[LOADER][INFO] guest_threads.timeout_wake count=2
[LOADER][INFO] Pumping guest thread 'AssetGarbageCollectorHelper' reason=dispatcher resume=0x000000080A821799
[LOADER][INFO] Pumping guest thread 'AssetGarbageCollectorHelper' reason=dispatcher resume=0x000000080A821799
[LOADER][INFO] Guest thread yield at import#6763: nid=04AjkP0jO9U ret=0x000000080A821799 reason=_umtx_op_wait
[LOADER][INFO] Guest thread yield at import#5483: nid=04AjkP0jO9U ret=0x000000080A821799 reason=_umtx_op_wait
[LOADER][INFO] Guest thread 'AssetGarbageCollectorHelper' state=Blocked reason=_umtx_op_wait
[LOADER][INFO] Guest thread 'AssetGarbageCollectorHelper' state=Blocked reason=_umtx_op_wait
[LOADER][INFO] guest_threads.timeout_wake count=2
[LOADER][INFO] Pumping guest thread 'AssetGarbageCollectorHelper' reason=ready-dispatch resume=0x000000080A821799
[LOADER][INFO] Pumping guest thread 'AssetGarbageCollectorHelper' reason=ready-dispatch resume=0x000000080A821799
[LOADER][INFO] Guest thread yield at import#5740: nid=04AjkP0jO9U ret=0x000000080A821799 reason=_umtx_op_wait
[LOADER][INFO] Guest thread 'AssetGarbageCollectorHelper' state=Blocked reason=_umtx_op_wait
[LOADER][INFO] Guest thread yield at import#7532: nid=04AjkP0jO9U ret=0x000000080A821799 reason=_umtx_op_wait
[LOADER][INFO] Guest thread 'AssetGarbageCollectorHelper' state=Blocked reason=_umtx_op_wait
[LOADER][INFO] guest_threads.timeout_wake count=1
[LOADER][INFO] Pumping guest thread 'AssetGarbageCollectorHelper' reason=dispatcher resume=0x000000080A821799
[LOADER][INFO] Guest thread yield at import#7275: nid=04AjkP0jO9U ret=0x000000080A821799 reason=_umtx_op_wait
[LOADER][INFO] Guest thread 'AssetGarbageCollectorHelper' state=Blocked reason=_umtx_op_wait
[LOADER][INFO] guest_threads.timeout_wake count=1
[LOADER][INFO] Pumping guest thread 'AssetGarbageCollectorHelper' reason=dispatcher resume=0x000000080A821799
[LOADER][INFO] Guest thread yield at import#8299: nid=04AjkP0jO9U ret=0x000000080A821799 reason=_umtx_op_wait
[LOADER][INFO] Guest thread 'AssetGarbageCollectorHelper' state=Blocked reason=_umtx_op_wait
[LOADER][INFO] guest_threads.timeout_wake count=2
[LOADER][INFO] Pumping guest thread 'AssetGarbageCollectorHelper' reason=dispatcher resume=0x000000080A821799
[LOADER][INFO] Pumping guest thread 'AssetGarbageCollectorHelper' reason=dispatcher resume=0x000000080A821799
[LOADER][INFO] Guest thread yield at import#5995: nid=04AjkP0jO9U ret=0x000000080A821799 reason=_umtx_op_wait
[LOADER][INFO] Guest thread yield at import#5228: nid=04AjkP0jO9U ret=0x000000080A821799 reason=_umtx_op_wait
[LOADER][INFO] Guest thread 'AssetGarbageCollectorHelper' state=Blocked reason=_umtx_op_wait
[LOADER][INFO] Guest thread 'AssetGarbageCollectorHelper' state=Blocked reason=_umtx_op_wait
[LOADER][INFO] guest_threads.timeout_wake count=2
[LOADER][INFO] Pumping guest thread 'AssetGarbageCollectorHelper' reason=dispatcher resume=0x000000080A821799
[LOADER][INFO] Pumping guest thread 'AssetGarbageCollectorHelper' reason=dispatcher resume=0x000000080A821799
[LOADER][INFO] Guest thread yield at import#7020: nid=04AjkP0jO9U ret=0x000000080A821799 reason=_umtx_op_wait
[LOADER][INFO] Guest thread yield at import#7787: nid=04AjkP0jO9U ret=0x000000080A821799 reason=_umtx_op_wait
[LOADER][INFO] Guest thread 'AssetGarbageCollectorHelper' state=Blocked reason=_umtx_op_wait
[LOADER][INFO] Guest thread 'AssetGarbageCollectorHelper' state=Blocked reason=_umtx_op_wait
[LOADER][INFO] guest_threads.timeout_wake count=2
[LOADER][INFO] Pumping guest thread 'AssetGarbageCollectorHelper' reason=ready-dispatch resume=0x000000080A821799
[LOADER][INFO] Pumping guest thread 'AssetGarbageCollectorHelper' reason=ready-dispatch resume=0x000000080A821799
[LOADER][INFO] Guest thread yield at import#8556: nid=04AjkP0jO9U ret=0x000000080A821799 reason=_umtx_op_wait
[LOADER][INFO] Guest thread yield at import#6252: nid=04AjkP0jO9U ret=0x000000080A821799 reason=_umtx_op_wait
[LOADER][INFO] guest_threads.timeout_wake count=1
[LOADER][INFO] Guest thread 'AssetGarbageCollectorHelper' state=Blocked reason=_umtx_op_wait
[LOADER][INFO] Guest thread 'AssetGarbageCollectorHelper' state=Blocked reason=_umtx_op_wait
[LOADER][INFO] Pumping guest thread 'AssetGarbageCollectorHelper' reason=dispatcher resume=0x000000080A821799
[LOADER][INFO] Guest thread yield at import#8044: nid=04AjkP0jO9U ret=0x000000080A821799 reason=_umtx_op_wait
[LOADER][INFO] Guest thread 'AssetGarbageCollectorHelper' state=Blocked reason=_umtx_op_wait
[LOADER][INFO] guest_threads.timeout_wake count=2
[LOADER][INFO] Pumping guest thread 'AssetGarbageCollectorHelper' reason=dispatcher resume=0x000000080A821799
[LOADER][INFO] Pumping guest thread 'AssetGarbageCollectorHelper' reason=dispatcher resume=0x000000080A821799
[LOADER][INFO] Guest thread yield at import#5484: nid=04AjkP0jO9U ret=0x000000080A821799 reason=_umtx_op_wait
[LOADER][INFO] Guest thread yield at import#6764: nid=04AjkP0jO9U ret=0x000000080A821799 reason=_umtx_op_wait
[LOADER][INFO] Guest thread 'AssetGarbageCollectorHelper' state=Blocked reason=_umtx_op_wait
[LOADER][INFO] Guest thread 'AssetGarbageCollectorHelper' state=Blocked reason=_umtx_op_wait
[LOADER][INFO] guest_threads.timeout_wake count=2
[LOADER][INFO] Pumping guest thread 'AssetGarbageCollectorHelper' reason=dispatcher resume=0x000000080A821799
[LOADER][INFO] Pumping guest thread 'AssetGarbageCollectorHelper' reason=dispatcher resume=0x000000080A821799
[LOADER][INFO] Guest thread yield at import#5741: nid=04AjkP0jO9U ret=0x000000080A821799 reason=_umtx_op_wait
[LOADER][INFO] Guest thread yield at import#7533: nid=04AjkP0jO9U ret=0x000000080A821799 reason=_umtx_op_wait
[LOADER][INFO] Guest thread 'AssetGarbageCollectorHelper' state=Blocked reason=_umtx_op_wait
[LOADER][INFO] Guest thread 'AssetGarbageCollectorHelper' state=Blocked reason=_umtx_op_wait
[LOADER][INFO] guest_threads.timeout_wake count=1
[LOADER][INFO] Pumping guest thread 'AssetGarbageCollectorHelper' reason=dispatcher resume=0x000000080A821799
[LOADER][INFO] Guest thread yield at import#7276: nid=04AjkP0jO9U ret=0x000000080A821799 reason=_umtx_op_wait
[LOADER][INFO] Guest thread 'AssetGarbageCollectorHelper' state=Blocked reason=_umtx_op_wait
[LOADER][INFO] guest_threads.timeout_wake count=1
[LOADER][INFO] Pumping guest thread 'AssetGarbageCollectorHelper' reason=dispatcher resume=0x000000080A821799
[LOADER][INFO] Guest thread yield at import#8300: nid=04AjkP0jO9U ret=0x000000080A821799 reason=_umtx_op_wait
[LOADER][INFO] Guest thread 'AssetGarbageCollectorHelper' state=Blocked reason=_umtx_op_wait
[LOADER][INFO] guest_threads.timeout_wake count=2
[LOADER][INFO] Pumping guest thread 'AssetGarbageCollectorHelper' reason=ready-dispatch resume=0x000000080A821799
[LOADER][INFO] Pumping guest thread 'AssetGarbageCollectorHelper' reason=ready-dispatch resume=0x000000080A821799
[LOADER][INFO] Guest thread yield at import#5229: nid=04AjkP0jO9U ret=0x000000080A821799 reason=_umtx_op_wait
[LOADER][INFO] Guest thread yield at import#5996: nid=04AjkP0jO9U ret=0x000000080A821799 reason=_umtx_op_wait
[LOADER][INFO] Guest thread 'AssetGarbageCollectorHelper' state=Blocked reason=_umtx_op_wait
[LOADER][INFO] Guest thread 'AssetGarbageCollectorHelper' state=Blocked reason=_umtx_op_wait
[LOADER][INFO] guest_threads.timeout_wake count=1
[LOADER][INFO] guest_threads.timeout_wake count=1
[LOADER][INFO] Pumping guest thread 'AssetGarbageCollectorHelper' reason=dispatcher resume=0x000000080A821799
[LOADER][INFO] Pumping guest thread 'AssetGarbageCollectorHelper' reason=dispatcher resume=0x000000080A821799
[LOADER][INFO] Guest thread yield at import#7788: nid=04AjkP0jO9U ret=0x000000080A821799 reason=_umtx_op_wait
[LOADER][INFO] Guest thread yield at import#7021: nid=04AjkP0jO9U ret=0x000000080A821799 reason=_umtx_op_wait
[LOADER][INFO] Guest thread 'AssetGarbageCollectorHelper' state=Blocked reason=_umtx_op_wait
[LOADER][INFO] Guest thread 'AssetGarbageCollectorHelper' state=Blocked reason=_umtx_op_wait
[LOADER][INFO] guest_threads.timeout_wake count=2
[LOADER][INFO] Pumping guest thread 'AssetGarbageCollectorHelper' reason=dispatcher resume=0x000000080A821799
[LOADER][INFO] Pumping guest thread 'AssetGarbageCollectorHelper' reason=dispatcher resume=0x000000080A821799
[LOADER][INFO] Guest thread yield at import#8557: nid=04AjkP0jO9U ret=0x000000080A821799 reason=_umtx_op_wait
[LOADER][INFO] Guest thread yield at import#6253: nid=04AjkP0jO9U ret=0x000000080A821799 reason=_umtx_op_wait
[LOADER][INFO] Guest thread 'AssetGarbageCollectorHelper' state=Blocked reason=_umtx_op_wait
[LOADER][INFO] Guest thread 'AssetGarbageCollectorHelper' state=Blocked reason=_umtx_op_wait
[LOADER][INFO] guest_threads.timeout_wake count=1
[LOADER][INFO] Pumping guest thread 'AssetGarbageCollectorHelper' reason=dispatcher resume=0x000000080A821799
[LOADER][INFO] Guest thread yield at import#8045: nid=04AjkP0jO9U ret=0x000000080A821799 reason=_umtx_op_wait
[LOADER][INFO] Guest thread 'AssetGarbageCollectorHelper' state=Blocked reason=_umtx_op_wait
[LOADER][INFO] guest_threads.timeout_wake count=2
[LOADER][INFO] Pumping guest thread 'AssetGarbageCollectorHelper' reason=ready-dispatch resume=0x000000080A821799
[LOADER][INFO] Pumping guest thread 'AssetGarbageCollectorHelper' reason=ready-dispatch resume=0x000000080A821799
[LOADER][INFO] Guest thread yield at import#5485: nid=04AjkP0jO9U ret=0x000000080A821799 reason=_umtx_op_wait
[LOADER][INFO] Guest thread yield at import#6765: nid=04AjkP0jO9U ret=0x000000080A821799 reason=_umtx_op_wait
[LOADER][INFO] Guest thread 'AssetGarbageCollectorHelper' state=Blocked reason=_umtx_op_wait
[LOADER][INFO] Guest thread 'AssetGarbageCollectorHelper' state=Blocked reason=_umtx_op_wait
[LOADER][INFO] guest_threads.timeout_wake count=2
[LOADER][INFO] Pumping guest thread 'AssetGarbageCollectorHelper' reason=ready-dispatch resume=0x000000080A821799
[LOADER][INFO] Pumping guest thread 'AssetGarbageCollectorHelper' reason=ready-dispatch resume=0x000000080A821799
[LOADER][INFO] Guest thread yield at import#7534: nid=04AjkP0jO9U ret=0x000000080A821799 reason=_umtx_op_wait
[LOADER][INFO] Guest thread yield at import#5742: nid=04AjkP0jO9U ret=0x000000080A821799 reason=_umtx_op_wait
[LOADER][INFO] Guest thread 'AssetGarbageCollectorHelper' state=Blocked reason=_umtx_op_wait
[LOADER][INFO] Guest thread 'AssetGarbageCollectorHelper' state=Blocked reason=_umtx_op_wait
[LOADER][INFO] guest_threads.timeout_wake count=1
[LOADER][INFO] Pumping guest thread 'AssetGarbageCollectorHelper' reason=ready-dispatch resume=0x000000080A821799
[LOADER][INFO] Guest thread yield at import#7277: nid=04AjkP0jO9U ret=0x000000080A821799 reason=_umtx_op_wait
[LOADER][INFO] Guest thread 'AssetGarbageCollectorHelper' state=Blocked reason=_umtx_op_wait
[LOADER][INFO] guest_threads.timeout_wake count=1
[LOADER][INFO] Pumping guest thread 'AssetGarbageCollectorHelper' reason=dispatcher resume=0x000000080A821799
[LOADER][INFO] Guest thread yield at import#8301: nid=04AjkP0jO9U ret=0x000000080A821799 reason=_umtx_op_wait
[LOADER][INFO] Guest thread 'AssetGarbageCollectorHelper' state=Blocked reason=_umtx_op_wait
[LOADER][INFO] guest_threads.timeout_wake count=4
[LOADER][INFO] Pumping guest thread 'AssetGarbageCollectorHelper' reason=ready-dispatch resume=0x000000080A821799
[LOADER][INFO] Pumping guest thread 'AssetGarbageCollectorHelper' reason=ready-dispatch resume=0x000000080A821799
[LOADER][INFO] Pumping guest thread 'AssetGarbageCollectorHelper' reason=ready-dispatch resume=0x000000080A821799
[LOADER][INFO] Guest thread yield at import#7789: nid=04AjkP0jO9U ret=0x000000080A821799 reason=_umtx_op_wait
[LOADER][INFO] Guest thread yield at import#5230: nid=04AjkP0jO9U ret=0x000000080A821799 reason=_umtx_op_wait
[LOADER][INFO] Guest thread yield at import#5997: nid=04AjkP0jO9U ret=0x000000080A821799 reason=_umtx_op_wait
[LOADER][INFO] Guest thread 'AssetGarbageCollectorHelper' state=Blocked reason=_umtx_op_wait
[LOADER][INFO] Guest thread 'AssetGarbageCollectorHelper' state=Blocked reason=_umtx_op_wait
[LOADER][INFO] Guest thread 'AssetGarbageCollectorHelper' state=Blocked reason=_umtx_op_wait
[LOADER][INFO] Pumping guest thread 'AssetGarbageCollectorHelper' reason=ready-dispatch resume=0x000000080A821799
[LOADER][INFO] Guest thread yield at import#7022: nid=04AjkP0jO9U ret=0x000000080A821799 reason=_umtx_op_wait
[LOADER][INFO] Guest thread 'AssetGarbageCollectorHelper' state=Blocked reason=_umtx_op_wait
[LOADER][INFO] guest_threads.timeout_wake count=2
[LOADER][INFO] Pumping guest thread 'AssetGarbageCollectorHelper' reason=ready-dispatch resume=0x000000080A821799
[LOADER][INFO] Pumping guest thread 'AssetGarbageCollectorHelper' reason=ready-dispatch resume=0x000000080A821799
[LOADER][INFO] Guest thread yield at import#8558: nid=04AjkP0jO9U ret=0x000000080A821799 reason=_umtx_op_wait
[LOADER][INFO] Guest thread yield at import#6254: nid=04AjkP0jO9U ret=0x000000080A821799 reason=_umtx_op_wait
[LOADER][INFO] Guest thread 'AssetGarbageCollectorHelper' state=Blocked reason=_umtx_op_wait
[LOADER][INFO] Guest thread 'AssetGarbageCollectorHelper' state=Blocked reason=_umtx_op_wait
[LOADER][INFO] guest_threads.timeout_wake count=1
[LOADER][INFO] Pumping guest thread 'AssetGarbageCollectorHelper' reason=dispatcher resume=0x000000080A821799
[LOADER][INFO] Guest thread yield at import#8046: nid=04AjkP0jO9U ret=0x000000080A821799 reason=_umtx_op_wait
[LOADER][INFO] Guest thread 'AssetGarbageCollectorHelper' state=Blocked reason=_umtx_op_wait
[LOADER][INFO] guest_threads.timeout_wake count=2
[LOADER][INFO] Pumping guest thread 'AssetGarbageCollectorHelper' reason=dispatcher resume=0x000000080A821799
[LOADER][INFO] Pumping guest thread 'AssetGarbageCollectorHelper' reason=dispatcher resume=0x000000080A821799
[LOADER][INFO] Guest thread yield at import#6766: nid=04AjkP0jO9U ret=0x000000080A821799 reason=_umtx_op_wait
[LOADER][INFO] Guest thread yield at import#5486: nid=04AjkP0jO9U ret=0x000000080A821799 reason=_umtx_op_wait
[LOADER][INFO] Guest thread 'AssetGarbageCollectorHelper' state=Blocked reason=_umtx_op_wait
[LOADER][INFO] Guest thread 'AssetGarbageCollectorHelper' state=Blocked reason=_umtx_op_wait
[LOADER][INFO] guest_threads.timeout_wake count=2
[LOADER][INFO] Pumping guest thread 'AssetGarbageCollectorHelper' reason=dispatcher resume=0x000000080A821799
[LOADER][INFO] Pumping guest thread 'AssetGarbageCollectorHelper' reason=dispatcher resume=0x000000080A821799
[LOADER][INFO] Guest thread yield at import#5743: nid=04AjkP0jO9U ret=0x000000080A821799 reason=_umtx_op_wait
[LOADER][INFO] Guest thread yield at import#7535: nid=04AjkP0jO9U ret=0x000000080A821799 reason=_umtx_op_wait
[LOADER][INFO] Guest thread 'AssetGarbageCollectorHelper' state=Blocked reason=_umtx_op_wait
[LOADER][INFO] Guest thread 'AssetGarbageCollectorHelper' state=Blocked reason=_umtx_op_wait
[LOADER][INFO] guest_threads.timeout_wake count=1
[LOADER][INFO] Pumping guest thread 'AssetGarbageCollectorHelper' reason=ready-dispatch resume=0x000000080A821799
[LOADER][INFO] Guest thread yield at import#7278: nid=04AjkP0jO9U ret=0x000000080A821799 reason=_umtx_op_wait
[LOADER][INFO] Guest thread 'AssetGarbageCollectorHelper' state=Blocked reason=_umtx_op_wait
[LOADER][INFO] guest_threads.timeout_wake count=1
[LOADER][INFO] Pumping guest thread 'AssetGarbageCollectorHelper' reason=ready-dispatch resume=0x000000080A821799
[LOADER][INFO] Guest thread yield at import#8302: nid=04AjkP0jO9U ret=0x000000080A821799 reason=_umtx_op_wait
[LOADER][INFO] Guest thread 'AssetGarbageCollectorHelper' state=Blocked reason=_umtx_op_wait
[LOADER][INFO] guest_threads.timeout_wake count=3
[LOADER][INFO] Pumping guest thread 'AssetGarbageCollectorHelper' reason=dispatcher resume=0x000000080A821799
[LOADER][INFO] Pumping guest thread 'AssetGarbageCollectorHelper' reason=dispatcher resume=0x000000080A821799
[LOADER][INFO] Pumping guest thread 'AssetGarbageCollectorHelper' reason=dispatcher resume=0x000000080A821799
[LOADER][INFO] Guest thread yield at import#5998: nid=04AjkP0jO9U ret=0x000000080A821799 reason=_umtx_op_wait
[LOADER][INFO] Guest thread yield at import#5231: nid=04AjkP0jO9U ret=0x000000080A821799 reason=_umtx_op_wait
[LOADER][INFO] Guest thread yield at import#7790: nid=04AjkP0jO9U ret=0x000000080A821799 reason=_umtx_op_wait
[LOADER][INFO] Guest thread 'AssetGarbageCollectorHelper' state=Blocked reason=_umtx_op_wait
[LOADER][INFO] Guest thread 'AssetGarbageCollectorHelper' state=Blocked reason=_umtx_op_wait
[LOADER][INFO] guest_threads.timeout_wake count=1
[LOADER][INFO] Guest thread 'AssetGarbageCollectorHelper' state=Blocked reason=_umtx_op_wait
[LOADER][INFO] Pumping guest thread 'AssetGarbageCollectorHelper' reason=ready-dispatch resume=0x000000080A821799
[LOADER][INFO] Guest thread yield at import#7023: nid=04AjkP0jO9U ret=0x000000080A821799 reason=_umtx_op_wait
[LOADER][INFO] Guest thread 'AssetGarbageCollectorHelper' state=Blocked reason=_umtx_op_wait
[LOADER][INFO] guest_threads.timeout_wake count=2
[LOADER][INFO] guest_threads.timeout_wake count=1
[LOADER][INFO] Pumping guest thread 'AssetGarbageCollectorHelper' reason=dispatcher resume=0x000000080A821799
[LOADER][INFO] Pumping guest thread 'AssetGarbageCollectorHelper' reason=dispatcher resume=0x000000080A821799
[LOADER][INFO] Pumping guest thread 'AssetGarbageCollectorHelper' reason=dispatcher resume=0x000000080A821799
[LOADER][INFO] Guest thread yield at import#8559: nid=04AjkP0jO9U ret=0x000000080A821799 reason=_umtx_op_wait
[LOADER][INFO] Guest thread yield at import#8047: nid=04AjkP0jO9U ret=0x000000080A821799 reason=_umtx_op_wait
[LOADER][INFO] Guest thread yield at import#6255: nid=04AjkP0jO9U ret=0x000000080A821799 reason=_umtx_op_wait
[LOADER][INFO] Guest thread 'AssetGarbageCollectorHelper' state=Blocked reason=_umtx_op_wait
[LOADER][INFO] Guest thread 'AssetGarbageCollectorHelper' state=Blocked reason=_umtx_op_wait
[LOADER][INFO] Guest thread 'AssetGarbageCollectorHelper' state=Blocked reason=_umtx_op_wait
[LOADER][INFO] guest_threads.timeout_wake count=2
[LOADER][INFO] Pumping guest thread 'AssetGarbageCollectorHelper' reason=dispatcher resume=0x000000080A821799
[LOADER][INFO] Pumping guest thread 'AssetGarbageCollectorHelper' reason=dispatcher resume=0x000000080A821799
[LOADER][INFO] Guest thread yield at import#5487: nid=04AjkP0jO9U ret=0x000000080A821799 reason=_umtx_op_wait
[LOADER][INFO] Guest thread yield at import#6767: nid=04AjkP0jO9U ret=0x000000080A821799 reason=_umtx_op_wait
[LOADER][INFO] Guest thread 'AssetGarbageCollectorHelper' state=Blocked reason=_umtx_op_wait
[LOADER][INFO] Guest thread 'AssetGarbageCollectorHelper' state=Blocked reason=_umtx_op_wait
[LOADER][INFO] guest_threads.timeout_wake count=1
[LOADER][INFO] guest_threads.timeout_wake count=1
[LOADER][INFO] Pumping guest thread 'AssetGarbageCollectorHelper' reason=dispatcher resume=0x000000080A821799
[LOADER][INFO] Pumping guest thread 'AssetGarbageCollectorHelper' reason=dispatcher resume=0x000000080A821799
[LOADER][INFO] Guest thread yield at import#7536: nid=04AjkP0jO9U ret=0x000000080A821799 reason=_umtx_op_wait
[LOADER][INFO] Guest thread yield at import#5744: nid=04AjkP0jO9U ret=0x000000080A821799 reason=_umtx_op_wait
[LOADER][INFO] Guest thread 'AssetGarbageCollectorHelper' state=Blocked reason=_umtx_op_wait
[LOADER][INFO] Guest thread 'AssetGarbageCollectorHelper' state=Blocked reason=_umtx_op_wait
[LOADER][INFO] guest_threads.timeout_wake count=1
[LOADER][INFO] Pumping guest thread 'AssetGarbageCollectorHelper' reason=ready-dispatch resume=0x000000080A821799
[LOADER][INFO] Guest thread yield at import#7279: nid=04AjkP0jO9U ret=0x000000080A821799 reason=_umtx_op_wait
[LOADER][INFO] Guest thread 'AssetGarbageCollectorHelper' state=Blocked reason=_umtx_op_wait
[LOADER][INFO] guest_threads.timeout_wake count=1
[LOADER][INFO] Pumping guest thread 'AssetGarbageCollectorHelper' reason=ready-dispatch resume=0x000000080A821799
[LOADER][INFO] Guest thread yield at import#8303: nid=04AjkP0jO9U ret=0x000000080A821799 reason=_umtx_op_wait
[LOADER][INFO] Guest thread 'AssetGarbageCollectorHelper' state=Blocked reason=_umtx_op_wait
[LOADER][INFO] guest_threads.timeout_wake count=3
[LOADER][INFO] Pumping guest thread 'AssetGarbageCollectorHelper' reason=dispatcher resume=0x000000080A821799
[LOADER][INFO] Pumping guest thread 'AssetGarbageCollectorHelper' reason=dispatcher resume=0x000000080A821799
[LOADER][INFO] Pumping guest thread 'AssetGarbageCollectorHelper' reason=dispatcher resume=0x000000080A821799
[LOADER][INFO] Guest thread yield at import#5232: nid=04AjkP0jO9U ret=0x000000080A821799 reason=_umtx_op_wait
[LOADER][INFO] Guest thread yield at import#7791: nid=04AjkP0jO9U ret=0x000000080A821799 reason=_umtx_op_wait
[LOADER][INFO] Guest thread yield at import#5999: nid=04AjkP0jO9U ret=0x000000080A821799 reason=_umtx_op_wait
[LOADER][INFO] guest_threads.timeout_wake count=1
[LOADER][INFO] Guest thread 'AssetGarbageCollectorHelper' state=Blocked reason=_umtx_op_wait
[LOADER][INFO] Pumping guest thread 'AssetGarbageCollectorHelper' reason=ready-dispatch resume=0x000000080A821799
[LOADER][INFO] Guest thread 'AssetGarbageCollectorHelper' state=Blocked reason=_umtx_op_wait
[LOADER][INFO] Guest thread 'AssetGarbageCollectorHelper' state=Blocked reason=_umtx_op_wait
[LOADER][INFO] Guest thread yield at import#7024: nid=04AjkP0jO9U ret=0x000000080A821799 reason=_umtx_op_wait
[LOADER][INFO] Guest thread 'AssetGarbageCollectorHelper' state=Blocked reason=_umtx_op_wait
[LOADER][INFO] guest_threads.timeout_wake count=3
[LOADER][INFO] Pumping guest thread 'AssetGarbageCollectorHelper' reason=ready-dispatch resume=0x000000080A821799
[LOADER][INFO] Pumping guest thread 'AssetGarbageCollectorHelper' reason=ready-dispatch resume=0x000000080A821799
[LOADER][INFO] Pumping guest thread 'AssetGarbageCollectorHelper' reason=ready-dispatch resume=0x000000080A821799
[LOADER][INFO] Guest thread yield at import#8048: nid=04AjkP0jO9U ret=0x000000080A821799 reason=_umtx_op_wait
[LOADER][INFO] Guest thread yield at import#6256: nid=04AjkP0jO9U ret=0x000000080A821799 reason=_umtx_op_wait
[LOADER][INFO] Guest thread yield at import#8560: nid=04AjkP0jO9U ret=0x000000080A821799 reason=_umtx_op_wait
[LOADER][INFO] Guest thread 'AssetGarbageCollectorHelper' state=Blocked reason=_umtx_op_wait
[LOADER][INFO] Guest thread 'AssetGarbageCollectorHelper' state=Blocked reason=_umtx_op_wait
[LOADER][INFO] Guest thread 'AssetGarbageCollectorHelper' state=Blocked reason=_umtx_op_wait
[LOADER][INFO] guest_threads.timeout_wake count=2
[LOADER][INFO] Pumping guest thread 'AssetGarbageCollectorHelper' reason=ready-dispatch resume=0x000000080A821799
[LOADER][INFO] Pumping guest thread 'AssetGarbageCollectorHelper' reason=ready-dispatch resume=0x000000080A821799
[LOADER][INFO] Guest thread yield at import#5488: nid=04AjkP0jO9U ret=0x000000080A821799 reason=_umtx_op_wait
[LOADER][INFO] Guest thread yield at import#6768: nid=04AjkP0jO9U ret=0x000000080A821799 reason=_umtx_op_wait
[LOADER][INFO] Guest thread 'AssetGarbageCollectorHelper' state=Blocked reason=_umtx_op_wait
[LOADER][INFO] Guest thread 'AssetGarbageCollectorHelper' state=Blocked reason=_umtx_op_wait
[LOADER][INFO] guest_threads.timeout_wake count=2
[LOADER][INFO] Pumping guest thread 'AssetGarbageCollectorHelper' reason=dispatcher resume=0x000000080A821799
[LOADER][INFO] Pumping guest thread 'AssetGarbageCollectorHelper' reason=dispatcher resume=0x000000080A821799
[LOADER][INFO] Guest thread yield at import#7537: nid=04AjkP0jO9U ret=0x000000080A821799 reason=_umtx_op_wait
[LOADER][INFO] Guest thread yield at import#5745: nid=04AjkP0jO9U ret=0x000000080A821799 reason=_umtx_op_wait
[LOADER][INFO] Guest thread 'AssetGarbageCollectorHelper' state=Blocked reason=_umtx_op_wait
[LOADER][INFO] Guest thread 'AssetGarbageCollectorHelper' state=Blocked reason=_umtx_op_wait
[LOADER][INFO] guest_threads.timeout_wake count=1
[LOADER][INFO] Pumping guest thread 'AssetGarbageCollectorHelper' reason=dispatcher resume=0x000000080A821799
[LOADER][INFO] Guest thread yield at import#7280: nid=04AjkP0jO9U ret=0x000000080A821799 reason=_umtx_op_wait
[LOADER][INFO] Guest thread 'AssetGarbageCollectorHelper' state=Blocked reason=_umtx_op_wait
[LOADER][INFO] guest_threads.timeout_wake count=1
[LOADER][INFO] Pumping guest thread 'AssetGarbageCollectorHelper' reason=dispatcher resume=0x000000080A821799
[LOADER][INFO] Guest thread yield at import#8304: nid=04AjkP0jO9U ret=0x000000080A821799 reason=_umtx_op_wait
[LOADER][INFO] Guest thread 'AssetGarbageCollectorHelper' state=Blocked reason=_umtx_op_wait
[LOADER][INFO] guest_threads.timeout_wake count=3
[LOADER][INFO] Pumping guest thread 'AssetGarbageCollectorHelper' reason=ready-dispatch resume=0x000000080A821799
[LOADER][INFO] Pumping guest thread 'AssetGarbageCollectorHelper' reason=ready-dispatch resume=0x000000080A821799
[LOADER][INFO] Pumping guest thread 'AssetGarbageCollectorHelper' reason=ready-dispatch resume=0x000000080A821799
[LOADER][INFO] Guest thread yield at import#6000: nid=04AjkP0jO9U ret=0x000000080A821799 reason=_umtx_op_wait
[LOADER][INFO] Guest thread yield at import#7792: nid=04AjkP0jO9U ret=0x000000080A821799 reason=_umtx_op_wait
[LOADER][INFO] Guest thread yield at import#5233: nid=04AjkP0jO9U ret=0x000000080A821799 reason=_umtx_op_wait
[LOADER][INFO] Guest thread 'AssetGarbageCollectorHelper' state=Blocked reason=_umtx_op_wait
[LOADER][INFO] Guest thread 'AssetGarbageCollectorHelper' state=Blocked reason=_umtx_op_wait
[LOADER][INFO] Guest thread 'AssetGarbageCollectorHelper' state=Blocked reason=_umtx_op_wait
[LOADER][INFO] guest_threads.timeout_wake count=1
[LOADER][INFO] Pumping guest thread 'AssetGarbageCollectorHelper' reason=ready-dispatch resume=0x000000080A821799
[LOADER][INFO] Guest thread yield at import#7025: nid=04AjkP0jO9U ret=0x000000080A821799 reason=_umtx_op_wait
[LOADER][INFO] Guest thread 'AssetGarbageCollectorHelper' state=Blocked reason=_umtx_op_wait
[LOADER][INFO] guest_threads.timeout_wake count=2
[LOADER][INFO] guest_threads.timeout_wake count=1
[LOADER][INFO] Pumping guest thread 'AssetGarbageCollectorHelper' reason=dispatcher resume=0x000000080A821799
[LOADER][INFO] Pumping guest thread 'AssetGarbageCollectorHelper' reason=dispatcher resume=0x000000080A821799
[LOADER][INFO] Pumping guest thread 'AssetGarbageCollectorHelper' reason=dispatcher resume=0x000000080A821799
[LOADER][INFO] Guest thread yield at import#6257: nid=04AjkP0jO9U ret=0x000000080A821799 reason=_umtx_op_wait
[LOADER][INFO] Guest thread yield at import#8049: nid=04AjkP0jO9U ret=0x000000080A821799 reason=_umtx_op_wait
[LOADER][INFO] Guest thread yield at import#8561: nid=04AjkP0jO9U ret=0x000000080A821799 reason=_umtx_op_wait
[LOADER][INFO] Guest thread 'AssetGarbageCollectorHelper' state=Blocked reason=_umtx_op_wait
[LOADER][INFO] Guest thread 'AssetGarbageCollectorHelper' state=Blocked reason=_umtx_op_wait
[LOADER][INFO] Guest thread 'AssetGarbageCollectorHelper' state=Blocked reason=_umtx_op_wait
[LOADER][INFO] guest_threads.timeout_wake count=2
[LOADER][INFO] Pumping guest thread 'AssetGarbageCollectorHelper' reason=dispatcher resume=0x000000080A821799
[LOADER][INFO] Pumping guest thread 'AssetGarbageCollectorHelper' reason=dispatcher resume=0x000000080A821799
[LOADER][INFO] Guest thread yield at import#6769: nid=04AjkP0jO9U ret=0x000000080A821799 reason=_umtx_op_wait
[LOADER][INFO] Guest thread yield at import#5489: nid=04AjkP0jO9U ret=0x000000080A821799 reason=_umtx_op_wait
[LOADER][INFO] Guest thread 'AssetGarbageCollectorHelper' state=Blocked reason=_umtx_op_wait
[LOADER][INFO] Guest thread 'AssetGarbageCollectorHelper' state=Blocked reason=_umtx_op_wait
[LOADER][INFO] guest_threads.timeout_wake count=2
[LOADER][INFO] Pumping guest thread 'AssetGarbageCollectorHelper' reason=ready-dispatch resume=0x000000080A821799
[LOADER][INFO] Pumping guest thread 'AssetGarbageCollectorHelper' reason=ready-dispatch resume=0x000000080A821799
[LOADER][INFO] Guest thread yield at import#7538: nid=04AjkP0jO9U ret=0x000000080A821799 reason=_umtx_op_wait
[LOADER][INFO] Guest thread yield at import#5746: nid=04AjkP0jO9U ret=0x000000080A821799 reason=_umtx_op_wait
[LOADER][INFO] Guest thread 'AssetGarbageCollectorHelper' state=Blocked reason=_umtx_op_wait
[LOADER][INFO] Guest thread 'AssetGarbageCollectorHelper' state=Blocked reason=_umtx_op_wait
[LOADER][INFO] guest_threads.timeout_wake count=1
[LOADER][INFO] Pumping guest thread 'AssetGarbageCollectorHelper' reason=ready-dispatch resume=0x000000080A821799
[LOADER][INFO] Guest thread yield at import#7281: nid=04AjkP0jO9U ret=0x000000080A821799 reason=_umtx_op_wait
[LOADER][INFO] Guest thread 'AssetGarbageCollectorHelper' state=Blocked reason=_umtx_op_wait
[LOADER][INFO] guest_threads.timeout_wake count=1
[LOADER][INFO] Pumping guest thread 'AssetGarbageCollectorHelper' reason=ready-dispatch resume=0x000000080A821799
[LOADER][INFO] Guest thread yield at import#8305: nid=04AjkP0jO9U ret=0x000000080A821799 reason=_umtx_op_wait
[LOADER][INFO] Guest thread 'AssetGarbageCollectorHelper' state=Blocked reason=_umtx_op_wait
[LOADER][INFO] guest_threads.timeout_wake count=3
[LOADER][INFO] Pumping guest thread 'AssetGarbageCollectorHelper' reason=ready-dispatch resume=0x000000080A821799
[LOADER][INFO] Pumping guest thread 'AssetGarbageCollectorHelper' reason=ready-dispatch resume=0x000000080A821799
[LOADER][INFO] Pumping guest thread 'AssetGarbageCollectorHelper' reason=ready-dispatch resume=0x000000080A821799
[LOADER][INFO] Guest thread yield at import#5234: nid=04AjkP0jO9U ret=0x000000080A821799 reason=_umtx_op_wait
[LOADER][INFO] Guest thread yield at import#6001: nid=04AjkP0jO9U ret=0x000000080A821799 reason=_umtx_op_wait
[LOADER][INFO] Guest thread yield at import#7793: nid=04AjkP0jO9U ret=0x000000080A821799 reason=_umtx_op_wait
[LOADER][INFO] Guest thread 'AssetGarbageCollectorHelper' state=Blocked reason=_umtx_op_wait
[LOADER][INFO] Guest thread 'AssetGarbageCollectorHelper' state=Blocked reason=_umtx_op_wait
[LOADER][INFO] Guest thread 'AssetGarbageCollectorHelper' state=Blocked reason=_umtx_op_wait
[LOADER][INFO] guest_threads.timeout_wake count=1
[LOADER][INFO] Pumping guest thread 'AssetGarbageCollectorHelper' reason=ready-dispatch resume=0x000000080A821799
[LOADER][INFO] Guest thread yield at import#7026: nid=04AjkP0jO9U ret=0x000000080A821799 reason=_umtx_op_wait
[LOADER][INFO] Guest thread 'AssetGarbageCollectorHelper' state=Blocked reason=_umtx_op_wait
[LOADER][INFO] guest_threads.timeout_wake count=3
[LOADER][INFO] Pumping guest thread 'AssetGarbageCollectorHelper' reason=dispatcher resume=0x000000080A821799
[LOADER][INFO] Pumping guest thread 'AssetGarbageCollectorHelper' reason=dispatcher resume=0x000000080A821799
[LOADER][INFO] Pumping guest thread 'AssetGarbageCollectorHelper' reason=dispatcher resume=0x000000080A821799
[LOADER][INFO] Guest thread yield at import#8050: nid=04AjkP0jO9U ret=0x000000080A821799 reason=_umtx_op_wait
[LOADER][INFO] Guest thread yield at import#6258: nid=04AjkP0jO9U ret=0x000000080A821799 reason=_umtx_op_wait
[LOADER][INFO] Guest thread yield at import#8562: nid=04AjkP0jO9U ret=0x000000080A821799 reason=_umtx_op_wait
[LOADER][INFO] Guest thread 'AssetGarbageCollectorHelper' state=Blocked reason=_umtx_op_wait
[LOADER][INFO] Guest thread 'AssetGarbageCollectorHelper' state=Blocked reason=_umtx_op_wait
[LOADER][INFO] Guest thread 'AssetGarbageCollectorHelper' state=Blocked reason=_umtx_op_wait
[LOADER][INFO] guest_threads.timeout_wake count=2
[LOADER][INFO] Pumping guest thread 'AssetGarbageCollectorHelper' reason=dispatcher resume=0x000000080A821799
[LOADER][INFO] Pumping guest thread 'AssetGarbageCollectorHelper' reason=dispatcher resume=0x000000080A821799
[LOADER][INFO] Guest thread yield at import#6770: nid=04AjkP0jO9U ret=0x000000080A821799 reason=_umtx_op_wait
[LOADER][INFO] Guest thread yield at import#5490: nid=04AjkP0jO9U ret=0x000000080A821799 reason=_umtx_op_wait
[LOADER][INFO] Guest thread 'AssetGarbageCollectorHelper' state=Blocked reason=_umtx_op_wait
[LOADER][INFO] Guest thread 'AssetGarbageCollectorHelper' state=Blocked reason=_umtx_op_wait
[LOADER][INFO] guest_threads.timeout_wake count=2
[LOADER][INFO] Pumping guest thread 'AssetGarbageCollectorHelper' reason=ready-dispatch resume=0x000000080A821799
[LOADER][INFO] Pumping guest thread 'AssetGarbageCollectorHelper' reason=ready-dispatch resume=0x000000080A821799
[LOADER][INFO] Guest thread yield at import#5747: nid=04AjkP0jO9U ret=0x000000080A821799 reason=_umtx_op_wait
[LOADER][INFO] Guest thread yield at import#7539: nid=04AjkP0jO9U ret=0x000000080A821799 reason=_umtx_op_wait
[LOADER][INFO] Guest thread 'AssetGarbageCollectorHelper' state=Blocked reason=_umtx_op_wait
[LOADER][INFO] Guest thread 'AssetGarbageCollectorHelper' state=Blocked reason=_umtx_op_wait
[LOADER][INFO] guest_threads.timeout_wake count=1
[LOADER][INFO] Pumping guest thread 'AssetGarbageCollectorHelper' reason=dispatcher resume=0x000000080A821799
[LOADER][INFO] Guest thread yield at import#7282: nid=04AjkP0jO9U ret=0x000000080A821799 reason=_umtx_op_wait
[LOADER][INFO] Guest thread 'AssetGarbageCollectorHelper' state=Blocked reason=_umtx_op_wait
[LOADER][INFO] guest_threads.timeout_wake count=1
[LOADER][INFO] Pumping guest thread 'AssetGarbageCollectorHelper' reason=dispatcher resume=0x000000080A821799
[LOADER][INFO] Guest thread yield at import#8306: nid=04AjkP0jO9U ret=0x000000080A821799 reason=_umtx_op_wait
[LOADER][INFO] Guest thread 'AssetGarbageCollectorHelper' state=Blocked reason=_umtx_op_wait
[LOADER][INFO] guest_threads.timeout_wake count=2
[LOADER][INFO] guest_threads.timeout_wake count=1
[LOADER][INFO] Pumping guest thread 'AssetGarbageCollectorHelper' reason=dispatcher resume=0x000000080A821799
[LOADER][INFO] Pumping guest thread 'AssetGarbageCollectorHelper' reason=dispatcher resume=0x000000080A821799
[LOADER][INFO] Pumping guest thread 'AssetGarbageCollectorHelper' reason=dispatcher resume=0x000000080A821799
[LOADER][INFO] Guest thread yield at import#5235: nid=04AjkP0jO9U ret=0x000000080A821799 reason=_umtx_op_wait
[LOADER][INFO] Guest thread yield at import#6002: nid=04AjkP0jO9U ret=0x000000080A821799 reason=_umtx_op_wait
[LOADER][INFO] Guest thread yield at import#7794: nid=04AjkP0jO9U ret=0x000000080A821799 reason=_umtx_op_wait
[LOADER][INFO] Guest thread 'AssetGarbageCollectorHelper' state=Blocked reason=_umtx_op_wait
[LOADER][INFO] Guest thread 'AssetGarbageCollectorHelper' state=Blocked reason=_umtx_op_wait
[LOADER][INFO] Guest thread 'AssetGarbageCollectorHelper' state=Blocked reason=_umtx_op_wait
[LOADER][INFO] guest_threads.timeout_wake count=1
[LOADER][INFO] Pumping guest thread 'AssetGarbageCollectorHelper' reason=dispatcher resume=0x000000080A821799
[LOADER][INFO] Guest thread yield at import#7027: nid=04AjkP0jO9U ret=0x000000080A821799 reason=_umtx_op_wait
[LOADER][INFO] Guest thread 'AssetGarbageCollectorHelper' state=Blocked reason=_umtx_op_wait
[LOADER][INFO] guest_threads.timeout_wake count=3
[LOADER][INFO] Pumping guest thread 'AssetGarbageCollectorHelper' reason=ready-dispatch resume=0x000000080A821799
[LOADER][INFO] Pumping guest thread 'AssetGarbageCollectorHelper' reason=ready-dispatch resume=0x000000080A821799
[LOADER][INFO] Pumping guest thread 'AssetGarbageCollectorHelper' reason=ready-dispatch resume=0x000000080A821799
[LOADER][INFO] Guest thread yield at import#8051: nid=04AjkP0jO9U ret=0x000000080A821799 reason=_umtx_op_wait
[LOADER][INFO] Guest thread yield at import#6259: nid=04AjkP0jO9U ret=0x000000080A821799 reason=_umtx_op_wait
[LOADER][INFO] Guest thread yield at import#8563: nid=04AjkP0jO9U ret=0x000000080A821799 reason=_umtx_op_wait
[LOADER][INFO] Guest thread 'AssetGarbageCollectorHelper' state=Blocked reason=_umtx_op_wait
[LOADER][INFO] Guest thread 'AssetGarbageCollectorHelper' state=Blocked reason=_umtx_op_wait
[LOADER][INFO] Guest thread 'AssetGarbageCollectorHelper' state=Blocked reason=_umtx_op_wait
[LOADER][INFO] guest_threads.timeout_wake count=2
[LOADER][INFO] Pumping guest thread 'AssetGarbageCollectorHelper' reason=dispatcher resume=0x000000080A821799
[LOADER][INFO] Pumping guest thread 'AssetGarbageCollectorHelper' reason=ready-dispatch resume=0x000000080A821799
[LOADER][INFO] Guest thread yield at import#6771: nid=04AjkP0jO9U ret=0x000000080A821799 reason=_umtx_op_wait
[LOADER][INFO] Guest thread yield at import#5491: nid=04AjkP0jO9U ret=0x000000080A821799 reason=_umtx_op_wait
[LOADER][INFO] Guest thread 'AssetGarbageCollectorHelper' state=Blocked reason=_umtx_op_wait
[LOADER][INFO] guest_threads.timeout_wake count=2
[LOADER][INFO] Pumping guest thread 'AssetGarbageCollectorHelper' reason=ready-dispatch resume=0x000000080A821799
[LOADER][INFO] Pumping guest thread 'AssetGarbageCollectorHelper' reason=ready-dispatch resume=0x000000080A821799
[LOADER][INFO] Guest thread 'AssetGarbageCollectorHelper' state=Blocked reason=_umtx_op_wait
[LOADER][INFO] Guest thread yield at import#7540: nid=04AjkP0jO9U ret=0x000000080A821799 reason=_umtx_op_wait
[LOADER][INFO] Guest thread yield at import#5748: nid=04AjkP0jO9U ret=0x000000080A821799 reason=_umtx_op_wait
[LOADER][INFO] Guest thread 'AssetGarbageCollectorHelper' state=Blocked reason=_umtx_op_wait
[LOADER][INFO] Guest thread 'AssetGarbageCollectorHelper' state=Blocked reason=_umtx_op_wait
[LOADER][INFO] guest_threads.timeout_wake count=1
[LOADER][INFO] Pumping guest thread 'AssetGarbageCollectorHelper' reason=dispatcher resume=0x000000080A821799
[LOADER][INFO] Guest thread yield at import#7283: nid=04AjkP0jO9U ret=0x000000080A821799 reason=_umtx_op_wait
[LOADER][INFO] Guest thread 'AssetGarbageCollectorHelper' state=Blocked reason=_umtx_op_wait
[LOADER][INFO] guest_threads.timeout_wake count=1
[LOADER][INFO] Pumping guest thread 'AssetGarbageCollectorHelper' reason=ready-dispatch resume=0x000000080A821799
[LOADER][INFO] Guest thread yield at import#8307: nid=04AjkP0jO9U ret=0x000000080A821799 reason=_umtx_op_wait
[LOADER][INFO] Guest thread 'AssetGarbageCollectorHelper' state=Blocked reason=_umtx_op_wait
[LOADER][INFO] guest_threads.timeout_wake count=3
[LOADER][INFO] Pumping guest thread 'AssetGarbageCollectorHelper' reason=ready-dispatch resume=0x000000080A821799
[LOADER][INFO] Pumping guest thread 'AssetGarbageCollectorHelper' reason=ready-dispatch resume=0x000000080A821799
[LOADER][INFO] Guest thread yield at import#7795: nid=04AjkP0jO9U ret=0x000000080A821799 reason=_umtx_op_wait
[LOADER][INFO] Guest thread yield at import#6003: nid=04AjkP0jO9U ret=0x000000080A821799 reason=_umtx_op_wait
[LOADER][INFO] guest_threads.timeout_wake count=1
[LOADER][INFO] Pumping guest thread 'AssetGarbageCollectorHelper' reason=ready-dispatch resume=0x000000080A821799
[LOADER][INFO] Pumping guest thread 'AssetGarbageCollectorHelper' reason=ready-dispatch resume=0x000000080A821799
[LOADER][INFO] Guest thread 'AssetGarbageCollectorHelper' state=Blocked reason=_umtx_op_wait
[LOADER][INFO] Guest thread 'AssetGarbageCollectorHelper' state=Blocked reason=_umtx_op_wait
[LOADER][INFO] guest_threads.timeout_wake count=3
[LOADER][INFO] Pumping guest thread 'AssetGarbageCollectorHelper' reason=ready-dispatch resume=0x000000080A821799
[LOADER][INFO] Pumping guest thread 'AssetGarbageCollectorHelper' reason=ready-dispatch resume=0x000000080A821799
[LOADER][INFO] Pumping guest thread 'AssetGarbageCollectorHelper' reason=ready-dispatch resume=0x000000080A821799
[LOADER][INFO] Guest thread yield at import#7028: nid=04AjkP0jO9U ret=0x000000080A821799 reason=_umtx_op_wait
[LOADER][INFO] Guest thread yield at import#5236: nid=04AjkP0jO9U ret=0x000000080A821799 reason=_umtx_op_wait
[LOADER][INFO] Guest thread yield at import#8564: nid=04AjkP0jO9U ret=0x000000080A821799 reason=_umtx_op_wait
[LOADER][INFO] Guest thread yield at import#8052: nid=04AjkP0jO9U ret=0x000000080A821799 reason=_umtx_op_wait
[LOADER][INFO] Guest thread yield at import#6260: nid=04AjkP0jO9U ret=0x000000080A821799 reason=_umtx_op_wait
[LOADER][INFO] Guest thread 'AssetGarbageCollectorHelper' state=Blocked reason=_umtx_op_wait
[LOADER][INFO] Guest thread 'AssetGarbageCollectorHelper' state=Blocked reason=_umtx_op_wait
[LOADER][INFO] Guest thread 'AssetGarbageCollectorHelper' state=Blocked reason=_umtx_op_wait
[LOADER][INFO] Guest thread 'AssetGarbageCollectorHelper' state=Blocked reason=_umtx_op_wait
[LOADER][INFO] Guest thread 'AssetGarbageCollectorHelper' state=Blocked reason=_umtx_op_wait
[LOADER][INFO] guest_threads.timeout_wake count=1
[LOADER][INFO] Pumping guest thread 'AssetGarbageCollectorHelper' reason=dispatcher resume=0x000000080A821799
[LOADER][INFO] Guest thread yield at import#6772: nid=04AjkP0jO9U ret=0x000000080A821799 reason=_umtx_op_wait
[LOADER][INFO] Guest thread 'AssetGarbageCollectorHelper' state=Blocked reason=_umtx_op_wait
[LOADER][INFO] guest_threads.timeout_wake count=1
[LOADER][INFO] Pumping guest thread 'AssetGarbageCollectorHelper' reason=ready-dispatch resume=0x000000080A821799
[LOADER][INFO] Guest thread yield at import#5492: nid=04AjkP0jO9U ret=0x000000080A821799 reason=_umtx_op_wait
[LOADER][INFO] Guest thread 'AssetGarbageCollectorHelper' state=Blocked reason=_umtx_op_wait
[LOADER][INFO] guest_threads.timeout_wake count=2
[LOADER][INFO] Pumping guest thread 'AssetGarbageCollectorHelper' reason=dispatcher resume=0x000000080A821799
[LOADER][INFO] Pumping guest thread 'AssetGarbageCollectorHelper' reason=dispatcher resume=0x000000080A821799
[LOADER][INFO] Guest thread yield at import#5749: nid=04AjkP0jO9U ret=0x000000080A821799 reason=_umtx_op_wait
[LOADER][INFO] Guest thread 'AssetGarbageCollectorHelper' state=Blocked reason=_umtx_op_wait
[LOADER][INFO] Guest thread yield at import#7541: nid=04AjkP0jO9U ret=0x000000080A821799 reason=_umtx_op_wait
[LOADER][INFO] Guest thread 'AssetGarbageCollectorHelper' state=Blocked reason=_umtx_op_wait
[LOADER][INFO] guest_threads.timeout_wake count=1
[LOADER][INFO] Pumping guest thread 'AssetGarbageCollectorHelper' reason=dispatcher resume=0x000000080A821799
[LOADER][INFO] Guest thread yield at import#7284: nid=04AjkP0jO9U ret=0x000000080A821799 reason=_umtx_op_wait
[LOADER][INFO] Guest thread 'AssetGarbageCollectorHelper' state=Blocked reason=_umtx_op_wait
[LOADER][INFO] guest_threads.timeout_wake count=1
[LOADER][INFO] Pumping guest thread 'AssetGarbageCollectorHelper' reason=ready-dispatch resume=0x000000080A821799
[LOADER][INFO] Guest thread yield at import#8308: nid=04AjkP0jO9U ret=0x000000080A821799 reason=_umtx_op_wait
[LOADER][INFO] Guest thread 'AssetGarbageCollectorHelper' state=Blocked reason=_umtx_op_wait
[LOADER][INFO] guest_threads.timeout_wake count=1
[LOADER][INFO] Pumping guest thread 'AssetGarbageCollectorHelper' reason=ready-dispatch resume=0x000000080A821799
[LOADER][INFO] Guest thread yield at import#6004: nid=04AjkP0jO9U ret=0x000000080A821799 reason=_umtx_op_wait
[LOADER][INFO] Guest thread 'AssetGarbageCollectorHelper' state=Blocked reason=_umtx_op_wait
[LOADER][INFO] guest_threads.timeout_wake count=1
[LOADER][INFO] Pumping guest thread 'AssetGarbageCollectorHelper' reason=dispatcher resume=0x000000080A821799
[LOADER][INFO] Guest thread yield at import#7796: nid=04AjkP0jO9U ret=0x000000080A821799 reason=_umtx_op_wait
[LOADER][INFO] Guest thread 'AssetGarbageCollectorHelper' state=Blocked reason=_umtx_op_wait
[LOADER][INFO] guest_threads.timeout_wake count=2
[LOADER][INFO] Pumping guest thread 'AssetGarbageCollectorHelper' reason=dispatcher resume=0x000000080A821799
[LOADER][INFO] Pumping guest thread 'AssetGarbageCollectorHelper' reason=dispatcher resume=0x000000080A821799
[LOADER][INFO] Guest thread yield at import#7029: nid=04AjkP0jO9U ret=0x000000080A821799 reason=_umtx_op_wait
[LOADER][INFO] Guest thread yield at import#5237: nid=04AjkP0jO9U ret=0x000000080A821799 reason=_umtx_op_wait
[LOADER][INFO] Guest thread 'AssetGarbageCollectorHelper' state=Blocked reason=_umtx_op_wait
[LOADER][INFO] Guest thread 'AssetGarbageCollectorHelper' state=Blocked reason=_umtx_op_wait
[LOADER][INFO] guest_threads.timeout_wake count=3
[LOADER][INFO] Pumping guest thread 'AssetGarbageCollectorHelper' reason=dispatcher resume=0x000000080A821799
[LOADER][INFO] Pumping guest thread 'AssetGarbageCollectorHelper' reason=dispatcher resume=0x000000080A821799
[LOADER][INFO] Pumping guest thread 'AssetGarbageCollectorHelper' reason=dispatcher resume=0x000000080A821799
[LOADER][INFO] Guest thread yield at import#8053: nid=04AjkP0jO9U ret=0x000000080A821799 reason=_umtx_op_wait
[LOADER][INFO] Guest thread 'AssetGarbageCollectorHelper' state=Blocked reason=_umtx_op_wait
[LOADER][INFO] Guest thread yield at import#8565: nid=04AjkP0jO9U ret=0x000000080A821799 reason=_umtx_op_wait
[LOADER][INFO] Guest thread yield at import#6261: nid=04AjkP0jO9U ret=0x000000080A821799 reason=_umtx_op_wait
[LOADER][INFO] Guest thread 'AssetGarbageCollectorHelper' state=Blocked reason=_umtx_op_wait
[LOADER][INFO] Guest thread 'AssetGarbageCollectorHelper' state=Blocked reason=_umtx_op_wait
[LOADER][INFO] guest_threads.timeout_wake count=1
[LOADER][INFO] Pumping guest thread 'AssetGarbageCollectorHelper' reason=dispatcher resume=0x000000080A821799
[LOADER][INFO] Guest thread yield at import#6773: nid=04AjkP0jO9U ret=0x000000080A821799 reason=_umtx_op_wait
[LOADER][INFO] Guest thread 'AssetGarbageCollectorHelper' state=Blocked reason=_umtx_op_wait
[LOADER][INFO] guest_threads.timeout_wake count=1
[LOADER][INFO] Pumping guest thread 'AssetGarbageCollectorHelper' reason=dispatcher resume=0x000000080A821799
[LOADER][INFO] Guest thread yield at import#5493: nid=04AjkP0jO9U ret=0x000000080A821799 reason=_umtx_op_wait
[LOADER][INFO] Guest thread 'AssetGarbageCollectorHelper' state=Blocked reason=_umtx_op_wait
[LOADER][INFO] guest_threads.timeout_wake count=2
[LOADER][INFO] Pumping guest thread 'AssetGarbageCollectorHelper' reason=dispatcher resume=0x000000080A821799
[LOADER][INFO] Pumping guest thread 'AssetGarbageCollectorHelper' reason=dispatcher resume=0x000000080A821799
[LOADER][INFO] Guest thread yield at import#7542: nid=04AjkP0jO9U ret=0x000000080A821799 reason=_umtx_op_wait
[LOADER][INFO] Guest thread yield at import#5750: nid=04AjkP0jO9U ret=0x000000080A821799 reason=_umtx_op_wait
[LOADER][INFO] Guest thread 'AssetGarbageCollectorHelper' state=Blocked reason=_umtx_op_wait
[LOADER][INFO] Guest thread 'AssetGarbageCollectorHelper' state=Blocked reason=_umtx_op_wait
[LOADER][INFO] guest_threads.timeout_wake count=1
[LOADER][INFO] Pumping guest thread 'AssetGarbageCollectorHelper' reason=ready-dispatch resume=0x000000080A821799
[LOADER][INFO] Guest thread yield at import#7285: nid=04AjkP0jO9U ret=0x000000080A821799 reason=_umtx_op_wait
[LOADER][INFO] Guest thread 'AssetGarbageCollectorHelper' state=Blocked reason=_umtx_op_wait
[LOADER][INFO] guest_threads.timeout_wake count=1
[LOADER][INFO] Pumping guest thread 'AssetGarbageCollectorHelper' reason=ready-dispatch resume=0x000000080A821799
[LOADER][INFO] Guest thread yield at import#8309: nid=04AjkP0jO9U ret=0x000000080A821799 reason=_umtx_op_wait
[LOADER][INFO] Guest thread 'AssetGarbageCollectorHelper' state=Blocked reason=_umtx_op_wait
[LOADER][INFO] guest_threads.timeout_wake count=1
[LOADER][INFO] Pumping guest thread 'AssetGarbageCollectorHelper' reason=ready-dispatch resume=0x000000080A821799
[LOADER][INFO] Guest thread yield at import#6005: nid=04AjkP0jO9U ret=0x000000080A821799 reason=_umtx_op_wait
[LOADER][INFO] Guest thread 'AssetGarbageCollectorHelper' state=Blocked reason=_umtx_op_wait
[LOADER][INFO] guest_threads.timeout_wake count=1
[LOADER][INFO] Pumping guest thread 'AssetGarbageCollectorHelper' reason=dispatcher resume=0x000000080A821799
[LOADER][INFO] Guest thread yield at import#7797: nid=04AjkP0jO9U ret=0x000000080A821799 reason=_umtx_op_wait
[LOADER][INFO] Guest thread 'AssetGarbageCollectorHelper' state=Blocked reason=_umtx_op_wait
[LOADER][INFO] guest_threads.timeout_wake count=2
[LOADER][INFO] Pumping guest thread 'AssetGarbageCollectorHelper' reason=dispatcher resume=0x000000080A821799
[LOADER][INFO] Pumping guest thread 'AssetGarbageCollectorHelper' reason=dispatcher resume=0x000000080A821799
[LOADER][INFO] Guest thread yield at import#7030: nid=04AjkP0jO9U ret=0x000000080A821799 reason=_umtx_op_wait
[LOADER][INFO] Guest thread yield at import#5238: nid=04AjkP0jO9U ret=0x000000080A821799 reason=_umtx_op_wait
[LOADER][INFO] Guest thread 'AssetGarbageCollectorHelper' state=Blocked reason=_umtx_op_wait
[LOADER][INFO] Guest thread 'AssetGarbageCollectorHelper' state=Blocked reason=_umtx_op_wait
[LOADER][INFO] guest_threads.timeout_wake count=3
[LOADER][INFO] Pumping guest thread 'AssetGarbageCollectorHelper' reason=ready-dispatch resume=0x000000080A821799
[LOADER][INFO] Pumping guest thread 'AssetGarbageCollectorHelper' reason=ready-dispatch resume=0x000000080A821799
[LOADER][INFO] Pumping guest thread 'AssetGarbageCollectorHelper' reason=ready-dispatch resume=0x000000080A821799
[LOADER][INFO] Guest thread yield at import#8054: nid=04AjkP0jO9U ret=0x000000080A821799 reason=_umtx_op_wait
[LOADER][INFO] Guest thread yield at import#6262: nid=04AjkP0jO9U ret=0x000000080A821799 reason=_umtx_op_wait
[LOADER][INFO] Guest thread yield at import#8566: nid=04AjkP0jO9U ret=0x000000080A821799 reason=_umtx_op_wait
[LOADER][INFO] Guest thread 'AssetGarbageCollectorHelper' state=Blocked reason=_umtx_op_wait
[LOADER][INFO] Guest thread 'AssetGarbageCollectorHelper' state=Blocked reason=_umtx_op_wait
[LOADER][INFO] Guest thread 'AssetGarbageCollectorHelper' state=Blocked reason=_umtx_op_wait
[LOADER][INFO] guest_threads.timeout_wake count=1
[LOADER][INFO] Pumping guest thread 'AssetGarbageCollectorHelper' reason=dispatcher resume=0x000000080A821799
[LOADER][INFO] Guest thread yield at import#6774: nid=04AjkP0jO9U ret=0x000000080A821799 reason=_umtx_op_wait
[LOADER][INFO] Guest thread 'AssetGarbageCollectorHelper' state=Blocked reason=_umtx_op_wait
[LOADER][INFO] guest_threads.timeout_wake count=1
[LOADER][INFO] Pumping guest thread 'AssetGarbageCollectorHelper' reason=ready-dispatch resume=0x000000080A821799
[LOADER][INFO] Guest thread yield at import#5494: nid=04AjkP0jO9U ret=0x000000080A821799 reason=_umtx_op_wait
[LOADER][INFO] Guest thread 'AssetGarbageCollectorHelper' state=Blocked reason=_umtx_op_wait
[LOADER][INFO] guest_threads.timeout_wake count=1
[LOADER][INFO] guest_threads.timeout_wake count=1
[LOADER][INFO] Pumping guest thread 'AssetGarbageCollectorHelper' reason=dispatcher resume=0x000000080A821799
[LOADER][INFO] Pumping guest thread 'AssetGarbageCollectorHelper' reason=dispatcher resume=0x000000080A821799
[LOADER][INFO] Guest thread yield at import#5751: nid=04AjkP0jO9U ret=0x000000080A821799 reason=_umtx_op_wait
[LOADER][INFO] Guest thread yield at import#7543: nid=04AjkP0jO9U ret=0x000000080A821799 reason=_umtx_op_wait
[LOADER][INFO] Guest thread 'AssetGarbageCollectorHelper' state=Blocked reason=_umtx_op_wait
[LOADER][INFO] Guest thread 'AssetGarbageCollectorHelper' state=Blocked reason=_umtx_op_wait
[LOADER][INFO] guest_threads.timeout_wake count=1
[LOADER][INFO] Pumping guest thread 'AssetGarbageCollectorHelper' reason=dispatcher resume=0x000000080A821799
[LOADER][INFO] Guest thread yield at import#7286: nid=04AjkP0jO9U ret=0x000000080A821799 reason=_umtx_op_wait
[LOADER][INFO] Guest thread 'AssetGarbageCollectorHelper' state=Blocked reason=_umtx_op_wait
[LOADER][INFO] guest_threads.timeout_wake count=1
[LOADER][INFO] Pumping guest thread 'AssetGarbageCollectorHelper' reason=dispatcher resume=0x000000080A821799
[LOADER][INFO] Guest thread yield at import#8310: nid=04AjkP0jO9U ret=0x000000080A821799 reason=_umtx_op_wait
[LOADER][INFO] Guest thread 'AssetGarbageCollectorHelper' state=Blocked reason=_umtx_op_wait
[LOADER][INFO] guest_threads.timeout_wake count=1
[LOADER][INFO] Pumping guest thread 'AssetGarbageCollectorHelper' reason=ready-dispatch resume=0x000000080A821799
[LOADER][INFO] Guest thread yield at import#6006: nid=04AjkP0jO9U ret=0x000000080A821799 reason=_umtx_op_wait
[LOADER][INFO] Guest thread 'AssetGarbageCollectorHelper' state=Blocked reason=_umtx_op_wait
[LOADER][INFO] guest_threads.timeout_wake count=1
[LOADER][INFO] Pumping guest thread 'AssetGarbageCollectorHelper' reason=ready-dispatch resume=0x000000080A821799
[LOADER][INFO] Guest thread yield at import#7798: nid=04AjkP0jO9U ret=0x000000080A821799 reason=_umtx_op_wait
[LOADER][INFO] Guest thread 'AssetGarbageCollectorHelper' state=Blocked reason=_umtx_op_wait
[LOADER][INFO] guest_threads.timeout_wake count=1
[LOADER][INFO] guest_threads.timeout_wake count=1
[LOADER][INFO] Pumping guest thread 'AssetGarbageCollectorHelper' reason=dispatcher resume=0x000000080A821799
[LOADER][INFO] Pumping guest thread 'AssetGarbageCollectorHelper' reason=dispatcher resume=0x000000080A821799
[LOADER][INFO] Guest thread yield at import#7031: nid=04AjkP0jO9U ret=0x000000080A821799 reason=_umtx_op_wait
[LOADER][INFO] Guest thread 'AssetGarbageCollectorHelper' state=Blocked reason=_umtx_op_wait
[LOADER][INFO] Guest thread yield at import#5239: nid=04AjkP0jO9U ret=0x000000080A821799 reason=_umtx_op_wait
[LOADER][INFO] Guest thread 'AssetGarbageCollectorHelper' state=Blocked reason=_umtx_op_wait
[LOADER][INFO] guest_threads.timeout_wake count=3
[LOADER][INFO] Pumping guest thread 'AssetGarbageCollectorHelper' reason=ready-dispatch resume=0x000000080A821799
[LOADER][INFO] Pumping guest thread 'AssetGarbageCollectorHelper' reason=ready-dispatch resume=0x000000080A821799
[LOADER][INFO] Pumping guest thread 'AssetGarbageCollectorHelper' reason=ready-dispatch resume=0x000000080A821799
[LOADER][INFO] Guest thread yield at import#8567: nid=04AjkP0jO9U ret=0x000000080A821799 reason=_umtx_op_wait
[LOADER][INFO] Guest thread yield at import#6263: nid=04AjkP0jO9U ret=0x000000080A821799 reason=_umtx_op_wait
[LOADER][INFO] Guest thread yield at import#8055: nid=04AjkP0jO9U ret=0x000000080A821799 reason=_umtx_op_wait
[LOADER][INFO] Guest thread 'AssetGarbageCollectorHelper' state=Blocked reason=_umtx_op_wait
[LOADER][INFO] Guest thread 'AssetGarbageCollectorHelper' state=Blocked reason=_umtx_op_wait
[LOADER][INFO] Guest thread 'AssetGarbageCollectorHelper' state=Blocked reason=_umtx_op_wait
[LOADER][INFO] guest_threads.timeout_wake count=1
[LOADER][INFO] Pumping guest thread 'AssetGarbageCollectorHelper' reason=dispatcher resume=0x000000080A821799
[LOADER][INFO] Guest thread yield at import#6775: nid=04AjkP0jO9U ret=0x000000080A821799 reason=_umtx_op_wait
[LOADER][INFO] Guest thread 'AssetGarbageCollectorHelper' state=Blocked reason=_umtx_op_wait
[LOADER][INFO] guest_threads.timeout_wake count=1
[LOADER][INFO] Pumping guest thread 'AssetGarbageCollectorHelper' reason=dispatcher resume=0x000000080A821799
[LOADER][INFO] Guest thread yield at import#5495: nid=04AjkP0jO9U ret=0x000000080A821799 reason=_umtx_op_wait
[LOADER][INFO] Guest thread 'AssetGarbageCollectorHelper' state=Blocked reason=_umtx_op_wait
[LOADER][INFO] guest_threads.timeout_wake count=1
[LOADER][INFO] Pumping guest thread 'AssetGarbageCollectorHelper' reason=ready-dispatch resume=0x000000080A821799
[LOADER][INFO] Guest thread yield at import#5752: nid=04AjkP0jO9U ret=0x000000080A821799 reason=_umtx_op_wait
[LOADER][INFO] Guest thread 'AssetGarbageCollectorHelper' state=Blocked reason=_umtx_op_wait
[LOADER][INFO] guest_threads.timeout_wake count=1
[LOADER][INFO] Pumping guest thread 'AssetGarbageCollectorHelper' reason=dispatcher resume=0x000000080A821799
[LOADER][INFO] Guest thread yield at import#7544: nid=04AjkP0jO9U ret=0x000000080A821799 reason=_umtx_op_wait
[LOADER][INFO] Guest thread 'AssetGarbageCollectorHelper' state=Blocked reason=_umtx_op_wait
[LOADER][INFO] guest_threads.timeout_wake count=1
[LOADER][INFO] Pumping guest thread 'AssetGarbageCollectorHelper' reason=dispatcher resume=0x000000080A821799
[LOADER][INFO] Guest thread yield at import#7287: nid=04AjkP0jO9U ret=0x000000080A821799 reason=_umtx_op_wait
[LOADER][INFO] Guest thread 'AssetGarbageCollectorHelper' state=Blocked reason=_umtx_op_wait
[LOADER][INFO] guest_threads.timeout_wake count=1
[LOADER][INFO] Pumping guest thread 'AssetGarbageCollectorHelper' reason=dispatcher resume=0x000000080A821799
[LOADER][INFO] Guest thread yield at import#8311: nid=04AjkP0jO9U ret=0x000000080A821799 reason=_umtx_op_wait
[LOADER][INFO] Guest thread 'AssetGarbageCollectorHelper' state=Blocked reason=_umtx_op_wait
[LOADER][INFO] guest_threads.timeout_wake count=1
[LOADER][INFO] Pumping guest thread 'AssetGarbageCollectorHelper' reason=dispatcher resume=0x000000080A821799
[LOADER][INFO] Guest thread yield at import#6007: nid=04AjkP0jO9U ret=0x000000080A821799 reason=_umtx_op_wait
[LOADER][INFO] Guest thread 'AssetGarbageCollectorHelper' state=Blocked reason=_umtx_op_wait
[LOADER][INFO] guest_threads.timeout_wake count=1
[LOADER][INFO] Pumping guest thread 'AssetGarbageCollectorHelper' reason=dispatcher resume=0x000000080A821799
[LOADER][INFO] Guest thread yield at import#7799: nid=04AjkP0jO9U ret=0x000000080A821799 reason=_umtx_op_wait
[LOADER][INFO] Guest thread 'AssetGarbageCollectorHelper' state=Blocked reason=_umtx_op_wait
[LOADER][INFO] guest_threads.timeout_wake count=2
[LOADER][INFO] Pumping guest thread 'AssetGarbageCollectorHelper' reason=dispatcher resume=0x000000080A821799
[LOADER][INFO] Pumping guest thread 'AssetGarbageCollectorHelper' reason=dispatcher resume=0x000000080A821799
[LOADER][INFO] Guest thread yield at import#7032: nid=04AjkP0jO9U ret=0x000000080A821799 reason=_umtx_op_wait
[LOADER][INFO] Guest thread yield at import#5240: nid=04AjkP0jO9U ret=0x000000080A821799 reason=_umtx_op_wait
[LOADER][INFO] Guest thread 'AssetGarbageCollectorHelper' state=Blocked reason=_umtx_op_wait
[LOADER][INFO] Guest thread 'AssetGarbageCollectorHelper' state=Blocked reason=_umtx_op_wait
[LOADER][INFO] guest_threads.timeout_wake count=1
[LOADER][INFO] guest_threads.timeout_wake count=1
[LOADER][INFO] Pumping guest thread 'AssetGarbageCollectorHelper' reason=dispatcher resume=0x000000080A821799
[LOADER][INFO] Pumping guest thread 'AssetGarbageCollectorHelper' reason=dispatcher resume=0x000000080A821799
[LOADER][INFO] Guest thread yield at import#6264: nid=04AjkP0jO9U ret=0x000000080A821799 reason=_umtx_op_wait
[LOADER][INFO] Guest thread yield at import#8568: nid=04AjkP0jO9U ret=0x000000080A821799 reason=_umtx_op_wait
[LOADER][INFO] Guest thread 'AssetGarbageCollectorHelper' state=Blocked reason=_umtx_op_wait
[LOADER][INFO] Guest thread 'AssetGarbageCollectorHelper' state=Blocked reason=_umtx_op_wait
[LOADER][INFO] guest_threads.timeout_wake count=1
[LOADER][INFO] Pumping guest thread 'AssetGarbageCollectorHelper' reason=ready-dispatch resume=0x000000080A821799
[LOADER][INFO] Guest thread yield at import#8056: nid=04AjkP0jO9U ret=0x000000080A821799 reason=_umtx_op_wait
[LOADER][INFO] Guest thread 'AssetGarbageCollectorHelper' state=Blocked reason=_umtx_op_wait
[LOADER][INFO] guest_threads.timeout_wake count=1
[LOADER][INFO] Pumping guest thread 'AssetGarbageCollectorHelper' reason=ready-dispatch resume=0x000000080A821799
[LOADER][INFO] Guest thread yield at import#6776: nid=04AjkP0jO9U ret=0x000000080A821799 reason=_umtx_op_wait
[LOADER][INFO] Guest thread 'AssetGarbageCollectorHelper' state=Blocked reason=_umtx_op_wait
[LOADER][INFO] guest_threads.timeout_wake count=1
[LOADER][INFO] Pumping guest thread 'AssetGarbageCollectorHelper' reason=ready-dispatch resume=0x000000080A821799
[LOADER][INFO] Guest thread yield at import#5496: nid=04AjkP0jO9U ret=0x000000080A821799 reason=_umtx_op_wait
[LOADER][INFO] Guest thread 'AssetGarbageCollectorHelper' state=Blocked reason=_umtx_op_wait
[LOADER][INFO] guest_threads.timeout_wake count=1
[LOADER][INFO] Pumping guest thread 'AssetGarbageCollectorHelper' reason=dispatcher resume=0x000000080A821799
[LOADER][INFO] Guest thread yield at import#5753: nid=04AjkP0jO9U ret=0x000000080A821799 reason=_umtx_op_wait
[LOADER][INFO] Guest thread 'AssetGarbageCollectorHelper' state=Blocked reason=_umtx_op_wait
[LOADER][INFO] guest_threads.timeout_wake count=1
[LOADER][INFO] Pumping guest thread 'AssetGarbageCollectorHelper' reason=dispatcher resume=0x000000080A821799
[LOADER][INFO] Guest thread yield at import#7545: nid=04AjkP0jO9U ret=0x000000080A821799 reason=_umtx_op_wait
[LOADER][INFO] Guest thread 'AssetGarbageCollectorHelper' state=Blocked reason=_umtx_op_wait
[LOADER][INFO] guest_threads.timeout_wake count=1
[LOADER][INFO] Pumping guest thread 'AssetGarbageCollectorHelper' reason=ready-dispatch resume=0x000000080A821799
[LOADER][INFO] Guest thread yield at import#7288: nid=04AjkP0jO9U ret=0x000000080A821799 reason=_umtx_op_wait
[LOADER][INFO] Guest thread 'AssetGarbageCollectorHelper' state=Blocked reason=_umtx_op_wait
[LOADER][INFO] guest_threads.timeout_wake count=1
[LOADER][INFO] Pumping guest thread 'AssetGarbageCollectorHelper' reason=dispatcher resume=0x000000080A821799
[LOADER][INFO] Guest thread yield at import#8312: nid=04AjkP0jO9U ret=0x000000080A821799 reason=_umtx_op_wait
[LOADER][INFO] Guest thread 'AssetGarbageCollectorHelper' state=Blocked reason=_umtx_op_wait
[LOADER][INFO] guest_threads.timeout_wake count=1
[LOADER][INFO] Pumping guest thread 'AssetGarbageCollectorHelper' reason=ready-dispatch resume=0x000000080A821799
[LOADER][INFO] Guest thread yield at import#6008: nid=04AjkP0jO9U ret=0x000000080A821799 reason=_umtx_op_wait
[LOADER][INFO] Guest thread 'AssetGarbageCollectorHelper' state=Blocked reason=_umtx_op_wait
[LOADER][INFO] guest_threads.timeout_wake count=1
[LOADER][INFO] Pumping guest thread 'AssetGarbageCollectorHelper' reason=ready-dispatch resume=0x000000080A821799
[LOADER][INFO] Guest thread yield at import#7800: nid=04AjkP0jO9U ret=0x000000080A821799 reason=_umtx_op_wait
[LOADER][INFO] Guest thread 'AssetGarbageCollectorHelper' state=Blocked reason=_umtx_op_wait
[LOADER][INFO] guest_threads.timeout_wake count=2
[LOADER][INFO] Pumping guest thread 'AssetGarbageCollectorHelper' reason=dispatcher resume=0x000000080A821799
[LOADER][INFO] Pumping guest thread 'AssetGarbageCollectorHelper' reason=dispatcher resume=0x000000080A821799
[LOADER][INFO] Guest thread yield at import#7033: nid=04AjkP0jO9U ret=0x000000080A821799 reason=_umtx_op_wait
[LOADER][INFO] Guest thread yield at import#5241: nid=04AjkP0jO9U ret=0x000000080A821799 reason=_umtx_op_wait
[LOADER][INFO] Guest thread 'AssetGarbageCollectorHelper' state=Blocked reason=_umtx_op_wait
[LOADER][INFO] Guest thread 'AssetGarbageCollectorHelper' state=Blocked reason=_umtx_op_wait
[LOADER][INFO] guest_threads.timeout_wake count=1
[LOADER][INFO] Pumping guest thread 'AssetGarbageCollectorHelper' reason=ready-dispatch resume=0x000000080A821799
[LOADER][INFO] Guest thread yield at import#6265: nid=04AjkP0jO9U ret=0x000000080A821799 reason=_umtx_op_wait
[LOADER][INFO] Guest thread 'AssetGarbageCollectorHelper' state=Blocked reason=_umtx_op_wait
[LOADER][INFO] guest_threads.timeout_wake count=1
[LOADER][INFO] Pumping guest thread 'AssetGarbageCollectorHelper' reason=ready-dispatch resume=0x000000080A821799
[LOADER][INFO] Guest thread yield at import#8569: nid=04AjkP0jO9U ret=0x000000080A821799 reason=_umtx_op_wait
[LOADER][INFO] Guest thread 'AssetGarbageCollectorHelper' state=Blocked reason=_umtx_op_wait
[LOADER][INFO] guest_threads.timeout_wake count=1
[LOADER][INFO] Pumping guest thread 'AssetGarbageCollectorHelper' reason=dispatcher resume=0x000000080A821799
[LOADER][INFO] Guest thread yield at import#8057: nid=04AjkP0jO9U ret=0x000000080A821799 reason=_umtx_op_wait
[LOADER][INFO] Guest thread 'AssetGarbageCollectorHelper' state=Blocked reason=_umtx_op_wait
[LOADER][INFO] guest_threads.timeout_wake count=1
[LOADER][INFO] Pumping guest thread 'AssetGarbageCollectorHelper' reason=ready-dispatch resume=0x000000080A821799
[LOADER][INFO] Guest thread yield at import#6777: nid=04AjkP0jO9U ret=0x000000080A821799 reason=_umtx_op_wait
[LOADER][INFO] Guest thread 'AssetGarbageCollectorHelper' state=Blocked reason=_umtx_op_wait
[LOADER][INFO] guest_threads.timeout_wake count=1
[LOADER][INFO] Pumping guest thread 'AssetGarbageCollectorHelper' reason=dispatcher resume=0x000000080A821799
[LOADER][INFO] Guest thread yield at import#5497: nid=04AjkP0jO9U ret=0x000000080A821799 reason=_umtx_op_wait
[LOADER][INFO] Guest thread 'AssetGarbageCollectorHelper' state=Blocked reason=_umtx_op_wait
[LOADER][INFO] guest_threads.timeout_wake count=1
[LOADER][INFO] Pumping guest thread 'AssetGarbageCollectorHelper' reason=dispatcher resume=0x000000080A821799
[LOADER][INFO] Guest thread yield at import#5754: nid=04AjkP0jO9U ret=0x000000080A821799 reason=_umtx_op_wait
[LOADER][INFO] Guest thread 'AssetGarbageCollectorHelper' state=Blocked reason=_umtx_op_wait
[LOADER][INFO] guest_threads.timeout_wake count=1
[LOADER][INFO] Pumping guest thread 'AssetGarbageCollectorHelper' reason=ready-dispatch resume=0x000000080A821799
[LOADER][INFO] Guest thread yield at import#7546: nid=04AjkP0jO9U ret=0x000000080A821799 reason=_umtx_op_wait
[LOADER][INFO] Guest thread 'AssetGarbageCollectorHelper' state=Blocked reason=_umtx_op_wait
[LOADER][INFO] guest_threads.timeout_wake count=1
[LOADER][INFO] Pumping guest thread 'AssetGarbageCollectorHelper' reason=dispatcher resume=0x000000080A821799
[LOADER][INFO] Guest thread yield at import#7289: nid=04AjkP0jO9U ret=0x000000080A821799 reason=_umtx_op_wait
[LOADER][INFO] Guest thread 'AssetGarbageCollectorHelper' state=Blocked reason=_umtx_op_wait
[LOADER][INFO] guest_threads.timeout_wake count=1
[LOADER][INFO] Pumping guest thread 'AssetGarbageCollectorHelper' reason=ready-dispatch resume=0x000000080A821799
[LOADER][INFO] Guest thread yield at import#8313: nid=04AjkP0jO9U ret=0x000000080A821799 reason=_umtx_op_wait
[LOADER][INFO] Guest thread 'AssetGarbageCollectorHelper' state=Blocked reason=_umtx_op_wait
[LOADER][INFO] guest_threads.timeout_wake count=1
[LOADER][INFO] Pumping guest thread 'AssetGarbageCollectorHelper' reason=ready-dispatch resume=0x000000080A821799
[LOADER][INFO] Guest thread yield at import#6009: nid=04AjkP0jO9U ret=0x000000080A821799 reason=_umtx_op_wait
[LOADER][INFO] Guest thread 'AssetGarbageCollectorHelper' state=Blocked reason=_umtx_op_wait
[LOADER][INFO] guest_threads.timeout_wake count=1
[LOADER][INFO] Pumping guest thread 'AssetGarbageCollectorHelper' reason=dispatcher resume=0x000000080A821799
[LOADER][INFO] Guest thread yield at import#7801: nid=04AjkP0jO9U ret=0x000000080A821799 reason=_umtx_op_wait
[LOADER][INFO] Guest thread 'AssetGarbageCollectorHelper' state=Blocked reason=_umtx_op_wait
[LOADER][INFO] guest_threads.timeout_wake count=3
[LOADER][INFO] Pumping guest thread 'AssetGarbageCollectorHelper' reason=dispatcher resume=0x000000080A821799
[LOADER][INFO] Pumping guest thread 'AssetGarbageCollectorHelper' reason=dispatcher resume=0x000000080A821799
[LOADER][INFO] Pumping guest thread 'AssetGarbageCollectorHelper' reason=dispatcher resume=0x000000080A821799
[LOADER][INFO] Guest thread yield at import#6266: nid=04AjkP0jO9U ret=0x000000080A821799 reason=_umtx_op_wait
[LOADER][INFO] Guest thread yield at import#5242: nid=04AjkP0jO9U ret=0x000000080A821799 reason=_umtx_op_wait
[LOADER][INFO] Guest thread yield at import#7034: nid=04AjkP0jO9U ret=0x000000080A821799 reason=_umtx_op_wait
[LOADER][INFO] Guest thread 'AssetGarbageCollectorHelper' state=Blocked reason=_umtx_op_wait
[LOADER][INFO] Guest thread 'AssetGarbageCollectorHelper' state=Blocked reason=_umtx_op_wait
[LOADER][INFO] guest_threads.timeout_wake count=1
[LOADER][INFO] Guest thread 'AssetGarbageCollectorHelper' state=Blocked reason=_umtx_op_wait
[LOADER][INFO] Pumping guest thread 'AssetGarbageCollectorHelper' reason=ready-dispatch resume=0x000000080A821799
[LOADER][INFO] Guest thread yield at import#8570: nid=04AjkP0jO9U ret=0x000000080A821799 reason=_umtx_op_wait
[LOADER][INFO] Guest thread 'AssetGarbageCollectorHelper' state=Blocked reason=_umtx_op_wait
[LOADER][INFO] guest_threads.timeout_wake count=1
[LOADER][INFO] Pumping guest thread 'AssetGarbageCollectorHelper' reason=ready-dispatch resume=0x000000080A821799
[LOADER][INFO] Guest thread yield at import#8058: nid=04AjkP0jO9U ret=0x000000080A821799 reason=_umtx_op_wait
[LOADER][INFO] Guest thread 'AssetGarbageCollectorHelper' state=Blocked reason=_umtx_op_wait
[LOADER][INFO] guest_threads.timeout_wake count=1
[LOADER][INFO] Pumping guest thread 'AssetGarbageCollectorHelper' reason=dispatcher resume=0x000000080A821799
[LOADER][INFO] Guest thread yield at import#6778: nid=04AjkP0jO9U ret=0x000000080A821799 reason=_umtx_op_wait
[LOADER][INFO] Guest thread 'AssetGarbageCollectorHelper' state=Blocked reason=_umtx_op_wait
[LOADER][INFO] guest_threads.timeout_wake count=1
[LOADER][INFO] Pumping guest thread 'AssetGarbageCollectorHelper' reason=dispatcher resume=0x000000080A821799
[LOADER][INFO] Guest thread yield at import#5498: nid=04AjkP0jO9U ret=0x000000080A821799 reason=_umtx_op_wait
[LOADER][INFO] Guest thread 'AssetGarbageCollectorHelper' state=Blocked reason=_umtx_op_wait
[LOADER][INFO] guest_threads.timeout_wake count=1
[LOADER][INFO] Pumping guest thread 'AssetGarbageCollectorHelper' reason=ready-dispatch resume=0x000000080A821799
[LOADER][INFO] Guest thread yield at import#5755: nid=04AjkP0jO9U ret=0x000000080A821799 reason=_umtx_op_wait
[LOADER][INFO] Guest thread 'AssetGarbageCollectorHelper' state=Blocked reason=_umtx_op_wait
[LOADER][INFO] guest_threads.timeout_wake count=1
[LOADER][INFO] Pumping guest thread 'AssetGarbageCollectorHelper' reason=dispatcher resume=0x000000080A821799
[LOADER][INFO] Guest thread yield at import#7547: nid=04AjkP0jO9U ret=0x000000080A821799 reason=_umtx_op_wait
[LOADER][INFO] Guest thread 'AssetGarbageCollectorHelper' state=Blocked reason=_umtx_op_wait
[LOADER][INFO] guest_threads.timeout_wake count=1
[LOADER][INFO] Pumping guest thread 'AssetGarbageCollectorHelper' reason=dispatcher resume=0x000000080A821799
[LOADER][INFO] Guest thread yield at import#7290: nid=04AjkP0jO9U ret=0x000000080A821799 reason=_umtx_op_wait
[LOADER][INFO] Guest thread 'AssetGarbageCollectorHelper' state=Blocked reason=_umtx_op_wait
[LOADER][INFO] guest_threads.timeout_wake count=1
[LOADER][INFO] Pumping guest thread 'AssetGarbageCollectorHelper' reason=ready-dispatch resume=0x000000080A821799
[LOADER][INFO] Guest thread yield at import#8314: nid=04AjkP0jO9U ret=0x000000080A821799 reason=_umtx_op_wait
[LOADER][INFO] Guest thread 'AssetGarbageCollectorHelper' state=Blocked reason=_umtx_op_wait
[LOADER][INFO] guest_threads.timeout_wake count=1
[LOADER][INFO] Pumping guest thread 'AssetGarbageCollectorHelper' reason=ready-dispatch resume=0x000000080A821799
[LOADER][INFO] guest_threads.timeout_wake count=1
[LOADER][INFO] Pumping guest thread 'AssetGarbageCollectorHelper' reason=ready-dispatch resume=0x000000080A821799
[LOADER][INFO] Guest thread yield at import#6010: nid=04AjkP0jO9U ret=0x000000080A821799 reason=_umtx_op_wait
[LOADER][INFO] Guest thread yield at import#7802: nid=04AjkP0jO9U ret=0x000000080A821799 reason=_umtx_op_wait
[LOADER][INFO] Guest thread 'AssetGarbageCollectorHelper' state=Blocked reason=_umtx_op_wait
[LOADER][INFO] Guest thread 'AssetGarbageCollectorHelper' state=Blocked reason=_umtx_op_wait
[LOADER][INFO] guest_threads.timeout_wake count=1
[LOADER][INFO] guest_threads.timeout_wake count=2
[LOADER][INFO] Pumping guest thread 'AssetGarbageCollectorHelper' reason=dispatcher resume=0x000000080A821799
[LOADER][INFO] Pumping guest thread 'AssetGarbageCollectorHelper' reason=dispatcher resume=0x000000080A821799
[LOADER][INFO] Pumping guest thread 'AssetGarbageCollectorHelper' reason=dispatcher resume=0x000000080A821799
[LOADER][INFO] Guest thread yield at import#7035: nid=04AjkP0jO9U ret=0x000000080A821799 reason=_umtx_op_wait
[LOADER][INFO] Guest thread 'AssetGarbageCollectorHelper' state=Blocked reason=_umtx_op_wait
[LOADER][INFO] Guest thread yield at import#6267: nid=04AjkP0jO9U ret=0x000000080A821799 reason=_umtx_op_wait
[LOADER][INFO] Guest thread 'AssetGarbageCollectorHelper' state=Blocked reason=_umtx_op_wait
[LOADER][INFO] Guest thread yield at import#5243: nid=04AjkP0jO9U ret=0x000000080A821799 reason=_umtx_op_wait
[LOADER][INFO] guest_threads.timeout_wake count=1
[LOADER][INFO] Pumping guest thread 'AssetGarbageCollectorHelper' reason=ready-dispatch resume=0x000000080A821799
[LOADER][INFO] Guest thread 'AssetGarbageCollectorHelper' state=Blocked reason=_umtx_op_wait
[LOADER][INFO] Guest thread yield at import#8571: nid=04AjkP0jO9U ret=0x000000080A821799 reason=_umtx_op_wait
[LOADER][INFO] Guest thread 'AssetGarbageCollectorHelper' state=Blocked reason=_umtx_op_wait
[LOADER][INFO] guest_threads.timeout_wake count=1
[LOADER][INFO] Pumping guest thread 'AssetGarbageCollectorHelper' reason=ready-dispatch resume=0x000000080A821799
[LOADER][INFO] Guest thread yield at import#8059: nid=04AjkP0jO9U ret=0x000000080A821799 reason=_umtx_op_wait
[LOADER][INFO] Guest thread 'AssetGarbageCollectorHelper' state=Blocked reason=_umtx_op_wait
[LOADER][INFO] guest_threads.timeout_wake count=1
[LOADER][INFO] Pumping guest thread 'AssetGarbageCollectorHelper' reason=ready-dispatch resume=0x000000080A821799
[LOADER][INFO] Guest thread yield at import#6779: nid=04AjkP0jO9U ret=0x000000080A821799 reason=_umtx_op_wait
[LOADER][INFO] Guest thread 'AssetGarbageCollectorHelper' state=Blocked reason=_umtx_op_wait
[LOADER][INFO] guest_threads.timeout_wake count=1
[LOADER][INFO] Pumping guest thread 'AssetGarbageCollectorHelper' reason=ready-dispatch resume=0x000000080A821799
[LOADER][INFO] Guest thread yield at import#5499: nid=04AjkP0jO9U ret=0x000000080A821799 reason=_umtx_op_wait
[LOADER][INFO] Guest thread 'AssetGarbageCollectorHelper' state=Blocked reason=_umtx_op_wait
[LOADER][INFO] guest_threads.timeout_wake count=1
[LOADER][INFO] Pumping guest thread 'AssetGarbageCollectorHelper' reason=ready-dispatch resume=0x000000080A821799
[LOADER][INFO] Guest thread yield at import#5756: nid=04AjkP0jO9U ret=0x000000080A821799 reason=_umtx_op_wait
[LOADER][INFO] Guest thread 'AssetGarbageCollectorHelper' state=Blocked reason=_umtx_op_wait
[LOADER][INFO] guest_threads.timeout_wake count=1
[LOADER][INFO] Pumping guest thread 'AssetGarbageCollectorHelper' reason=dispatcher resume=0x000000080A821799
[LOADER][INFO] Guest thread yield at import#7548: nid=04AjkP0jO9U ret=0x000000080A821799 reason=_umtx_op_wait
[LOADER][INFO] Guest thread 'AssetGarbageCollectorHelper' state=Blocked reason=_umtx_op_wait
[LOADER][INFO] guest_threads.timeout_wake count=1
[LOADER][INFO] Pumping guest thread 'AssetGarbageCollectorHelper' reason=dispatcher resume=0x000000080A821799
[LOADER][INFO] Guest thread yield at import#7291: nid=04AjkP0jO9U ret=0x000000080A821799 reason=_umtx_op_wait
[LOADER][INFO] Guest thread 'AssetGarbageCollectorHelper' state=Blocked reason=_umtx_op_wait
[LOADER][INFO] guest_threads.timeout_wake count=1
[LOADER][INFO] Pumping guest thread 'AssetGarbageCollectorHelper' reason=dispatcher resume=0x000000080A821799
[LOADER][INFO] Guest thread yield at import#8315: nid=04AjkP0jO9U ret=0x000000080A821799 reason=_umtx_op_wait
[LOADER][INFO] Guest thread 'AssetGarbageCollectorHelper' state=Blocked reason=_umtx_op_wait
[LOADER][INFO] guest_threads.timeout_wake count=1
[LOADER][INFO] Pumping guest thread 'AssetGarbageCollectorHelper' reason=ready-dispatch resume=0x000000080A821799
[LOADER][INFO] Guest thread yield at import#6011: nid=04AjkP0jO9U ret=0x000000080A821799 reason=_umtx_op_wait
[LOADER][INFO] Guest thread 'AssetGarbageCollectorHelper' state=Blocked reason=_umtx_op_wait
[LOADER][INFO] guest_threads.timeout_wake count=1
[LOADER][INFO] Pumping guest thread 'AssetGarbageCollectorHelper' reason=dispatcher resume=0x000000080A821799
[LOADER][INFO] Guest thread yield at import#7803: nid=04AjkP0jO9U ret=0x000000080A821799 reason=_umtx_op_wait
[LOADER][INFO] Guest thread 'AssetGarbageCollectorHelper' state=Blocked reason=_umtx_op_wait
[LOADER][INFO] guest_threads.timeout_wake count=3
[LOADER][INFO] Pumping guest thread 'AssetGarbageCollectorHelper' reason=ready-dispatch resume=0x000000080A821799
[LOADER][INFO] Pumping guest thread 'AssetGarbageCollectorHelper' reason=ready-dispatch resume=0x000000080A821799
[LOADER][INFO] Pumping guest thread 'AssetGarbageCollectorHelper' reason=ready-dispatch resume=0x000000080A821799
[LOADER][INFO] Guest thread yield at import#5244: nid=04AjkP0jO9U ret=0x000000080A821799 reason=_umtx_op_wait
[LOADER][INFO] Guest thread yield at import#7036: nid=04AjkP0jO9U ret=0x000000080A821799 reason=_umtx_op_wait
[LOADER][INFO] Guest thread 'AssetGarbageCollectorHelper' state=Blocked reason=_umtx_op_wait
[LOADER][INFO] Guest thread 'AssetGarbageCollectorHelper' state=Blocked reason=_umtx_op_wait
[LOADER][INFO] Guest thread yield at import#6268: nid=04AjkP0jO9U ret=0x000000080A821799 reason=_umtx_op_wait
[LOADER][INFO] guest_threads.timeout_wake count=1
[LOADER][INFO] Pumping guest thread 'AssetGarbageCollectorHelper' reason=ready-dispatch resume=0x000000080A821799
[LOADER][INFO] Guest thread 'AssetGarbageCollectorHelper' state=Blocked reason=_umtx_op_wait
[LOADER][INFO] Guest thread yield at import#8572: nid=04AjkP0jO9U ret=0x000000080A821799 reason=_umtx_op_wait
[LOADER][INFO] Guest thread 'AssetGarbageCollectorHelper' state=Blocked reason=_umtx_op_wait
[LOADER][INFO] guest_threads.timeout_wake count=1
[LOADER][INFO] Pumping guest thread 'AssetGarbageCollectorHelper' reason=dispatcher resume=0x000000080A821799
[LOADER][INFO] Guest thread yield at import#8060: nid=04AjkP0jO9U ret=0x000000080A821799 reason=_umtx_op_wait
[LOADER][INFO] Guest thread 'AssetGarbageCollectorHelper' state=Blocked reason=_umtx_op_wait
[LOADER][INFO] guest_threads.timeout_wake count=1
[LOADER][INFO] Pumping guest thread 'AssetGarbageCollectorHelper' reason=ready-dispatch resume=0x000000080A821799
[LOADER][INFO] Guest thread yield at import#6780: nid=04AjkP0jO9U ret=0x000000080A821799 reason=_umtx_op_wait
[LOADER][INFO] Guest thread 'AssetGarbageCollectorHelper' state=Blocked reason=_umtx_op_wait
[LOADER][INFO] guest_threads.timeout_wake count=1
[LOADER][INFO] Pumping guest thread 'AssetGarbageCollectorHelper' reason=dispatcher resume=0x000000080A821799
[LOADER][INFO] Guest thread yield at import#5500: nid=04AjkP0jO9U ret=0x000000080A821799 reason=_umtx_op_wait
[LOADER][INFO] Guest thread 'AssetGarbageCollectorHelper' state=Blocked reason=_umtx_op_wait
[LOADER][INFO] guest_threads.timeout_wake count=1
[LOADER][INFO] Pumping guest thread 'AssetGarbageCollectorHelper' reason=ready-dispatch resume=0x000000080A821799
[LOADER][INFO] Guest thread yield at import#5757: nid=04AjkP0jO9U ret=0x000000080A821799 reason=_umtx_op_wait
[LOADER][INFO] Guest thread 'AssetGarbageCollectorHelper' state=Blocked reason=_umtx_op_wait
[LOADER][INFO] guest_threads.timeout_wake count=1
[LOADER][INFO] Pumping guest thread 'AssetGarbageCollectorHelper' reason=dispatcher resume=0x000000080A821799
[LOADER][INFO] Guest thread yield at import#7549: nid=04AjkP0jO9U ret=0x000000080A821799 reason=_umtx_op_wait
[LOADER][INFO] Guest thread 'AssetGarbageCollectorHelper' state=Blocked reason=_umtx_op_wait
[LOADER][INFO] guest_threads.timeout_wake count=1
[LOADER][INFO] Pumping guest thread 'AssetGarbageCollectorHelper' reason=dispatcher resume=0x000000080A821799
[LOADER][INFO] Guest thread yield at import#7292: nid=04AjkP0jO9U ret=0x000000080A821799 reason=_umtx_op_wait
[LOADER][INFO] Guest thread 'AssetGarbageCollectorHelper' state=Blocked reason=_umtx_op_wait
[LOADER][INFO] guest_threads.timeout_wake count=1
[LOADER][INFO] Pumping guest thread 'AssetGarbageCollectorHelper' reason=dispatcher resume=0x000000080A821799
[LOADER][INFO] Guest thread yield at import#8316: nid=04AjkP0jO9U ret=0x000000080A821799 reason=_umtx_op_wait
[LOADER][INFO] Guest thread 'AssetGarbageCollectorHelper' state=Blocked reason=_umtx_op_wait
[LOADER][INFO] guest_threads.timeout_wake count=1
[LOADER][INFO] Pumping guest thread 'AssetGarbageCollectorHelper' reason=dispatcher resume=0x000000080A821799
[LOADER][INFO] Guest thread yield at import#6012: nid=04AjkP0jO9U ret=0x000000080A821799 reason=_umtx_op_wait
[LOADER][INFO] Guest thread 'AssetGarbageCollectorHelper' state=Blocked reason=_umtx_op_wait
[LOADER][INFO] guest_threads.timeout_wake count=1
[LOADER][INFO] Pumping guest thread 'AssetGarbageCollectorHelper' reason=ready-dispatch resume=0x000000080A821799
[LOADER][INFO] Guest thread yield at import#7804: nid=04AjkP0jO9U ret=0x000000080A821799 reason=_umtx_op_wait
[LOADER][INFO] Guest thread 'AssetGarbageCollectorHelper' state=Blocked reason=_umtx_op_wait
[LOADER][INFO] guest_threads.timeout_wake count=3
[LOADER][INFO] Pumping guest thread 'AssetGarbageCollectorHelper' reason=dispatcher resume=0x000000080A821799
[LOADER][INFO] Pumping guest thread 'AssetGarbageCollectorHelper' reason=dispatcher resume=0x000000080A821799
[LOADER][INFO] Pumping guest thread 'AssetGarbageCollectorHelper' reason=dispatcher resume=0x000000080A821799
[LOADER][INFO] Guest thread yield at import#7037: nid=04AjkP0jO9U ret=0x000000080A821799 reason=_umtx_op_wait
[LOADER][INFO] Guest thread yield at import#5245: nid=04AjkP0jO9U ret=0x000000080A821799 reason=_umtx_op_wait
[LOADER][INFO] Guest thread yield at import#6269: nid=04AjkP0jO9U ret=0x000000080A821799 reason=_umtx_op_wait
[LOADER][INFO] Guest thread 'AssetGarbageCollectorHelper' state=Blocked reason=_umtx_op_wait
[LOADER][INFO] Guest thread 'AssetGarbageCollectorHelper' state=Blocked reason=_umtx_op_wait
[LOADER][INFO] Guest thread 'AssetGarbageCollectorHelper' state=Blocked reason=_umtx_op_wait
[LOADER][INFO] guest_threads.timeout_wake count=1
[LOADER][INFO] Pumping guest thread 'AssetGarbageCollectorHelper' reason=dispatcher resume=0x000000080A821799
[LOADER][INFO] Guest thread yield at import#8573: nid=04AjkP0jO9U ret=0x000000080A821799 reason=_umtx_op_wait
[LOADER][INFO] Guest thread 'AssetGarbageCollectorHelper' state=Blocked reason=_umtx_op_wait
[LOADER][INFO] guest_threads.timeout_wake count=1
[LOADER][INFO] Pumping guest thread 'AssetGarbageCollectorHelper' reason=dispatcher resume=0x000000080A821799
[LOADER][INFO] Guest thread yield at import#8061: nid=04AjkP0jO9U ret=0x000000080A821799 reason=_umtx_op_wait
[LOADER][INFO] Guest thread 'AssetGarbageCollectorHelper' state=Blocked reason=_umtx_op_wait
[LOADER][INFO] guest_threads.timeout_wake count=1
[LOADER][INFO] Pumping guest thread 'AssetGarbageCollectorHelper' reason=ready-dispatch resume=0x000000080A821799
[LOADER][INFO] Guest thread yield at import#6781: nid=04AjkP0jO9U ret=0x000000080A821799 reason=_umtx_op_wait
[LOADER][INFO] Guest thread 'AssetGarbageCollectorHelper' state=Blocked reason=_umtx_op_wait
[LOADER][INFO] guest_threads.timeout_wake count=1
[LOADER][INFO] Pumping guest thread 'AssetGarbageCollectorHelper' reason=ready-dispatch resume=0x000000080A821799
[LOADER][INFO] Guest thread yield at import#5501: nid=04AjkP0jO9U ret=0x000000080A821799 reason=_umtx_op_wait
[LOADER][INFO] Guest thread 'AssetGarbageCollectorHelper' state=Blocked reason=_umtx_op_wait
[LOADER][INFO] guest_threads.timeout_wake count=1
[LOADER][INFO] guest_threads.timeout_wake count=1
[LOADER][INFO] Pumping guest thread 'AssetGarbageCollectorHelper' reason=dispatcher resume=0x000000080A821799
[LOADER][INFO] Pumping guest thread 'AssetGarbageCollectorHelper' reason=dispatcher resume=0x000000080A821799
[LOADER][INFO] Guest thread yield at import#7550: nid=04AjkP0jO9U ret=0x000000080A821799 reason=_umtx_op_wait
[LOADER][INFO] Guest thread yield at import#5758: nid=04AjkP0jO9U ret=0x000000080A821799 reason=_umtx_op_wait
[LOADER][INFO] Guest thread 'AssetGarbageCollectorHelper' state=Blocked reason=_umtx_op_wait
[LOADER][INFO] Guest thread 'AssetGarbageCollectorHelper' state=Blocked reason=_umtx_op_wait
[LOADER][INFO] guest_threads.timeout_wake count=1
[LOADER][INFO] Pumping guest thread 'AssetGarbageCollectorHelper' reason=ready-dispatch resume=0x000000080A821799
[LOADER][INFO] Guest thread yield at import#7293: nid=04AjkP0jO9U ret=0x000000080A821799 reason=_umtx_op_wait
[LOADER][INFO] Guest thread 'AssetGarbageCollectorHelper' state=Blocked reason=_umtx_op_wait
[LOADER][INFO] guest_threads.timeout_wake count=1
[LOADER][INFO] Pumping guest thread 'AssetGarbageCollectorHelper' reason=ready-dispatch resume=0x000000080A821799
[LOADER][INFO] Guest thread yield at import#8317: nid=04AjkP0jO9U ret=0x000000080A821799 reason=_umtx_op_wait
[LOADER][INFO] Guest thread 'AssetGarbageCollectorHelper' state=Blocked reason=_umtx_op_wait
[LOADER][INFO] guest_threads.timeout_wake count=1
[LOADER][INFO] Pumping guest thread 'AssetGarbageCollectorHelper' reason=dispatcher resume=0x000000080A821799
[LOADER][INFO] Guest thread yield at import#6013: nid=04AjkP0jO9U ret=0x000000080A821799 reason=_umtx_op_wait
[LOADER][INFO] Guest thread 'AssetGarbageCollectorHelper' state=Blocked reason=_umtx_op_wait
[LOADER][INFO] guest_threads.timeout_wake count=1
[LOADER][INFO] Pumping guest thread 'AssetGarbageCollectorHelper' reason=ready-dispatch resume=0x000000080A821799
[LOADER][INFO] Guest thread yield at import#7805: nid=04AjkP0jO9U ret=0x000000080A821799 reason=_umtx_op_wait
[LOADER][INFO] Guest thread 'AssetGarbageCollectorHelper' state=Blocked reason=_umtx_op_wait
[LOADER][INFO] guest_threads.timeout_wake count=3
[LOADER][INFO] Pumping guest thread 'AssetGarbageCollectorHelper' reason=dispatcher resume=0x000000080A821799
[LOADER][INFO] Pumping guest thread 'AssetGarbageCollectorHelper' reason=dispatcher resume=0x000000080A821799
[LOADER][INFO] Pumping guest thread 'AssetGarbageCollectorHelper' reason=dispatcher resume=0x000000080A821799
[LOADER][INFO] Guest thread yield at import#6270: nid=04AjkP0jO9U ret=0x000000080A821799 reason=_umtx_op_wait
[LOADER][INFO] Guest thread yield at import#7038: nid=04AjkP0jO9U ret=0x000000080A821799 reason=_umtx_op_wait
[LOADER][INFO] Guest thread yield at import#5246: nid=04AjkP0jO9U ret=0x000000080A821799 reason=_umtx_op_wait
[LOADER][INFO] Guest thread 'AssetGarbageCollectorHelper' state=Blocked reason=_umtx_op_wait
[LOADER][INFO] Guest thread 'AssetGarbageCollectorHelper' state=Blocked reason=_umtx_op_wait
[LOADER][INFO] Guest thread 'AssetGarbageCollectorHelper' state=Blocked reason=_umtx_op_wait
[LOADER][INFO] guest_threads.timeout_wake count=1
[LOADER][INFO] Pumping guest thread 'AssetGarbageCollectorHelper' reason=dispatcher resume=0x000000080A821799
[LOADER][INFO] Guest thread yield at import#8574: nid=04AjkP0jO9U ret=0x000000080A821799 reason=_umtx_op_wait
[LOADER][INFO] Guest thread 'AssetGarbageCollectorHelper' state=Blocked reason=_umtx_op_wait
[LOADER][INFO] guest_threads.timeout_wake count=1
[LOADER][INFO] Pumping guest thread 'AssetGarbageCollectorHelper' reason=ready-dispatch resume=0x000000080A821799
[LOADER][INFO] Guest thread yield at import#8062: nid=04AjkP0jO9U ret=0x000000080A821799 reason=_umtx_op_wait
[LOADER][INFO] Guest thread 'AssetGarbageCollectorHelper' state=Blocked reason=_umtx_op_wait
[LOADER][INFO] guest_threads.timeout_wake count=1
[LOADER][INFO] Pumping guest thread 'AssetGarbageCollectorHelper' reason=dispatcher resume=0x000000080A821799
[LOADER][INFO] Guest thread yield at import#6782: nid=04AjkP0jO9U ret=0x000000080A821799 reason=_umtx_op_wait
[LOADER][INFO] Guest thread 'AssetGarbageCollectorHelper' state=Blocked reason=_umtx_op_wait
[LOADER][INFO] guest_threads.timeout_wake count=1
[LOADER][INFO] Pumping guest thread 'AssetGarbageCollectorHelper' reason=ready-dispatch resume=0x000000080A821799
[LOADER][INFO] Guest thread yield at import#5502: nid=04AjkP0jO9U ret=0x000000080A821799 reason=_umtx_op_wait
[LOADER][INFO] Guest thread 'AssetGarbageCollectorHelper' state=Blocked reason=_umtx_op_wait
[LOADER][INFO] guest_threads.timeout_wake count=2
[LOADER][INFO] Pumping guest thread 'AssetGarbageCollectorHelper' reason=dispatcher resume=0x000000080A821799
[LOADER][INFO] Pumping guest thread 'AssetGarbageCollectorHelper' reason=dispatcher resume=0x000000080A821799
[LOADER][INFO] Guest thread yield at import#5759: nid=04AjkP0jO9U ret=0x000000080A821799 reason=_umtx_op_wait
[LOADER][INFO] Guest thread yield at import#7551: nid=04AjkP0jO9U ret=0x000000080A821799 reason=_umtx_op_wait
[LOADER][INFO] Guest thread 'AssetGarbageCollectorHelper' state=Blocked reason=_umtx_op_wait
[LOADER][INFO] Guest thread 'AssetGarbageCollectorHelper' state=Blocked reason=_umtx_op_wait
[LOADER][INFO] guest_threads.timeout_wake count=1
[LOADER][INFO] Pumping guest thread 'AssetGarbageCollectorHelper' reason=ready-dispatch resume=0x000000080A821799
[LOADER][INFO] Guest thread yield at import#7294: nid=04AjkP0jO9U ret=0x000000080A821799 reason=_umtx_op_wait
[LOADER][INFO] Guest thread 'AssetGarbageCollectorHelper' state=Blocked reason=_umtx_op_wait
[LOADER][INFO] guest_threads.timeout_wake count=1
[LOADER][INFO] Pumping guest thread 'AssetGarbageCollectorHelper' reason=ready-dispatch resume=0x000000080A821799
[LOADER][INFO] Guest thread yield at import#8318: nid=04AjkP0jO9U ret=0x000000080A821799 reason=_umtx_op_wait
[LOADER][INFO] Guest thread 'AssetGarbageCollectorHelper' state=Blocked reason=_umtx_op_wait
[LOADER][INFO] guest_threads.timeout_wake count=1
[LOADER][INFO] Pumping guest thread 'AssetGarbageCollectorHelper' reason=ready-dispatch resume=0x000000080A821799
[LOADER][INFO] Guest thread yield at import#6014: nid=04AjkP0jO9U ret=0x000000080A821799 reason=_umtx_op_wait
[LOADER][INFO] Guest thread 'AssetGarbageCollectorHelper' state=Blocked reason=_umtx_op_wait
[LOADER][INFO] guest_threads.timeout_wake count=2
[LOADER][INFO] Pumping guest thread 'AssetGarbageCollectorHelper' reason=ready-dispatch resume=0x000000080A821799
[LOADER][INFO] Pumping guest thread 'AssetGarbageCollectorHelper' reason=ready-dispatch resume=0x000000080A821799
[LOADER][INFO] Guest thread yield at import#7806: nid=04AjkP0jO9U ret=0x000000080A821799 reason=_umtx_op_wait
[LOADER][INFO] Guest thread yield at import#6271: nid=04AjkP0jO9U ret=0x000000080A821799 reason=_umtx_op_wait
[LOADER][INFO] Guest thread 'AssetGarbageCollectorHelper' state=Blocked reason=_umtx_op_wait
[LOADER][INFO] Guest thread 'AssetGarbageCollectorHelper' state=Blocked reason=_umtx_op_wait
[LOADER][INFO] guest_threads.timeout_wake count=2
[LOADER][INFO] Pumping guest thread 'AssetGarbageCollectorHelper' reason=dispatcher resume=0x000000080A821799
[LOADER][INFO] Pumping guest thread 'AssetGarbageCollectorHelper' reason=dispatcher resume=0x000000080A821799
[LOADER][INFO] Guest thread yield at import#7039: nid=04AjkP0jO9U ret=0x000000080A821799 reason=_umtx_op_wait
[LOADER][INFO] Guest thread yield at import#5247: nid=04AjkP0jO9U ret=0x000000080A821799 reason=_umtx_op_wait
[LOADER][INFO] Guest thread 'AssetGarbageCollectorHelper' state=Blocked reason=_umtx_op_wait
[LOADER][INFO] Guest thread 'AssetGarbageCollectorHelper' state=Blocked reason=_umtx_op_wait
[LOADER][INFO] guest_threads.timeout_wake count=1
[LOADER][INFO] Pumping guest thread 'AssetGarbageCollectorHelper' reason=dispatcher resume=0x000000080A821799
[LOADER][INFO] Guest thread yield at import#8575: nid=04AjkP0jO9U ret=0x000000080A821799 reason=_umtx_op_wait
[LOADER][INFO] Guest thread 'AssetGarbageCollectorHelper' state=Blocked reason=_umtx_op_wait
[LOADER][INFO] guest_threads.timeout_wake count=1
[LOADER][INFO] Pumping guest thread 'AssetGarbageCollectorHelper' reason=dispatcher resume=0x000000080A821799
[LOADER][INFO] Guest thread yield at import#8063: nid=04AjkP0jO9U ret=0x000000080A821799 reason=_umtx_op_wait
[LOADER][INFO] Guest thread 'AssetGarbageCollectorHelper' state=Blocked reason=_umtx_op_wait
[LOADER][INFO] guest_threads.timeout_wake count=1
[LOADER][INFO] Pumping guest thread 'AssetGarbageCollectorHelper' reason=dispatcher resume=0x000000080A821799
[LOADER][INFO] Guest thread yield at import#6783: nid=04AjkP0jO9U ret=0x000000080A821799 reason=_umtx_op_wait
[LOADER][INFO] Guest thread 'AssetGarbageCollectorHelper' state=Blocked reason=_umtx_op_wait
[LOADER][INFO] guest_threads.timeout_wake count=1
[LOADER][INFO] Pumping guest thread 'AssetGarbageCollectorHelper' reason=ready-dispatch resume=0x000000080A821799
[LOADER][INFO] Guest thread yield at import#5503: nid=04AjkP0jO9U ret=0x000000080A821799 reason=_umtx_op_wait
[LOADER][INFO] Guest thread 'AssetGarbageCollectorHelper' state=Blocked reason=_umtx_op_wait
[LOADER][INFO] guest_threads.timeout_wake count=2
[LOADER][INFO] Pumping guest thread 'AssetGarbageCollectorHelper' reason=ready-dispatch resume=0x000000080A821799
[LOADER][INFO] Pumping guest thread 'AssetGarbageCollectorHelper' reason=ready-dispatch resume=0x000000080A821799
[LOADER][INFO] Guest thread yield at import#7552: nid=04AjkP0jO9U ret=0x000000080A821799 reason=_umtx_op_wait
[LOADER][INFO] Guest thread yield at import#5760: nid=04AjkP0jO9U ret=0x000000080A821799 reason=_umtx_op_wait
[LOADER][INFO] Guest thread 'AssetGarbageCollectorHelper' state=Blocked reason=_umtx_op_wait
[LOADER][INFO] Guest thread 'AssetGarbageCollectorHelper' state=Blocked reason=_umtx_op_wait
[LOADER][INFO] guest_threads.timeout_wake count=1
[LOADER][INFO] Pumping guest thread 'AssetGarbageCollectorHelper' reason=dispatcher resume=0x000000080A821799
[LOADER][INFO] Guest thread yield at import#7295: nid=04AjkP0jO9U ret=0x000000080A821799 reason=_umtx_op_wait
[LOADER][INFO] Guest thread 'AssetGarbageCollectorHelper' state=Blocked reason=_umtx_op_wait
[LOADER][INFO] guest_threads.timeout_wake count=1
[LOADER][INFO] Pumping guest thread 'AssetGarbageCollectorHelper' reason=ready-dispatch resume=0x000000080A821799
[LOADER][INFO] Guest thread yield at import#8319: nid=04AjkP0jO9U ret=0x000000080A821799 reason=_umtx_op_wait
[LOADER][INFO] Guest thread 'AssetGarbageCollectorHelper' state=Blocked reason=_umtx_op_wait
[LOADER][INFO] guest_threads.timeout_wake count=1
[LOADER][INFO] Pumping guest thread 'AssetGarbageCollectorHelper' reason=dispatcher resume=0x000000080A821799
[LOADER][INFO] Guest thread yield at import#6015: nid=04AjkP0jO9U ret=0x000000080A821799 reason=_umtx_op_wait
[LOADER][INFO] Guest thread 'AssetGarbageCollectorHelper' state=Blocked reason=_umtx_op_wait
[LOADER][INFO] guest_threads.timeout_wake count=2
[LOADER][INFO] Pumping guest thread 'AssetGarbageCollectorHelper' reason=dispatcher resume=0x000000080A821799
[LOADER][INFO] Pumping guest thread 'AssetGarbageCollectorHelper' reason=dispatcher resume=0x000000080A821799
[LOADER][INFO] Guest thread yield at import#6272: nid=04AjkP0jO9U ret=0x000000080A821799 reason=_umtx_op_wait
[LOADER][INFO] Guest thread yield at import#7807: nid=04AjkP0jO9U ret=0x000000080A821799 reason=_umtx_op_wait
[LOADER][INFO] Guest thread 'AssetGarbageCollectorHelper' state=Blocked reason=_umtx_op_wait
[LOADER][INFO] Guest thread 'AssetGarbageCollectorHelper' state=Blocked reason=_umtx_op_wait
[LOADER][INFO] guest_threads.timeout_wake count=1
[LOADER][INFO] guest_threads.timeout_wake count=1
[LOADER][INFO] Pumping guest thread 'AssetGarbageCollectorHelper' reason=dispatcher resume=0x000000080A821799
[LOADER][INFO] Pumping guest thread 'AssetGarbageCollectorHelper' reason=dispatcher resume=0x000000080A821799
[LOADER][INFO] Guest thread yield at import#5248: nid=04AjkP0jO9U ret=0x000000080A821799 reason=_umtx_op_wait
[LOADER][INFO] Guest thread 'AssetGarbageCollectorHelper' state=Blocked reason=_umtx_op_wait
[LOADER][INFO] Guest thread yield at import#7040: nid=04AjkP0jO9U ret=0x000000080A821799 reason=_umtx_op_wait
[LOADER][INFO] Guest thread 'AssetGarbageCollectorHelper' state=Blocked reason=_umtx_op_wait
[LOADER][INFO] guest_threads.timeout_wake count=1
[LOADER][INFO] Pumping guest thread 'AssetGarbageCollectorHelper' reason=dispatcher resume=0x000000080A821799
[LOADER][INFO] Guest thread yield at import#8576: nid=04AjkP0jO9U ret=0x000000080A821799 reason=_umtx_op_wait
[LOADER][INFO] Guest thread 'AssetGarbageCollectorHelper' state=Blocked reason=_umtx_op_wait
[LOADER][INFO] guest_threads.timeout_wake count=1
[LOADER][INFO] Pumping guest thread 'AssetGarbageCollectorHelper' reason=dispatcher resume=0x000000080A821799
[LOADER][INFO] Guest thread yield at import#8064: nid=04AjkP0jO9U ret=0x000000080A821799 reason=_umtx_op_wait
[LOADER][INFO] Guest thread 'AssetGarbageCollectorHelper' state=Blocked reason=_umtx_op_wait
[LOADER][INFO] guest_threads.timeout_wake count=1
[LOADER][INFO] Pumping guest thread 'AssetGarbageCollectorHelper' reason=dispatcher resume=0x000000080A821799
[LOADER][INFO] Guest thread yield at import#6784: nid=04AjkP0jO9U ret=0x000000080A821799 reason=_umtx_op_wait
[LOADER][INFO] Guest thread 'AssetGarbageCollectorHelper' state=Blocked reason=_umtx_op_wait
[LOADER][INFO] guest_threads.timeout_wake count=1
[LOADER][INFO] Pumping guest thread 'AssetGarbageCollectorHelper' reason=ready-dispatch resume=0x000000080A821799
[LOADER][INFO] Guest thread yield at import#5504: nid=04AjkP0jO9U ret=0x000000080A821799 reason=_umtx_op_wait
[LOADER][INFO] Guest thread 'AssetGarbageCollectorHelper' state=Blocked reason=_umtx_op_wait
[LOADER][INFO] guest_threads.timeout_wake count=2
[LOADER][INFO] Pumping guest thread 'AssetGarbageCollectorHelper' reason=dispatcher resume=0x000000080A821799
[LOADER][INFO] Pumping guest thread 'AssetGarbageCollectorHelper' reason=dispatcher resume=0x000000080A821799
[LOADER][INFO] Guest thread yield at import#7553: nid=04AjkP0jO9U ret=0x000000080A821799 reason=_umtx_op_wait
[LOADER][INFO] Guest thread yield at import#5761: nid=04AjkP0jO9U ret=0x000000080A821799 reason=_umtx_op_wait
[LOADER][INFO] Guest thread 'AssetGarbageCollectorHelper' state=Blocked reason=_umtx_op_wait
[LOADER][INFO] Guest thread 'AssetGarbageCollectorHelper' state=Blocked reason=_umtx_op_wait
[LOADER][INFO] guest_threads.timeout_wake count=1
[LOADER][INFO] Pumping guest thread 'AssetGarbageCollectorHelper' reason=dispatcher resume=0x000000080A821799
[LOADER][INFO] Guest thread yield at import#7296: nid=04AjkP0jO9U ret=0x000000080A821799 reason=_umtx_op_wait
[LOADER][INFO] Guest thread 'AssetGarbageCollectorHelper' state=Blocked reason=_umtx_op_wait
[LOADER][INFO] guest_threads.timeout_wake count=1
[LOADER][INFO] Pumping guest thread 'AssetGarbageCollectorHelper' reason=dispatcher resume=0x000000080A821799
[LOADER][INFO] Guest thread yield at import#8320: nid=04AjkP0jO9U ret=0x000000080A821799 reason=_umtx_op_wait
[LOADER][INFO] Guest thread 'AssetGarbageCollectorHelper' state=Blocked reason=_umtx_op_wait
[LOADER][INFO] guest_threads.timeout_wake count=1
[LOADER][INFO] Pumping guest thread 'AssetGarbageCollectorHelper' reason=ready-dispatch resume=0x000000080A821799
[LOADER][INFO] Guest thread yield at import#6016: nid=04AjkP0jO9U ret=0x000000080A821799 reason=_umtx_op_wait
[LOADER][INFO] Guest thread 'AssetGarbageCollectorHelper' state=Blocked reason=_umtx_op_wait
[LOADER][INFO] guest_threads.timeout_wake count=2
[LOADER][INFO] Pumping guest thread 'AssetGarbageCollectorHelper' reason=dispatcher resume=0x000000080A821799
[LOADER][INFO] Pumping guest thread 'AssetGarbageCollectorHelper' reason=dispatcher resume=0x000000080A821799
[LOADER][INFO] Guest thread yield at import#7808: nid=04AjkP0jO9U ret=0x000000080A821799 reason=_umtx_op_wait
[LOADER][INFO] Guest thread yield at import#6273: nid=04AjkP0jO9U ret=0x000000080A821799 reason=_umtx_op_wait
[LOADER][INFO] Guest thread 'AssetGarbageCollectorHelper' state=Blocked reason=_umtx_op_wait
[LOADER][INFO] Guest thread 'AssetGarbageCollectorHelper' state=Blocked reason=_umtx_op_wait
[LOADER][INFO] guest_threads.timeout_wake count=2
[LOADER][INFO] Pumping guest thread 'AssetGarbageCollectorHelper' reason=dispatcher resume=0x000000080A821799
[LOADER][INFO] Pumping guest thread 'AssetGarbageCollectorHelper' reason=dispatcher resume=0x000000080A821799
[LOADER][INFO] Guest thread yield at import#5249: nid=04AjkP0jO9U ret=0x000000080A821799 reason=_umtx_op_wait
[LOADER][INFO] Guest thread yield at import#7041: nid=04AjkP0jO9U ret=0x000000080A821799 reason=_umtx_op_wait
[LOADER][INFO] Guest thread 'AssetGarbageCollectorHelper' state=Blocked reason=_umtx_op_wait
[LOADER][INFO] Guest thread 'AssetGarbageCollectorHelper' state=Blocked reason=_umtx_op_wait
[LOADER][INFO] guest_threads.timeout_wake count=1
[LOADER][INFO] Pumping guest thread 'AssetGarbageCollectorHelper' reason=dispatcher resume=0x000000080A821799
[LOADER][INFO] Guest thread yield at import#8577: nid=04AjkP0jO9U ret=0x000000080A821799 reason=_umtx_op_wait
[LOADER][INFO] Guest thread 'AssetGarbageCollectorHelper' state=Blocked reason=_umtx_op_wait
[LOADER][INFO] guest_threads.timeout_wake count=1
[LOADER][INFO] Pumping guest thread 'AssetGarbageCollectorHelper' reason=dispatcher resume=0x000000080A821799
[LOADER][INFO] Guest thread yield at import#8065: nid=04AjkP0jO9U ret=0x000000080A821799 reason=_umtx_op_wait
[LOADER][INFO] Guest thread 'AssetGarbageCollectorHelper' state=Blocked reason=_umtx_op_wait
[LOADER][INFO] guest_threads.timeout_wake count=1
[LOADER][INFO] Pumping guest thread 'AssetGarbageCollectorHelper' reason=dispatcher resume=0x000000080A821799
[LOADER][INFO] Guest thread yield at import#6785: nid=04AjkP0jO9U ret=0x000000080A821799 reason=_umtx_op_wait
[LOADER][INFO] Guest thread 'AssetGarbageCollectorHelper' state=Blocked reason=_umtx_op_wait
[LOADER][INFO] guest_threads.timeout_wake count=1
[LOADER][INFO] Pumping guest thread 'AssetGarbageCollectorHelper' reason=ready-dispatch resume=0x000000080A821799
[LOADER][INFO] Guest thread yield at import#5505: nid=04AjkP0jO9U ret=0x000000080A821799 reason=_umtx_op_wait
[LOADER][INFO] Guest thread 'AssetGarbageCollectorHelper' state=Blocked reason=_umtx_op_wait
[LOADER][INFO] guest_threads.timeout_wake count=2
[LOADER][INFO] Pumping guest thread 'AssetGarbageCollectorHelper' reason=ready-dispatch resume=0x000000080A821799
[LOADER][INFO] Guest thread yield at import#7554: nid=04AjkP0jO9U ret=0x000000080A821799 reason=_umtx_op_wait
[LOADER][INFO] Pumping guest thread 'AssetGarbageCollectorHelper' reason=ready-dispatch resume=0x000000080A821799
[LOADER][INFO] Guest thread 'AssetGarbageCollectorHelper' state=Blocked reason=_umtx_op_wait
[LOADER][INFO] Guest thread yield at import#5762: nid=04AjkP0jO9U ret=0x000000080A821799 reason=_umtx_op_wait
[LOADER][INFO] Guest thread 'AssetGarbageCollectorHelper' state=Blocked reason=_umtx_op_wait
[LOADER][INFO] guest_threads.timeout_wake count=1
[LOADER][INFO] Pumping guest thread 'AssetGarbageCollectorHelper' reason=dispatcher resume=0x000000080A821799
[LOADER][INFO] Guest thread yield at import#7297: nid=04AjkP0jO9U ret=0x000000080A821799 reason=_umtx_op_wait
[LOADER][INFO] Guest thread 'AssetGarbageCollectorHelper' state=Blocked reason=_umtx_op_wait
[LOADER][INFO] guest_threads.timeout_wake count=1
[LOADER][INFO] Pumping guest thread 'AssetGarbageCollectorHelper' reason=dispatcher resume=0x000000080A821799
[LOADER][INFO] Guest thread yield at import#8321: nid=04AjkP0jO9U ret=0x000000080A821799 reason=_umtx_op_wait
[LOADER][INFO] Guest thread 'AssetGarbageCollectorHelper' state=Blocked reason=_umtx_op_wait
[LOADER][INFO] guest_threads.timeout_wake count=1
[LOADER][INFO] Pumping guest thread 'AssetGarbageCollectorHelper' reason=dispatcher resume=0x000000080A821799
[LOADER][INFO] Guest thread yield at import#6017: nid=04AjkP0jO9U ret=0x000000080A821799 reason=_umtx_op_wait
[LOADER][INFO] Guest thread 'AssetGarbageCollectorHelper' state=Blocked reason=_umtx_op_wait
[LOADER][INFO] guest_threads.timeout_wake count=1
[LOADER][INFO] guest_threads.timeout_wake count=1
[LOADER][INFO] Pumping guest thread 'AssetGarbageCollectorHelper' reason=dispatcher resume=0x000000080A821799
[LOADER][INFO] Guest thread yield at import#7809: nid=04AjkP0jO9U ret=0x000000080A821799 reason=_umtx_op_wait
[LOADER][INFO] Pumping guest thread 'AssetGarbageCollectorHelper' reason=dispatcher resume=0x000000080A821799
[LOADER][INFO] Guest thread 'AssetGarbageCollectorHelper' state=Blocked reason=_umtx_op_wait
[LOADER][INFO] Guest thread yield at import#6274: nid=04AjkP0jO9U ret=0x000000080A821799 reason=_umtx_op_wait
[LOADER][INFO] guest_threads.timeout_wake count=2
[LOADER][INFO] Guest thread 'AssetGarbageCollectorHelper' state=Blocked reason=_umtx_op_wait
[LOADER][INFO] Pumping guest thread 'AssetGarbageCollectorHelper' reason=ready-dispatch resume=0x000000080A821799
[LOADER][INFO] Pumping guest thread 'AssetGarbageCollectorHelper' reason=ready-dispatch resume=0x000000080A821799
[LOADER][INFO] Guest thread yield at import#5250: nid=04AjkP0jO9U ret=0x000000080A821799 reason=_umtx_op_wait
[LOADER][INFO] Guest thread yield at import#7042: nid=04AjkP0jO9U ret=0x000000080A821799 reason=_umtx_op_wait
[LOADER][INFO] Guest thread 'AssetGarbageCollectorHelper' state=Blocked reason=_umtx_op_wait
[LOADER][INFO] Guest thread 'AssetGarbageCollectorHelper' state=Blocked reason=_umtx_op_wait
[LOADER][INFO] guest_threads.timeout_wake count=1
[LOADER][INFO] Pumping guest thread 'AssetGarbageCollectorHelper' reason=dispatcher resume=0x000000080A821799
[LOADER][INFO] Guest thread yield at import#8578: nid=04AjkP0jO9U ret=0x000000080A821799 reason=_umtx_op_wait
[LOADER][INFO] Guest thread 'AssetGarbageCollectorHelper' state=Blocked reason=_umtx_op_wait
[LOADER][INFO] guest_threads.timeout_wake count=1
[LOADER][INFO] Pumping guest thread 'AssetGarbageCollectorHelper' reason=ready-dispatch resume=0x000000080A821799
[LOADER][INFO] Guest thread yield at import#8066: nid=04AjkP0jO9U ret=0x000000080A821799 reason=_umtx_op_wait
[LOADER][INFO] Guest thread 'AssetGarbageCollectorHelper' state=Blocked reason=_umtx_op_wait
[LOADER][INFO] guest_threads.timeout_wake count=1
[LOADER][INFO] Pumping guest thread 'AssetGarbageCollectorHelper' reason=dispatcher resume=0x000000080A821799
[LOADER][INFO] Guest thread yield at import#6786: nid=04AjkP0jO9U ret=0x000000080A821799 reason=_umtx_op_wait
[LOADER][INFO] Guest thread 'AssetGarbageCollectorHelper' state=Blocked reason=_umtx_op_wait
[LOADER][INFO] guest_threads.timeout_wake count=1
[LOADER][INFO] Pumping guest thread 'AssetGarbageCollectorHelper' reason=dispatcher resume=0x000000080A821799
[LOADER][INFO] Guest thread yield at import#5506: nid=04AjkP0jO9U ret=0x000000080A821799 reason=_umtx_op_wait
[LOADER][INFO] Guest thread 'AssetGarbageCollectorHelper' state=Blocked reason=_umtx_op_wait
[LOADER][INFO] guest_threads.timeout_wake count=1
[LOADER][INFO] Pumping guest thread 'AssetGarbageCollectorHelper' reason=dispatcher resume=0x000000080A821799
[LOADER][INFO] Guest thread yield at import#7555: nid=04AjkP0jO9U ret=0x000000080A821799 reason=_umtx_op_wait
[LOADER][INFO] Guest thread 'AssetGarbageCollectorHelper' state=Blocked reason=_umtx_op_wait
[LOADER][INFO] guest_threads.timeout_wake count=1
[LOADER][INFO] Pumping guest thread 'AssetGarbageCollectorHelper' reason=dispatcher resume=0x000000080A821799
[LOADER][INFO] Guest thread yield at import#5763: nid=04AjkP0jO9U ret=0x000000080A821799 reason=_umtx_op_wait
[LOADER][INFO] Guest thread 'AssetGarbageCollectorHelper' state=Blocked reason=_umtx_op_wait
[LOADER][INFO] guest_threads.timeout_wake count=1
[LOADER][INFO] Pumping guest thread 'AssetGarbageCollectorHelper' reason=ready-dispatch resume=0x000000080A821799
[LOADER][INFO] Guest thread yield at import#7298: nid=04AjkP0jO9U ret=0x000000080A821799 reason=_umtx_op_wait
[LOADER][INFO] Guest thread 'AssetGarbageCollectorHelper' state=Blocked reason=_umtx_op_wait
[LOADER][INFO] guest_threads.timeout_wake count=1
[LOADER][INFO] Pumping guest thread 'AssetGarbageCollectorHelper' reason=dispatcher resume=0x000000080A821799
[LOADER][INFO] Guest thread yield at import#8322: nid=04AjkP0jO9U ret=0x000000080A821799 reason=_umtx_op_wait
[LOADER][INFO] Guest thread 'AssetGarbageCollectorHelper' state=Blocked reason=_umtx_op_wait
[LOADER][INFO] guest_threads.timeout_wake count=1
[LOADER][INFO] Pumping guest thread 'AssetGarbageCollectorHelper' reason=dispatcher resume=0x000000080A821799
[LOADER][INFO] guest_threads.timeout_wake count=2
[LOADER][INFO] Pumping guest thread 'AssetGarbageCollectorHelper' reason=dispatcher resume=0x000000080A821799
[LOADER][INFO] Guest thread yield at import#6018: nid=04AjkP0jO9U ret=0x000000080A821799 reason=_umtx_op_wait
[LOADER][INFO] Pumping guest thread 'AssetGarbageCollectorHelper' reason=dispatcher resume=0x000000080A821799
[LOADER][INFO] Guest thread yield at import#7810: nid=04AjkP0jO9U ret=0x000000080A821799 reason=_umtx_op_wait
[LOADER][INFO] Guest thread 'AssetGarbageCollectorHelper' state=Blocked reason=_umtx_op_wait
[LOADER][INFO] Guest thread yield at import#6275: nid=04AjkP0jO9U ret=0x000000080A821799 reason=_umtx_op_wait
[LOADER][INFO] Guest thread 'AssetGarbageCollectorHelper' state=Blocked reason=_umtx_op_wait
[LOADER][INFO] guest_threads.timeout_wake count=2
[LOADER][INFO] Guest thread 'AssetGarbageCollectorHelper' state=Blocked reason=_umtx_op_wait
[LOADER][INFO] Pumping guest thread 'AssetGarbageCollectorHelper' reason=dispatcher resume=0x000000080A821799
[LOADER][INFO] Pumping guest thread 'AssetGarbageCollectorHelper' reason=dispatcher resume=0x000000080A821799
[LOADER][INFO] Guest thread yield at import#5251: nid=04AjkP0jO9U ret=0x000000080A821799 reason=_umtx_op_wait
[LOADER][INFO] Guest thread yield at import#7043: nid=04AjkP0jO9U ret=0x000000080A821799 reason=_umtx_op_wait
[LOADER][INFO] Guest thread 'AssetGarbageCollectorHelper' state=Blocked reason=_umtx_op_wait
[LOADER][INFO] Guest thread 'AssetGarbageCollectorHelper' state=Blocked reason=_umtx_op_wait
[LOADER][INFO] guest_threads.timeout_wake count=1
[LOADER][INFO] Pumping guest thread 'AssetGarbageCollectorHelper' reason=dispatcher resume=0x000000080A821799
[LOADER][INFO] guest_threads.timeout_wake count=1
[LOADER][INFO] Pumping guest thread 'AssetGarbageCollectorHelper' reason=ready-dispatch resume=0x000000080A821799
[LOADER][INFO] Guest thread yield at import#8579: nid=04AjkP0jO9U ret=0x000000080A821799 reason=_umtx_op_wait
[LOADER][INFO] Guest thread yield at import#8067: nid=04AjkP0jO9U ret=0x000000080A821799 reason=_umtx_op_wait
[LOADER][INFO] Guest thread 'AssetGarbageCollectorHelper' state=Blocked reason=_umtx_op_wait
[LOADER][INFO] Guest thread 'AssetGarbageCollectorHelper' state=Blocked reason=_umtx_op_wait
[LOADER][INFO] guest_threads.timeout_wake count=1
[LOADER][INFO] Pumping guest thread 'AssetGarbageCollectorHelper' reason=dispatcher resume=0x000000080A821799
[LOADER][INFO] Guest thread yield at import#6787: nid=04AjkP0jO9U ret=0x000000080A821799 reason=_umtx_op_wait
[LOADER][INFO] Guest thread 'AssetGarbageCollectorHelper' state=Blocked reason=_umtx_op_wait
[LOADER][INFO] guest_threads.timeout_wake count=1
[LOADER][INFO] Pumping guest thread 'AssetGarbageCollectorHelper' reason=dispatcher resume=0x000000080A821799
[LOADER][INFO] Guest thread yield at import#5507: nid=04AjkP0jO9U ret=0x000000080A821799 reason=_umtx_op_wait
[LOADER][INFO] Guest thread 'AssetGarbageCollectorHelper' state=Blocked reason=_umtx_op_wait
[LOADER][INFO] guest_threads.timeout_wake count=1
[LOADER][INFO] Pumping guest thread 'AssetGarbageCollectorHelper' reason=ready-dispatch resume=0x000000080A821799
[LOADER][INFO] Guest thread yield at import#7556: nid=04AjkP0jO9U ret=0x000000080A821799 reason=_umtx_op_wait
[LOADER][INFO] Guest thread 'AssetGarbageCollectorHelper' state=Blocked reason=_umtx_op_wait
[LOADER][INFO] guest_threads.timeout_wake count=1
[LOADER][INFO] Pumping guest thread 'AssetGarbageCollectorHelper' reason=dispatcher resume=0x000000080A821799
[LOADER][INFO] Guest thread yield at import#5764: nid=04AjkP0jO9U ret=0x000000080A821799 reason=_umtx_op_wait
[LOADER][INFO] Guest thread 'AssetGarbageCollectorHelper' state=Blocked reason=_umtx_op_wait
[LOADER][INFO] guest_threads.timeout_wake count=1
[LOADER][INFO] Pumping guest thread 'AssetGarbageCollectorHelper' reason=ready-dispatch resume=0x000000080A821799
[LOADER][INFO] Guest thread yield at import#7299: nid=04AjkP0jO9U ret=0x000000080A821799 reason=_umtx_op_wait
[LOADER][INFO] Guest thread 'AssetGarbageCollectorHelper' state=Blocked reason=_umtx_op_wait
[LOADER][INFO] guest_threads.timeout_wake count=1
[LOADER][INFO] Pumping guest thread 'AssetGarbageCollectorHelper' reason=dispatcher resume=0x000000080A821799
[LOADER][INFO] Guest thread yield at import#8323: nid=04AjkP0jO9U ret=0x000000080A821799 reason=_umtx_op_wait
[LOADER][INFO] Guest thread 'AssetGarbageCollectorHelper' state=Blocked reason=_umtx_op_wait
[LOADER][INFO] guest_threads.timeout_wake count=2
[LOADER][INFO] Pumping guest thread 'AssetGarbageCollectorHelper' reason=dispatcher resume=0x000000080A821799
[LOADER][INFO] Pumping guest thread 'AssetGarbageCollectorHelper' reason=dispatcher resume=0x000000080A821799
[LOADER][INFO] Guest thread yield at import#6019: nid=04AjkP0jO9U ret=0x000000080A821799 reason=_umtx_op_wait
[LOADER][INFO] Guest thread yield at import#7811: nid=04AjkP0jO9U ret=0x000000080A821799 reason=_umtx_op_wait
[LOADER][INFO] Guest thread 'AssetGarbageCollectorHelper' state=Blocked reason=_umtx_op_wait
[LOADER][INFO] Guest thread 'AssetGarbageCollectorHelper' state=Blocked reason=_umtx_op_wait
[LOADER][INFO] guest_threads.timeout_wake count=1
[LOADER][INFO] guest_threads.timeout_wake count=1
[LOADER][INFO] Pumping guest thread 'AssetGarbageCollectorHelper' reason=dispatcher resume=0x000000080A821799
[LOADER][INFO] Pumping guest thread 'AssetGarbageCollectorHelper' reason=dispatcher resume=0x000000080A821799
[LOADER][INFO] Guest thread yield at import#5252: nid=04AjkP0jO9U ret=0x000000080A821799 reason=_umtx_op_wait
[LOADER][INFO] Guest thread yield at import#6276: nid=04AjkP0jO9U ret=0x000000080A821799 reason=_umtx_op_wait
[LOADER][INFO] Guest thread 'AssetGarbageCollectorHelper' state=Blocked reason=_umtx_op_wait
[LOADER][INFO] Guest thread 'AssetGarbageCollectorHelper' state=Blocked reason=_umtx_op_wait
[LOADER][INFO] guest_threads.timeout_wake count=1
[LOADER][INFO] Pumping guest thread 'AssetGarbageCollectorHelper' reason=dispatcher resume=0x000000080A821799
[LOADER][INFO] Guest thread yield at import#7044: nid=04AjkP0jO9U ret=0x000000080A821799 reason=_umtx_op_wait
[LOADER][INFO] Guest thread 'AssetGarbageCollectorHelper' state=Blocked reason=_umtx_op_wait
[LOADER][INFO] guest_threads.timeout_wake count=2
[LOADER][INFO] Pumping guest thread 'AssetGarbageCollectorHelper' reason=ready-dispatch resume=0x000000080A821799
[LOADER][INFO] Pumping guest thread 'AssetGarbageCollectorHelper' reason=ready-dispatch resume=0x000000080A821799
[LOADER][INFO] Guest thread yield at import#8580: nid=04AjkP0jO9U ret=0x000000080A821799 reason=_umtx_op_wait
[LOADER][INFO] Guest thread yield at import#8068: nid=04AjkP0jO9U ret=0x000000080A821799 reason=_umtx_op_wait
[LOADER][INFO] Guest thread 'AssetGarbageCollectorHelper' state=Blocked reason=_umtx_op_wait
[LOADER][INFO] Guest thread 'AssetGarbageCollectorHelper' state=Blocked reason=_umtx_op_wait
[LOADER][INFO] guest_threads.timeout_wake count=1
[LOADER][INFO] Pumping guest thread 'AssetGarbageCollectorHelper' reason=ready-dispatch resume=0x000000080A821799
[LOADER][INFO] Guest thread yield at import#6788: nid=04AjkP0jO9U ret=0x000000080A821799 reason=_umtx_op_wait
[LOADER][INFO] Guest thread 'AssetGarbageCollectorHelper' state=Blocked reason=_umtx_op_wait
[LOADER][INFO] guest_threads.timeout_wake count=1
[LOADER][INFO] Pumping guest thread 'AssetGarbageCollectorHelper' reason=ready-dispatch resume=0x000000080A821799
[LOADER][INFO] Guest thread yield at import#5508: nid=04AjkP0jO9U ret=0x000000080A821799 reason=_umtx_op_wait
[LOADER][INFO] Guest thread 'AssetGarbageCollectorHelper' state=Blocked reason=_umtx_op_wait
[LOADER][INFO] guest_threads.timeout_wake count=2
[LOADER][INFO] Pumping guest thread 'AssetGarbageCollectorHelper' reason=dispatcher resume=0x000000080A821799
[LOADER][INFO] Pumping guest thread 'AssetGarbageCollectorHelper' reason=dispatcher resume=0x000000080A821799
[LOADER][INFO] Guest thread yield at import#5765: nid=04AjkP0jO9U ret=0x000000080A821799 reason=_umtx_op_wait
[LOADER][INFO] Guest thread yield at import#7557: nid=04AjkP0jO9U ret=0x000000080A821799 reason=_umtx_op_wait
[LOADER][INFO] Guest thread 'AssetGarbageCollectorHelper' state=Blocked reason=_umtx_op_wait
[LOADER][INFO] Guest thread 'AssetGarbageCollectorHelper' state=Blocked reason=_umtx_op_wait
[LOADER][INFO] guest_threads.timeout_wake count=1
[LOADER][INFO] Pumping guest thread 'AssetGarbageCollectorHelper' reason=ready-dispatch resume=0x000000080A821799
[LOADER][INFO] Guest thread yield at import#7300: nid=04AjkP0jO9U ret=0x000000080A821799 reason=_umtx_op_wait
[LOADER][INFO] Guest thread 'AssetGarbageCollectorHelper' state=Blocked reason=_umtx_op_wait
[LOADER][INFO] guest_threads.timeout_wake count=1
[LOADER][INFO] Pumping guest thread 'AssetGarbageCollectorHelper' reason=dispatcher resume=0x000000080A821799
[LOADER][INFO] Guest thread yield at import#8324: nid=04AjkP0jO9U ret=0x000000080A821799 reason=_umtx_op_wait
[LOADER][INFO] Guest thread 'AssetGarbageCollectorHelper' state=Blocked reason=_umtx_op_wait
[LOADER][INFO] guest_threads.timeout_wake count=2
[LOADER][INFO] Pumping guest thread 'AssetGarbageCollectorHelper' reason=dispatcher resume=0x000000080A821799
[LOADER][INFO] Pumping guest thread 'AssetGarbageCollectorHelper' reason=dispatcher resume=0x000000080A821799
[LOADER][INFO] Guest thread yield at import#6020: nid=04AjkP0jO9U ret=0x000000080A821799 reason=_umtx_op_wait
[LOADER][INFO] Guest thread yield at import#7812: nid=04AjkP0jO9U ret=0x000000080A821799 reason=_umtx_op_wait
[LOADER][INFO] Guest thread 'AssetGarbageCollectorHelper' state=Blocked reason=_umtx_op_wait
[LOADER][INFO] Guest thread 'AssetGarbageCollectorHelper' state=Blocked reason=_umtx_op_wait
[LOADER][INFO] guest_threads.timeout_wake count=2
[LOADER][INFO] Pumping guest thread 'AssetGarbageCollectorHelper' reason=dispatcher resume=0x000000080A821799
[LOADER][INFO] Pumping guest thread 'AssetGarbageCollectorHelper' reason=dispatcher resume=0x000000080A821799
[LOADER][INFO] Guest thread yield at import#6277: nid=04AjkP0jO9U ret=0x000000080A821799 reason=_umtx_op_wait
[LOADER][INFO] Guest thread yield at import#5253: nid=04AjkP0jO9U ret=0x000000080A821799 reason=_umtx_op_wait
[LOADER][INFO] Guest thread 'AssetGarbageCollectorHelper' state=Blocked reason=_umtx_op_wait
[LOADER][INFO] Guest thread 'AssetGarbageCollectorHelper' state=Blocked reason=_umtx_op_wait
[LOADER][INFO] guest_threads.timeout_wake count=1
[LOADER][INFO] Pumping guest thread 'AssetGarbageCollectorHelper' reason=dispatcher resume=0x000000080A821799
[LOADER][INFO] Guest thread yield at import#7045: nid=04AjkP0jO9U ret=0x000000080A821799 reason=_umtx_op_wait
[LOADER][INFO] Guest thread 'AssetGarbageCollectorHelper' state=Blocked reason=_umtx_op_wait
[LOADER][INFO] guest_threads.timeout_wake count=2
[LOADER][INFO] Pumping guest thread 'AssetGarbageCollectorHelper' reason=dispatcher resume=0x000000080A821799
[LOADER][INFO] Pumping guest thread 'AssetGarbageCollectorHelper' reason=dispatcher resume=0x000000080A821799
[LOADER][INFO] Guest thread yield at import#8581: nid=04AjkP0jO9U ret=0x000000080A821799 reason=_umtx_op_wait
[LOADER][INFO] Guest thread yield at import#8069: nid=04AjkP0jO9U ret=0x000000080A821799 reason=_umtx_op_wait
[LOADER][INFO] Guest thread 'AssetGarbageCollectorHelper' state=Blocked reason=_umtx_op_wait
[LOADER][INFO] Guest thread 'AssetGarbageCollectorHelper' state=Blocked reason=_umtx_op_wait
[LOADER][INFO] guest_threads.timeout_wake count=1
[LOADER][INFO] Pumping guest thread 'AssetGarbageCollectorHelper' reason=dispatcher resume=0x000000080A821799
[LOADER][INFO] Guest thread yield at import#6789: nid=04AjkP0jO9U ret=0x000000080A821799 reason=_umtx_op_wait
[LOADER][INFO] Guest thread 'AssetGarbageCollectorHelper' state=Blocked reason=_umtx_op_wait
[LOADER][INFO] guest_threads.timeout_wake count=1
[LOADER][INFO] Pumping guest thread 'AssetGarbageCollectorHelper' reason=dispatcher resume=0x000000080A821799
[LOADER][INFO] Guest thread yield at import#5509: nid=04AjkP0jO9U ret=0x000000080A821799 reason=_umtx_op_wait
[LOADER][INFO] Guest thread 'AssetGarbageCollectorHelper' state=Blocked reason=_umtx_op_wait
[LOADER][INFO] guest_threads.timeout_wake count=2
[LOADER][INFO] Pumping guest thread 'AssetGarbageCollectorHelper' reason=dispatcher resume=0x000000080A821799
[LOADER][INFO] Pumping guest thread 'AssetGarbageCollectorHelper' reason=dispatcher resume=0x000000080A821799
[LOADER][INFO] Guest thread yield at import#5766: nid=04AjkP0jO9U ret=0x000000080A821799 reason=_umtx_op_wait
[LOADER][INFO] Guest thread yield at import#7558: nid=04AjkP0jO9U ret=0x000000080A821799 reason=_umtx_op_wait
[LOADER][INFO] Guest thread 'AssetGarbageCollectorHelper' state=Blocked reason=_umtx_op_wait
[LOADER][INFO] Guest thread 'AssetGarbageCollectorHelper' state=Blocked reason=_umtx_op_wait
[LOADER][INFO] guest_threads.timeout_wake count=1
[LOADER][INFO] Pumping guest thread 'AssetGarbageCollectorHelper' reason=ready-dispatch resume=0x000000080A821799
[LOADER][INFO] Guest thread yield at import#7301: nid=04AjkP0jO9U ret=0x000000080A821799 reason=_umtx_op_wait
[LOADER][INFO] Guest thread 'AssetGarbageCollectorHelper' state=Blocked reason=_umtx_op_wait
[LOADER][INFO] guest_threads.timeout_wake count=1
[LOADER][INFO] Pumping guest thread 'AssetGarbageCollectorHelper' reason=ready-dispatch resume=0x000000080A821799
[LOADER][INFO] Guest thread yield at import#8325: nid=04AjkP0jO9U ret=0x000000080A821799 reason=_umtx_op_wait
[LOADER][INFO] Guest thread 'AssetGarbageCollectorHelper' state=Blocked reason=_umtx_op_wait
[LOADER][INFO] guest_threads.timeout_wake count=1
[LOADER][INFO] Pumping guest thread 'AssetGarbageCollectorHelper' reason=ready-dispatch resume=0x000000080A821799
[LOADER][INFO] Guest thread yield at import#6021: nid=04AjkP0jO9U ret=0x000000080A821799 reason=_umtx_op_wait
[LOADER][INFO] Guest thread 'AssetGarbageCollectorHelper' state=Blocked reason=_umtx_op_wait
[LOADER][INFO] guest_threads.timeout_wake count=1
[LOADER][INFO] guest_threads.timeout_wake count=1
[LOADER][INFO] Pumping guest thread 'AssetGarbageCollectorHelper' reason=dispatcher resume=0x000000080A821799
[LOADER][INFO] Pumping guest thread 'AssetGarbageCollectorHelper' reason=dispatcher resume=0x000000080A821799
[LOADER][INFO] Guest thread yield at import#7813: nid=04AjkP0jO9U ret=0x000000080A821799 reason=_umtx_op_wait
[LOADER][INFO] Guest thread yield at import#6278: nid=04AjkP0jO9U ret=0x000000080A821799 reason=_umtx_op_wait
[LOADER][INFO] Guest thread 'AssetGarbageCollectorHelper' state=Blocked reason=_umtx_op_wait
[LOADER][INFO] Guest thread 'AssetGarbageCollectorHelper' state=Blocked reason=_umtx_op_wait
[LOADER][INFO] guest_threads.timeout_wake count=1
[LOADER][INFO] Pumping guest thread 'AssetGarbageCollectorHelper' reason=dispatcher resume=0x000000080A821799
[LOADER][INFO] Guest thread yield at import#5254: nid=04AjkP0jO9U ret=0x000000080A821799 reason=_umtx_op_wait
[LOADER][INFO] Guest thread 'AssetGarbageCollectorHelper' state=Blocked reason=_umtx_op_wait
[LOADER][INFO] guest_threads.timeout_wake count=1
[LOADER][INFO] Pumping guest thread 'AssetGarbageCollectorHelper' reason=dispatcher resume=0x000000080A821799
[LOADER][INFO] Guest thread yield at import#7046: nid=04AjkP0jO9U ret=0x000000080A821799 reason=_umtx_op_wait
[LOADER][INFO] Guest thread 'AssetGarbageCollectorHelper' state=Blocked reason=_umtx_op_wait
[LOADER][INFO] guest_threads.timeout_wake count=2
[LOADER][INFO] Pumping guest thread 'AssetGarbageCollectorHelper' reason=dispatcher resume=0x000000080A821799
[LOADER][INFO] Guest thread yield at import#8582: nid=04AjkP0jO9U ret=0x000000080A821799 reason=_umtx_op_wait
[LOADER][INFO] Pumping guest thread 'AssetGarbageCollectorHelper' reason=dispatcher resume=0x000000080A821799
[LOADER][INFO] Guest thread 'AssetGarbageCollectorHelper' state=Blocked reason=_umtx_op_wait
[LOADER][INFO] Guest thread yield at import#8070: nid=04AjkP0jO9U ret=0x000000080A821799 reason=_umtx_op_wait
[LOADER][INFO] Guest thread 'AssetGarbageCollectorHelper' state=Blocked reason=_umtx_op_wait
[LOADER][INFO] guest_threads.timeout_wake count=1
[LOADER][INFO] Pumping guest thread 'AssetGarbageCollectorHelper' reason=ready-dispatch resume=0x000000080A821799
[LOADER][INFO] Guest thread yield at import#6790: nid=04AjkP0jO9U ret=0x000000080A821799 reason=_umtx_op_wait
[LOADER][INFO] Guest thread 'AssetGarbageCollectorHelper' state=Blocked reason=_umtx_op_wait
[LOADER][INFO] guest_threads.timeout_wake count=1
[LOADER][INFO] Pumping guest thread 'AssetGarbageCollectorHelper' reason=dispatcher resume=0x000000080A821799
[LOADER][INFO] Guest thread yield at import#5510: nid=04AjkP0jO9U ret=0x000000080A821799 reason=_umtx_op_wait
[LOADER][INFO] Guest thread 'AssetGarbageCollectorHelper' state=Blocked reason=_umtx_op_wait
[LOADER][INFO] guest_threads.timeout_wake count=2
[LOADER][INFO] Pumping guest thread 'AssetGarbageCollectorHelper' reason=ready-dispatch resume=0x000000080A821799
[LOADER][INFO] Pumping guest thread 'AssetGarbageCollectorHelper' reason=ready-dispatch resume=0x000000080A821799
[LOADER][INFO] Guest thread yield at import#5767: nid=04AjkP0jO9U ret=0x000000080A821799 reason=_umtx_op_wait
[LOADER][INFO] Guest thread 'AssetGarbageCollectorHelper' state=Blocked reason=_umtx_op_wait
[LOADER][INFO] Guest thread yield at import#7559: nid=04AjkP0jO9U ret=0x000000080A821799 reason=_umtx_op_wait
[LOADER][INFO] Guest thread 'AssetGarbageCollectorHelper' state=Blocked reason=_umtx_op_wait
[LOADER][INFO] guest_threads.timeout_wake count=1
[LOADER][INFO] Pumping guest thread 'AssetGarbageCollectorHelper' reason=dispatcher resume=0x000000080A821799
[LOADER][INFO] Guest thread yield at import#7302: nid=04AjkP0jO9U ret=0x000000080A821799 reason=_umtx_op_wait
[LOADER][INFO] Guest thread 'AssetGarbageCollectorHelper' state=Blocked reason=_umtx_op_wait
[LOADER][INFO] guest_threads.timeout_wake count=1
[LOADER][INFO] Pumping guest thread 'AssetGarbageCollectorHelper' reason=ready-dispatch resume=0x000000080A821799
[LOADER][INFO] Guest thread yield at import#8326: nid=04AjkP0jO9U ret=0x000000080A821799 reason=_umtx_op_wait
[LOADER][INFO] Guest thread 'AssetGarbageCollectorHelper' state=Blocked reason=_umtx_op_wait
[LOADER][INFO] guest_threads.timeout_wake count=1
[LOADER][INFO] Pumping guest thread 'AssetGarbageCollectorHelper' reason=ready-dispatch resume=0x000000080A821799
[LOADER][INFO] Guest thread yield at import#6022: nid=04AjkP0jO9U ret=0x000000080A821799 reason=_umtx_op_wait
[LOADER][INFO] Guest thread 'AssetGarbageCollectorHelper' state=Blocked reason=_umtx_op_wait
[LOADER][INFO] guest_threads.timeout_wake count=2
[LOADER][INFO] Pumping guest thread 'AssetGarbageCollectorHelper' reason=dispatcher resume=0x000000080A821799
[LOADER][INFO] Pumping guest thread 'AssetGarbageCollectorHelper' reason=dispatcher resume=0x000000080A821799
[LOADER][INFO] Guest thread yield at import#7814: nid=04AjkP0jO9U ret=0x000000080A821799 reason=_umtx_op_wait
[LOADER][INFO] Guest thread yield at import#6279: nid=04AjkP0jO9U ret=0x000000080A821799 reason=_umtx_op_wait
[LOADER][INFO] Guest thread 'AssetGarbageCollectorHelper' state=Blocked reason=_umtx_op_wait
[LOADER][INFO] Guest thread 'AssetGarbageCollectorHelper' state=Blocked reason=_umtx_op_wait
[LOADER][INFO] guest_threads.timeout_wake count=1
[LOADER][INFO] Pumping guest thread 'AssetGarbageCollectorHelper' reason=dispatcher resume=0x000000080A821799
[LOADER][INFO] Guest thread yield at import#5255: nid=04AjkP0jO9U ret=0x000000080A821799 reason=_umtx_op_wait
[LOADER][INFO] Guest thread 'AssetGarbageCollectorHelper' state=Blocked reason=_umtx_op_wait
[LOADER][INFO] guest_threads.timeout_wake count=1
[LOADER][INFO] Pumping guest thread 'AssetGarbageCollectorHelper' reason=dispatcher resume=0x000000080A821799
[LOADER][INFO] Guest thread yield at import#7047: nid=04AjkP0jO9U ret=0x000000080A821799 reason=_umtx_op_wait
[LOADER][INFO] Guest thread 'AssetGarbageCollectorHelper' state=Blocked reason=_umtx_op_wait
[LOADER][INFO] guest_threads.timeout_wake count=1
[LOADER][INFO] Pumping guest thread 'AssetGarbageCollectorHelper' reason=ready-dispatch resume=0x000000080A821799
[LOADER][INFO] Guest thread yield at import#8583: nid=04AjkP0jO9U ret=0x000000080A821799 reason=_umtx_op_wait
[LOADER][INFO] Guest thread 'AssetGarbageCollectorHelper' state=Blocked reason=_umtx_op_wait
[LOADER][INFO] guest_threads.timeout_wake count=1
[LOADER][INFO] Pumping guest thread 'AssetGarbageCollectorHelper' reason=ready-dispatch resume=0x000000080A821799
[LOADER][INFO] Guest thread yield at import#8071: nid=04AjkP0jO9U ret=0x000000080A821799 reason=_umtx_op_wait
[LOADER][INFO] Guest thread 'AssetGarbageCollectorHelper' state=Blocked reason=_umtx_op_wait
[LOADER][INFO] guest_threads.timeout_wake count=1
[LOADER][INFO] Pumping guest thread 'AssetGarbageCollectorHelper' reason=dispatcher resume=0x000000080A821799
[LOADER][INFO] Guest thread yield at import#6791: nid=04AjkP0jO9U ret=0x000000080A821799 reason=_umtx_op_wait
[LOADER][INFO] Guest thread 'AssetGarbageCollectorHelper' state=Blocked reason=_umtx_op_wait
[LOADER][INFO] guest_threads.timeout_wake count=1
[LOADER][INFO] Pumping guest thread 'AssetGarbageCollectorHelper' reason=dispatcher resume=0x000000080A821799
[LOADER][INFO] Guest thread yield at import#5511: nid=04AjkP0jO9U ret=0x000000080A821799 reason=_umtx_op_wait
[LOADER][INFO] Guest thread 'AssetGarbageCollectorHelper' state=Blocked reason=_umtx_op_wait
[LOADER][INFO] guest_threads.timeout_wake count=2
[LOADER][INFO] Pumping guest thread 'AssetGarbageCollectorHelper' reason=ready-dispatch resume=0x000000080A821799
[LOADER][INFO] Pumping guest thread 'AssetGarbageCollectorHelper' reason=ready-dispatch resume=0x000000080A821799
[LOADER][INFO] Guest thread yield at import#7560: nid=04AjkP0jO9U ret=0x000000080A821799 reason=_umtx_op_wait
[LOADER][INFO] Guest thread yield at import#5768: nid=04AjkP0jO9U ret=0x000000080A821799 reason=_umtx_op_wait
[LOADER][INFO] Guest thread 'AssetGarbageCollectorHelper' state=Blocked reason=_umtx_op_wait
[LOADER][INFO] Guest thread 'AssetGarbageCollectorHelper' state=Blocked reason=_umtx_op_wait
[LOADER][INFO] guest_threads.timeout_wake count=1
[LOADER][INFO] Pumping guest thread 'AssetGarbageCollectorHelper' reason=dispatcher resume=0x000000080A821799
[LOADER][INFO] Guest thread yield at import#7303: nid=04AjkP0jO9U ret=0x000000080A821799 reason=_umtx_op_wait
[LOADER][INFO] Guest thread 'AssetGarbageCollectorHelper' state=Blocked reason=_umtx_op_wait
[LOADER][INFO] guest_threads.timeout_wake count=1
[LOADER][INFO] Pumping guest thread 'AssetGarbageCollectorHelper' reason=dispatcher resume=0x000000080A821799
[LOADER][INFO] Guest thread yield at import#8327: nid=04AjkP0jO9U ret=0x000000080A821799 reason=_umtx_op_wait
[LOADER][INFO] Guest thread 'AssetGarbageCollectorHelper' state=Blocked reason=_umtx_op_wait
[LOADER][INFO] guest_threads.timeout_wake count=1
[LOADER][INFO] Pumping guest thread 'AssetGarbageCollectorHelper' reason=ready-dispatch resume=0x000000080A821799
[LOADER][INFO] Guest thread yield at import#6023: nid=04AjkP0jO9U ret=0x000000080A821799 reason=_umtx_op_wait
[LOADER][INFO] Guest thread 'AssetGarbageCollectorHelper' state=Blocked reason=_umtx_op_wait
[LOADER][INFO] guest_threads.timeout_wake count=2
[LOADER][INFO] Pumping guest thread 'AssetGarbageCollectorHelper' reason=dispatcher resume=0x000000080A821799
[LOADER][INFO] Pumping guest thread 'AssetGarbageCollectorHelper' reason=dispatcher resume=0x000000080A821799
[LOADER][INFO] Guest thread yield at import#6280: nid=04AjkP0jO9U ret=0x000000080A821799 reason=_umtx_op_wait
[LOADER][INFO] Guest thread yield at import#7815: nid=04AjkP0jO9U ret=0x000000080A821799 reason=_umtx_op_wait
[LOADER][INFO] Guest thread 'AssetGarbageCollectorHelper' state=Blocked reason=_umtx_op_wait
[LOADER][INFO] Guest thread 'AssetGarbageCollectorHelper' state=Blocked reason=_umtx_op_wait
[LOADER][INFO] guest_threads.timeout_wake count=1
[LOADER][INFO] Pumping guest thread 'AssetGarbageCollectorHelper' reason=dispatcher resume=0x000000080A821799
[LOADER][INFO] Guest thread yield at import#5256: nid=04AjkP0jO9U ret=0x000000080A821799 reason=_umtx_op_wait
[LOADER][INFO] Guest thread 'AssetGarbageCollectorHelper' state=Blocked reason=_umtx_op_wait
[LOADER][INFO] guest_threads.timeout_wake count=1
[LOADER][INFO] Pumping guest thread 'AssetGarbageCollectorHelper' reason=ready-dispatch resume=0x000000080A821799
[LOADER][INFO] Guest thread yield at import#7048: nid=04AjkP0jO9U ret=0x000000080A821799 reason=_umtx_op_wait
[LOADER][INFO] Guest thread 'AssetGarbageCollectorHelper' state=Blocked reason=_umtx_op_wait
[LOADER][INFO] guest_threads.timeout_wake count=1
[LOADER][INFO] Pumping guest thread 'AssetGarbageCollectorHelper' reason=dispatcher resume=0x000000080A821799
[LOADER][INFO] Guest thread yield at import#8584: nid=04AjkP0jO9U ret=0x000000080A821799 reason=_umtx_op_wait
[LOADER][INFO] Guest thread 'AssetGarbageCollectorHelper' state=Blocked reason=_umtx_op_wait
[LOADER][INFO] guest_threads.timeout_wake count=1
[LOADER][INFO] Pumping guest thread 'AssetGarbageCollectorHelper' reason=dispatcher resume=0x000000080A821799
[LOADER][INFO] Guest thread yield at import#8072: nid=04AjkP0jO9U ret=0x000000080A821799 reason=_umtx_op_wait
[LOADER][INFO] Guest thread 'AssetGarbageCollectorHelper' state=Blocked reason=_umtx_op_wait
[LOADER][INFO] guest_threads.timeout_wake count=1
[LOADER][INFO] Pumping guest thread 'AssetGarbageCollectorHelper' reason=dispatcher resume=0x000000080A821799
[LOADER][INFO] Guest thread yield at import#6792: nid=04AjkP0jO9U ret=0x000000080A821799 reason=_umtx_op_wait
[LOADER][INFO] Guest thread 'AssetGarbageCollectorHelper' state=Blocked reason=_umtx_op_wait
[LOADER][INFO] guest_threads.timeout_wake count=1
[LOADER][INFO] Pumping guest thread 'AssetGarbageCollectorHelper' reason=dispatcher resume=0x000000080A821799
[LOADER][INFO] Guest thread yield at import#5512: nid=04AjkP0jO9U ret=0x000000080A821799 reason=_umtx_op_wait
[LOADER][INFO] Guest thread 'AssetGarbageCollectorHelper' state=Blocked reason=_umtx_op_wait
[LOADER][INFO] guest_threads.timeout_wake count=2
[LOADER][INFO] Pumping guest thread 'AssetGarbageCollectorHelper' reason=dispatcher resume=0x000000080A821799
[LOADER][INFO] Pumping guest thread 'AssetGarbageCollectorHelper' reason=dispatcher resume=0x000000080A821799
[LOADER][INFO] Guest thread yield at import#7561: nid=04AjkP0jO9U ret=0x000000080A821799 reason=_umtx_op_wait
[LOADER][INFO] Guest thread yield at import#5769: nid=04AjkP0jO9U ret=0x000000080A821799 reason=_umtx_op_wait
[LOADER][INFO] Guest thread 'AssetGarbageCollectorHelper' state=Blocked reason=_umtx_op_wait
[LOADER][INFO] Guest thread 'AssetGarbageCollectorHelper' state=Blocked reason=_umtx_op_wait
[LOADER][INFO] guest_threads.timeout_wake count=1
[LOADER][INFO] Pumping guest thread 'AssetGarbageCollectorHelper' reason=dispatcher resume=0x000000080A821799
[LOADER][INFO] Guest thread yield at import#7304: nid=04AjkP0jO9U ret=0x000000080A821799 reason=_umtx_op_wait
[LOADER][INFO] Guest thread 'AssetGarbageCollectorHelper' state=Blocked reason=_umtx_op_wait
[LOADER][INFO] guest_threads.timeout_wake count=1
[LOADER][INFO] Pumping guest thread 'AssetGarbageCollectorHelper' reason=ready-dispatch resume=0x000000080A821799
[LOADER][INFO] Guest thread yield at import#8328: nid=04AjkP0jO9U ret=0x000000080A821799 reason=_umtx_op_wait
[LOADER][INFO] Guest thread 'AssetGarbageCollectorHelper' state=Blocked reason=_umtx_op_wait
[LOADER][INFO] guest_threads.timeout_wake count=1
[LOADER][INFO] Pumping guest thread 'AssetGarbageCollectorHelper' reason=dispatcher resume=0x000000080A821799
[LOADER][INFO] Guest thread yield at import#6024: nid=04AjkP0jO9U ret=0x000000080A821799 reason=_umtx_op_wait
[LOADER][INFO] Guest thread 'AssetGarbageCollectorHelper' state=Blocked reason=_umtx_op_wait
[LOADER][INFO] guest_threads.timeout_wake count=2
[LOADER][INFO] Pumping guest thread 'AssetGarbageCollectorHelper' reason=ready-dispatch resume=0x000000080A821799
[LOADER][INFO] Pumping guest thread 'AssetGarbageCollectorHelper' reason=ready-dispatch resume=0x000000080A821799
[LOADER][INFO] Guest thread yield at import#6281: nid=04AjkP0jO9U ret=0x000000080A821799 reason=_umtx_op_wait
[LOADER][INFO] Guest thread yield at import#7816: nid=04AjkP0jO9U ret=0x000000080A821799 reason=_umtx_op_wait
[LOADER][INFO] Guest thread 'AssetGarbageCollectorHelper' state=Blocked reason=_umtx_op_wait
[LOADER][INFO] Guest thread 'AssetGarbageCollectorHelper' state=Blocked reason=_umtx_op_wait
[LOADER][INFO] guest_threads.timeout_wake count=1
[LOADER][INFO] Pumping guest thread 'AssetGarbageCollectorHelper' reason=ready-dispatch resume=0x000000080A821799
[LOADER][INFO] Guest thread yield at import#5257: nid=04AjkP0jO9U ret=0x000000080A821799 reason=_umtx_op_wait
[LOADER][INFO] Guest thread 'AssetGarbageCollectorHelper' state=Blocked reason=_umtx_op_wait
[LOADER][INFO] guest_threads.timeout_wake count=1
[LOADER][INFO] Pumping guest thread 'AssetGarbageCollectorHelper' reason=ready-dispatch resume=0x000000080A821799
[LOADER][INFO] Guest thread yield at import#7049: nid=04AjkP0jO9U ret=0x000000080A821799 reason=_umtx_op_wait
[LOADER][INFO] Guest thread 'AssetGarbageCollectorHelper' state=Blocked reason=_umtx_op_wait
[LOADER][INFO] guest_threads.timeout_wake count=1
[LOADER][INFO] Pumping guest thread 'AssetGarbageCollectorHelper' reason=ready-dispatch resume=0x000000080A821799
[LOADER][INFO] Guest thread yield at import#8585: nid=04AjkP0jO9U ret=0x000000080A821799 reason=_umtx_op_wait
[LOADER][INFO] Guest thread 'AssetGarbageCollectorHelper' state=Blocked reason=_umtx_op_wait
[LOADER][INFO] guest_threads.timeout_wake count=1
[LOADER][INFO] Pumping guest thread 'AssetGarbageCollectorHelper' reason=dispatcher resume=0x000000080A821799
[LOADER][INFO] Guest thread yield at import#8073: nid=04AjkP0jO9U ret=0x000000080A821799 reason=_umtx_op_wait
[LOADER][INFO] Guest thread 'AssetGarbageCollectorHelper' state=Blocked reason=_umtx_op_wait
[LOADER][INFO] guest_threads.timeout_wake count=1
[LOADER][INFO] Pumping guest thread 'AssetGarbageCollectorHelper' reason=dispatcher resume=0x000000080A821799
[LOADER][INFO] Guest thread yield at import#6793: nid=04AjkP0jO9U ret=0x000000080A821799 reason=_umtx_op_wait
[LOADER][INFO] Guest thread 'AssetGarbageCollectorHelper' state=Blocked reason=_umtx_op_wait
[LOADER][INFO] guest_threads.timeout_wake count=1
[LOADER][INFO] Pumping guest thread 'AssetGarbageCollectorHelper' reason=dispatcher resume=0x000000080A821799
[LOADER][INFO] Guest thread yield at import#5513: nid=04AjkP0jO9U ret=0x000000080A821799 reason=_umtx_op_wait
[LOADER][INFO] Guest thread 'AssetGarbageCollectorHelper' state=Blocked reason=_umtx_op_wait
[LOADER][INFO] guest_threads.timeout_wake count=2
[LOADER][INFO] Pumping guest thread 'AssetGarbageCollectorHelper' reason=dispatcher resume=0x000000080A821799
[LOADER][INFO] Pumping guest thread 'AssetGarbageCollectorHelper' reason=dispatcher resume=0x000000080A821799
[LOADER][INFO] Guest thread yield at import#7562: nid=04AjkP0jO9U ret=0x000000080A821799 reason=_umtx_op_wait
[LOADER][INFO] Guest thread yield at import#5770: nid=04AjkP0jO9U ret=0x000000080A821799 reason=_umtx_op_wait
[LOADER][INFO] Guest thread 'AssetGarbageCollectorHelper' state=Blocked reason=_umtx_op_wait
[LOADER][INFO] Guest thread 'AssetGarbageCollectorHelper' state=Blocked reason=_umtx_op_wait
[LOADER][INFO] guest_threads.timeout_wake count=1
[LOADER][INFO] Pumping guest thread 'AssetGarbageCollectorHelper' reason=dispatcher resume=0x000000080A821799
[LOADER][INFO] Guest thread yield at import#7305: nid=04AjkP0jO9U ret=0x000000080A821799 reason=_umtx_op_wait
[LOADER][INFO] Guest thread 'AssetGarbageCollectorHelper' state=Blocked reason=_umtx_op_wait
[LOADER][INFO] guest_threads.timeout_wake count=1
[LOADER][INFO] Pumping guest thread 'AssetGarbageCollectorHelper' reason=dispatcher resume=0x000000080A821799
[LOADER][INFO] Guest thread yield at import#8329: nid=04AjkP0jO9U ret=0x000000080A821799 reason=_umtx_op_wait
[LOADER][INFO] Guest thread 'AssetGarbageCollectorHelper' state=Blocked reason=_umtx_op_wait
[LOADER][INFO] guest_threads.timeout_wake count=1
[LOADER][INFO] Pumping guest thread 'AssetGarbageCollectorHelper' reason=ready-dispatch resume=0x000000080A821799
[LOADER][INFO] Guest thread yield at import#6025: nid=04AjkP0jO9U ret=0x000000080A821799 reason=_umtx_op_wait
[LOADER][INFO] Guest thread 'AssetGarbageCollectorHelper' state=Blocked reason=_umtx_op_wait
[LOADER][INFO] guest_threads.timeout_wake count=2
[LOADER][INFO] Pumping guest thread 'AssetGarbageCollectorHelper' reason=ready-dispatch resume=0x000000080A821799
[LOADER][INFO] Pumping guest thread 'AssetGarbageCollectorHelper' reason=ready-dispatch resume=0x000000080A821799
[LOADER][INFO] Guest thread yield at import#7817: nid=04AjkP0jO9U ret=0x000000080A821799 reason=_umtx_op_wait
[LOADER][INFO] Guest thread yield at import#6282: nid=04AjkP0jO9U ret=0x000000080A821799 reason=_umtx_op_wait
[LOADER][INFO] Guest thread 'AssetGarbageCollectorHelper' state=Blocked reason=_umtx_op_wait
[LOADER][INFO] Guest thread 'AssetGarbageCollectorHelper' state=Blocked reason=_umtx_op_wait
[LOADER][INFO] guest_threads.timeout_wake count=1
[LOADER][INFO] Pumping guest thread 'AssetGarbageCollectorHelper' reason=dispatcher resume=0x000000080A821799
[LOADER][INFO] Guest thread yield at import#5258: nid=04AjkP0jO9U ret=0x000000080A821799 reason=_umtx_op_wait
[LOADER][INFO] Guest thread 'AssetGarbageCollectorHelper' state=Blocked reason=_umtx_op_wait
[LOADER][INFO] guest_threads.timeout_wake count=1
[LOADER][INFO] Pumping guest thread 'AssetGarbageCollectorHelper' reason=dispatcher resume=0x000000080A821799
[LOADER][INFO] Guest thread yield at import#7050: nid=04AjkP0jO9U ret=0x000000080A821799 reason=_umtx_op_wait
[LOADER][INFO] Guest thread 'AssetGarbageCollectorHelper' state=Blocked reason=_umtx_op_wait
[LOADER][INFO] guest_threads.timeout_wake count=1
[LOADER][INFO] Pumping guest thread 'AssetGarbageCollectorHelper' reason=dispatcher resume=0x000000080A821799
[LOADER][INFO] Guest thread yield at import#8586: nid=04AjkP0jO9U ret=0x000000080A821799 reason=_umtx_op_wait
[LOADER][INFO] Guest thread 'AssetGarbageCollectorHelper' state=Blocked reason=_umtx_op_wait
[LOADER][INFO] guest_threads.timeout_wake count=1
[LOADER][INFO] Pumping guest thread 'AssetGarbageCollectorHelper' reason=dispatcher resume=0x000000080A821799
[LOADER][INFO] Guest thread yield at import#8074: nid=04AjkP0jO9U ret=0x000000080A821799 reason=_umtx_op_wait
[LOADER][INFO] Guest thread 'AssetGarbageCollectorHelper' state=Blocked reason=_umtx_op_wait
[LOADER][INFO] guest_threads.timeout_wake count=1
[LOADER][INFO] Pumping guest thread 'AssetGarbageCollectorHelper' reason=ready-dispatch resume=0x000000080A821799
[LOADER][INFO] Guest thread yield at import#6794: nid=04AjkP0jO9U ret=0x000000080A821799 reason=_umtx_op_wait
[LOADER][INFO] Guest thread 'AssetGarbageCollectorHelper' state=Blocked reason=_umtx_op_wait
[LOADER][INFO] guest_threads.timeout_wake count=1
[LOADER][INFO] Pumping guest thread 'AssetGarbageCollectorHelper' reason=dispatcher resume=0x000000080A821799
[LOADER][INFO] Guest thread yield at import#5514: nid=04AjkP0jO9U ret=0x000000080A821799 reason=_umtx_op_wait
[LOADER][INFO] Guest thread 'AssetGarbageCollectorHelper' state=Blocked reason=_umtx_op_wait
[LOADER][INFO] guest_threads.timeout_wake count=2
[LOADER][INFO] Pumping guest thread 'AssetGarbageCollectorHelper' reason=dispatcher resume=0x000000080A821799
[LOADER][INFO] Pumping guest thread 'AssetGarbageCollectorHelper' reason=dispatcher resume=0x000000080A821799
[LOADER][INFO] Guest thread yield at import#5771: nid=04AjkP0jO9U ret=0x000000080A821799 reason=_umtx_op_wait
[LOADER][INFO] Guest thread yield at import#7563: nid=04AjkP0jO9U ret=0x000000080A821799 reason=_umtx_op_wait
[LOADER][INFO] Guest thread 'AssetGarbageCollectorHelper' state=Blocked reason=_umtx_op_wait
[LOADER][INFO] Guest thread 'AssetGarbageCollectorHelper' state=Blocked reason=_umtx_op_wait
[LOADER][INFO] guest_threads.timeout_wake count=1
[LOADER][INFO] Pumping guest thread 'AssetGarbageCollectorHelper' reason=ready-dispatch resume=0x000000080A821799
[LOADER][INFO] Guest thread yield at import#7306: nid=04AjkP0jO9U ret=0x000000080A821799 reason=_umtx_op_wait
[LOADER][INFO] Guest thread 'AssetGarbageCollectorHelper' state=Blocked reason=_umtx_op_wait
[LOADER][INFO] guest_threads.timeout_wake count=1
[LOADER][INFO] Pumping guest thread 'AssetGarbageCollectorHelper' reason=ready-dispatch resume=0x000000080A821799
[LOADER][INFO] Guest thread yield at import#8330: nid=04AjkP0jO9U ret=0x000000080A821799 reason=_umtx_op_wait
[LOADER][INFO] Guest thread 'AssetGarbageCollectorHelper' state=Blocked reason=_umtx_op_wait
[LOADER][INFO] guest_threads.timeout_wake count=1
[LOADER][INFO] Pumping guest thread 'AssetGarbageCollectorHelper' reason=dispatcher resume=0x000000080A821799
[LOADER][INFO] Guest thread yield at import#6026: nid=04AjkP0jO9U ret=0x000000080A821799 reason=_umtx_op_wait
[LOADER][INFO] Guest thread 'AssetGarbageCollectorHelper' state=Blocked reason=_umtx_op_wait
[LOADER][INFO] guest_threads.timeout_wake count=1
[LOADER][INFO] guest_threads.timeout_wake count=1
[LOADER][INFO] Pumping guest thread 'AssetGarbageCollectorHelper' reason=dispatcher resume=0x000000080A821799
[LOADER][INFO] Pumping guest thread 'AssetGarbageCollectorHelper' reason=dispatcher resume=0x000000080A821799
[LOADER][INFO] Guest thread yield at import#6283: nid=04AjkP0jO9U ret=0x000000080A821799 reason=_umtx_op_wait
[LOADER][INFO] Guest thread yield at import#7818: nid=04AjkP0jO9U ret=0x000000080A821799 reason=_umtx_op_wait
[LOADER][INFO] Guest thread 'AssetGarbageCollectorHelper' state=Blocked reason=_umtx_op_wait
[LOADER][INFO] Guest thread 'AssetGarbageCollectorHelper' state=Blocked reason=_umtx_op_wait
[LOADER][INFO] guest_threads.timeout_wake count=1
[LOADER][INFO] Pumping guest thread 'AssetGarbageCollectorHelper' reason=dispatcher resume=0x000000080A821799
[LOADER][INFO] Guest thread yield at import#5259: nid=04AjkP0jO9U ret=0x000000080A821799 reason=_umtx_op_wait
[LOADER][INFO] Guest thread 'AssetGarbageCollectorHelper' state=Blocked reason=_umtx_op_wait
[LOADER][INFO] guest_threads.timeout_wake count=1
[LOADER][INFO] Pumping guest thread 'AssetGarbageCollectorHelper' reason=dispatcher resume=0x000000080A821799
[LOADER][INFO] Guest thread yield at import#7051: nid=04AjkP0jO9U ret=0x000000080A821799 reason=_umtx_op_wait
[LOADER][INFO] Guest thread 'AssetGarbageCollectorHelper' state=Blocked reason=_umtx_op_wait
[LOADER][INFO] guest_threads.timeout_wake count=1
[LOADER][INFO] Pumping guest thread 'AssetGarbageCollectorHelper' reason=ready-dispatch resume=0x000000080A821799
[LOADER][INFO] Guest thread yield at import#8587: nid=04AjkP0jO9U ret=0x000000080A821799 reason=_umtx_op_wait
[LOADER][INFO] Guest thread 'AssetGarbageCollectorHelper' state=Blocked reason=_umtx_op_wait
[LOADER][INFO] guest_threads.timeout_wake count=1
[LOADER][INFO] Pumping guest thread 'AssetGarbageCollectorHelper' reason=ready-dispatch resume=0x000000080A821799
[LOADER][INFO] Guest thread yield at import#8075: nid=04AjkP0jO9U ret=0x000000080A821799 reason=_umtx_op_wait
[LOADER][INFO] Guest thread 'AssetGarbageCollectorHelper' state=Blocked reason=_umtx_op_wait
[LOADER][INFO] guest_threads.timeout_wake count=1
[LOADER][INFO] Pumping guest thread 'AssetGarbageCollectorHelper' reason=dispatcher resume=0x000000080A821799
[LOADER][INFO] Guest thread yield at import#6795: nid=04AjkP0jO9U ret=0x000000080A821799 reason=_umtx_op_wait
[LOADER][INFO] Guest thread 'AssetGarbageCollectorHelper' state=Blocked reason=_umtx_op_wait
[LOADER][INFO] guest_threads.timeout_wake count=1
[LOADER][INFO] Pumping guest thread 'AssetGarbageCollectorHelper' reason=dispatcher resume=0x000000080A821799
[LOADER][INFO] Guest thread yield at import#5515: nid=04AjkP0jO9U ret=0x000000080A821799 reason=_umtx_op_wait
[LOADER][INFO] Guest thread 'AssetGarbageCollectorHelper' state=Blocked reason=_umtx_op_wait
[LOADER][INFO] guest_threads.timeout_wake count=2
[LOADER][INFO] Pumping guest thread 'AssetGarbageCollectorHelper' reason=dispatcher resume=0x000000080A821799
[LOADER][INFO] Pumping guest thread 'AssetGarbageCollectorHelper' reason=dispatcher resume=0x000000080A821799
[LOADER][INFO] Guest thread yield at import#5772: nid=04AjkP0jO9U ret=0x000000080A821799 reason=_umtx_op_wait
[LOADER][INFO] Guest thread yield at import#7564: nid=04AjkP0jO9U ret=0x000000080A821799 reason=_umtx_op_wait
[LOADER][INFO] Guest thread 'AssetGarbageCollectorHelper' state=Blocked reason=_umtx_op_wait
[LOADER][INFO] Guest thread 'AssetGarbageCollectorHelper' state=Blocked reason=_umtx_op_wait
[LOADER][INFO] guest_threads.timeout_wake count=1
[LOADER][INFO] Pumping guest thread 'AssetGarbageCollectorHelper' reason=dispatcher resume=0x000000080A821799
[LOADER][INFO] Guest thread yield at import#7307: nid=04AjkP0jO9U ret=0x000000080A821799 reason=_umtx_op_wait
[LOADER][INFO] Guest thread 'AssetGarbageCollectorHelper' state=Blocked reason=_umtx_op_wait
[LOADER][INFO] guest_threads.timeout_wake count=1
[LOADER][INFO] Pumping guest thread 'AssetGarbageCollectorHelper' reason=dispatcher resume=0x000000080A821799
[LOADER][INFO] Guest thread yield at import#8331: nid=04AjkP0jO9U ret=0x000000080A821799 reason=_umtx_op_wait
[LOADER][INFO] Guest thread 'AssetGarbageCollectorHelper' state=Blocked reason=_umtx_op_wait
[LOADER][INFO] guest_threads.timeout_wake count=1
[LOADER][INFO] Pumping guest thread 'AssetGarbageCollectorHelper' reason=ready-dispatch resume=0x000000080A821799
[LOADER][INFO] Guest thread yield at import#6027: nid=04AjkP0jO9U ret=0x000000080A821799 reason=_umtx_op_wait
[LOADER][INFO] Guest thread 'AssetGarbageCollectorHelper' state=Blocked reason=_umtx_op_wait
[LOADER][INFO] guest_threads.timeout_wake count=2
[LOADER][INFO] Pumping guest thread 'AssetGarbageCollectorHelper' reason=dispatcher resume=0x000000080A821799
[LOADER][INFO] Pumping guest thread 'AssetGarbageCollectorHelper' reason=dispatcher resume=0x000000080A821799
[LOADER][INFO] Guest thread yield at import#6284: nid=04AjkP0jO9U ret=0x000000080A821799 reason=_umtx_op_wait
[LOADER][INFO] Guest thread yield at import#7819: nid=04AjkP0jO9U ret=0x000000080A821799 reason=_umtx_op_wait
[LOADER][INFO] Guest thread 'AssetGarbageCollectorHelper' state=Blocked reason=_umtx_op_wait
[LOADER][INFO] Guest thread 'AssetGarbageCollectorHelper' state=Blocked reason=_umtx_op_wait
[LOADER][INFO] guest_threads.timeout_wake count=1
[LOADER][INFO] Pumping guest thread 'AssetGarbageCollectorHelper' reason=ready-dispatch resume=0x000000080A821799
[LOADER][INFO] Guest thread yield at import#5260: nid=04AjkP0jO9U ret=0x000000080A821799 reason=_umtx_op_wait
[LOADER][INFO] Guest thread 'AssetGarbageCollectorHelper' state=Blocked reason=_umtx_op_wait
[LOADER][INFO] guest_threads.timeout_wake count=1
[LOADER][INFO] Pumping guest thread 'AssetGarbageCollectorHelper' reason=dispatcher resume=0x000000080A821799
[LOADER][INFO] Guest thread yield at import#7052: nid=04AjkP0jO9U ret=0x000000080A821799 reason=_umtx_op_wait
[LOADER][INFO] Guest thread 'AssetGarbageCollectorHelper' state=Blocked reason=_umtx_op_wait
[LOADER][INFO] guest_threads.timeout_wake count=1
[LOADER][INFO] Pumping guest thread 'AssetGarbageCollectorHelper' reason=ready-dispatch resume=0x000000080A821799
[LOADER][INFO] Guest thread yield at import#8588: nid=04AjkP0jO9U ret=0x000000080A821799 reason=_umtx_op_wait
[LOADER][INFO] Guest thread 'AssetGarbageCollectorHelper' state=Blocked reason=_umtx_op_wait
[LOADER][INFO] guest_threads.timeout_wake count=1
[LOADER][INFO] Pumping guest thread 'AssetGarbageCollectorHelper' reason=ready-dispatch resume=0x000000080A821799
[LOADER][INFO] Guest thread yield at import#8076: nid=04AjkP0jO9U ret=0x000000080A821799 reason=_umtx_op_wait
[LOADER][INFO] Guest thread 'AssetGarbageCollectorHelper' state=Blocked reason=_umtx_op_wait
[LOADER][INFO] guest_threads.timeout_wake count=1
[LOADER][INFO] Pumping guest thread 'AssetGarbageCollectorHelper' reason=ready-dispatch resume=0x000000080A821799
[LOADER][INFO] Guest thread yield at import#6796: nid=04AjkP0jO9U ret=0x000000080A821799 reason=_umtx_op_wait
[LOADER][INFO] Guest thread 'AssetGarbageCollectorHelper' state=Blocked reason=_umtx_op_wait
[LOADER][INFO] guest_threads.timeout_wake count=1
[LOADER][INFO] Pumping guest thread 'AssetGarbageCollectorHelper' reason=ready-dispatch resume=0x000000080A821799
[LOADER][INFO] Guest thread yield at import#5516: nid=04AjkP0jO9U ret=0x000000080A821799 reason=_umtx_op_wait
[LOADER][INFO] Guest thread 'AssetGarbageCollectorHelper' state=Blocked reason=_umtx_op_wait
[LOADER][INFO] guest_threads.timeout_wake count=2
[LOADER][INFO] Pumping guest thread 'AssetGarbageCollectorHelper' reason=dispatcher resume=0x000000080A821799
[LOADER][INFO] Pumping guest thread 'AssetGarbageCollectorHelper' reason=dispatcher resume=0x000000080A821799
[LOADER][INFO] Guest thread yield at import#7565: nid=04AjkP0jO9U ret=0x000000080A821799 reason=_umtx_op_wait
[LOADER][INFO] Guest thread yield at import#5773: nid=04AjkP0jO9U ret=0x000000080A821799 reason=_umtx_op_wait
[LOADER][INFO] Guest thread 'AssetGarbageCollectorHelper' state=Blocked reason=_umtx_op_wait
[LOADER][INFO] Guest thread 'AssetGarbageCollectorHelper' state=Blocked reason=_umtx_op_wait
[LOADER][INFO] guest_threads.timeout_wake count=1
[LOADER][INFO] Pumping guest thread 'AssetGarbageCollectorHelper' reason=dispatcher resume=0x000000080A821799
[LOADER][INFO] Guest thread yield at import#7308: nid=04AjkP0jO9U ret=0x000000080A821799 reason=_umtx_op_wait
[LOADER][INFO] Guest thread 'AssetGarbageCollectorHelper' state=Blocked reason=_umtx_op_wait
[LOADER][INFO] guest_threads.timeout_wake count=1
[LOADER][INFO] Pumping guest thread 'AssetGarbageCollectorHelper' reason=ready-dispatch resume=0x000000080A821799
[LOADER][INFO] Guest thread yield at import#8332: nid=04AjkP0jO9U ret=0x000000080A821799 reason=_umtx_op_wait
[LOADER][INFO] Guest thread 'AssetGarbageCollectorHelper' state=Blocked reason=_umtx_op_wait
[LOADER][INFO] guest_threads.timeout_wake count=1
[LOADER][INFO] Pumping guest thread 'AssetGarbageCollectorHelper' reason=dispatcher resume=0x000000080A821799
[LOADER][INFO] Guest thread yield at import#6028: nid=04AjkP0jO9U ret=0x000000080A821799 reason=_umtx_op_wait
[LOADER][INFO] Guest thread 'AssetGarbageCollectorHelper' state=Blocked reason=_umtx_op_wait
[LOADER][INFO] guest_threads.timeout_wake count=2
[LOADER][INFO] Pumping guest thread 'AssetGarbageCollectorHelper' reason=ready-dispatch resume=0x000000080A821799
[LOADER][INFO] Pumping guest thread 'AssetGarbageCollectorHelper' reason=ready-dispatch resume=0x000000080A821799
[LOADER][INFO] Guest thread yield at import#7820: nid=04AjkP0jO9U ret=0x000000080A821799 reason=_umtx_op_wait
[LOADER][INFO] Guest thread yield at import#6285: nid=04AjkP0jO9U ret=0x000000080A821799 reason=_umtx_op_wait
[LOADER][INFO] Guest thread 'AssetGarbageCollectorHelper' state=Blocked reason=_umtx_op_wait
[LOADER][INFO] Guest thread 'AssetGarbageCollectorHelper' state=Blocked reason=_umtx_op_wait
[LOADER][INFO] guest_threads.timeout_wake count=1
[LOADER][INFO] Pumping guest thread 'AssetGarbageCollectorHelper' reason=ready-dispatch resume=0x000000080A821799
[LOADER][INFO] Guest thread yield at import#5261: nid=04AjkP0jO9U ret=0x000000080A821799 reason=_umtx_op_wait
[LOADER][INFO] Guest thread 'AssetGarbageCollectorHelper' state=Blocked reason=_umtx_op_wait
[LOADER][INFO] guest_threads.timeout_wake count=1
[LOADER][INFO] Pumping guest thread 'AssetGarbageCollectorHelper' reason=dispatcher resume=0x000000080A821799
[LOADER][INFO] Guest thread yield at import#7053: nid=04AjkP0jO9U ret=0x000000080A821799 reason=_umtx_op_wait
[LOADER][INFO] Guest thread 'AssetGarbageCollectorHelper' state=Blocked reason=_umtx_op_wait
[LOADER][INFO] guest_threads.timeout_wake count=1
[LOADER][INFO] Pumping guest thread 'AssetGarbageCollectorHelper' reason=dispatcher resume=0x000000080A821799
[LOADER][INFO] Guest thread yield at import#8589: nid=04AjkP0jO9U ret=0x000000080A821799 reason=_umtx_op_wait
[LOADER][INFO] Guest thread 'AssetGarbageCollectorHelper' state=Blocked reason=_umtx_op_wait
[LOADER][INFO] guest_threads.timeout_wake count=1
[LOADER][INFO] Pumping guest thread 'AssetGarbageCollectorHelper' reason=ready-dispatch resume=0x000000080A821799
[LOADER][INFO] Guest thread yield at import#8077: nid=04AjkP0jO9U ret=0x000000080A821799 reason=_umtx_op_wait
[LOADER][INFO] Guest thread 'AssetGarbageCollectorHelper' state=Blocked reason=_umtx_op_wait
[LOADER][INFO] guest_threads.timeout_wake count=1
[LOADER][INFO] Pumping guest thread 'AssetGarbageCollectorHelper' reason=dispatcher resume=0x000000080A821799
[LOADER][INFO] Guest thread yield at import#6797: nid=04AjkP0jO9U ret=0x000000080A821799 reason=_umtx_op_wait
[LOADER][INFO] Guest thread 'AssetGarbageCollectorHelper' state=Blocked reason=_umtx_op_wait
[LOADER][INFO] guest_threads.timeout_wake count=1
[LOADER][INFO] Pumping guest thread 'AssetGarbageCollectorHelper' reason=ready-dispatch resume=0x000000080A821799
[LOADER][INFO] Guest thread yield at import#5517: nid=04AjkP0jO9U ret=0x000000080A821799 reason=_umtx_op_wait
[LOADER][INFO] Guest thread 'AssetGarbageCollectorHelper' state=Blocked reason=_umtx_op_wait
[LOADER][INFO] guest_threads.timeout_wake count=1
[LOADER][INFO] Pumping guest thread 'AssetGarbageCollectorHelper' reason=dispatcher resume=0x000000080A821799
[LOADER][INFO] Guest thread yield at import#5774: nid=04AjkP0jO9U ret=0x000000080A821799 reason=_umtx_op_wait
[LOADER][INFO] Guest thread 'AssetGarbageCollectorHelper' state=Blocked reason=_umtx_op_wait
[LOADER][INFO] guest_threads.timeout_wake count=1
[LOADER][INFO] Pumping guest thread 'AssetGarbageCollectorHelper' reason=dispatcher resume=0x000000080A821799
[LOADER][INFO] Guest thread yield at import#7566: nid=04AjkP0jO9U ret=0x000000080A821799 reason=_umtx_op_wait
[LOADER][INFO] Guest thread 'AssetGarbageCollectorHelper' state=Blocked reason=_umtx_op_wait
[LOADER][INFO] guest_threads.timeout_wake count=1
[LOADER][INFO] Pumping guest thread 'AssetGarbageCollectorHelper' reason=ready-dispatch resume=0x000000080A821799
[LOADER][INFO] Guest thread yield at import#7309: nid=04AjkP0jO9U ret=0x000000080A821799 reason=_umtx_op_wait
[LOADER][INFO] Guest thread 'AssetGarbageCollectorHelper' state=Blocked reason=_umtx_op_wait
[LOADER][INFO] guest_threads.timeout_wake count=1
[LOADER][INFO] Pumping guest thread 'AssetGarbageCollectorHelper' reason=ready-dispatch resume=0x000000080A821799
[LOADER][INFO] Guest thread yield at import#8333: nid=04AjkP0jO9U ret=0x000000080A821799 reason=_umtx_op_wait
[LOADER][INFO] Guest thread 'AssetGarbageCollectorHelper' state=Blocked reason=_umtx_op_wait
[LOADER][INFO] guest_threads.timeout_wake count=1
[LOADER][INFO] Pumping guest thread 'AssetGarbageCollectorHelper' reason=dispatcher resume=0x000000080A821799
[LOADER][INFO] Guest thread yield at import#6029: nid=04AjkP0jO9U ret=0x000000080A821799 reason=_umtx_op_wait
[LOADER][INFO] Guest thread 'AssetGarbageCollectorHelper' state=Blocked reason=_umtx_op_wait
[LOADER][INFO] guest_threads.timeout_wake count=2
[LOADER][INFO] Pumping guest thread 'AssetGarbageCollectorHelper' reason=ready-dispatch resume=0x000000080A821799
[LOADER][INFO] Pumping guest thread 'AssetGarbageCollectorHelper' reason=ready-dispatch resume=0x000000080A821799
[LOADER][INFO] Guest thread yield at import#7821: nid=04AjkP0jO9U ret=0x000000080A821799 reason=_umtx_op_wait
[LOADER][INFO] Guest thread yield at import#6286: nid=04AjkP0jO9U ret=0x000000080A821799 reason=_umtx_op_wait
[LOADER][INFO] Guest thread 'AssetGarbageCollectorHelper' state=Blocked reason=_umtx_op_wait
[LOADER][INFO] Guest thread 'AssetGarbageCollectorHelper' state=Blocked reason=_umtx_op_wait
[LOADER][INFO] guest_threads.timeout_wake count=1
[LOADER][INFO] Pumping guest thread 'AssetGarbageCollectorHelper' reason=dispatcher resume=0x000000080A821799
[LOADER][INFO] Guest thread yield at import#5262: nid=04AjkP0jO9U ret=0x000000080A821799 reason=_umtx_op_wait
[LOADER][INFO] Guest thread 'AssetGarbageCollectorHelper' state=Blocked reason=_umtx_op_wait
[LOADER][INFO] guest_threads.timeout_wake count=1
[LOADER][INFO] Pumping guest thread 'AssetGarbageCollectorHelper' reason=ready-dispatch resume=0x000000080A821799
[LOADER][INFO] Guest thread yield at import#7054: nid=04AjkP0jO9U ret=0x000000080A821799 reason=_umtx_op_wait
[LOADER][INFO] Guest thread 'AssetGarbageCollectorHelper' state=Blocked reason=_umtx_op_wait
[LOADER][INFO] guest_threads.timeout_wake count=1
[LOADER][INFO] Pumping guest thread 'AssetGarbageCollectorHelper' reason=dispatcher resume=0x000000080A821799
[LOADER][INFO] Guest thread yield at import#8590: nid=04AjkP0jO9U ret=0x000000080A821799 reason=_umtx_op_wait
[LOADER][INFO] Guest thread 'AssetGarbageCollectorHelper' state=Blocked reason=_umtx_op_wait
[LOADER][INFO] guest_threads.timeout_wake count=1
[LOADER][INFO] Pumping guest thread 'AssetGarbageCollectorHelper' reason=dispatcher resume=0x000000080A821799
[LOADER][INFO] Guest thread yield at import#8078: nid=04AjkP0jO9U ret=0x000000080A821799 reason=_umtx_op_wait
[LOADER][INFO] Guest thread 'AssetGarbageCollectorHelper' state=Blocked reason=_umtx_op_wait
[LOADER][INFO] guest_threads.timeout_wake count=1
[LOADER][INFO] Pumping guest thread 'AssetGarbageCollectorHelper' reason=ready-dispatch resume=0x000000080A821799
[LOADER][INFO] Guest thread yield at import#6798: nid=04AjkP0jO9U ret=0x000000080A821799 reason=_umtx_op_wait
[LOADER][INFO] Guest thread 'AssetGarbageCollectorHelper' state=Blocked reason=_umtx_op_wait
[LOADER][INFO] guest_threads.timeout_wake count=1
[LOADER][INFO] Pumping guest thread 'AssetGarbageCollectorHelper' reason=dispatcher resume=0x000000080A821799
[LOADER][INFO] Guest thread yield at import#5518: nid=04AjkP0jO9U ret=0x000000080A821799 reason=_umtx_op_wait
[LOADER][INFO] Guest thread 'AssetGarbageCollectorHelper' state=Blocked reason=_umtx_op_wait
[LOADER][INFO] guest_threads.timeout_wake count=1
[LOADER][INFO] Pumping guest thread 'AssetGarbageCollectorHelper' reason=dispatcher resume=0x000000080A821799
[LOADER][INFO] Guest thread yield at import#5775: nid=04AjkP0jO9U ret=0x000000080A821799 reason=_umtx_op_wait
[LOADER][INFO] Guest thread 'AssetGarbageCollectorHelper' state=Blocked reason=_umtx_op_wait
[LOADER][INFO] guest_threads.timeout_wake count=1
[LOADER][INFO] Pumping guest thread 'AssetGarbageCollectorHelper' reason=dispatcher resume=0x000000080A821799
[LOADER][INFO] Guest thread yield at import#7567: nid=04AjkP0jO9U ret=0x000000080A821799 reason=_umtx_op_wait
[LOADER][INFO] Guest thread 'AssetGarbageCollectorHelper' state=Blocked reason=_umtx_op_wait
[LOADER][INFO] guest_threads.timeout_wake count=1
[LOADER][INFO] Pumping guest thread 'AssetGarbageCollectorHelper' reason=dispatcher resume=0x000000080A821799
[LOADER][INFO] Guest thread yield at import#7310: nid=04AjkP0jO9U ret=0x000000080A821799 reason=_umtx_op_wait
[LOADER][INFO] Guest thread 'AssetGarbageCollectorHelper' state=Blocked reason=_umtx_op_wait
[LOADER][INFO] guest_threads.timeout_wake count=1
[LOADER][INFO] Pumping guest thread 'AssetGarbageCollectorHelper' reason=ready-dispatch resume=0x000000080A821799
[LOADER][INFO] Guest thread yield at import#8334: nid=04AjkP0jO9U ret=0x000000080A821799 reason=_umtx_op_wait
[LOADER][INFO] Guest thread 'AssetGarbageCollectorHelper' state=Blocked reason=_umtx_op_wait
[LOADER][INFO] guest_threads.timeout_wake count=1
[LOADER][INFO] Pumping guest thread 'AssetGarbageCollectorHelper' reason=ready-dispatch resume=0x000000080A821799
[LOADER][INFO] Guest thread yield at import#6030: nid=04AjkP0jO9U ret=0x000000080A821799 reason=_umtx_op_wait
[LOADER][INFO] Guest thread 'AssetGarbageCollectorHelper' state=Blocked reason=_umtx_op_wait
[LOADER][INFO] guest_threads.timeout_wake count=2
[LOADER][INFO] Pumping guest thread 'AssetGarbageCollectorHelper' reason=ready-dispatch resume=0x000000080A821799
[LOADER][INFO] Guest thread yield at import#7822: nid=04AjkP0jO9U ret=0x000000080A821799 reason=_umtx_op_wait
[LOADER][INFO] Guest thread 'AssetGarbageCollectorHelper' state=Blocked reason=_umtx_op_wait
[LOADER][INFO] Pumping guest thread 'AssetGarbageCollectorHelper' reason=ready-dispatch resume=0x000000080A821799
[LOADER][INFO] Guest thread yield at import#6287: nid=04AjkP0jO9U ret=0x000000080A821799 reason=_umtx_op_wait
[LOADER][INFO] Guest thread 'AssetGarbageCollectorHelper' state=Blocked reason=_umtx_op_wait
[LOADER][INFO] guest_threads.timeout_wake count=1
[LOADER][INFO] Pumping guest thread 'AssetGarbageCollectorHelper' reason=dispatcher resume=0x000000080A821799
[LOADER][INFO] Guest thread yield at import#5263: nid=04AjkP0jO9U ret=0x000000080A821799 reason=_umtx_op_wait
[LOADER][INFO] Guest thread 'AssetGarbageCollectorHelper' state=Blocked reason=_umtx_op_wait
[LOADER][INFO] guest_threads.timeout_wake count=1
[LOADER][INFO] Pumping guest thread 'AssetGarbageCollectorHelper' reason=dispatcher resume=0x000000080A821799
[LOADER][INFO] Guest thread yield at import#7055: nid=04AjkP0jO9U ret=0x000000080A821799 reason=_umtx_op_wait
[LOADER][INFO] Guest thread 'AssetGarbageCollectorHelper' state=Blocked reason=_umtx_op_wait
[LOADER][INFO] guest_threads.timeout_wake count=1
[LOADER][INFO] Pumping guest thread 'AssetGarbageCollectorHelper' reason=ready-dispatch resume=0x000000080A821799
[LOADER][INFO] Guest thread yield at import#8591: nid=04AjkP0jO9U ret=0x000000080A821799 reason=_umtx_op_wait
[LOADER][INFO] Guest thread 'AssetGarbageCollectorHelper' state=Blocked reason=_umtx_op_wait
[LOADER][INFO] guest_threads.timeout_wake count=1
[LOADER][INFO] Pumping guest thread 'AssetGarbageCollectorHelper' reason=ready-dispatch resume=0x000000080A821799
[LOADER][INFO] Guest thread yield at import#8079: nid=04AjkP0jO9U ret=0x000000080A821799 reason=_umtx_op_wait
[LOADER][INFO] Guest thread 'AssetGarbageCollectorHelper' state=Blocked reason=_umtx_op_wait
[LOADER][INFO] guest_threads.timeout_wake count=1
[LOADER][INFO] Pumping guest thread 'AssetGarbageCollectorHelper' reason=ready-dispatch resume=0x000000080A821799
[LOADER][INFO] Guest thread yield at import#6799: nid=04AjkP0jO9U ret=0x000000080A821799 reason=_umtx_op_wait
[LOADER][INFO] Guest thread 'AssetGarbageCollectorHelper' state=Blocked reason=_umtx_op_wait
[LOADER][INFO] guest_threads.timeout_wake count=1
[LOADER][INFO] Pumping guest thread 'AssetGarbageCollectorHelper' reason=ready-dispatch resume=0x000000080A821799
[LOADER][INFO] Guest thread yield at import#5519: nid=04AjkP0jO9U ret=0x000000080A821799 reason=_umtx_op_wait
[LOADER][INFO] Guest thread 'AssetGarbageCollectorHelper' state=Blocked reason=_umtx_op_wait
[LOADER][INFO] guest_threads.timeout_wake count=1
[LOADER][INFO] Pumping guest thread 'AssetGarbageCollectorHelper' reason=dispatcher resume=0x000000080A821799
[LOADER][INFO] Guest thread yield at import#5776: nid=04AjkP0jO9U ret=0x000000080A821799 reason=_umtx_op_wait
[LOADER][INFO] Guest thread 'AssetGarbageCollectorHelper' state=Blocked reason=_umtx_op_wait
[LOADER][INFO] guest_threads.timeout_wake count=1
[LOADER][INFO] Pumping guest thread 'AssetGarbageCollectorHelper' reason=dispatcher resume=0x000000080A821799
[LOADER][INFO] Guest thread yield at import#7568: nid=04AjkP0jO9U ret=0x000000080A821799 reason=_umtx_op_wait
[LOADER][INFO] Guest thread 'AssetGarbageCollectorHelper' state=Blocked reason=_umtx_op_wait
[LOADER][INFO] guest_threads.timeout_wake count=1
[LOADER][INFO] Pumping guest thread 'AssetGarbageCollectorHelper' reason=ready-dispatch resume=0x000000080A821799
[LOADER][INFO] Guest thread yield at import#7311: nid=04AjkP0jO9U ret=0x000000080A821799 reason=_umtx_op_wait
[LOADER][INFO] Guest thread 'AssetGarbageCollectorHelper' state=Blocked reason=_umtx_op_wait
[LOADER][INFO] guest_threads.timeout_wake count=1
[LOADER][INFO] Pumping guest thread 'AssetGarbageCollectorHelper' reason=dispatcher resume=0x000000080A821799
[LOADER][INFO] Guest thread yield at import#8335: nid=04AjkP0jO9U ret=0x000000080A821799 reason=_umtx_op_wait
[LOADER][INFO] Guest thread 'AssetGarbageCollectorHelper' state=Blocked reason=_umtx_op_wait
[LOADER][INFO] guest_threads.timeout_wake count=1
[LOADER][INFO] Pumping guest thread 'AssetGarbageCollectorHelper' reason=dispatcher resume=0x000000080A821799
[LOADER][INFO] Guest thread yield at import#6031: nid=04AjkP0jO9U ret=0x000000080A821799 reason=_umtx_op_wait
[LOADER][INFO] Guest thread 'AssetGarbageCollectorHelper' state=Blocked reason=_umtx_op_wait
[LOADER][INFO] guest_threads.timeout_wake count=1
[LOADER][INFO] Pumping guest thread 'AssetGarbageCollectorHelper' reason=dispatcher resume=0x000000080A821799
[LOADER][INFO] Guest thread yield at import#7823: nid=04AjkP0jO9U ret=0x000000080A821799 reason=_umtx_op_wait
[LOADER][INFO] Guest thread 'AssetGarbageCollectorHelper' state=Blocked reason=_umtx_op_wait
[LOADER][INFO] guest_threads.timeout_wake count=1
[LOADER][INFO] Pumping guest thread 'AssetGarbageCollectorHelper' reason=dispatcher resume=0x000000080A821799
[LOADER][INFO] Guest thread yield at import#6288: nid=04AjkP0jO9U ret=0x000000080A821799 reason=_umtx_op_wait
[LOADER][INFO] Guest thread 'AssetGarbageCollectorHelper' state=Blocked reason=_umtx_op_wait
[LOADER][INFO] guest_threads.timeout_wake count=1
[LOADER][INFO] Pumping guest thread 'AssetGarbageCollectorHelper' reason=dispatcher resume=0x000000080A821799
[LOADER][INFO] Guest thread yield at import#5264: nid=04AjkP0jO9U ret=0x000000080A821799 reason=_umtx_op_wait
[LOADER][INFO] Guest thread 'AssetGarbageCollectorHelper' state=Blocked reason=_umtx_op_wait
[LOADER][INFO] guest_threads.timeout_wake count=1
[LOADER][INFO] Pumping guest thread 'AssetGarbageCollectorHelper' reason=dispatcher resume=0x000000080A821799
[LOADER][INFO] Guest thread yield at import#7056: nid=04AjkP0jO9U ret=0x000000080A821799 reason=_umtx_op_wait
[LOADER][INFO] Guest thread 'AssetGarbageCollectorHelper' state=Blocked reason=_umtx_op_wait
[LOADER][INFO] guest_threads.timeout_wake count=1
[LOADER][INFO] Pumping guest thread 'AssetGarbageCollectorHelper' reason=dispatcher resume=0x000000080A821799
[LOADER][INFO] Guest thread yield at import#8592: nid=04AjkP0jO9U ret=0x000000080A821799 reason=_umtx_op_wait
[LOADER][INFO] Guest thread 'AssetGarbageCollectorHelper' state=Blocked reason=_umtx_op_wait
[LOADER][INFO] guest_threads.timeout_wake count=1
[LOADER][INFO] Pumping guest thread 'AssetGarbageCollectorHelper' reason=dispatcher resume=0x000000080A821799
[LOADER][INFO] Guest thread yield at import#8080: nid=04AjkP0jO9U ret=0x000000080A821799 reason=_umtx_op_wait
[LOADER][INFO] Guest thread 'AssetGarbageCollectorHelper' state=Blocked reason=_umtx_op_wait
[LOADER][INFO] guest_threads.timeout_wake count=1
[LOADER][INFO] Pumping guest thread 'AssetGarbageCollectorHelper' reason=dispatcher resume=0x000000080A821799
[LOADER][INFO] Guest thread yield at import#6800: nid=04AjkP0jO9U ret=0x000000080A821799 reason=_umtx_op_wait
[LOADER][INFO] Guest thread 'AssetGarbageCollectorHelper' state=Blocked reason=_umtx_op_wait
[LOADER][INFO] guest_threads.timeout_wake count=1
[LOADER][INFO] Pumping guest thread 'AssetGarbageCollectorHelper' reason=dispatcher resume=0x000000080A821799
[LOADER][INFO] Guest thread yield at import#5520: nid=04AjkP0jO9U ret=0x000000080A821799 reason=_umtx_op_wait
[LOADER][INFO] Guest thread 'AssetGarbageCollectorHelper' state=Blocked reason=_umtx_op_wait
[LOADER][INFO] guest_threads.timeout_wake count=1
[LOADER][INFO] Pumping guest thread 'AssetGarbageCollectorHelper' reason=ready-dispatch resume=0x000000080A821799
[LOADER][INFO] Guest thread yield at import#5777: nid=04AjkP0jO9U ret=0x000000080A821799 reason=_umtx_op_wait
[LOADER][INFO] Guest thread 'AssetGarbageCollectorHelper' state=Blocked reason=_umtx_op_wait
[LOADER][INFO] guest_threads.timeout_wake count=1
[LOADER][INFO] Pumping guest thread 'AssetGarbageCollectorHelper' reason=dispatcher resume=0x000000080A821799
[LOADER][INFO] Guest thread yield at import#7569: nid=04AjkP0jO9U ret=0x000000080A821799 reason=_umtx_op_wait
[LOADER][INFO] Guest thread 'AssetGarbageCollectorHelper' state=Blocked reason=_umtx_op_wait
[LOADER][INFO] guest_threads.timeout_wake count=1
[LOADER][INFO] Pumping guest thread 'AssetGarbageCollectorHelper' reason=dispatcher resume=0x000000080A821799
[LOADER][INFO] Guest thread yield at import#7312: nid=04AjkP0jO9U ret=0x000000080A821799 reason=_umtx_op_wait
[LOADER][INFO] Guest thread 'AssetGarbageCollectorHelper' state=Blocked reason=_umtx_op_wait
[LOADER][INFO] guest_threads.timeout_wake count=1
[LOADER][INFO] Pumping guest thread 'AssetGarbageCollectorHelper' reason=ready-dispatch resume=0x000000080A821799
[LOADER][INFO] Guest thread yield at import#8336: nid=04AjkP0jO9U ret=0x000000080A821799 reason=_umtx_op_wait
[LOADER][INFO] Guest thread 'AssetGarbageCollectorHelper' state=Blocked reason=_umtx_op_wait
[LOADER][INFO] guest_threads.timeout_wake count=1
[LOADER][INFO] Pumping guest thread 'AssetGarbageCollectorHelper' reason=ready-dispatch resume=0x000000080A821799
[LOADER][INFO] Guest thread yield at import#6032: nid=04AjkP0jO9U ret=0x000000080A821799 reason=_umtx_op_wait
[LOADER][INFO] Guest thread 'AssetGarbageCollectorHelper' state=Blocked reason=_umtx_op_wait
[LOADER][INFO] guest_threads.timeout_wake count=1
[LOADER][INFO] Pumping guest thread 'AssetGarbageCollectorHelper' reason=dispatcher resume=0x000000080A821799
[LOADER][INFO] Guest thread yield at import#7824: nid=04AjkP0jO9U ret=0x000000080A821799 reason=_umtx_op_wait
[LOADER][INFO] Guest thread 'AssetGarbageCollectorHelper' state=Blocked reason=_umtx_op_wait
[LOADER][INFO] guest_threads.timeout_wake count=1
[LOADER][INFO] Pumping guest thread 'AssetGarbageCollectorHelper' reason=dispatcher resume=0x000000080A821799
[LOADER][INFO] Guest thread yield at import#6289: nid=04AjkP0jO9U ret=0x000000080A821799 reason=_umtx_op_wait
[LOADER][INFO] Guest thread 'AssetGarbageCollectorHelper' state=Blocked reason=_umtx_op_wait
[LOADER][INFO] guest_threads.timeout_wake count=1
[LOADER][INFO] Pumping guest thread 'AssetGarbageCollectorHelper' reason=dispatcher resume=0x000000080A821799
[LOADER][INFO] Guest thread yield at import#5265: nid=04AjkP0jO9U ret=0x000000080A821799 reason=_umtx_op_wait
[LOADER][INFO] Guest thread 'AssetGarbageCollectorHelper' state=Blocked reason=_umtx_op_wait
[LOADER][INFO] guest_threads.timeout_wake count=1
[LOADER][INFO] Pumping guest thread 'AssetGarbageCollectorHelper' reason=dispatcher resume=0x000000080A821799
[LOADER][INFO] Guest thread yield at import#7057: nid=04AjkP0jO9U ret=0x000000080A821799 reason=_umtx_op_wait
[LOADER][INFO] Guest thread 'AssetGarbageCollectorHelper' state=Blocked reason=_umtx_op_wait
[LOADER][INFO] guest_threads.timeout_wake count=1
[LOADER][INFO] Pumping guest thread 'AssetGarbageCollectorHelper' reason=dispatcher resume=0x000000080A821799
[LOADER][INFO] Guest thread yield at import#8593: nid=04AjkP0jO9U ret=0x000000080A821799 reason=_umtx_op_wait
[LOADER][INFO] Guest thread 'AssetGarbageCollectorHelper' state=Blocked reason=_umtx_op_wait
[LOADER][INFO] guest_threads.timeout_wake count=1
[LOADER][INFO] Pumping guest thread 'AssetGarbageCollectorHelper' reason=dispatcher resume=0x000000080A821799
[LOADER][INFO] Guest thread yield at import#8081: nid=04AjkP0jO9U ret=0x000000080A821799 reason=_umtx_op_wait
[LOADER][INFO] Guest thread 'AssetGarbageCollectorHelper' state=Blocked reason=_umtx_op_wait
[LOADER][INFO] guest_threads.timeout_wake count=1
[LOADER][INFO] Pumping guest thread 'AssetGarbageCollectorHelper' reason=ready-dispatch resume=0x000000080A821799
[LOADER][INFO] Guest thread yield at import#6801: nid=04AjkP0jO9U ret=0x000000080A821799 reason=_umtx_op_wait
[LOADER][INFO] Guest thread 'AssetGarbageCollectorHelper' state=Blocked reason=_umtx_op_wait
[LOADER][INFO] guest_threads.timeout_wake count=1
[LOADER][INFO] Pumping guest thread 'AssetGarbageCollectorHelper' reason=dispatcher resume=0x000000080A821799
[LOADER][INFO] Guest thread yield at import#5521: nid=04AjkP0jO9U ret=0x000000080A821799 reason=_umtx_op_wait
[LOADER][INFO] Guest thread 'AssetGarbageCollectorHelper' state=Blocked reason=_umtx_op_wait
[LOADER][INFO] guest_threads.timeout_wake count=1
[LOADER][INFO] Pumping guest thread 'AssetGarbageCollectorHelper' reason=ready-dispatch resume=0x000000080A821799
[LOADER][INFO] Guest thread yield at import#5778: nid=04AjkP0jO9U ret=0x000000080A821799 reason=_umtx_op_wait
[LOADER][INFO] Guest thread 'AssetGarbageCollectorHelper' state=Blocked reason=_umtx_op_wait
[LOADER][INFO] guest_threads.timeout_wake count=1
[LOADER][INFO] Pumping guest thread 'AssetGarbageCollectorHelper' reason=dispatcher resume=0x000000080A821799
[LOADER][INFO] Guest thread yield at import#7570: nid=04AjkP0jO9U ret=0x000000080A821799 reason=_umtx_op_wait
[LOADER][INFO] Guest thread 'AssetGarbageCollectorHelper' state=Blocked reason=_umtx_op_wait
[LOADER][INFO] guest_threads.timeout_wake count=1
[LOADER][INFO] Pumping guest thread 'AssetGarbageCollectorHelper' reason=dispatcher resume=0x000000080A821799
[LOADER][INFO] Guest thread yield at import#7313: nid=04AjkP0jO9U ret=0x000000080A821799 reason=_umtx_op_wait
[LOADER][INFO] Guest thread 'AssetGarbageCollectorHelper' state=Blocked reason=_umtx_op_wait
[LOADER][INFO] guest_threads.timeout_wake count=1
[LOADER][INFO] Pumping guest thread 'AssetGarbageCollectorHelper' reason=ready-dispatch resume=0x000000080A821799
[LOADER][INFO] Guest thread yield at import#8337: nid=04AjkP0jO9U ret=0x000000080A821799 reason=_umtx_op_wait
[LOADER][INFO] Guest thread 'AssetGarbageCollectorHelper' state=Blocked reason=_umtx_op_wait
[LOADER][INFO] guest_threads.timeout_wake count=1
[LOADER][INFO] Pumping guest thread 'AssetGarbageCollectorHelper' reason=ready-dispatch resume=0x000000080A821799
[LOADER][INFO] Guest thread yield at import#6033: nid=04AjkP0jO9U ret=0x000000080A821799 reason=_umtx_op_wait
[LOADER][INFO] Guest thread 'AssetGarbageCollectorHelper' state=Blocked reason=_umtx_op_wait
[LOADER][INFO] guest_threads.timeout_wake count=1
[LOADER][INFO] Pumping guest thread 'AssetGarbageCollectorHelper' reason=dispatcher resume=0x000000080A821799
[LOADER][INFO] Guest thread yield at import#7825: nid=04AjkP0jO9U ret=0x000000080A821799 reason=_umtx_op_wait
[LOADER][INFO] Guest thread 'AssetGarbageCollectorHelper' state=Blocked reason=_umtx_op_wait
[LOADER][INFO] guest_threads.timeout_wake count=1
[LOADER][INFO] guest_threads.timeout_wake count=1
[LOADER][INFO] Pumping guest thread 'AssetGarbageCollectorHelper' reason=dispatcher resume=0x000000080A821799
[LOADER][INFO] Guest thread yield at import#5266: nid=04AjkP0jO9U ret=0x000000080A821799 reason=_umtx_op_wait
[LOADER][INFO] Pumping guest thread 'AssetGarbageCollectorHelper' reason=dispatcher resume=0x000000080A821799
[LOADER][INFO] Guest thread 'AssetGarbageCollectorHelper' state=Blocked reason=_umtx_op_wait
[LOADER][INFO] Guest thread yield at import#6290: nid=04AjkP0jO9U ret=0x000000080A821799 reason=_umtx_op_wait
[LOADER][INFO] Guest thread 'AssetGarbageCollectorHelper' state=Blocked reason=_umtx_op_wait
[LOADER][INFO] guest_threads.timeout_wake count=1
[LOADER][INFO] Pumping guest thread 'AssetGarbageCollectorHelper' reason=ready-dispatch resume=0x000000080A821799
[LOADER][INFO] Guest thread yield at import#7058: nid=04AjkP0jO9U ret=0x000000080A821799 reason=_umtx_op_wait
[LOADER][INFO] Guest thread 'AssetGarbageCollectorHelper' state=Blocked reason=_umtx_op_wait
[LOADER][INFO] guest_threads.timeout_wake count=1
[LOADER][INFO] Pumping guest thread 'AssetGarbageCollectorHelper' reason=dispatcher resume=0x000000080A821799
[LOADER][INFO] Guest thread yield at import#8594: nid=04AjkP0jO9U ret=0x000000080A821799 reason=_umtx_op_wait
[LOADER][INFO] Guest thread 'AssetGarbageCollectorHelper' state=Blocked reason=_umtx_op_wait
[LOADER][INFO] guest_threads.timeout_wake count=1
[LOADER][INFO] Pumping guest thread 'AssetGarbageCollectorHelper' reason=dispatcher resume=0x000000080A821799
[LOADER][INFO] Guest thread yield at import#8082: nid=04AjkP0jO9U ret=0x000000080A821799 reason=_umtx_op_wait
[LOADER][INFO] Guest thread 'AssetGarbageCollectorHelper' state=Blocked reason=_umtx_op_wait
[LOADER][INFO] guest_threads.timeout_wake count=1
[LOADER][INFO] Pumping guest thread 'AssetGarbageCollectorHelper' reason=dispatcher resume=0x000000080A821799
[LOADER][INFO] Guest thread yield at import#6802: nid=04AjkP0jO9U ret=0x000000080A821799 reason=_umtx_op_wait
[LOADER][INFO] Guest thread 'AssetGarbageCollectorHelper' state=Blocked reason=_umtx_op_wait
[LOADER][INFO] guest_threads.timeout_wake count=1
[LOADER][INFO] Pumping guest thread 'AssetGarbageCollectorHelper' reason=ready-dispatch resume=0x000000080A821799
[LOADER][INFO] Guest thread yield at import#5522: nid=04AjkP0jO9U ret=0x000000080A821799 reason=_umtx_op_wait
[LOADER][INFO] Guest thread 'AssetGarbageCollectorHelper' state=Blocked reason=_umtx_op_wait
[LOADER][INFO] guest_threads.timeout_wake count=1
[LOADER][INFO] Pumping guest thread 'AssetGarbageCollectorHelper' reason=dispatcher resume=0x000000080A821799
[LOADER][INFO] Guest thread yield at import#5779: nid=04AjkP0jO9U ret=0x000000080A821799 reason=_umtx_op_wait
[LOADER][INFO] Guest thread 'AssetGarbageCollectorHelper' state=Blocked reason=_umtx_op_wait
[LOADER][INFO] guest_threads.timeout_wake count=1
[LOADER][INFO] Pumping guest thread 'AssetGarbageCollectorHelper' reason=ready-dispatch resume=0x000000080A821799
[LOADER][INFO] Guest thread yield at import#7571: nid=04AjkP0jO9U ret=0x000000080A821799 reason=_umtx_op_wait
[LOADER][INFO] Guest thread 'AssetGarbageCollectorHelper' state=Blocked reason=_umtx_op_wait
[LOADER][INFO] guest_threads.timeout_wake count=1
[LOADER][INFO] Pumping guest thread 'AssetGarbageCollectorHelper' reason=ready-dispatch resume=0x000000080A821799
[LOADER][INFO] Guest thread yield at import#7314: nid=04AjkP0jO9U ret=0x000000080A821799 reason=_umtx_op_wait
[LOADER][INFO] Guest thread 'AssetGarbageCollectorHelper' state=Blocked reason=_umtx_op_wait
[LOADER][INFO] guest_threads.timeout_wake count=1
[LOADER][INFO] Pumping guest thread 'AssetGarbageCollectorHelper' reason=ready-dispatch resume=0x000000080A821799
[LOADER][INFO] Guest thread yield at import#8338: nid=04AjkP0jO9U ret=0x000000080A821799 reason=_umtx_op_wait
[LOADER][INFO] Guest thread 'AssetGarbageCollectorHelper' state=Blocked reason=_umtx_op_wait
[LOADER][INFO] guest_threads.timeout_wake count=1
[LOADER][INFO] Pumping guest thread 'AssetGarbageCollectorHelper' reason=dispatcher resume=0x000000080A821799
[LOADER][INFO] Guest thread yield at import#6034: nid=04AjkP0jO9U ret=0x000000080A821799 reason=_umtx_op_wait
[LOADER][INFO] Guest thread 'AssetGarbageCollectorHelper' state=Blocked reason=_umtx_op_wait
[LOADER][INFO] guest_threads.timeout_wake count=1
[LOADER][INFO] Pumping guest thread 'AssetGarbageCollectorHelper' reason=ready-dispatch resume=0x000000080A821799
[LOADER][INFO] Guest thread yield at import#7826: nid=04AjkP0jO9U ret=0x000000080A821799 reason=_umtx_op_wait
[LOADER][INFO] Guest thread 'AssetGarbageCollectorHelper' state=Blocked reason=_umtx_op_wait
[LOADER][INFO] guest_threads.timeout_wake count=1
[LOADER][INFO] guest_threads.timeout_wake count=1
[LOADER][INFO] Pumping guest thread 'AssetGarbageCollectorHelper' reason=ready-dispatch resume=0x000000080A821799
[LOADER][INFO] Pumping guest thread 'AssetGarbageCollectorHelper' reason=ready-dispatch resume=0x000000080A821799
[LOADER][INFO] Guest thread yield at import#5267: nid=04AjkP0jO9U ret=0x000000080A821799 reason=_umtx_op_wait
[LOADER][INFO] Guest thread yield at import#6291: nid=04AjkP0jO9U ret=0x000000080A821799 reason=_umtx_op_wait
[LOADER][INFO] Guest thread 'AssetGarbageCollectorHelper' state=Blocked reason=_umtx_op_wait
[LOADER][INFO] Guest thread 'AssetGarbageCollectorHelper' state=Blocked reason=_umtx_op_wait
[LOADER][INFO] guest_threads.timeout_wake count=1
[LOADER][INFO] Pumping guest thread 'AssetGarbageCollectorHelper' reason=ready-dispatch resume=0x000000080A821799
[LOADER][INFO] Guest thread yield at import#7059: nid=04AjkP0jO9U ret=0x000000080A821799 reason=_umtx_op_wait
[LOADER][INFO] Guest thread 'AssetGarbageCollectorHelper' state=Blocked reason=_umtx_op_wait
[LOADER][INFO] guest_threads.timeout_wake count=1
[LOADER][INFO] Pumping guest thread 'AssetGarbageCollectorHelper' reason=ready-dispatch resume=0x000000080A821799
[LOADER][INFO] Guest thread yield at import#8595: nid=04AjkP0jO9U ret=0x000000080A821799 reason=_umtx_op_wait
[LOADER][INFO] Guest thread 'AssetGarbageCollectorHelper' state=Blocked reason=_umtx_op_wait
[LOADER][INFO] guest_threads.timeout_wake count=1
[LOADER][INFO] Pumping guest thread 'AssetGarbageCollectorHelper' reason=dispatcher resume=0x000000080A821799
[LOADER][INFO] Guest thread yield at import#8083: nid=04AjkP0jO9U ret=0x000000080A821799 reason=_umtx_op_wait
[LOADER][INFO] Guest thread 'AssetGarbageCollectorHelper' state=Blocked reason=_umtx_op_wait
[LOADER][INFO] guest_threads.timeout_wake count=1
[LOADER][INFO] Pumping guest thread 'AssetGarbageCollectorHelper' reason=ready-dispatch resume=0x000000080A821799
[LOADER][INFO] Guest thread yield at import#6803: nid=04AjkP0jO9U ret=0x000000080A821799 reason=_umtx_op_wait
[LOADER][INFO] Guest thread 'AssetGarbageCollectorHelper' state=Blocked reason=_umtx_op_wait
[LOADER][INFO] guest_threads.timeout_wake count=1
[LOADER][INFO] Pumping guest thread 'AssetGarbageCollectorHelper' reason=dispatcher resume=0x000000080A821799
[LOADER][INFO] Guest thread yield at import#5523: nid=04AjkP0jO9U ret=0x000000080A821799 reason=_umtx_op_wait
[LOADER][INFO] Guest thread 'AssetGarbageCollectorHelper' state=Blocked reason=_umtx_op_wait
[LOADER][INFO] guest_threads.timeout_wake count=1
[LOADER][INFO] Pumping guest thread 'AssetGarbageCollectorHelper' reason=ready-dispatch resume=0x000000080A821799
[LOADER][INFO] Guest thread yield at import#5780: nid=04AjkP0jO9U ret=0x000000080A821799 reason=_umtx_op_wait
[LOADER][INFO] Guest thread 'AssetGarbageCollectorHelper' state=Blocked reason=_umtx_op_wait
[LOADER][INFO] guest_threads.timeout_wake count=1
[LOADER][INFO] Pumping guest thread 'AssetGarbageCollectorHelper' reason=ready-dispatch resume=0x000000080A821799
[LOADER][INFO] Guest thread yield at import#7572: nid=04AjkP0jO9U ret=0x000000080A821799 reason=_umtx_op_wait
[LOADER][INFO] Guest thread 'AssetGarbageCollectorHelper' state=Blocked reason=_umtx_op_wait
[LOADER][INFO] guest_threads.timeout_wake count=1
[LOADER][INFO] Pumping guest thread 'AssetGarbageCollectorHelper' reason=ready-dispatch resume=0x000000080A821799
[LOADER][INFO] Guest thread yield at import#7315: nid=04AjkP0jO9U ret=0x000000080A821799 reason=_umtx_op_wait
[LOADER][INFO] Guest thread 'AssetGarbageCollectorHelper' state=Blocked reason=_umtx_op_wait
[LOADER][INFO] guest_threads.timeout_wake count=1
[LOADER][INFO] Pumping guest thread 'AssetGarbageCollectorHelper' reason=dispatcher resume=0x000000080A821799
[LOADER][INFO] Guest thread yield at import#8339: nid=04AjkP0jO9U ret=0x000000080A821799 reason=_umtx_op_wait
[LOADER][INFO] Guest thread 'AssetGarbageCollectorHelper' state=Blocked reason=_umtx_op_wait
[LOADER][INFO] guest_threads.timeout_wake count=1
[LOADER][INFO] Pumping guest thread 'AssetGarbageCollectorHelper' reason=dispatcher resume=0x000000080A821799
[LOADER][INFO] Guest thread yield at import#6035: nid=04AjkP0jO9U ret=0x000000080A821799 reason=_umtx_op_wait
[LOADER][INFO] Guest thread 'AssetGarbageCollectorHelper' state=Blocked reason=_umtx_op_wait
[LOADER][INFO] guest_threads.timeout_wake count=1
[LOADER][INFO] Pumping guest thread 'AssetGarbageCollectorHelper' reason=dispatcher resume=0x000000080A821799
[LOADER][INFO] Guest thread yield at import#7827: nid=04AjkP0jO9U ret=0x000000080A821799 reason=_umtx_op_wait
[LOADER][INFO] Guest thread 'AssetGarbageCollectorHelper' state=Blocked reason=_umtx_op_wait
[LOADER][INFO] guest_threads.timeout_wake count=2
[LOADER][INFO] Pumping guest thread 'AssetGarbageCollectorHelper' reason=ready-dispatch resume=0x000000080A821799
[LOADER][INFO] Pumping guest thread 'AssetGarbageCollectorHelper' reason=ready-dispatch resume=0x000000080A821799
[LOADER][INFO] Guest thread yield at import#6292: nid=04AjkP0jO9U ret=0x000000080A821799 reason=_umtx_op_wait
[LOADER][INFO] Guest thread yield at import#5268: nid=04AjkP0jO9U ret=0x000000080A821799 reason=_umtx_op_wait
[LOADER][INFO] Guest thread 'AssetGarbageCollectorHelper' state=Blocked reason=_umtx_op_wait
[LOADER][INFO] Guest thread 'AssetGarbageCollectorHelper' state=Blocked reason=_umtx_op_wait
[LOADER][INFO] guest_threads.timeout_wake count=1
[LOADER][INFO] Pumping guest thread 'AssetGarbageCollectorHelper' reason=dispatcher resume=0x000000080A821799
[LOADER][INFO] Guest thread yield at import#7060: nid=04AjkP0jO9U ret=0x000000080A821799 reason=_umtx_op_wait
[LOADER][INFO] Guest thread 'AssetGarbageCollectorHelper' state=Blocked reason=_umtx_op_wait
[LOADER][INFO] guest_threads.timeout_wake count=1
[LOADER][INFO] Pumping guest thread 'AssetGarbageCollectorHelper' reason=ready-dispatch resume=0x000000080A821799
[LOADER][INFO] Guest thread yield at import#8596: nid=04AjkP0jO9U ret=0x000000080A821799 reason=_umtx_op_wait
[LOADER][INFO] guest_threads.timeout_wake count=1
[LOADER][INFO] Guest thread 'AssetGarbageCollectorHelper' state=Blocked reason=_umtx_op_wait
[LOADER][INFO] Pumping guest thread 'AssetGarbageCollectorHelper' reason=dispatcher resume=0x000000080A821799
[LOADER][INFO] Guest thread yield at import#8084: nid=04AjkP0jO9U ret=0x000000080A821799 reason=_umtx_op_wait
[LOADER][INFO] Guest thread 'AssetGarbageCollectorHelper' state=Blocked reason=_umtx_op_wait
[LOADER][INFO] guest_threads.timeout_wake count=1
[LOADER][INFO] Pumping guest thread 'AssetGarbageCollectorHelper' reason=ready-dispatch resume=0x000000080A821799
[LOADER][INFO] Guest thread yield at import#6804: nid=04AjkP0jO9U ret=0x000000080A821799 reason=_umtx_op_wait
[LOADER][INFO] Guest thread 'AssetGarbageCollectorHelper' state=Blocked reason=_umtx_op_wait
[LOADER][INFO] guest_threads.timeout_wake count=1
[LOADER][INFO] Pumping guest thread 'AssetGarbageCollectorHelper' reason=dispatcher resume=0x000000080A821799
[LOADER][INFO] Guest thread yield at import#5524: nid=04AjkP0jO9U ret=0x000000080A821799 reason=_umtx_op_wait
[LOADER][INFO] Guest thread 'AssetGarbageCollectorHelper' state=Blocked reason=_umtx_op_wait
[LOADER][INFO] guest_threads.timeout_wake count=1
[LOADER][INFO] Pumping guest thread 'AssetGarbageCollectorHelper' reason=dispatcher resume=0x000000080A821799
[LOADER][INFO] Guest thread yield at import#5781: nid=04AjkP0jO9U ret=0x000000080A821799 reason=_umtx_op_wait
[LOADER][INFO] Guest thread 'AssetGarbageCollectorHelper' state=Blocked reason=_umtx_op_wait
[LOADER][INFO] guest_threads.timeout_wake count=1
[LOADER][INFO] Pumping guest thread 'AssetGarbageCollectorHelper' reason=dispatcher resume=0x000000080A821799
[LOADER][INFO] Guest thread yield at import#7573: nid=04AjkP0jO9U ret=0x000000080A821799 reason=_umtx_op_wait
[LOADER][INFO] Guest thread 'AssetGarbageCollectorHelper' state=Blocked reason=_umtx_op_wait
[LOADER][INFO] guest_threads.timeout_wake count=1
[LOADER][INFO] Pumping guest thread 'AssetGarbageCollectorHelper' reason=dispatcher resume=0x000000080A821799
[LOADER][INFO] Guest thread yield at import#7316: nid=04AjkP0jO9U ret=0x000000080A821799 reason=_umtx_op_wait
[LOADER][INFO] Guest thread 'AssetGarbageCollectorHelper' state=Blocked reason=_umtx_op_wait
[LOADER][INFO] guest_threads.timeout_wake count=1
[LOADER][INFO] Pumping guest thread 'AssetGarbageCollectorHelper' reason=dispatcher resume=0x000000080A821799
[LOADER][INFO] Guest thread yield at import#8340: nid=04AjkP0jO9U ret=0x000000080A821799 reason=_umtx_op_wait
[LOADER][INFO] Guest thread 'AssetGarbageCollectorHelper' state=Blocked reason=_umtx_op_wait
[LOADER][INFO] guest_threads.timeout_wake count=1
[LOADER][INFO] Pumping guest thread 'AssetGarbageCollectorHelper' reason=dispatcher resume=0x000000080A821799
[LOADER][INFO] Guest thread yield at import#6036: nid=04AjkP0jO9U ret=0x000000080A821799 reason=_umtx_op_wait
[LOADER][INFO] Guest thread 'AssetGarbageCollectorHelper' state=Blocked reason=_umtx_op_wait
[LOADER][INFO] guest_threads.timeout_wake count=1
[LOADER][INFO] Pumping guest thread 'AssetGarbageCollectorHelper' reason=ready-dispatch resume=0x000000080A821799
[LOADER][INFO] Guest thread yield at import#7828: nid=04AjkP0jO9U ret=0x000000080A821799 reason=_umtx_op_wait
[LOADER][INFO] Guest thread 'AssetGarbageCollectorHelper' state=Blocked reason=_umtx_op_wait
[LOADER][INFO] guest_threads.timeout_wake count=1
[LOADER][INFO] guest_threads.timeout_wake count=1
[LOADER][INFO] Pumping guest thread 'AssetGarbageCollectorHelper' reason=dispatcher resume=0x000000080A821799
[LOADER][INFO] Pumping guest thread 'AssetGarbageCollectorHelper' reason=dispatcher resume=0x000000080A821799
[LOADER][INFO] Guest thread yield at import#5269: nid=04AjkP0jO9U ret=0x000000080A821799 reason=_umtx_op_wait
[LOADER][INFO] Guest thread yield at import#6293: nid=04AjkP0jO9U ret=0x000000080A821799 reason=_umtx_op_wait
[LOADER][INFO] Guest thread 'AssetGarbageCollectorHelper' state=Blocked reason=_umtx_op_wait
[LOADER][INFO] Guest thread 'AssetGarbageCollectorHelper' state=Blocked reason=_umtx_op_wait
[LOADER][INFO] guest_threads.timeout_wake count=1
[LOADER][INFO] Pumping guest thread 'AssetGarbageCollectorHelper' reason=dispatcher resume=0x000000080A821799
[LOADER][INFO] Guest thread yield at import#7061: nid=04AjkP0jO9U ret=0x000000080A821799 reason=_umtx_op_wait
[LOADER][INFO] Guest thread 'AssetGarbageCollectorHelper' state=Blocked reason=_umtx_op_wait
[LOADER][INFO] guest_threads.timeout_wake count=2
[LOADER][INFO] Pumping guest thread 'AssetGarbageCollectorHelper' reason=ready-dispatch resume=0x000000080A821799
[LOADER][INFO] Pumping guest thread 'AssetGarbageCollectorHelper' reason=ready-dispatch resume=0x000000080A821799
[LOADER][INFO] Guest thread yield at import#8085: nid=04AjkP0jO9U ret=0x000000080A821799 reason=_umtx_op_wait
[LOADER][INFO] Guest thread yield at import#8597: nid=04AjkP0jO9U ret=0x000000080A821799 reason=_umtx_op_wait
[LOADER][INFO] Guest thread 'AssetGarbageCollectorHelper' state=Blocked reason=_umtx_op_wait
[LOADER][INFO] Guest thread 'AssetGarbageCollectorHelper' state=Blocked reason=_umtx_op_wait
[LOADER][INFO] guest_threads.timeout_wake count=1
[LOADER][INFO] Pumping guest thread 'AssetGarbageCollectorHelper' reason=dispatcher resume=0x000000080A821799
[LOADER][INFO] Guest thread yield at import#6805: nid=04AjkP0jO9U ret=0x000000080A821799 reason=_umtx_op_wait
[LOADER][INFO] Guest thread 'AssetGarbageCollectorHelper' state=Blocked reason=_umtx_op_wait
[LOADER][INFO] guest_threads.timeout_wake count=1
[LOADER][INFO] Pumping guest thread 'AssetGarbageCollectorHelper' reason=dispatcher resume=0x000000080A821799
[LOADER][INFO] Guest thread yield at import#5525: nid=04AjkP0jO9U ret=0x000000080A821799 reason=_umtx_op_wait
[LOADER][INFO] Guest thread 'AssetGarbageCollectorHelper' state=Blocked reason=_umtx_op_wait
[LOADER][INFO] guest_threads.timeout_wake count=1
[LOADER][INFO] Pumping guest thread 'AssetGarbageCollectorHelper' reason=dispatcher resume=0x000000080A821799
[LOADER][INFO] Guest thread yield at import#5782: nid=04AjkP0jO9U ret=0x000000080A821799 reason=_umtx_op_wait
[LOADER][INFO] Guest thread 'AssetGarbageCollectorHelper' state=Blocked reason=_umtx_op_wait
[LOADER][INFO] guest_threads.timeout_wake count=1
[LOADER][INFO] Pumping guest thread 'AssetGarbageCollectorHelper' reason=dispatcher resume=0x000000080A821799
[LOADER][INFO] Guest thread yield at import#7574: nid=04AjkP0jO9U ret=0x000000080A821799 reason=_umtx_op_wait
[LOADER][INFO] Guest thread 'AssetGarbageCollectorHelper' state=Blocked reason=_umtx_op_wait
[LOADER][INFO] guest_threads.timeout_wake count=1
[LOADER][INFO] guest_threads.timeout_wake count=1
[LOADER][INFO] Pumping guest thread 'AssetGarbageCollectorHelper' reason=dispatcher resume=0x000000080A821799
[LOADER][INFO] Pumping guest thread 'AssetGarbageCollectorHelper' reason=dispatcher resume=0x000000080A821799
[LOADER][INFO] Guest thread yield at import#8341: nid=04AjkP0jO9U ret=0x000000080A821799 reason=_umtx_op_wait
[LOADER][INFO] Guest thread yield at import#7317: nid=04AjkP0jO9U ret=0x000000080A821799 reason=_umtx_op_wait
[LOADER][INFO] Guest thread 'AssetGarbageCollectorHelper' state=Blocked reason=_umtx_op_wait
[LOADER][INFO] Guest thread 'AssetGarbageCollectorHelper' state=Blocked reason=_umtx_op_wait
[LOADER][INFO] guest_threads.timeout_wake count=2
[LOADER][INFO] Pumping guest thread 'AssetGarbageCollectorHelper' reason=dispatcher resume=0x000000080A821799
[LOADER][INFO] Pumping guest thread 'AssetGarbageCollectorHelper' reason=dispatcher resume=0x000000080A821799
[LOADER][INFO] Guest thread yield at import#6037: nid=04AjkP0jO9U ret=0x000000080A821799 reason=_umtx_op_wait
[LOADER][INFO] Guest thread 'AssetGarbageCollectorHelper' state=Blocked reason=_umtx_op_wait
[LOADER][INFO] Guest thread yield at import#7829: nid=04AjkP0jO9U ret=0x000000080A821799 reason=_umtx_op_wait
[LOADER][INFO] Guest thread 'AssetGarbageCollectorHelper' state=Blocked reason=_umtx_op_wait
[LOADER][INFO] guest_threads.timeout_wake count=2
[LOADER][INFO] Pumping guest thread 'AssetGarbageCollectorHelper' reason=dispatcher resume=0x000000080A821799
[LOADER][INFO] Pumping guest thread 'AssetGarbageCollectorHelper' reason=dispatcher resume=0x000000080A821799
[LOADER][INFO] Guest thread yield at import#5270: nid=04AjkP0jO9U ret=0x000000080A821799 reason=_umtx_op_wait
[LOADER][INFO] Guest thread yield at import#6294: nid=04AjkP0jO9U ret=0x000000080A821799 reason=_umtx_op_wait
[LOADER][INFO] Guest thread 'AssetGarbageCollectorHelper' state=Blocked reason=_umtx_op_wait
[LOADER][INFO] Guest thread 'AssetGarbageCollectorHelper' state=Blocked reason=_umtx_op_wait
[LOADER][INFO] guest_threads.timeout_wake count=1
[LOADER][INFO] Pumping guest thread 'AssetGarbageCollectorHelper' reason=dispatcher resume=0x000000080A821799
[LOADER][INFO] Guest thread yield at import#7062: nid=04AjkP0jO9U ret=0x000000080A821799 reason=_umtx_op_wait
[LOADER][INFO] Guest thread 'AssetGarbageCollectorHelper' state=Blocked reason=_umtx_op_wait
[LOADER][INFO] guest_threads.timeout_wake count=2
[LOADER][INFO] Pumping guest thread 'AssetGarbageCollectorHelper' reason=ready-dispatch resume=0x000000080A821799
[LOADER][INFO] Pumping guest thread 'AssetGarbageCollectorHelper' reason=ready-dispatch resume=0x000000080A821799
[LOADER][INFO] Guest thread yield at import#8598: nid=04AjkP0jO9U ret=0x000000080A821799 reason=_umtx_op_wait
[LOADER][INFO] Guest thread yield at import#8086: nid=04AjkP0jO9U ret=0x000000080A821799 reason=_umtx_op_wait
[LOADER][INFO] Guest thread 'AssetGarbageCollectorHelper' state=Blocked reason=_umtx_op_wait
[LOADER][INFO] Guest thread 'AssetGarbageCollectorHelper' state=Blocked reason=_umtx_op_wait
[LOADER][INFO] guest_threads.timeout_wake count=1
[LOADER][INFO] Pumping guest thread 'AssetGarbageCollectorHelper' reason=ready-dispatch resume=0x000000080A821799
[LOADER][INFO] Guest thread yield at import#6806: nid=04AjkP0jO9U ret=0x000000080A821799 reason=_umtx_op_wait
[LOADER][INFO] Guest thread 'AssetGarbageCollectorHelper' state=Blocked reason=_umtx_op_wait
[LOADER][INFO] guest_threads.timeout_wake count=1
[LOADER][INFO] Pumping guest thread 'AssetGarbageCollectorHelper' reason=ready-dispatch resume=0x000000080A821799
[LOADER][INFO] Guest thread yield at import#5526: nid=04AjkP0jO9U ret=0x000000080A821799 reason=_umtx_op_wait
[LOADER][INFO] Guest thread 'AssetGarbageCollectorHelper' state=Blocked reason=_umtx_op_wait
[LOADER][INFO] guest_threads.timeout_wake count=1
[LOADER][INFO] Pumping guest thread 'AssetGarbageCollectorHelper' reason=ready-dispatch resume=0x000000080A821799
[LOADER][INFO] Guest thread yield at import#5783: nid=04AjkP0jO9U ret=0x000000080A821799 reason=_umtx_op_wait
[LOADER][INFO] Guest thread 'AssetGarbageCollectorHelper' state=Blocked reason=_umtx_op_wait
[LOADER][INFO] guest_threads.timeout_wake count=1
[LOADER][INFO] Pumping guest thread 'AssetGarbageCollectorHelper' reason=dispatcher resume=0x000000080A821799
[LOADER][INFO] Guest thread yield at import#7575: nid=04AjkP0jO9U ret=0x000000080A821799 reason=_umtx_op_wait
[LOADER][INFO] Guest thread 'AssetGarbageCollectorHelper' state=Blocked reason=_umtx_op_wait
[LOADER][INFO] guest_threads.timeout_wake count=2
[LOADER][INFO] Pumping guest thread 'AssetGarbageCollectorHelper' reason=dispatcher resume=0x000000080A821799
[LOADER][INFO] Pumping guest thread 'AssetGarbageCollectorHelper' reason=dispatcher resume=0x000000080A821799
[LOADER][INFO] Guest thread yield at import#8342: nid=04AjkP0jO9U ret=0x000000080A821799 reason=_umtx_op_wait
[LOADER][INFO] Guest thread yield at import#7318: nid=04AjkP0jO9U ret=0x000000080A821799 reason=_umtx_op_wait
[LOADER][INFO] Guest thread 'AssetGarbageCollectorHelper' state=Blocked reason=_umtx_op_wait
[LOADER][INFO] Guest thread 'AssetGarbageCollectorHelper' state=Blocked reason=_umtx_op_wait
[LOADER][INFO] guest_threads.timeout_wake count=2
[LOADER][INFO] Pumping guest thread 'AssetGarbageCollectorHelper' reason=dispatcher resume=0x000000080A821799
[LOADER][INFO] Pumping guest thread 'AssetGarbageCollectorHelper' reason=dispatcher resume=0x000000080A821799
[LOADER][INFO] Guest thread yield at import#6038: nid=04AjkP0jO9U ret=0x000000080A821799 reason=_umtx_op_wait
[LOADER][INFO] Guest thread yield at import#7830: nid=04AjkP0jO9U ret=0x000000080A821799 reason=_umtx_op_wait
[LOADER][INFO] Guest thread 'AssetGarbageCollectorHelper' state=Blocked reason=_umtx_op_wait
[LOADER][INFO] Guest thread 'AssetGarbageCollectorHelper' state=Blocked reason=_umtx_op_wait
[LOADER][INFO] guest_threads.timeout_wake count=2
[LOADER][INFO] Pumping guest thread 'AssetGarbageCollectorHelper' reason=ready-dispatch resume=0x000000080A821799
[LOADER][INFO] Guest thread yield at import#6295: nid=04AjkP0jO9U ret=0x000000080A821799 reason=_umtx_op_wait
[LOADER][INFO] Pumping guest thread 'AssetGarbageCollectorHelper' reason=ready-dispatch resume=0x000000080A821799
[LOADER][INFO] Guest thread 'AssetGarbageCollectorHelper' state=Blocked reason=_umtx_op_wait
[LOADER][INFO] Guest thread yield at import#5271: nid=04AjkP0jO9U ret=0x000000080A821799 reason=_umtx_op_wait
[LOADER][INFO] Guest thread 'AssetGarbageCollectorHelper' state=Blocked reason=_umtx_op_wait
[LOADER][INFO] guest_threads.timeout_wake count=1
[LOADER][INFO] Pumping guest thread 'AssetGarbageCollectorHelper' reason=dispatcher resume=0x000000080A821799
[LOADER][INFO] Guest thread yield at import#7063: nid=04AjkP0jO9U ret=0x000000080A821799 reason=_umtx_op_wait
[LOADER][INFO] Guest thread 'AssetGarbageCollectorHelper' state=Blocked reason=_umtx_op_wait
[LOADER][INFO] guest_threads.timeout_wake count=2
[LOADER][INFO] Pumping guest thread 'AssetGarbageCollectorHelper' reason=dispatcher resume=0x000000080A821799
[LOADER][INFO] Pumping guest thread 'AssetGarbageCollectorHelper' reason=dispatcher resume=0x000000080A821799
[LOADER][INFO] Guest thread yield at import#8087: nid=04AjkP0jO9U ret=0x000000080A821799 reason=_umtx_op_wait
[LOADER][INFO] Guest thread yield at import#8599: nid=04AjkP0jO9U ret=0x000000080A821799 reason=_umtx_op_wait
[LOADER][INFO] Guest thread 'AssetGarbageCollectorHelper' state=Blocked reason=_umtx_op_wait
[LOADER][INFO] Guest thread 'AssetGarbageCollectorHelper' state=Blocked reason=_umtx_op_wait
[LOADER][INFO] guest_threads.timeout_wake count=1
[LOADER][INFO] Pumping guest thread 'AssetGarbageCollectorHelper' reason=ready-dispatch resume=0x000000080A821799
[LOADER][INFO] Guest thread yield at import#6807: nid=04AjkP0jO9U ret=0x000000080A821799 reason=_umtx_op_wait
[LOADER][INFO] Guest thread 'AssetGarbageCollectorHelper' state=Blocked reason=_umtx_op_wait
[LOADER][INFO] guest_threads.timeout_wake count=1
[LOADER][INFO] Pumping guest thread 'AssetGarbageCollectorHelper' reason=ready-dispatch resume=0x000000080A821799
[LOADER][INFO] Guest thread yield at import#5527: nid=04AjkP0jO9U ret=0x000000080A821799 reason=_umtx_op_wait
[LOADER][INFO] Guest thread 'AssetGarbageCollectorHelper' state=Blocked reason=_umtx_op_wait
[LOADER][INFO] guest_threads.timeout_wake count=1
[LOADER][INFO] Pumping guest thread 'AssetGarbageCollectorHelper' reason=dispatcher resume=0x000000080A821799
[LOADER][INFO] Guest thread yield at import#5784: nid=04AjkP0jO9U ret=0x000000080A821799 reason=_umtx_op_wait
[LOADER][INFO] Guest thread 'AssetGarbageCollectorHelper' state=Blocked reason=_umtx_op_wait
[LOADER][INFO] guest_threads.timeout_wake count=1
[LOADER][INFO] Pumping guest thread 'AssetGarbageCollectorHelper' reason=dispatcher resume=0x000000080A821799
[LOADER][INFO] Guest thread yield at import#7576: nid=04AjkP0jO9U ret=0x000000080A821799 reason=_umtx_op_wait
[LOADER][INFO] Guest thread 'AssetGarbageCollectorHelper' state=Blocked reason=_umtx_op_wait
[LOADER][INFO] guest_threads.timeout_wake count=2
[LOADER][INFO] Pumping guest thread 'AssetGarbageCollectorHelper' reason=dispatcher resume=0x000000080A821799
[LOADER][INFO] Pumping guest thread 'AssetGarbageCollectorHelper' reason=dispatcher resume=0x000000080A821799
[LOADER][INFO] Guest thread yield at import#8343: nid=04AjkP0jO9U ret=0x000000080A821799 reason=_umtx_op_wait
[LOADER][INFO] Guest thread yield at import#7319: nid=04AjkP0jO9U ret=0x000000080A821799 reason=_umtx_op_wait
[LOADER][INFO] Guest thread 'AssetGarbageCollectorHelper' state=Blocked reason=_umtx_op_wait
[LOADER][INFO] Guest thread 'AssetGarbageCollectorHelper' state=Blocked reason=_umtx_op_wait
[LOADER][INFO] guest_threads.timeout_wake count=2
[LOADER][INFO] Pumping guest thread 'AssetGarbageCollectorHelper' reason=dispatcher resume=0x000000080A821799
[LOADER][INFO] Pumping guest thread 'AssetGarbageCollectorHelper' reason=dispatcher resume=0x000000080A821799
[LOADER][INFO] Guest thread yield at import#7831: nid=04AjkP0jO9U ret=0x000000080A821799 reason=_umtx_op_wait
[LOADER][INFO] Guest thread yield at import#6039: nid=04AjkP0jO9U ret=0x000000080A821799 reason=_umtx_op_wait
[LOADER][INFO] Guest thread 'AssetGarbageCollectorHelper' state=Blocked reason=_umtx_op_wait
[LOADER][INFO] Guest thread 'AssetGarbageCollectorHelper' state=Blocked reason=_umtx_op_wait
[LOADER][INFO] guest_threads.timeout_wake count=1
[LOADER][INFO] Pumping guest thread 'AssetGarbageCollectorHelper' reason=ready-dispatch resume=0x000000080A821799
[LOADER][INFO] Guest thread yield at import#6296: nid=04AjkP0jO9U ret=0x000000080A821799 reason=_umtx_op_wait
[LOADER][INFO] Guest thread 'AssetGarbageCollectorHelper' state=Blocked reason=_umtx_op_wait
[LOADER][INFO] guest_threads.timeout_wake count=1
[LOADER][INFO] guest_threads.timeout_wake count=1
[LOADER][INFO] Pumping guest thread 'AssetGarbageCollectorHelper' reason=ready-dispatch resume=0x000000080A821799
[LOADER][INFO] Pumping guest thread 'AssetGarbageCollectorHelper' reason=ready-dispatch resume=0x000000080A821799
[LOADER][INFO] Guest thread yield at import#7064: nid=04AjkP0jO9U ret=0x000000080A821799 reason=_umtx_op_wait
[LOADER][INFO] Guest thread yield at import#5272: nid=04AjkP0jO9U ret=0x000000080A821799 reason=_umtx_op_wait
[LOADER][INFO] Guest thread 'AssetGarbageCollectorHelper' state=Blocked reason=_umtx_op_wait
[LOADER][INFO] Guest thread 'AssetGarbageCollectorHelper' state=Blocked reason=_umtx_op_wait
[LOADER][INFO] guest_threads.timeout_wake count=2
[LOADER][INFO] Pumping guest thread 'AssetGarbageCollectorHelper' reason=ready-dispatch resume=0x000000080A821799
[LOADER][INFO] Pumping guest thread 'AssetGarbageCollectorHelper' reason=ready-dispatch resume=0x000000080A821799
[LOADER][INFO] Guest thread yield at import#8088: nid=04AjkP0jO9U ret=0x000000080A821799 reason=_umtx_op_wait
[LOADER][INFO] Guest thread 'AssetGarbageCollectorHelper' state=Blocked reason=_umtx_op_wait
[LOADER][INFO] Guest thread yield at import#8600: nid=04AjkP0jO9U ret=0x000000080A821799 reason=_umtx_op_wait
[LOADER][INFO] Guest thread 'AssetGarbageCollectorHelper' state=Blocked reason=_umtx_op_wait
[LOADER][INFO] guest_threads.timeout_wake count=1
[LOADER][INFO] Pumping guest thread 'AssetGarbageCollectorHelper' reason=dispatcher resume=0x000000080A821799
[LOADER][INFO] Guest thread yield at import#6808: nid=04AjkP0jO9U ret=0x000000080A821799 reason=_umtx_op_wait
[LOADER][INFO] Guest thread 'AssetGarbageCollectorHelper' state=Blocked reason=_umtx_op_wait
[LOADER][INFO] guest_threads.timeout_wake count=1
[LOADER][INFO] Pumping guest thread 'AssetGarbageCollectorHelper' reason=ready-dispatch resume=0x000000080A821799
[LOADER][INFO] Guest thread yield at import#5528: nid=04AjkP0jO9U ret=0x000000080A821799 reason=_umtx_op_wait
[LOADER][INFO] Guest thread 'AssetGarbageCollectorHelper' state=Blocked reason=_umtx_op_wait
[LOADER][INFO] guest_threads.timeout_wake count=1
[LOADER][INFO] Pumping guest thread 'AssetGarbageCollectorHelper' reason=ready-dispatch resume=0x000000080A821799
[LOADER][INFO] Guest thread yield at import#5785: nid=04AjkP0jO9U ret=0x000000080A821799 reason=_umtx_op_wait
[LOADER][INFO] Guest thread 'AssetGarbageCollectorHelper' state=Blocked reason=_umtx_op_wait
[LOADER][INFO] guest_threads.timeout_wake count=1
[LOADER][INFO] Pumping guest thread 'AssetGarbageCollectorHelper' reason=dispatcher resume=0x000000080A821799
[LOADER][INFO] Guest thread yield at import#7577: nid=04AjkP0jO9U ret=0x000000080A821799 reason=_umtx_op_wait
[LOADER][INFO] Guest thread 'AssetGarbageCollectorHelper' state=Blocked reason=_umtx_op_wait
[LOADER][INFO] guest_threads.timeout_wake count=2
[LOADER][INFO] Pumping guest thread 'AssetGarbageCollectorHelper' reason=dispatcher resume=0x000000080A821799
[LOADER][INFO] Guest thread yield at import#8344: nid=04AjkP0jO9U ret=0x000000080A821799 reason=_umtx_op_wait
[LOADER][INFO] Pumping guest thread 'AssetGarbageCollectorHelper' reason=dispatcher resume=0x000000080A821799
[LOADER][INFO] Guest thread 'AssetGarbageCollectorHelper' state=Blocked reason=_umtx_op_wait
[LOADER][INFO] Guest thread yield at import#7320: nid=04AjkP0jO9U ret=0x000000080A821799 reason=_umtx_op_wait
[LOADER][INFO] Guest thread 'AssetGarbageCollectorHelper' state=Blocked reason=_umtx_op_wait
[LOADER][INFO] guest_threads.timeout_wake count=1
[LOADER][INFO] guest_threads.timeout_wake count=1
[LOADER][INFO] Pumping guest thread 'AssetGarbageCollectorHelper' reason=dispatcher resume=0x000000080A821799
[LOADER][INFO] Pumping guest thread 'AssetGarbageCollectorHelper' reason=dispatcher resume=0x000000080A821799
[LOADER][INFO] Guest thread yield at import#7832: nid=04AjkP0jO9U ret=0x000000080A821799 reason=_umtx_op_wait
[LOADER][INFO] Guest thread 'AssetGarbageCollectorHelper' state=Blocked reason=_umtx_op_wait
[LOADER][INFO] Guest thread yield at import#6040: nid=04AjkP0jO9U ret=0x000000080A821799 reason=_umtx_op_wait
[LOADER][INFO] Guest thread 'AssetGarbageCollectorHelper' state=Blocked reason=_umtx_op_wait
[LOADER][INFO] guest_threads.timeout_wake count=1
[LOADER][INFO] Pumping guest thread 'AssetGarbageCollectorHelper' reason=ready-dispatch resume=0x000000080A821799
[LOADER][INFO] Guest thread yield at import#6297: nid=04AjkP0jO9U ret=0x000000080A821799 reason=_umtx_op_wait
[LOADER][INFO] Guest thread 'AssetGarbageCollectorHelper' state=Blocked reason=_umtx_op_wait
[LOADER][INFO] guest_threads.timeout_wake count=2
[LOADER][INFO] Pumping guest thread 'AssetGarbageCollectorHelper' reason=dispatcher resume=0x000000080A821799
[LOADER][INFO] Pumping guest thread 'AssetGarbageCollectorHelper' reason=dispatcher resume=0x000000080A821799
[LOADER][INFO] Guest thread yield at import#7065: nid=04AjkP0jO9U ret=0x000000080A821799 reason=_umtx_op_wait
[LOADER][INFO] Guest thread yield at import#5273: nid=04AjkP0jO9U ret=0x000000080A821799 reason=_umtx_op_wait
[LOADER][INFO] Guest thread 'AssetGarbageCollectorHelper' state=Blocked reason=_umtx_op_wait
[LOADER][INFO] Guest thread 'AssetGarbageCollectorHelper' state=Blocked reason=_umtx_op_wait
[LOADER][INFO] guest_threads.timeout_wake count=2
[LOADER][INFO] Pumping guest thread 'AssetGarbageCollectorHelper' reason=dispatcher resume=0x000000080A821799
[LOADER][INFO] Guest thread yield at import#8601: nid=04AjkP0jO9U ret=0x000000080A821799 reason=_umtx_op_wait
[LOADER][INFO] Pumping guest thread 'AssetGarbageCollectorHelper' reason=dispatcher resume=0x000000080A821799
[LOADER][INFO] Guest thread 'AssetGarbageCollectorHelper' state=Blocked reason=_umtx_op_wait
[LOADER][INFO] Guest thread yield at import#8089: nid=04AjkP0jO9U ret=0x000000080A821799 reason=_umtx_op_wait
[LOADER][INFO] Guest thread 'AssetGarbageCollectorHelper' state=Blocked reason=_umtx_op_wait
[LOADER][INFO] guest_threads.timeout_wake count=1
[LOADER][INFO] Pumping guest thread 'AssetGarbageCollectorHelper' reason=dispatcher resume=0x000000080A821799
[LOADER][INFO] Guest thread yield at import#6809: nid=04AjkP0jO9U ret=0x000000080A821799 reason=_umtx_op_wait
[LOADER][INFO] Guest thread 'AssetGarbageCollectorHelper' state=Blocked reason=_umtx_op_wait
[LOADER][INFO] guest_threads.timeout_wake count=1
[LOADER][INFO] Pumping guest thread 'AssetGarbageCollectorHelper' reason=dispatcher resume=0x000000080A821799
[LOADER][INFO] Guest thread yield at import#5529: nid=04AjkP0jO9U ret=0x000000080A821799 reason=_umtx_op_wait
[LOADER][INFO] Guest thread 'AssetGarbageCollectorHelper' state=Blocked reason=_umtx_op_wait
[LOADER][INFO] guest_threads.timeout_wake count=1
[LOADER][INFO] Pumping guest thread 'AssetGarbageCollectorHelper' reason=ready-dispatch resume=0x000000080A821799
[LOADER][INFO] Guest thread yield at import#5786: nid=04AjkP0jO9U ret=0x000000080A821799 reason=_umtx_op_wait
[LOADER][INFO] Guest thread 'AssetGarbageCollectorHelper' state=Blocked reason=_umtx_op_wait
[LOADER][INFO] guest_threads.timeout_wake count=1
[LOADER][INFO] Pumping guest thread 'AssetGarbageCollectorHelper' reason=ready-dispatch resume=0x000000080A821799
[LOADER][INFO] Guest thread yield at import#7578: nid=04AjkP0jO9U ret=0x000000080A821799 reason=_umtx_op_wait
[LOADER][INFO] Guest thread 'AssetGarbageCollectorHelper' state=Blocked reason=_umtx_op_wait
[LOADER][INFO] guest_threads.timeout_wake count=1
[LOADER][INFO] Pumping guest thread 'AssetGarbageCollectorHelper' reason=ready-dispatch resume=0x000000080A821799
[LOADER][INFO] Guest thread yield at import#8345: nid=04AjkP0jO9U ret=0x000000080A821799 reason=_umtx_op_wait
[LOADER][INFO] Guest thread 'AssetGarbageCollectorHelper' state=Blocked reason=_umtx_op_wait
[LOADER][INFO] guest_threads.timeout_wake count=1
[LOADER][INFO] Pumping guest thread 'AssetGarbageCollectorHelper' reason=dispatcher resume=0x000000080A821799
[LOADER][INFO] Guest thread yield at import#7321: nid=04AjkP0jO9U ret=0x000000080A821799 reason=_umtx_op_wait
[LOADER][INFO] Guest thread 'AssetGarbageCollectorHelper' state=Blocked reason=_umtx_op_wait
[LOADER][INFO] guest_threads.timeout_wake count=2
[LOADER][INFO] Pumping guest thread 'AssetGarbageCollectorHelper' reason=ready-dispatch resume=0x000000080A821799
[LOADER][INFO] Pumping guest thread 'AssetGarbageCollectorHelper' reason=ready-dispatch resume=0x000000080A821799
[LOADER][INFO] Guest thread yield at import#7833: nid=04AjkP0jO9U ret=0x000000080A821799 reason=_umtx_op_wait
[LOADER][INFO] Guest thread yield at import#6041: nid=04AjkP0jO9U ret=0x000000080A821799 reason=_umtx_op_wait
[LOADER][INFO] Guest thread 'AssetGarbageCollectorHelper' state=Blocked reason=_umtx_op_wait
[LOADER][INFO] Guest thread 'AssetGarbageCollectorHelper' state=Blocked reason=_umtx_op_wait
[LOADER][INFO] guest_threads.timeout_wake count=1
[LOADER][INFO] Pumping guest thread 'AssetGarbageCollectorHelper' reason=dispatcher resume=0x000000080A821799
[LOADER][INFO] Guest thread yield at import#6298: nid=04AjkP0jO9U ret=0x000000080A821799 reason=_umtx_op_wait
[LOADER][INFO] Guest thread 'AssetGarbageCollectorHelper' state=Blocked reason=_umtx_op_wait
[LOADER][INFO] guest_threads.timeout_wake count=2
[LOADER][INFO] Pumping guest thread 'AssetGarbageCollectorHelper' reason=dispatcher resume=0x000000080A821799
[LOADER][INFO] Pumping guest thread 'AssetGarbageCollectorHelper' reason=dispatcher resume=0x000000080A821799
[LOADER][INFO] Guest thread yield at import#7066: nid=04AjkP0jO9U ret=0x000000080A821799 reason=_umtx_op_wait
[LOADER][INFO] Guest thread yield at import#5274: nid=04AjkP0jO9U ret=0x000000080A821799 reason=_umtx_op_wait
[LOADER][INFO] Guest thread 'AssetGarbageCollectorHelper' state=Blocked reason=_umtx_op_wait
[LOADER][INFO] Guest thread 'AssetGarbageCollectorHelper' state=Blocked reason=_umtx_op_wait
[LOADER][INFO] guest_threads.timeout_wake count=2
[LOADER][INFO] Pumping guest thread 'AssetGarbageCollectorHelper' reason=dispatcher resume=0x000000080A821799
[LOADER][INFO] Pumping guest thread 'AssetGarbageCollectorHelper' reason=dispatcher resume=0x000000080A821799
[LOADER][INFO] Guest thread yield at import#8090: nid=04AjkP0jO9U ret=0x000000080A821799 reason=_umtx_op_wait
[LOADER][INFO] Guest thread yield at import#8602: nid=04AjkP0jO9U ret=0x000000080A821799 reason=_umtx_op_wait
[LOADER][INFO] Guest thread 'AssetGarbageCollectorHelper' state=Blocked reason=_umtx_op_wait
[LOADER][INFO] Guest thread 'AssetGarbageCollectorHelper' state=Blocked reason=_umtx_op_wait
[LOADER][INFO] guest_threads.timeout_wake count=1
[LOADER][INFO] Pumping guest thread 'AssetGarbageCollectorHelper' reason=dispatcher resume=0x000000080A821799
[LOADER][INFO] Guest thread yield at import#6810: nid=04AjkP0jO9U ret=0x000000080A821799 reason=_umtx_op_wait
[LOADER][INFO] Guest thread 'AssetGarbageCollectorHelper' state=Blocked reason=_umtx_op_wait
[LOADER][INFO] guest_threads.timeout_wake count=1
[LOADER][INFO] Pumping guest thread 'AssetGarbageCollectorHelper' reason=ready-dispatch resume=0x000000080A821799
[LOADER][INFO] Guest thread yield at import#5530: nid=04AjkP0jO9U ret=0x000000080A821799 reason=_umtx_op_wait
[LOADER][INFO] Guest thread 'AssetGarbageCollectorHelper' state=Blocked reason=_umtx_op_wait
[LOADER][INFO] guest_threads.timeout_wake count=1
[LOADER][INFO] Pumping guest thread 'AssetGarbageCollectorHelper' reason=dispatcher resume=0x000000080A821799
[LOADER][INFO] Guest thread yield at import#5787: nid=04AjkP0jO9U ret=0x000000080A821799 reason=_umtx_op_wait
[LOADER][INFO] Guest thread 'AssetGarbageCollectorHelper' state=Blocked reason=_umtx_op_wait
[LOADER][INFO] guest_threads.timeout_wake count=1
[LOADER][INFO] Pumping guest thread 'AssetGarbageCollectorHelper' reason=ready-dispatch resume=0x000000080A821799
[LOADER][INFO] Guest thread yield at import#7579: nid=04AjkP0jO9U ret=0x000000080A821799 reason=_umtx_op_wait
[LOADER][INFO] Guest thread 'AssetGarbageCollectorHelper' state=Blocked reason=_umtx_op_wait
[LOADER][INFO] guest_threads.timeout_wake count=1
[LOADER][INFO] Pumping guest thread 'AssetGarbageCollectorHelper' reason=ready-dispatch resume=0x000000080A821799
[LOADER][INFO] Guest thread yield at import#8346: nid=04AjkP0jO9U ret=0x000000080A821799 reason=_umtx_op_wait
[LOADER][INFO] Guest thread 'AssetGarbageCollectorHelper' state=Blocked reason=_umtx_op_wait
[LOADER][INFO] guest_threads.timeout_wake count=1
[LOADER][INFO] Pumping guest thread 'AssetGarbageCollectorHelper' reason=ready-dispatch resume=0x000000080A821799
[LOADER][INFO] Guest thread yield at import#7322: nid=04AjkP0jO9U ret=0x000000080A821799 reason=_umtx_op_wait
[LOADER][INFO] Guest thread 'AssetGarbageCollectorHelper' state=Blocked reason=_umtx_op_wait
[LOADER][INFO] guest_threads.timeout_wake count=2
[LOADER][INFO] Pumping guest thread 'AssetGarbageCollectorHelper' reason=ready-dispatch resume=0x000000080A821799
[LOADER][INFO] Pumping guest thread 'AssetGarbageCollectorHelper' reason=ready-dispatch resume=0x000000080A821799
[LOADER][INFO] Guest thread yield at import#7834: nid=04AjkP0jO9U ret=0x000000080A821799 reason=_umtx_op_wait
[LOADER][INFO] Guest thread yield at import#6042: nid=04AjkP0jO9U ret=0x000000080A821799 reason=_umtx_op_wait
[LOADER][INFO] Guest thread 'AssetGarbageCollectorHelper' state=Blocked reason=_umtx_op_wait
[LOADER][INFO] Guest thread 'AssetGarbageCollectorHelper' state=Blocked reason=_umtx_op_wait
[LOADER][INFO] guest_threads.timeout_wake count=1
[LOADER][INFO] Pumping guest thread 'AssetGarbageCollectorHelper' reason=dispatcher resume=0x000000080A821799
[LOADER][INFO] Guest thread yield at import#6299: nid=04AjkP0jO9U ret=0x000000080A821799 reason=_umtx_op_wait
[LOADER][INFO] Guest thread 'AssetGarbageCollectorHelper' state=Blocked reason=_umtx_op_wait
[LOADER][INFO] guest_threads.timeout_wake count=1
[LOADER][INFO] guest_threads.timeout_wake count=1
[LOADER][INFO] Pumping guest thread 'AssetGarbageCollectorHelper' reason=dispatcher resume=0x000000080A821799
[LOADER][INFO] Pumping guest thread 'AssetGarbageCollectorHelper' reason=dispatcher resume=0x000000080A821799
[LOADER][INFO] Guest thread yield at import#5275: nid=04AjkP0jO9U ret=0x000000080A821799 reason=_umtx_op_wait
[LOADER][INFO] Guest thread yield at import#7067: nid=04AjkP0jO9U ret=0x000000080A821799 reason=_umtx_op_wait
[LOADER][INFO] Guest thread 'AssetGarbageCollectorHelper' state=Blocked reason=_umtx_op_wait
[LOADER][INFO] Guest thread 'AssetGarbageCollectorHelper' state=Blocked reason=_umtx_op_wait
[LOADER][INFO] guest_threads.timeout_wake count=2
[LOADER][INFO] Pumping guest thread 'AssetGarbageCollectorHelper' reason=ready-dispatch resume=0x000000080A821799
[LOADER][INFO] Pumping guest thread 'AssetGarbageCollectorHelper' reason=ready-dispatch resume=0x000000080A821799
[LOADER][INFO] Guest thread yield at import#8091: nid=04AjkP0jO9U ret=0x000000080A821799 reason=_umtx_op_wait
[LOADER][INFO] Guest thread 'AssetGarbageCollectorHelper' state=Blocked reason=_umtx_op_wait
[LOADER][INFO] Guest thread yield at import#8603: nid=04AjkP0jO9U ret=0x000000080A821799 reason=_umtx_op_wait
[LOADER][INFO] Guest thread 'AssetGarbageCollectorHelper' state=Blocked reason=_umtx_op_wait
[LOADER][INFO] guest_threads.timeout_wake count=1
[LOADER][INFO] Pumping guest thread 'AssetGarbageCollectorHelper' reason=ready-dispatch resume=0x000000080A821799
[LOADER][INFO] Guest thread yield at import#6811: nid=04AjkP0jO9U ret=0x000000080A821799 reason=_umtx_op_wait
[LOADER][INFO] Guest thread 'AssetGarbageCollectorHelper' state=Blocked reason=_umtx_op_wait
[LOADER][INFO] guest_threads.timeout_wake count=1
[LOADER][INFO] Pumping guest thread 'AssetGarbageCollectorHelper' reason=dispatcher resume=0x000000080A821799
[LOADER][INFO] Guest thread yield at import#5531: nid=04AjkP0jO9U ret=0x000000080A821799 reason=_umtx_op_wait
[LOADER][INFO] Guest thread 'AssetGarbageCollectorHelper' state=Blocked reason=_umtx_op_wait
[LOADER][INFO] guest_threads.timeout_wake count=1
[LOADER][INFO] Pumping guest thread 'AssetGarbageCollectorHelper' reason=ready-dispatch resume=0x000000080A821799
[LOADER][INFO] Guest thread yield at import#5788: nid=04AjkP0jO9U ret=0x000000080A821799 reason=_umtx_op_wait
[LOADER][INFO] Guest thread 'AssetGarbageCollectorHelper' state=Blocked reason=_umtx_op_wait
[LOADER][INFO] guest_threads.timeout_wake count=1
[LOADER][INFO] Pumping guest thread 'AssetGarbageCollectorHelper' reason=dispatcher resume=0x000000080A821799
[LOADER][INFO] Guest thread yield at import#7580: nid=04AjkP0jO9U ret=0x000000080A821799 reason=_umtx_op_wait
[LOADER][INFO] Guest thread 'AssetGarbageCollectorHelper' state=Blocked reason=_umtx_op_wait
[LOADER][INFO] guest_threads.timeout_wake count=1
[LOADER][INFO] Pumping guest thread 'AssetGarbageCollectorHelper' reason=ready-dispatch resume=0x000000080A821799
[LOADER][INFO] Guest thread yield at import#8347: nid=04AjkP0jO9U ret=0x000000080A821799 reason=_umtx_op_wait
[LOADER][INFO] Guest thread 'AssetGarbageCollectorHelper' state=Blocked reason=_umtx_op_wait
[LOADER][INFO] guest_threads.timeout_wake count=1
[LOADER][INFO] Pumping guest thread 'AssetGarbageCollectorHelper' reason=dispatcher resume=0x000000080A821799
[LOADER][INFO] Guest thread yield at import#7323: nid=04AjkP0jO9U ret=0x000000080A821799 reason=_umtx_op_wait
[LOADER][INFO] Guest thread 'AssetGarbageCollectorHelper' state=Blocked reason=_umtx_op_wait
[LOADER][INFO] guest_threads.timeout_wake count=2
[LOADER][INFO] Pumping guest thread 'AssetGarbageCollectorHelper' reason=ready-dispatch resume=0x000000080A821799
[LOADER][INFO] Pumping guest thread 'AssetGarbageCollectorHelper' reason=ready-dispatch resume=0x000000080A821799
[LOADER][INFO] Guest thread yield at import#6043: nid=04AjkP0jO9U ret=0x000000080A821799 reason=_umtx_op_wait
[LOADER][INFO] Guest thread yield at import#7835: nid=04AjkP0jO9U ret=0x000000080A821799 reason=_umtx_op_wait
[LOADER][INFO] Guest thread 'AssetGarbageCollectorHelper' state=Blocked reason=_umtx_op_wait
[LOADER][INFO] Guest thread 'AssetGarbageCollectorHelper' state=Blocked reason=_umtx_op_wait
[LOADER][INFO] guest_threads.timeout_wake count=1
[LOADER][INFO] Pumping guest thread 'AssetGarbageCollectorHelper' reason=dispatcher resume=0x000000080A821799
[LOADER][INFO] Guest thread yield at import#6300: nid=04AjkP0jO9U ret=0x000000080A821799 reason=_umtx_op_wait
[LOADER][INFO] Guest thread 'AssetGarbageCollectorHelper' state=Blocked reason=_umtx_op_wait
[LOADER][INFO] guest_threads.timeout_wake count=2
[LOADER][INFO] Pumping guest thread 'AssetGarbageCollectorHelper' reason=dispatcher resume=0x000000080A821799
[LOADER][INFO] Pumping guest thread 'AssetGarbageCollectorHelper' reason=dispatcher resume=0x000000080A821799
[LOADER][INFO] Guest thread yield at import#5276: nid=04AjkP0jO9U ret=0x000000080A821799 reason=_umtx_op_wait
[LOADER][INFO] Guest thread yield at import#7068: nid=04AjkP0jO9U ret=0x000000080A821799 reason=_umtx_op_wait
[LOADER][INFO] Guest thread 'AssetGarbageCollectorHelper' state=Blocked reason=_umtx_op_wait
[LOADER][INFO] Guest thread 'AssetGarbageCollectorHelper' state=Blocked reason=_umtx_op_wait
[LOADER][INFO] guest_threads.timeout_wake count=2
[LOADER][INFO] Pumping guest thread 'AssetGarbageCollectorHelper' reason=ready-dispatch resume=0x000000080A821799
[LOADER][INFO] Pumping guest thread 'AssetGarbageCollectorHelper' reason=ready-dispatch resume=0x000000080A821799
[LOADER][INFO] Guest thread yield at import#8092: nid=04AjkP0jO9U ret=0x000000080A821799 reason=_umtx_op_wait
[LOADER][INFO] Guest thread yield at import#8604: nid=04AjkP0jO9U ret=0x000000080A821799 reason=_umtx_op_wait
[LOADER][INFO] Guest thread 'AssetGarbageCollectorHelper' state=Blocked reason=_umtx_op_wait
[LOADER][INFO] Guest thread 'AssetGarbageCollectorHelper' state=Blocked reason=_umtx_op_wait
[LOADER][INFO] guest_threads.timeout_wake count=1
[LOADER][INFO] Pumping guest thread 'AssetGarbageCollectorHelper' reason=dispatcher resume=0x000000080A821799
[LOADER][INFO] Guest thread yield at import#6812: nid=04AjkP0jO9U ret=0x000000080A821799 reason=_umtx_op_wait
[LOADER][INFO] Guest thread 'AssetGarbageCollectorHelper' state=Blocked reason=_umtx_op_wait
[LOADER][INFO] guest_threads.timeout_wake count=1
[LOADER][INFO] Pumping guest thread 'AssetGarbageCollectorHelper' reason=ready-dispatch resume=0x000000080A821799
[LOADER][INFO] Guest thread yield at import#5532: nid=04AjkP0jO9U ret=0x000000080A821799 reason=_umtx_op_wait
[LOADER][INFO] Guest thread 'AssetGarbageCollectorHelper' state=Blocked reason=_umtx_op_wait
[LOADER][INFO] guest_threads.timeout_wake count=1
[LOADER][INFO] Pumping guest thread 'AssetGarbageCollectorHelper' reason=dispatcher resume=0x000000080A821799
[LOADER][INFO] Guest thread yield at import#5789: nid=04AjkP0jO9U ret=0x000000080A821799 reason=_umtx_op_wait
[LOADER][INFO] Guest thread 'AssetGarbageCollectorHelper' state=Blocked reason=_umtx_op_wait
[LOADER][INFO] guest_threads.timeout_wake count=1
[LOADER][INFO] Pumping guest thread 'AssetGarbageCollectorHelper' reason=dispatcher resume=0x000000080A821799
[LOADER][INFO] Guest thread yield at import#7581: nid=04AjkP0jO9U ret=0x000000080A821799 reason=_umtx_op_wait
[LOADER][INFO] Guest thread 'AssetGarbageCollectorHelper' state=Blocked reason=_umtx_op_wait
[LOADER][INFO] guest_threads.timeout_wake count=1
[LOADER][INFO] Pumping guest thread 'AssetGarbageCollectorHelper' reason=ready-dispatch resume=0x000000080A821799
[LOADER][INFO] Guest thread yield at import#8348: nid=04AjkP0jO9U ret=0x000000080A821799 reason=_umtx_op_wait
[LOADER][INFO] Guest thread 'AssetGarbageCollectorHelper' state=Blocked reason=_umtx_op_wait
[LOADER][INFO] guest_threads.timeout_wake count=1
[LOADER][INFO] Pumping guest thread 'AssetGarbageCollectorHelper' reason=dispatcher resume=0x000000080A821799
[LOADER][INFO] Guest thread yield at import#7324: nid=04AjkP0jO9U ret=0x000000080A821799 reason=_umtx_op_wait
[LOADER][INFO] Guest thread 'AssetGarbageCollectorHelper' state=Blocked reason=_umtx_op_wait
[LOADER][INFO] guest_threads.timeout_wake count=2
[LOADER][INFO] Pumping guest thread 'AssetGarbageCollectorHelper' reason=ready-dispatch resume=0x000000080A821799
[LOADER][INFO] Pumping guest thread 'AssetGarbageCollectorHelper' reason=ready-dispatch resume=0x000000080A821799
[LOADER][INFO] Guest thread yield at import#6044: nid=04AjkP0jO9U ret=0x000000080A821799 reason=_umtx_op_wait
[LOADER][INFO] Guest thread yield at import#7836: nid=04AjkP0jO9U ret=0x000000080A821799 reason=_umtx_op_wait
[LOADER][INFO] Guest thread 'AssetGarbageCollectorHelper' state=Blocked reason=_umtx_op_wait
[LOADER][INFO] Guest thread 'AssetGarbageCollectorHelper' state=Blocked reason=_umtx_op_wait
[LOADER][INFO] guest_threads.timeout_wake count=1
[LOADER][INFO] Pumping guest thread 'AssetGarbageCollectorHelper' reason=dispatcher resume=0x000000080A821799
[LOADER][INFO] Guest thread yield at import#6301: nid=04AjkP0jO9U ret=0x000000080A821799 reason=_umtx_op_wait
[LOADER][INFO] Guest thread 'AssetGarbageCollectorHelper' state=Blocked reason=_umtx_op_wait
[LOADER][INFO] guest_threads.timeout_wake count=2
[LOADER][INFO] Pumping guest thread 'AssetGarbageCollectorHelper' reason=ready-dispatch resume=0x000000080A821799
[LOADER][INFO] Guest thread yield at import#5277: nid=04AjkP0jO9U ret=0x000000080A821799 reason=_umtx_op_wait
[LOADER][INFO] Pumping guest thread 'AssetGarbageCollectorHelper' reason=ready-dispatch resume=0x000000080A821799
[LOADER][INFO] Guest thread 'AssetGarbageCollectorHelper' state=Blocked reason=_umtx_op_wait
[LOADER][INFO] Guest thread yield at import#7069: nid=04AjkP0jO9U ret=0x000000080A821799 reason=_umtx_op_wait
[LOADER][INFO] Guest thread 'AssetGarbageCollectorHelper' state=Blocked reason=_umtx_op_wait
[LOADER][INFO] guest_threads.timeout_wake count=1
[LOADER][INFO] Pumping guest thread 'AssetGarbageCollectorHelper' reason=ready-dispatch resume=0x000000080A821799
[LOADER][INFO] Guest thread yield at import#8093: nid=04AjkP0jO9U ret=0x000000080A821799 reason=_umtx_op_wait
[LOADER][INFO] Guest thread 'AssetGarbageCollectorHelper' state=Blocked reason=_umtx_op_wait
[LOADER][INFO] guest_threads.timeout_wake count=1
[LOADER][INFO] Pumping guest thread 'AssetGarbageCollectorHelper' reason=dispatcher resume=0x000000080A821799
[LOADER][INFO] Guest thread yield at import#8605: nid=04AjkP0jO9U ret=0x000000080A821799 reason=_umtx_op_wait
[LOADER][INFO] Guest thread 'AssetGarbageCollectorHelper' state=Blocked reason=_umtx_op_wait
[LOADER][INFO] guest_threads.timeout_wake count=1
[LOADER][INFO] Pumping guest thread 'AssetGarbageCollectorHelper' reason=dispatcher resume=0x000000080A821799
[LOADER][INFO] Guest thread yield at import#6813: nid=04AjkP0jO9U ret=0x000000080A821799 reason=_umtx_op_wait
[LOADER][INFO] Guest thread 'AssetGarbageCollectorHelper' state=Blocked reason=_umtx_op_wait
[LOADER][INFO] guest_threads.timeout_wake count=1
[LOADER][INFO] Pumping guest thread 'AssetGarbageCollectorHelper' reason=dispatcher resume=0x000000080A821799
[LOADER][INFO] Guest thread yield at import#5533: nid=04AjkP0jO9U ret=0x000000080A821799 reason=_umtx_op_wait
[LOADER][INFO] Guest thread 'AssetGarbageCollectorHelper' state=Blocked reason=_umtx_op_wait
[LOADER][INFO] guest_threads.timeout_wake count=1
[LOADER][INFO] guest_threads.timeout_wake count=1
[LOADER][INFO] Pumping guest thread 'AssetGarbageCollectorHelper' reason=dispatcher resume=0x000000080A821799
[LOADER][INFO] Pumping guest thread 'AssetGarbageCollectorHelper' reason=dispatcher resume=0x000000080A821799
[LOADER][INFO] Guest thread yield at import#7582: nid=04AjkP0jO9U ret=0x000000080A821799 reason=_umtx_op_wait
[LOADER][INFO] Guest thread yield at import#5790: nid=04AjkP0jO9U ret=0x000000080A821799 reason=_umtx_op_wait
[LOADER][INFO] Guest thread 'AssetGarbageCollectorHelper' state=Blocked reason=_umtx_op_wait
[LOADER][INFO] Guest thread 'AssetGarbageCollectorHelper' state=Blocked reason=_umtx_op_wait
[LOADER][INFO] guest_threads.timeout_wake count=1
[LOADER][INFO] Pumping guest thread 'AssetGarbageCollectorHelper' reason=ready-dispatch resume=0x000000080A821799
[LOADER][INFO] Guest thread yield at import#8349: nid=04AjkP0jO9U ret=0x000000080A821799 reason=_umtx_op_wait
[LOADER][INFO] Guest thread 'AssetGarbageCollectorHelper' state=Blocked reason=_umtx_op_wait
[LOADER][INFO] guest_threads.timeout_wake count=1
[LOADER][INFO] Pumping guest thread 'AssetGarbageCollectorHelper' reason=dispatcher resume=0x000000080A821799
[LOADER][INFO] Guest thread yield at import#7325: nid=04AjkP0jO9U ret=0x000000080A821799 reason=_umtx_op_wait
[LOADER][INFO] Guest thread 'AssetGarbageCollectorHelper' state=Blocked reason=_umtx_op_wait
[LOADER][INFO] guest_threads.timeout_wake count=2
[LOADER][INFO] Pumping guest thread 'AssetGarbageCollectorHelper' reason=ready-dispatch resume=0x000000080A821799
[LOADER][INFO] Pumping guest thread 'AssetGarbageCollectorHelper' reason=ready-dispatch resume=0x000000080A821799
[LOADER][INFO] Guest thread yield at import#6045: nid=04AjkP0jO9U ret=0x000000080A821799 reason=_umtx_op_wait
[LOADER][INFO] Guest thread yield at import#7837: nid=04AjkP0jO9U ret=0x000000080A821799 reason=_umtx_op_wait
[LOADER][INFO] Guest thread 'AssetGarbageCollectorHelper' state=Blocked reason=_umtx_op_wait
[LOADER][INFO] Guest thread 'AssetGarbageCollectorHelper' state=Blocked reason=_umtx_op_wait
[LOADER][INFO] guest_threads.timeout_wake count=1
[LOADER][INFO] Pumping guest thread 'AssetGarbageCollectorHelper' reason=ready-dispatch resume=0x000000080A821799
[LOADER][INFO] Guest thread yield at import#6302: nid=04AjkP0jO9U ret=0x000000080A821799 reason=_umtx_op_wait
[LOADER][INFO] Guest thread 'AssetGarbageCollectorHelper' state=Blocked reason=_umtx_op_wait
[LOADER][INFO] guest_threads.timeout_wake count=1
[LOADER][INFO] Pumping guest thread 'AssetGarbageCollectorHelper' reason=ready-dispatch resume=0x000000080A821799
[LOADER][INFO] Guest thread yield at import#5278: nid=04AjkP0jO9U ret=0x000000080A821799 reason=_umtx_op_wait
[LOADER][INFO] Guest thread 'AssetGarbageCollectorHelper' state=Blocked reason=_umtx_op_wait
[LOADER][INFO] guest_threads.timeout_wake count=1
[LOADER][INFO] Pumping guest thread 'AssetGarbageCollectorHelper' reason=dispatcher resume=0x000000080A821799
[LOADER][INFO] Guest thread yield at import#7070: nid=04AjkP0jO9U ret=0x000000080A821799 reason=_umtx_op_wait
[LOADER][INFO] Guest thread 'AssetGarbageCollectorHelper' state=Blocked reason=_umtx_op_wait
[LOADER][INFO] guest_threads.timeout_wake count=1
[LOADER][INFO] Pumping guest thread 'AssetGarbageCollectorHelper' reason=ready-dispatch resume=0x000000080A821799
[LOADER][INFO] Guest thread yield at import#8094: nid=04AjkP0jO9U ret=0x000000080A821799 reason=_umtx_op_wait
[LOADER][INFO] Guest thread 'AssetGarbageCollectorHelper' state=Blocked reason=_umtx_op_wait
[LOADER][INFO] guest_threads.timeout_wake count=1
[LOADER][INFO] Pumping guest thread 'AssetGarbageCollectorHelper' reason=dispatcher resume=0x000000080A821799
[LOADER][INFO] Guest thread yield at import#8606: nid=04AjkP0jO9U ret=0x000000080A821799 reason=_umtx_op_wait
[LOADER][INFO] Guest thread 'AssetGarbageCollectorHelper' state=Blocked reason=_umtx_op_wait
[LOADER][INFO] guest_threads.timeout_wake count=1
[LOADER][INFO] Pumping guest thread 'AssetGarbageCollectorHelper' reason=ready-dispatch resume=0x000000080A821799
[LOADER][INFO] Guest thread yield at import#6814: nid=04AjkP0jO9U ret=0x000000080A821799 reason=_umtx_op_wait
[LOADER][INFO] Guest thread 'AssetGarbageCollectorHelper' state=Blocked reason=_umtx_op_wait
[LOADER][INFO] guest_threads.timeout_wake count=1
[LOADER][INFO] Pumping guest thread 'AssetGarbageCollectorHelper' reason=ready-dispatch resume=0x000000080A821799
[LOADER][INFO] Guest thread yield at import#5534: nid=04AjkP0jO9U ret=0x000000080A821799 reason=_umtx_op_wait
[LOADER][INFO] Guest thread 'AssetGarbageCollectorHelper' state=Blocked reason=_umtx_op_wait
[LOADER][INFO] guest_threads.timeout_wake count=2
[LOADER][INFO] Pumping guest thread 'AssetGarbageCollectorHelper' reason=dispatcher resume=0x000000080A821799
[LOADER][INFO] Pumping guest thread 'AssetGarbageCollectorHelper' reason=dispatcher resume=0x000000080A821799
[LOADER][INFO] Guest thread yield at import#5791: nid=04AjkP0jO9U ret=0x000000080A821799 reason=_umtx_op_wait
[LOADER][INFO] Guest thread yield at import#7583: nid=04AjkP0jO9U ret=0x000000080A821799 reason=_umtx_op_wait
[LOADER][INFO] Guest thread 'AssetGarbageCollectorHelper' state=Blocked reason=_umtx_op_wait
[LOADER][INFO] Guest thread 'AssetGarbageCollectorHelper' state=Blocked reason=_umtx_op_wait
[LOADER][INFO] guest_threads.timeout_wake count=1
[LOADER][INFO] Pumping guest thread 'AssetGarbageCollectorHelper' reason=ready-dispatch resume=0x000000080A821799
[LOADER][INFO] Guest thread yield at import#8350: nid=04AjkP0jO9U ret=0x000000080A821799 reason=_umtx_op_wait
[LOADER][INFO] Guest thread 'AssetGarbageCollectorHelper' state=Blocked reason=_umtx_op_wait
[LOADER][INFO] guest_threads.timeout_wake count=1
[LOADER][INFO] Pumping guest thread 'AssetGarbageCollectorHelper' reason=ready-dispatch resume=0x000000080A821799
[LOADER][INFO] Guest thread yield at import#7326: nid=04AjkP0jO9U ret=0x000000080A821799 reason=_umtx_op_wait
[LOADER][INFO] Guest thread 'AssetGarbageCollectorHelper' state=Blocked reason=_umtx_op_wait
[LOADER][INFO] guest_threads.timeout_wake count=2
[LOADER][INFO] Pumping guest thread 'AssetGarbageCollectorHelper' reason=dispatcher resume=0x000000080A821799
[LOADER][INFO] Pumping guest thread 'AssetGarbageCollectorHelper' reason=dispatcher resume=0x000000080A821799
[LOADER][INFO] Guest thread yield at import#7838: nid=04AjkP0jO9U ret=0x000000080A821799 reason=_umtx_op_wait
[LOADER][INFO] Guest thread yield at import#6046: nid=04AjkP0jO9U ret=0x000000080A821799 reason=_umtx_op_wait
[LOADER][INFO] Guest thread 'AssetGarbageCollectorHelper' state=Blocked reason=_umtx_op_wait
[LOADER][INFO] Guest thread 'AssetGarbageCollectorHelper' state=Blocked reason=_umtx_op_wait
[LOADER][INFO] guest_threads.timeout_wake count=1
[LOADER][INFO] Pumping guest thread 'AssetGarbageCollectorHelper' reason=ready-dispatch resume=0x000000080A821799
[LOADER][INFO] Guest thread yield at import#6303: nid=04AjkP0jO9U ret=0x000000080A821799 reason=_umtx_op_wait
[LOADER][INFO] Guest thread 'AssetGarbageCollectorHelper' state=Blocked reason=_umtx_op_wait
[LOADER][INFO] guest_threads.timeout_wake count=1
[LOADER][INFO] Pumping guest thread 'AssetGarbageCollectorHelper' reason=dispatcher resume=0x000000080A821799
[LOADER][INFO] Guest thread yield at import#5279: nid=04AjkP0jO9U ret=0x000000080A821799 reason=_umtx_op_wait
[LOADER][INFO] Guest thread 'AssetGarbageCollectorHelper' state=Blocked reason=_umtx_op_wait
[LOADER][INFO] guest_threads.timeout_wake count=1
[LOADER][INFO] Pumping guest thread 'AssetGarbageCollectorHelper' reason=dispatcher resume=0x000000080A821799
[LOADER][INFO] Guest thread yield at import#7071: nid=04AjkP0jO9U ret=0x000000080A821799 reason=_umtx_op_wait
[LOADER][INFO] Guest thread 'AssetGarbageCollectorHelper' state=Blocked reason=_umtx_op_wait
[LOADER][INFO] guest_threads.timeout_wake count=1
[LOADER][INFO] Pumping guest thread 'AssetGarbageCollectorHelper' reason=dispatcher resume=0x000000080A821799
[LOADER][INFO] Guest thread yield at import#8095: nid=04AjkP0jO9U ret=0x000000080A821799 reason=_umtx_op_wait
[LOADER][INFO] Guest thread 'AssetGarbageCollectorHelper' state=Blocked reason=_umtx_op_wait
[LOADER][INFO] guest_threads.timeout_wake count=1
[LOADER][INFO] Pumping guest thread 'AssetGarbageCollectorHelper' reason=ready-dispatch resume=0x000000080A821799
[LOADER][INFO] Guest thread yield at import#8607: nid=04AjkP0jO9U ret=0x000000080A821799 reason=_umtx_op_wait
[LOADER][INFO] Guest thread 'AssetGarbageCollectorHelper' state=Blocked reason=_umtx_op_wait
[LOADER][INFO] guest_threads.timeout_wake count=1
[LOADER][INFO] Pumping guest thread 'AssetGarbageCollectorHelper' reason=ready-dispatch resume=0x000000080A821799
[LOADER][INFO] Guest thread yield at import#6815: nid=04AjkP0jO9U ret=0x000000080A821799 reason=_umtx_op_wait
[LOADER][INFO] Guest thread 'AssetGarbageCollectorHelper' state=Blocked reason=_umtx_op_wait
[LOADER][INFO] guest_threads.timeout_wake count=1
[LOADER][INFO] Pumping guest thread 'AssetGarbageCollectorHelper' reason=dispatcher resume=0x000000080A821799
[LOADER][INFO] Guest thread yield at import#5535: nid=04AjkP0jO9U ret=0x000000080A821799 reason=_umtx_op_wait
[LOADER][INFO] Guest thread 'AssetGarbageCollectorHelper' state=Blocked reason=_umtx_op_wait
[LOADER][INFO] guest_threads.timeout_wake count=2
[LOADER][INFO] Pumping guest thread 'AssetGarbageCollectorHelper' reason=dispatcher resume=0x000000080A821799
[LOADER][INFO] Pumping guest thread 'AssetGarbageCollectorHelper' reason=dispatcher resume=0x000000080A821799
[LOADER][INFO] Guest thread yield at import#5792: nid=04AjkP0jO9U ret=0x000000080A821799 reason=_umtx_op_wait
[LOADER][INFO] Guest thread yield at import#7584: nid=04AjkP0jO9U ret=0x000000080A821799 reason=_umtx_op_wait
[LOADER][INFO] Guest thread 'AssetGarbageCollectorHelper' state=Blocked reason=_umtx_op_wait
[LOADER][INFO] Guest thread 'AssetGarbageCollectorHelper' state=Blocked reason=_umtx_op_wait
[LOADER][INFO] guest_threads.timeout_wake count=1
[LOADER][INFO] Pumping guest thread 'AssetGarbageCollectorHelper' reason=dispatcher resume=0x000000080A821799
[LOADER][INFO] Guest thread yield at import#8351: nid=04AjkP0jO9U ret=0x000000080A821799 reason=_umtx_op_wait
[LOADER][INFO] Guest thread 'AssetGarbageCollectorHelper' state=Blocked reason=_umtx_op_wait
[LOADER][INFO] guest_threads.timeout_wake count=1
[LOADER][INFO] Pumping guest thread 'AssetGarbageCollectorHelper' reason=dispatcher resume=0x000000080A821799
[LOADER][INFO] Guest thread yield at import#7327: nid=04AjkP0jO9U ret=0x000000080A821799 reason=_umtx_op_wait
[LOADER][INFO] Guest thread 'AssetGarbageCollectorHelper' state=Blocked reason=_umtx_op_wait
[LOADER][INFO] guest_threads.timeout_wake count=2
[LOADER][INFO] Pumping guest thread 'AssetGarbageCollectorHelper' reason=dispatcher resume=0x000000080A821799
[LOADER][INFO] Pumping guest thread 'AssetGarbageCollectorHelper' reason=dispatcher resume=0x000000080A821799
[LOADER][INFO] Guest thread yield at import#7839: nid=04AjkP0jO9U ret=0x000000080A821799 reason=_umtx_op_wait
[LOADER][INFO] Guest thread yield at import#6047: nid=04AjkP0jO9U ret=0x000000080A821799 reason=_umtx_op_wait
[LOADER][INFO] Guest thread 'AssetGarbageCollectorHelper' state=Blocked reason=_umtx_op_wait
[LOADER][INFO] Guest thread 'AssetGarbageCollectorHelper' state=Blocked reason=_umtx_op_wait
[LOADER][INFO] guest_threads.timeout_wake count=1
[LOADER][INFO] Pumping guest thread 'AssetGarbageCollectorHelper' reason=ready-dispatch resume=0x000000080A821799
[LOADER][INFO] Guest thread yield at import#6304: nid=04AjkP0jO9U ret=0x000000080A821799 reason=_umtx_op_wait
[LOADER][INFO] Guest thread 'AssetGarbageCollectorHelper' state=Blocked reason=_umtx_op_wait
[LOADER][INFO] guest_threads.timeout_wake count=1
[LOADER][INFO] Pumping guest thread 'AssetGarbageCollectorHelper' reason=dispatcher resume=0x000000080A821799
[LOADER][INFO] Guest thread yield at import#5280: nid=04AjkP0jO9U ret=0x000000080A821799 reason=_umtx_op_wait
[LOADER][INFO] Guest thread 'AssetGarbageCollectorHelper' state=Blocked reason=_umtx_op_wait
[LOADER][INFO] guest_threads.timeout_wake count=1
[LOADER][INFO] Pumping guest thread 'AssetGarbageCollectorHelper' reason=dispatcher resume=0x000000080A821799
[LOADER][INFO] Guest thread yield at import#7072: nid=04AjkP0jO9U ret=0x000000080A821799 reason=_umtx_op_wait
[LOADER][INFO] Guest thread 'AssetGarbageCollectorHelper' state=Blocked reason=_umtx_op_wait
[LOADER][INFO] guest_threads.timeout_wake count=1
[LOADER][INFO] Pumping guest thread 'AssetGarbageCollectorHelper' reason=dispatcher resume=0x000000080A821799
[LOADER][INFO] Guest thread yield at import#8096: nid=04AjkP0jO9U ret=0x000000080A821799 reason=_umtx_op_wait
[LOADER][INFO] Guest thread 'AssetGarbageCollectorHelper' state=Blocked reason=_umtx_op_wait
[LOADER][INFO] guest_threads.timeout_wake count=1
[LOADER][INFO] Pumping guest thread 'AssetGarbageCollectorHelper' reason=dispatcher resume=0x000000080A821799
[LOADER][INFO] Guest thread yield at import#8608: nid=04AjkP0jO9U ret=0x000000080A821799 reason=_umtx_op_wait
[LOADER][INFO] Guest thread 'AssetGarbageCollectorHelper' state=Blocked reason=_umtx_op_wait
[LOADER][INFO] guest_threads.timeout_wake count=1
[LOADER][INFO] Pumping guest thread 'AssetGarbageCollectorHelper' reason=ready-dispatch resume=0x000000080A821799
[LOADER][INFO] Guest thread yield at import#6816: nid=04AjkP0jO9U ret=0x000000080A821799 reason=_umtx_op_wait
[LOADER][INFO] Guest thread 'AssetGarbageCollectorHelper' state=Blocked reason=_umtx_op_wait
[LOADER][INFO] guest_threads.timeout_wake count=1
[LOADER][INFO] Pumping guest thread 'AssetGarbageCollectorHelper' reason=dispatcher resume=0x000000080A821799
[LOADER][INFO] Guest thread yield at import#5536: nid=04AjkP0jO9U ret=0x000000080A821799 reason=_umtx_op_wait
[LOADER][INFO] Guest thread 'AssetGarbageCollectorHelper' state=Blocked reason=_umtx_op_wait
[LOADER][INFO] guest_threads.timeout_wake count=2
[LOADER][INFO] Pumping guest thread 'AssetGarbageCollectorHelper' reason=ready-dispatch resume=0x000000080A821799
[LOADER][INFO] Pumping guest thread 'AssetGarbageCollectorHelper' reason=ready-dispatch resume=0x000000080A821799
[LOADER][INFO] Guest thread yield at import#5793: nid=04AjkP0jO9U ret=0x000000080A821799 reason=_umtx_op_wait
[LOADER][INFO] Guest thread yield at import#7585: nid=04AjkP0jO9U ret=0x000000080A821799 reason=_umtx_op_wait
[LOADER][INFO] Guest thread 'AssetGarbageCollectorHelper' state=Blocked reason=_umtx_op_wait
[LOADER][INFO] Guest thread 'AssetGarbageCollectorHelper' state=Blocked reason=_umtx_op_wait
[LOADER][INFO] guest_threads.timeout_wake count=1
[LOADER][INFO] Pumping guest thread 'AssetGarbageCollectorHelper' reason=dispatcher resume=0x000000080A821799
[LOADER][INFO] Guest thread yield at import#8352: nid=04AjkP0jO9U ret=0x000000080A821799 reason=_umtx_op_wait
[LOADER][INFO] Guest thread 'AssetGarbageCollectorHelper' state=Blocked reason=_umtx_op_wait
[LOADER][INFO] guest_threads.timeout_wake count=1
[LOADER][INFO] Pumping guest thread 'AssetGarbageCollectorHelper' reason=ready-dispatch resume=0x000000080A821799
[LOADER][INFO] Guest thread yield at import#7328: nid=04AjkP0jO9U ret=0x000000080A821799 reason=_umtx_op_wait
[LOADER][INFO] Guest thread 'AssetGarbageCollectorHelper' state=Blocked reason=_umtx_op_wait
[LOADER][INFO] guest_threads.timeout_wake count=2
[LOADER][INFO] Pumping guest thread 'AssetGarbageCollectorHelper' reason=ready-dispatch resume=0x000000080A821799
[LOADER][INFO] Pumping guest thread 'AssetGarbageCollectorHelper' reason=ready-dispatch resume=0x000000080A821799
[LOADER][INFO] Guest thread yield at import#6048: nid=04AjkP0jO9U ret=0x000000080A821799 reason=_umtx_op_wait
[LOADER][INFO] Guest thread yield at import#7840: nid=04AjkP0jO9U ret=0x000000080A821799 reason=_umtx_op_wait
[LOADER][INFO] Guest thread 'AssetGarbageCollectorHelper' state=Blocked reason=_umtx_op_wait
[LOADER][INFO] Guest thread 'AssetGarbageCollectorHelper' state=Blocked reason=_umtx_op_wait
[LOADER][INFO] guest_threads.timeout_wake count=1
[LOADER][INFO] Pumping guest thread 'AssetGarbageCollectorHelper' reason=dispatcher resume=0x000000080A821799
[LOADER][INFO] Guest thread yield at import#6305: nid=04AjkP0jO9U ret=0x000000080A821799 reason=_umtx_op_wait
[LOADER][INFO] Guest thread 'AssetGarbageCollectorHelper' state=Blocked reason=_umtx_op_wait
[LOADER][INFO] guest_threads.timeout_wake count=1
[LOADER][INFO] Pumping guest thread 'AssetGarbageCollectorHelper' reason=dispatcher resume=0x000000080A821799
[LOADER][INFO] Guest thread yield at import#5281: nid=04AjkP0jO9U ret=0x000000080A821799 reason=_umtx_op_wait
[LOADER][INFO] Guest thread 'AssetGarbageCollectorHelper' state=Blocked reason=_umtx_op_wait
[LOADER][INFO] guest_threads.timeout_wake count=1
[LOADER][INFO] Pumping guest thread 'AssetGarbageCollectorHelper' reason=ready-dispatch resume=0x000000080A821799
[LOADER][INFO] Guest thread yield at import#7073: nid=04AjkP0jO9U ret=0x000000080A821799 reason=_umtx_op_wait
[LOADER][INFO] Guest thread 'AssetGarbageCollectorHelper' state=Blocked reason=_umtx_op_wait
[LOADER][INFO] guest_threads.timeout_wake count=1
[LOADER][INFO] Pumping guest thread 'AssetGarbageCollectorHelper' reason=dispatcher resume=0x000000080A821799
[LOADER][INFO] Guest thread yield at import#8097: nid=04AjkP0jO9U ret=0x000000080A821799 reason=_umtx_op_wait
[LOADER][INFO] Guest thread 'AssetGarbageCollectorHelper' state=Blocked reason=_umtx_op_wait
[LOADER][INFO] guest_threads.timeout_wake count=1
[LOADER][INFO] Pumping guest thread 'AssetGarbageCollectorHelper' reason=dispatcher resume=0x000000080A821799
[LOADER][INFO] Guest thread yield at import#8609: nid=04AjkP0jO9U ret=0x000000080A821799 reason=_umtx_op_wait
[LOADER][INFO] Guest thread 'AssetGarbageCollectorHelper' state=Blocked reason=_umtx_op_wait
[LOADER][INFO] guest_threads.timeout_wake count=1
[LOADER][INFO] Pumping guest thread 'AssetGarbageCollectorHelper' reason=ready-dispatch resume=0x000000080A821799
[LOADER][INFO] Guest thread yield at import#6817: nid=04AjkP0jO9U ret=0x000000080A821799 reason=_umtx_op_wait
[LOADER][INFO] Guest thread 'AssetGarbageCollectorHelper' state=Blocked reason=_umtx_op_wait
[LOADER][INFO] guest_threads.timeout_wake count=1
[LOADER][INFO] Pumping guest thread 'AssetGarbageCollectorHelper' reason=ready-dispatch resume=0x000000080A821799
[LOADER][INFO] Guest thread yield at import#5537: nid=04AjkP0jO9U ret=0x000000080A821799 reason=_umtx_op_wait
[LOADER][INFO] Guest thread 'AssetGarbageCollectorHelper' state=Blocked reason=_umtx_op_wait
[LOADER][INFO] guest_threads.timeout_wake count=2
[LOADER][INFO] Pumping guest thread 'AssetGarbageCollectorHelper' reason=dispatcher resume=0x000000080A821799
[LOADER][INFO] Pumping guest thread 'AssetGarbageCollectorHelper' reason=dispatcher resume=0x000000080A821799
[LOADER][INFO] Guest thread yield at import#5794: nid=04AjkP0jO9U ret=0x000000080A821799 reason=_umtx_op_wait
[LOADER][INFO] Guest thread yield at import#7586: nid=04AjkP0jO9U ret=0x000000080A821799 reason=_umtx_op_wait
[LOADER][INFO] Guest thread 'AssetGarbageCollectorHelper' state=Blocked reason=_umtx_op_wait
[LOADER][INFO] Guest thread 'AssetGarbageCollectorHelper' state=Blocked reason=_umtx_op_wait
[LOADER][INFO] guest_threads.timeout_wake count=1
[LOADER][INFO] Pumping guest thread 'AssetGarbageCollectorHelper' reason=dispatcher resume=0x000000080A821799
[LOADER][INFO] Guest thread yield at import#8353: nid=04AjkP0jO9U ret=0x000000080A821799 reason=_umtx_op_wait
[LOADER][INFO] Guest thread 'AssetGarbageCollectorHelper' state=Blocked reason=_umtx_op_wait
[LOADER][INFO] guest_threads.timeout_wake count=1
[LOADER][INFO] Pumping guest thread 'AssetGarbageCollectorHelper' reason=ready-dispatch resume=0x000000080A821799
[LOADER][INFO] Guest thread yield at import#7329: nid=04AjkP0jO9U ret=0x000000080A821799 reason=_umtx_op_wait
[LOADER][INFO] Guest thread 'AssetGarbageCollectorHelper' state=Blocked reason=_umtx_op_wait
[LOADER][INFO] guest_threads.timeout_wake count=2
[LOADER][INFO] Pumping guest thread 'AssetGarbageCollectorHelper' reason=ready-dispatch resume=0x000000080A821799
[LOADER][INFO] Pumping guest thread 'AssetGarbageCollectorHelper' reason=ready-dispatch resume=0x000000080A821799
[LOADER][INFO] Guest thread yield at import#7841: nid=04AjkP0jO9U ret=0x000000080A821799 reason=_umtx_op_wait
[LOADER][INFO] Guest thread yield at import#6049: nid=04AjkP0jO9U ret=0x000000080A821799 reason=_umtx_op_wait
[LOADER][INFO] Guest thread 'AssetGarbageCollectorHelper' state=Blocked reason=_umtx_op_wait
[LOADER][INFO] Guest thread 'AssetGarbageCollectorHelper' state=Blocked reason=_umtx_op_wait
[LOADER][INFO] guest_threads.timeout_wake count=1
[LOADER][INFO] Pumping guest thread 'AssetGarbageCollectorHelper' reason=dispatcher resume=0x000000080A821799
[LOADER][INFO] Guest thread yield at import#6306: nid=04AjkP0jO9U ret=0x000000080A821799 reason=_umtx_op_wait
[LOADER][INFO] guest_threads.timeout_wake count=1
[LOADER][INFO] Guest thread 'AssetGarbageCollectorHelper' state=Blocked reason=_umtx_op_wait
[LOADER][INFO] Pumping guest thread 'AssetGarbageCollectorHelper' reason=dispatcher resume=0x000000080A821799
[LOADER][INFO] Guest thread yield at import#5282: nid=04AjkP0jO9U ret=0x000000080A821799 reason=_umtx_op_wait
[LOADER][INFO] Guest thread 'AssetGarbageCollectorHelper' state=Blocked reason=_umtx_op_wait
[LOADER][INFO] guest_threads.timeout_wake count=1
[LOADER][INFO] Pumping guest thread 'AssetGarbageCollectorHelper' reason=dispatcher resume=0x000000080A821799
[LOADER][INFO] Guest thread yield at import#7074: nid=04AjkP0jO9U ret=0x000000080A821799 reason=_umtx_op_wait
[LOADER][INFO] Guest thread 'AssetGarbageCollectorHelper' state=Blocked reason=_umtx_op_wait
[LOADER][INFO] guest_threads.timeout_wake count=1
[LOADER][INFO] Pumping guest thread 'AssetGarbageCollectorHelper' reason=dispatcher resume=0x000000080A821799
[LOADER][INFO] Guest thread yield at import#8098: nid=04AjkP0jO9U ret=0x000000080A821799 reason=_umtx_op_wait
[LOADER][INFO] Guest thread 'AssetGarbageCollectorHelper' state=Blocked reason=_umtx_op_wait
[LOADER][INFO] guest_threads.timeout_wake count=1
[LOADER][INFO] Pumping guest thread 'AssetGarbageCollectorHelper' reason=ready-dispatch resume=0x000000080A821799
[LOADER][INFO] Guest thread yield at import#8610: nid=04AjkP0jO9U ret=0x000000080A821799 reason=_umtx_op_wait
[LOADER][INFO] Guest thread 'AssetGarbageCollectorHelper' state=Blocked reason=_umtx_op_wait
[LOADER][INFO] guest_threads.timeout_wake count=1
[LOADER][INFO] Pumping guest thread 'AssetGarbageCollectorHelper' reason=dispatcher resume=0x000000080A821799
[LOADER][INFO] Guest thread yield at import#6818: nid=04AjkP0jO9U ret=0x000000080A821799 reason=_umtx_op_wait
[LOADER][INFO] Guest thread 'AssetGarbageCollectorHelper' state=Blocked reason=_umtx_op_wait
[LOADER][INFO] guest_threads.timeout_wake count=1
[LOADER][INFO] Pumping guest thread 'AssetGarbageCollectorHelper' reason=ready-dispatch resume=0x000000080A821799
[LOADER][INFO] Guest thread yield at import#5538: nid=04AjkP0jO9U ret=0x000000080A821799 reason=_umtx_op_wait
[LOADER][INFO] Guest thread 'AssetGarbageCollectorHelper' state=Blocked reason=_umtx_op_wait
[LOADER][INFO] guest_threads.timeout_wake count=2
[LOADER][INFO] Pumping guest thread 'AssetGarbageCollectorHelper' reason=dispatcher resume=0x000000080A821799
[LOADER][INFO] Pumping guest thread 'AssetGarbageCollectorHelper' reason=dispatcher resume=0x000000080A821799
[LOADER][INFO] Guest thread yield at import#7587: nid=04AjkP0jO9U ret=0x000000080A821799 reason=_umtx_op_wait
[LOADER][INFO] Guest thread yield at import#5795: nid=04AjkP0jO9U ret=0x000000080A821799 reason=_umtx_op_wait
[LOADER][INFO] Guest thread 'AssetGarbageCollectorHelper' state=Blocked reason=_umtx_op_wait
[LOADER][INFO] Guest thread 'AssetGarbageCollectorHelper' state=Blocked reason=_umtx_op_wait
[LOADER][INFO] guest_threads.timeout_wake count=1
[LOADER][INFO] Pumping guest thread 'AssetGarbageCollectorHelper' reason=dispatcher resume=0x000000080A821799
[LOADER][INFO] Guest thread yield at import#8354: nid=04AjkP0jO9U ret=0x000000080A821799 reason=_umtx_op_wait
[LOADER][INFO] Guest thread 'AssetGarbageCollectorHelper' state=Blocked reason=_umtx_op_wait
[LOADER][INFO] guest_threads.timeout_wake count=1
[LOADER][INFO] Pumping guest thread 'AssetGarbageCollectorHelper' reason=ready-dispatch resume=0x000000080A821799
[LOADER][INFO] Guest thread yield at import#7330: nid=04AjkP0jO9U ret=0x000000080A821799 reason=_umtx_op_wait
[LOADER][INFO] Guest thread 'AssetGarbageCollectorHelper' state=Blocked reason=_umtx_op_wait
[LOADER][INFO] guest_threads.timeout_wake count=1
[LOADER][INFO] guest_threads.timeout_wake count=1
[LOADER][INFO] Pumping guest thread 'AssetGarbageCollectorHelper' reason=dispatcher resume=0x000000080A821799
[LOADER][INFO] Pumping guest thread 'AssetGarbageCollectorHelper' reason=dispatcher resume=0x000000080A821799
[LOADER][INFO] Guest thread yield at import#7842: nid=04AjkP0jO9U ret=0x000000080A821799 reason=_umtx_op_wait
[LOADER][INFO] Guest thread yield at import#6050: nid=04AjkP0jO9U ret=0x000000080A821799 reason=_umtx_op_wait
[LOADER][INFO] Guest thread 'AssetGarbageCollectorHelper' state=Blocked reason=_umtx_op_wait
[LOADER][INFO] Guest thread 'AssetGarbageCollectorHelper' state=Blocked reason=_umtx_op_wait
[LOADER][INFO] guest_threads.timeout_wake count=1
[LOADER][INFO] Pumping guest thread 'AssetGarbageCollectorHelper' reason=ready-dispatch resume=0x000000080A821799
[LOADER][INFO] Guest thread yield at import#6307: nid=04AjkP0jO9U ret=0x000000080A821799 reason=_umtx_op_wait
[LOADER][INFO] Guest thread 'AssetGarbageCollectorHelper' state=Blocked reason=_umtx_op_wait
[LOADER][INFO] guest_threads.timeout_wake count=1
[LOADER][INFO] Pumping guest thread 'AssetGarbageCollectorHelper' reason=dispatcher resume=0x000000080A821799
[LOADER][INFO] Guest thread yield at import#5283: nid=04AjkP0jO9U ret=0x000000080A821799 reason=_umtx_op_wait
[LOADER][INFO] Guest thread 'AssetGarbageCollectorHelper' state=Blocked reason=_umtx_op_wait
[LOADER][INFO] guest_threads.timeout_wake count=1
[LOADER][INFO] Pumping guest thread 'AssetGarbageCollectorHelper' reason=ready-dispatch resume=0x000000080A821799
[LOADER][INFO] Guest thread yield at import#7075: nid=04AjkP0jO9U ret=0x000000080A821799 reason=_umtx_op_wait
[LOADER][INFO] Guest thread 'AssetGarbageCollectorHelper' state=Blocked reason=_umtx_op_wait
[LOADER][INFO] guest_threads.timeout_wake count=1
[LOADER][INFO] Pumping guest thread 'AssetGarbageCollectorHelper' reason=dispatcher resume=0x000000080A821799
[LOADER][INFO] Guest thread yield at import#8099: nid=04AjkP0jO9U ret=0x000000080A821799 reason=_umtx_op_wait
[LOADER][INFO] Guest thread 'AssetGarbageCollectorHelper' state=Blocked reason=_umtx_op_wait
[LOADER][INFO] guest_threads.timeout_wake count=1
[LOADER][INFO] Pumping guest thread 'AssetGarbageCollectorHelper' reason=dispatcher resume=0x000000080A821799
[LOADER][INFO] Guest thread yield at import#8611: nid=04AjkP0jO9U ret=0x000000080A821799 reason=_umtx_op_wait
[LOADER][INFO] Guest thread 'AssetGarbageCollectorHelper' state=Blocked reason=_umtx_op_wait
[LOADER][INFO] guest_threads.timeout_wake count=1
[LOADER][INFO] Pumping guest thread 'AssetGarbageCollectorHelper' reason=dispatcher resume=0x000000080A821799
[LOADER][INFO] Guest thread yield at import#6819: nid=04AjkP0jO9U ret=0x000000080A821799 reason=_umtx_op_wait
[LOADER][INFO] Guest thread 'AssetGarbageCollectorHelper' state=Blocked reason=_umtx_op_wait
[LOADER][INFO] guest_threads.timeout_wake count=1
[LOADER][INFO] Pumping guest thread 'AssetGarbageCollectorHelper' reason=dispatcher resume=0x000000080A821799
[LOADER][INFO] Guest thread yield at import#5539: nid=04AjkP0jO9U ret=0x000000080A821799 reason=_umtx_op_wait
[LOADER][INFO] Guest thread 'AssetGarbageCollectorHelper' state=Blocked reason=_umtx_op_wait
[LOADER][INFO] guest_threads.timeout_wake count=2
[LOADER][INFO] Pumping guest thread 'AssetGarbageCollectorHelper' reason=ready-dispatch resume=0x000000080A821799
[LOADER][INFO] Pumping guest thread 'AssetGarbageCollectorHelper' reason=ready-dispatch resume=0x000000080A821799
[LOADER][INFO] Guest thread yield at import#5796: nid=04AjkP0jO9U ret=0x000000080A821799 reason=_umtx_op_wait
[LOADER][INFO] Guest thread yield at import#7588: nid=04AjkP0jO9U ret=0x000000080A821799 reason=_umtx_op_wait
[LOADER][INFO] Guest thread 'AssetGarbageCollectorHelper' state=Blocked reason=_umtx_op_wait
[LOADER][INFO] Guest thread 'AssetGarbageCollectorHelper' state=Blocked reason=_umtx_op_wait
[LOADER][INFO] guest_threads.timeout_wake count=1
[LOADER][INFO] Pumping guest thread 'AssetGarbageCollectorHelper' reason=dispatcher resume=0x000000080A821799
[LOADER][INFO] Guest thread yield at import#8355: nid=04AjkP0jO9U ret=0x000000080A821799 reason=_umtx_op_wait
[LOADER][INFO] Guest thread 'AssetGarbageCollectorHelper' state=Blocked reason=_umtx_op_wait
[LOADER][INFO] guest_threads.timeout_wake count=1
[LOADER][INFO] Pumping guest thread 'AssetGarbageCollectorHelper' reason=ready-dispatch resume=0x000000080A821799
[LOADER][INFO] Guest thread yield at import#7331: nid=04AjkP0jO9U ret=0x000000080A821799 reason=_umtx_op_wait
[LOADER][INFO] Guest thread 'AssetGarbageCollectorHelper' state=Blocked reason=_umtx_op_wait
[LOADER][INFO] guest_threads.timeout_wake count=2
[LOADER][INFO] Pumping guest thread 'AssetGarbageCollectorHelper' reason=ready-dispatch resume=0x000000080A821799
[LOADER][INFO] Pumping guest thread 'AssetGarbageCollectorHelper' reason=ready-dispatch resume=0x000000080A821799
[LOADER][INFO] Guest thread yield at import#7843: nid=04AjkP0jO9U ret=0x000000080A821799 reason=_umtx_op_wait
[LOADER][INFO] Guest thread yield at import#6051: nid=04AjkP0jO9U ret=0x000000080A821799 reason=_umtx_op_wait
[LOADER][INFO] Guest thread 'AssetGarbageCollectorHelper' state=Blocked reason=_umtx_op_wait
[LOADER][INFO] Guest thread 'AssetGarbageCollectorHelper' state=Blocked reason=_umtx_op_wait
[LOADER][INFO] guest_threads.timeout_wake count=1
[LOADER][INFO] Pumping guest thread 'AssetGarbageCollectorHelper' reason=ready-dispatch resume=0x000000080A821799
[LOADER][INFO] Guest thread yield at import#6308: nid=04AjkP0jO9U ret=0x000000080A821799 reason=_umtx_op_wait
[LOADER][INFO] Guest thread 'AssetGarbageCollectorHelper' state=Blocked reason=_umtx_op_wait
[LOADER][INFO] guest_threads.timeout_wake count=1
[LOADER][INFO] Pumping guest thread 'AssetGarbageCollectorHelper' reason=ready-dispatch resume=0x000000080A821799
[LOADER][INFO] Guest thread yield at import#5284: nid=04AjkP0jO9U ret=0x000000080A821799 reason=_umtx_op_wait
[LOADER][INFO] Guest thread 'AssetGarbageCollectorHelper' state=Blocked reason=_umtx_op_wait
[LOADER][INFO] guest_threads.timeout_wake count=1
[LOADER][INFO] Pumping guest thread 'AssetGarbageCollectorHelper' reason=ready-dispatch resume=0x000000080A821799
[LOADER][INFO] Guest thread yield at import#7076: nid=04AjkP0jO9U ret=0x000000080A821799 reason=_umtx_op_wait
[LOADER][INFO] Guest thread 'AssetGarbageCollectorHelper' state=Blocked reason=_umtx_op_wait
[LOADER][INFO] guest_threads.timeout_wake count=1
[LOADER][INFO] Pumping guest thread 'AssetGarbageCollectorHelper' reason=ready-dispatch resume=0x000000080A821799
[LOADER][INFO] Guest thread yield at import#8100: nid=04AjkP0jO9U ret=0x000000080A821799 reason=_umtx_op_wait
[LOADER][INFO] Guest thread 'AssetGarbageCollectorHelper' state=Blocked reason=_umtx_op_wait
[LOADER][INFO] guest_threads.timeout_wake count=1
[LOADER][INFO] Pumping guest thread 'AssetGarbageCollectorHelper' reason=dispatcher resume=0x000000080A821799
[LOADER][INFO] Guest thread yield at import#8612: nid=04AjkP0jO9U ret=0x000000080A821799 reason=_umtx_op_wait
[LOADER][INFO] Guest thread 'AssetGarbageCollectorHelper' state=Blocked reason=_umtx_op_wait
[LOADER][INFO] guest_threads.timeout_wake count=1
[LOADER][INFO] Pumping guest thread 'AssetGarbageCollectorHelper' reason=dispatcher resume=0x000000080A821799
[LOADER][INFO] Guest thread yield at import#6820: nid=04AjkP0jO9U ret=0x000000080A821799 reason=_umtx_op_wait
[LOADER][INFO] Guest thread 'AssetGarbageCollectorHelper' state=Blocked reason=_umtx_op_wait
[LOADER][INFO] guest_threads.timeout_wake count=1
[LOADER][INFO] Pumping guest thread 'AssetGarbageCollectorHelper' reason=dispatcher resume=0x000000080A821799
[LOADER][INFO] Guest thread yield at import#5540: nid=04AjkP0jO9U ret=0x000000080A821799 reason=_umtx_op_wait
[LOADER][INFO] Guest thread 'AssetGarbageCollectorHelper' state=Blocked reason=_umtx_op_wait
[LOADER][INFO] guest_threads.timeout_wake count=2
[LOADER][INFO] Pumping guest thread 'AssetGarbageCollectorHelper' reason=dispatcher resume=0x000000080A821799
[LOADER][INFO] Pumping guest thread 'AssetGarbageCollectorHelper' reason=dispatcher resume=0x000000080A821799
[LOADER][INFO] Guest thread yield at import#5797: nid=04AjkP0jO9U ret=0x000000080A821799 reason=_umtx_op_wait
[LOADER][INFO] Guest thread yield at import#7589: nid=04AjkP0jO9U ret=0x000000080A821799 reason=_umtx_op_wait
[LOADER][INFO] Guest thread 'AssetGarbageCollectorHelper' state=Blocked reason=_umtx_op_wait
[LOADER][INFO] Guest thread 'AssetGarbageCollectorHelper' state=Blocked reason=_umtx_op_wait
[LOADER][INFO] guest_threads.timeout_wake count=1
[LOADER][INFO] Pumping guest thread 'AssetGarbageCollectorHelper' reason=ready-dispatch resume=0x000000080A821799
[LOADER][INFO] Guest thread yield at import#8356: nid=04AjkP0jO9U ret=0x000000080A821799 reason=_umtx_op_wait
[LOADER][INFO] Guest thread 'AssetGarbageCollectorHelper' state=Blocked reason=_umtx_op_wait
[LOADER][INFO] guest_threads.timeout_wake count=1
[LOADER][INFO] Pumping guest thread 'AssetGarbageCollectorHelper' reason=dispatcher resume=0x000000080A821799
[LOADER][INFO] Guest thread yield at import#7332: nid=04AjkP0jO9U ret=0x000000080A821799 reason=_umtx_op_wait
[LOADER][INFO] Guest thread 'AssetGarbageCollectorHelper' state=Blocked reason=_umtx_op_wait
[LOADER][INFO] guest_threads.timeout_wake count=2
[LOADER][INFO] Pumping guest thread 'AssetGarbageCollectorHelper' reason=ready-dispatch resume=0x000000080A821799
[LOADER][INFO] Pumping guest thread 'AssetGarbageCollectorHelper' reason=ready-dispatch resume=0x000000080A821799
[LOADER][INFO] Guest thread yield at import#6052: nid=04AjkP0jO9U ret=0x000000080A821799 reason=_umtx_op_wait
[LOADER][INFO] Guest thread yield at import#7844: nid=04AjkP0jO9U ret=0x000000080A821799 reason=_umtx_op_wait
[LOADER][INFO] Guest thread 'AssetGarbageCollectorHelper' state=Blocked reason=_umtx_op_wait
[LOADER][INFO] Guest thread 'AssetGarbageCollectorHelper' state=Blocked reason=_umtx_op_wait
[LOADER][INFO] guest_threads.timeout_wake count=1
[LOADER][INFO] Pumping guest thread 'AssetGarbageCollectorHelper' reason=dispatcher resume=0x000000080A821799
[LOADER][INFO] Guest thread yield at import#6309: nid=04AjkP0jO9U ret=0x000000080A821799 reason=_umtx_op_wait
[LOADER][INFO] Guest thread 'AssetGarbageCollectorHelper' state=Blocked reason=_umtx_op_wait
[LOADER][INFO] guest_threads.timeout_wake count=1
[LOADER][INFO] Pumping guest thread 'AssetGarbageCollectorHelper' reason=dispatcher resume=0x000000080A821799
[LOADER][INFO] Guest thread yield at import#5285: nid=04AjkP0jO9U ret=0x000000080A821799 reason=_umtx_op_wait
[LOADER][INFO] Guest thread 'AssetGarbageCollectorHelper' state=Blocked reason=_umtx_op_wait
[LOADER][INFO] guest_threads.timeout_wake count=1
[LOADER][INFO] Pumping guest thread 'AssetGarbageCollectorHelper' reason=ready-dispatch resume=0x000000080A821799
[LOADER][INFO] Guest thread yield at import#7077: nid=04AjkP0jO9U ret=0x000000080A821799 reason=_umtx_op_wait
[LOADER][INFO] Guest thread 'AssetGarbageCollectorHelper' state=Blocked reason=_umtx_op_wait
[LOADER][INFO] guest_threads.timeout_wake count=1
[LOADER][INFO] Pumping guest thread 'AssetGarbageCollectorHelper' reason=dispatcher resume=0x000000080A821799
[LOADER][INFO] Guest thread yield at import#8101: nid=04AjkP0jO9U ret=0x000000080A821799 reason=_umtx_op_wait
[LOADER][INFO] Guest thread 'AssetGarbageCollectorHelper' state=Blocked reason=_umtx_op_wait
[LOADER][INFO] guest_threads.timeout_wake count=1
[LOADER][INFO] Pumping guest thread 'AssetGarbageCollectorHelper' reason=dispatcher resume=0x000000080A821799
[LOADER][INFO] Guest thread yield at import#8613: nid=04AjkP0jO9U ret=0x000000080A821799 reason=_umtx_op_wait
[LOADER][INFO] Guest thread 'AssetGarbageCollectorHelper' state=Blocked reason=_umtx_op_wait
[LOADER][INFO] guest_threads.timeout_wake count=1
[LOADER][INFO] Pumping guest thread 'AssetGarbageCollectorHelper' reason=dispatcher resume=0x000000080A821799
[LOADER][INFO] Guest thread yield at import#6821: nid=04AjkP0jO9U ret=0x000000080A821799 reason=_umtx_op_wait
[LOADER][INFO] Guest thread 'AssetGarbageCollectorHelper' state=Blocked reason=_umtx_op_wait
[LOADER][INFO] guest_threads.timeout_wake count=1
[LOADER][INFO] Pumping guest thread 'AssetGarbageCollectorHelper' reason=ready-dispatch resume=0x000000080A821799
[LOADER][INFO] Guest thread yield at import#5541: nid=04AjkP0jO9U ret=0x000000080A821799 reason=_umtx_op_wait
[LOADER][INFO] Guest thread 'AssetGarbageCollectorHelper' state=Blocked reason=_umtx_op_wait
[LOADER][INFO] guest_threads.timeout_wake count=2
[LOADER][INFO] Pumping guest thread 'AssetGarbageCollectorHelper' reason=dispatcher resume=0x000000080A821799
[LOADER][INFO] Pumping guest thread 'AssetGarbageCollectorHelper' reason=dispatcher resume=0x000000080A821799
[LOADER][INFO] Guest thread yield at import#7590: nid=04AjkP0jO9U ret=0x000000080A821799 reason=_umtx_op_wait
[LOADER][INFO] Guest thread 'AssetGarbageCollectorHelper' state=Blocked reason=_umtx_op_wait
[LOADER][INFO] Guest thread yield at import#5798: nid=04AjkP0jO9U ret=0x000000080A821799 reason=_umtx_op_wait
[LOADER][INFO] Guest thread 'AssetGarbageCollectorHelper' state=Blocked reason=_umtx_op_wait
[LOADER][INFO] guest_threads.timeout_wake count=1
[LOADER][INFO] Pumping guest thread 'AssetGarbageCollectorHelper' reason=dispatcher resume=0x000000080A821799
[LOADER][INFO] Guest thread yield at import#8357: nid=04AjkP0jO9U ret=0x000000080A821799 reason=_umtx_op_wait
[LOADER][INFO] Guest thread 'AssetGarbageCollectorHelper' state=Blocked reason=_umtx_op_wait
[LOADER][INFO] guest_threads.timeout_wake count=1
[LOADER][INFO] Pumping guest thread 'AssetGarbageCollectorHelper' reason=ready-dispatch resume=0x000000080A821799
[LOADER][INFO] Guest thread yield at import#7333: nid=04AjkP0jO9U ret=0x000000080A821799 reason=_umtx_op_wait
[LOADER][INFO] Guest thread 'AssetGarbageCollectorHelper' state=Blocked reason=_umtx_op_wait
[LOADER][INFO] guest_threads.timeout_wake count=2
[LOADER][INFO] Pumping guest thread 'AssetGarbageCollectorHelper' reason=dispatcher resume=0x000000080A821799
[LOADER][INFO] Pumping guest thread 'AssetGarbageCollectorHelper' reason=dispatcher resume=0x000000080A821799
[LOADER][INFO] Guest thread yield at import#6053: nid=04AjkP0jO9U ret=0x000000080A821799 reason=_umtx_op_wait
[LOADER][INFO] Guest thread yield at import#7845: nid=04AjkP0jO9U ret=0x000000080A821799 reason=_umtx_op_wait
[LOADER][INFO] Guest thread 'AssetGarbageCollectorHelper' state=Blocked reason=_umtx_op_wait
[LOADER][INFO] Guest thread 'AssetGarbageCollectorHelper' state=Blocked reason=_umtx_op_wait
[LOADER][INFO] guest_threads.timeout_wake count=1
[LOADER][INFO] Pumping guest thread 'AssetGarbageCollectorHelper' reason=ready-dispatch resume=0x000000080A821799
[LOADER][INFO] Guest thread yield at import#6310: nid=04AjkP0jO9U ret=0x000000080A821799 reason=_umtx_op_wait
[LOADER][INFO] Guest thread 'AssetGarbageCollectorHelper' state=Blocked reason=_umtx_op_wait
[LOADER][INFO] guest_threads.timeout_wake count=1
[LOADER][INFO] Pumping guest thread 'AssetGarbageCollectorHelper' reason=ready-dispatch resume=0x000000080A821799
[LOADER][INFO] Guest thread yield at import#5286: nid=04AjkP0jO9U ret=0x000000080A821799 reason=_umtx_op_wait
[LOADER][INFO] Guest thread 'AssetGarbageCollectorHelper' state=Blocked reason=_umtx_op_wait
[LOADER][INFO] guest_threads.timeout_wake count=1
[LOADER][INFO] Pumping guest thread 'AssetGarbageCollectorHelper' reason=ready-dispatch resume=0x000000080A821799
[LOADER][INFO] Guest thread yield at import#7078: nid=04AjkP0jO9U ret=0x000000080A821799 reason=_umtx_op_wait
[LOADER][INFO] Guest thread 'AssetGarbageCollectorHelper' state=Blocked reason=_umtx_op_wait
[LOADER][INFO] guest_threads.timeout_wake count=1
[LOADER][INFO] Pumping guest thread 'AssetGarbageCollectorHelper' reason=dispatcher resume=0x000000080A821799
[LOADER][INFO] Guest thread yield at import#8102: nid=04AjkP0jO9U ret=0x000000080A821799 reason=_umtx_op_wait
[LOADER][INFO] Guest thread 'AssetGarbageCollectorHelper' state=Blocked reason=_umtx_op_wait
[LOADER][INFO] guest_threads.timeout_wake count=1
[LOADER][INFO] Pumping guest thread 'AssetGarbageCollectorHelper' reason=ready-dispatch resume=0x000000080A821799
[LOADER][INFO] Guest thread yield at import#8614: nid=04AjkP0jO9U ret=0x000000080A821799 reason=_umtx_op_wait
[LOADER][INFO] Guest thread 'AssetGarbageCollectorHelper' state=Blocked reason=_umtx_op_wait
[LOADER][INFO] guest_threads.timeout_wake count=1
[LOADER][INFO] Pumping guest thread 'AssetGarbageCollectorHelper' reason=ready-dispatch resume=0x000000080A821799
[LOADER][INFO] Guest thread yield at import#6822: nid=04AjkP0jO9U ret=0x000000080A821799 reason=_umtx_op_wait
[LOADER][INFO] Guest thread 'AssetGarbageCollectorHelper' state=Blocked reason=_umtx_op_wait
[LOADER][INFO] guest_threads.timeout_wake count=1
[LOADER][INFO] Pumping guest thread 'AssetGarbageCollectorHelper' reason=dispatcher resume=0x000000080A821799
[LOADER][INFO] Guest thread yield at import#5542: nid=04AjkP0jO9U ret=0x000000080A821799 reason=_umtx_op_wait
[LOADER][INFO] Guest thread 'AssetGarbageCollectorHelper' state=Blocked reason=_umtx_op_wait
[LOADER][INFO] guest_threads.timeout_wake count=1
[LOADER][INFO] guest_threads.timeout_wake count=1
[LOADER][INFO] Pumping guest thread 'AssetGarbageCollectorHelper' reason=ready-dispatch resume=0x000000080A821799
[LOADER][INFO] Pumping guest thread 'AssetGarbageCollectorHelper' reason=ready-dispatch resume=0x000000080A821799
[LOADER][INFO] Guest thread yield at import#5799: nid=04AjkP0jO9U ret=0x000000080A821799 reason=_umtx_op_wait
[LOADER][INFO] Guest thread yield at import#7591: nid=04AjkP0jO9U ret=0x000000080A821799 reason=_umtx_op_wait
[LOADER][INFO] Guest thread 'AssetGarbageCollectorHelper' state=Blocked reason=_umtx_op_wait
[LOADER][INFO] Guest thread 'AssetGarbageCollectorHelper' state=Blocked reason=_umtx_op_wait
[LOADER][INFO] guest_threads.timeout_wake count=1
[LOADER][INFO] Pumping guest thread 'AssetGarbageCollectorHelper' reason=dispatcher resume=0x000000080A821799
[LOADER][INFO] Guest thread yield at import#8358: nid=04AjkP0jO9U ret=0x000000080A821799 reason=_umtx_op_wait
[LOADER][INFO] Guest thread 'AssetGarbageCollectorHelper' state=Blocked reason=_umtx_op_wait
[LOADER][INFO] guest_threads.timeout_wake count=1
[LOADER][INFO] Pumping guest thread 'AssetGarbageCollectorHelper' reason=ready-dispatch resume=0x000000080A821799
[LOADER][INFO] Guest thread yield at import#7334: nid=04AjkP0jO9U ret=0x000000080A821799 reason=_umtx_op_wait
[LOADER][INFO] Guest thread 'AssetGarbageCollectorHelper' state=Blocked reason=_umtx_op_wait
[LOADER][INFO] guest_threads.timeout_wake count=2
[LOADER][INFO] Pumping guest thread 'AssetGarbageCollectorHelper' reason=ready-dispatch resume=0x000000080A821799
[LOADER][INFO] Pumping guest thread 'AssetGarbageCollectorHelper' reason=ready-dispatch resume=0x000000080A821799
[LOADER][INFO] Guest thread yield at import#6054: nid=04AjkP0jO9U ret=0x000000080A821799 reason=_umtx_op_wait
[LOADER][INFO] Guest thread yield at import#7846: nid=04AjkP0jO9U ret=0x000000080A821799 reason=_umtx_op_wait
[LOADER][INFO] Guest thread 'AssetGarbageCollectorHelper' state=Blocked reason=_umtx_op_wait
[LOADER][INFO] Guest thread 'AssetGarbageCollectorHelper' state=Blocked reason=_umtx_op_wait
[LOADER][INFO] guest_threads.timeout_wake count=1
[LOADER][INFO] Pumping guest thread 'AssetGarbageCollectorHelper' reason=dispatcher resume=0x000000080A821799
[LOADER][INFO] Guest thread yield at import#6311: nid=04AjkP0jO9U ret=0x000000080A821799 reason=_umtx_op_wait
[LOADER][INFO] Guest thread 'AssetGarbageCollectorHelper' state=Blocked reason=_umtx_op_wait
[LOADER][INFO] guest_threads.timeout_wake count=1
[LOADER][INFO] Pumping guest thread 'AssetGarbageCollectorHelper' reason=dispatcher resume=0x000000080A821799
[LOADER][INFO] Guest thread yield at import#5287: nid=04AjkP0jO9U ret=0x000000080A821799 reason=_umtx_op_wait
[LOADER][INFO] Guest thread 'AssetGarbageCollectorHelper' state=Blocked reason=_umtx_op_wait
[LOADER][INFO] guest_threads.timeout_wake count=1
[LOADER][INFO] Pumping guest thread 'AssetGarbageCollectorHelper' reason=ready-dispatch resume=0x000000080A821799
[LOADER][INFO] Guest thread yield at import#7079: nid=04AjkP0jO9U ret=0x000000080A821799 reason=_umtx_op_wait
[LOADER][INFO] Guest thread 'AssetGarbageCollectorHelper' state=Blocked reason=_umtx_op_wait
[LOADER][INFO] guest_threads.timeout_wake count=1
[LOADER][INFO] guest_threads.timeout_wake count=1
[LOADER][INFO] Pumping guest thread 'AssetGarbageCollectorHelper' reason=dispatcher resume=0x000000080A821799
[LOADER][INFO] Pumping guest thread 'AssetGarbageCollectorHelper' reason=dispatcher resume=0x000000080A821799
[LOADER][INFO] Guest thread yield at import#8103: nid=04AjkP0jO9U ret=0x000000080A821799 reason=_umtx_op_wait
[LOADER][INFO] Guest thread yield at import#8615: nid=04AjkP0jO9U ret=0x000000080A821799 reason=_umtx_op_wait
[LOADER][INFO] Guest thread 'AssetGarbageCollectorHelper' state=Blocked reason=_umtx_op_wait
[LOADER][INFO] Guest thread 'AssetGarbageCollectorHelper' state=Blocked reason=_umtx_op_wait
[LOADER][INFO] guest_threads.timeout_wake count=1
[LOADER][INFO] Pumping guest thread 'AssetGarbageCollectorHelper' reason=dispatcher resume=0x000000080A821799
[LOADER][INFO] Guest thread yield at import#6823: nid=04AjkP0jO9U ret=0x000000080A821799 reason=_umtx_op_wait
[LOADER][INFO] Guest thread 'AssetGarbageCollectorHelper' state=Blocked reason=_umtx_op_wait
[LOADER][INFO] guest_threads.timeout_wake count=1
[LOADER][INFO] Pumping guest thread 'AssetGarbageCollectorHelper' reason=ready-dispatch resume=0x000000080A821799
[LOADER][INFO] Guest thread yield at import#5543: nid=04AjkP0jO9U ret=0x000000080A821799 reason=_umtx_op_wait
[LOADER][INFO] Guest thread 'AssetGarbageCollectorHelper' state=Blocked reason=_umtx_op_wait
[LOADER][INFO] guest_threads.timeout_wake count=1
[LOADER][INFO] guest_threads.timeout_wake count=1
[LOADER][INFO] Pumping guest thread 'AssetGarbageCollectorHelper' reason=dispatcher resume=0x000000080A821799
[LOADER][INFO] Pumping guest thread 'AssetGarbageCollectorHelper' reason=dispatcher resume=0x000000080A821799
[LOADER][INFO] Guest thread yield at import#5800: nid=04AjkP0jO9U ret=0x000000080A821799 reason=_umtx_op_wait
[LOADER][INFO] Guest thread yield at import#7592: nid=04AjkP0jO9U ret=0x000000080A821799 reason=_umtx_op_wait
[LOADER][INFO] Guest thread 'AssetGarbageCollectorHelper' state=Blocked reason=_umtx_op_wait
[LOADER][INFO] Guest thread 'AssetGarbageCollectorHelper' state=Blocked reason=_umtx_op_wait
[LOADER][INFO] guest_threads.timeout_wake count=1
[LOADER][INFO] Pumping guest thread 'AssetGarbageCollectorHelper' reason=ready-dispatch resume=0x000000080A821799
[LOADER][INFO] Guest thread yield at import#8359: nid=04AjkP0jO9U ret=0x000000080A821799 reason=_umtx_op_wait
[LOADER][INFO] Guest thread 'AssetGarbageCollectorHelper' state=Blocked reason=_umtx_op_wait
[LOADER][INFO] guest_threads.timeout_wake count=1
[LOADER][INFO] Pumping guest thread 'AssetGarbageCollectorHelper' reason=dispatcher resume=0x000000080A821799
[LOADER][INFO] Guest thread yield at import#7335: nid=04AjkP0jO9U ret=0x000000080A821799 reason=_umtx_op_wait
[LOADER][INFO] Guest thread 'AssetGarbageCollectorHelper' state=Blocked reason=_umtx_op_wait
[LOADER][INFO] guest_threads.timeout_wake count=2
[LOADER][INFO] Pumping guest thread 'AssetGarbageCollectorHelper' reason=ready-dispatch resume=0x000000080A821799
[LOADER][INFO] Pumping guest thread 'AssetGarbageCollectorHelper' reason=ready-dispatch resume=0x000000080A821799
[LOADER][INFO] Guest thread yield at import#7847: nid=04AjkP0jO9U ret=0x000000080A821799 reason=_umtx_op_wait
[LOADER][INFO] Guest thread yield at import#6055: nid=04AjkP0jO9U ret=0x000000080A821799 reason=_umtx_op_wait
[LOADER][INFO] Guest thread 'AssetGarbageCollectorHelper' state=Blocked reason=_umtx_op_wait
[LOADER][INFO] Guest thread 'AssetGarbageCollectorHelper' state=Blocked reason=_umtx_op_wait
[LOADER][INFO] guest_threads.timeout_wake count=1
[LOADER][INFO] Pumping guest thread 'AssetGarbageCollectorHelper' reason=ready-dispatch resume=0x000000080A821799
[LOADER][INFO] Guest thread yield at import#6312: nid=04AjkP0jO9U ret=0x000000080A821799 reason=_umtx_op_wait
[LOADER][INFO] Guest thread 'AssetGarbageCollectorHelper' state=Blocked reason=_umtx_op_wait
[LOADER][INFO] guest_threads.timeout_wake count=1
[LOADER][INFO] Pumping guest thread 'AssetGarbageCollectorHelper' reason=dispatcher resume=0x000000080A821799
[LOADER][INFO] Guest thread yield at import#5288: nid=04AjkP0jO9U ret=0x000000080A821799 reason=_umtx_op_wait
[LOADER][INFO] Guest thread 'AssetGarbageCollectorHelper' state=Blocked reason=_umtx_op_wait
[LOADER][INFO] guest_threads.timeout_wake count=1
[LOADER][INFO] Pumping guest thread 'AssetGarbageCollectorHelper' reason=ready-dispatch resume=0x000000080A821799
[LOADER][INFO] Guest thread yield at import#7080: nid=04AjkP0jO9U ret=0x000000080A821799 reason=_umtx_op_wait
[LOADER][INFO] Guest thread 'AssetGarbageCollectorHelper' state=Blocked reason=_umtx_op_wait
[LOADER][INFO] guest_threads.timeout_wake count=2
[LOADER][INFO] Pumping guest thread 'AssetGarbageCollectorHelper' reason=dispatcher resume=0x000000080A821799
[LOADER][INFO] Pumping guest thread 'AssetGarbageCollectorHelper' reason=dispatcher resume=0x000000080A821799
[LOADER][INFO] Guest thread yield at import#8616: nid=04AjkP0jO9U ret=0x000000080A821799 reason=_umtx_op_wait
[LOADER][INFO] Guest thread yield at import#8104: nid=04AjkP0jO9U ret=0x000000080A821799 reason=_umtx_op_wait
[LOADER][INFO] Guest thread 'AssetGarbageCollectorHelper' state=Blocked reason=_umtx_op_wait
[LOADER][INFO] Guest thread 'AssetGarbageCollectorHelper' state=Blocked reason=_umtx_op_wait
[LOADER][INFO] guest_threads.timeout_wake count=1
[LOADER][INFO] Pumping guest thread 'AssetGarbageCollectorHelper' reason=dispatcher resume=0x000000080A821799
[LOADER][INFO] Guest thread yield at import#6824: nid=04AjkP0jO9U ret=0x000000080A821799 reason=_umtx_op_wait
[LOADER][INFO] Guest thread 'AssetGarbageCollectorHelper' state=Blocked reason=_umtx_op_wait
[LOADER][INFO] guest_threads.timeout_wake count=1
[LOADER][INFO] Pumping guest thread 'AssetGarbageCollectorHelper' reason=dispatcher resume=0x000000080A821799
[LOADER][INFO] Guest thread yield at import#5544: nid=04AjkP0jO9U ret=0x000000080A821799 reason=_umtx_op_wait
[LOADER][INFO] Guest thread 'AssetGarbageCollectorHelper' state=Blocked reason=_umtx_op_wait
[LOADER][INFO] guest_threads.timeout_wake count=2
[LOADER][INFO] Pumping guest thread 'AssetGarbageCollectorHelper' reason=ready-dispatch resume=0x000000080A821799
[LOADER][INFO] Pumping guest thread 'AssetGarbageCollectorHelper' reason=ready-dispatch resume=0x000000080A821799
[LOADER][INFO] Guest thread yield at import#7593: nid=04AjkP0jO9U ret=0x000000080A821799 reason=_umtx_op_wait
[LOADER][INFO] Guest thread yield at import#5801: nid=04AjkP0jO9U ret=0x000000080A821799 reason=_umtx_op_wait
[LOADER][INFO] Guest thread 'AssetGarbageCollectorHelper' state=Blocked reason=_umtx_op_wait
[LOADER][INFO] Guest thread 'AssetGarbageCollectorHelper' state=Blocked reason=_umtx_op_wait
[LOADER][INFO] guest_threads.timeout_wake count=1
[LOADER][INFO] Pumping guest thread 'AssetGarbageCollectorHelper' reason=dispatcher resume=0x000000080A821799
[LOADER][INFO] Guest thread yield at import#8360: nid=04AjkP0jO9U ret=0x000000080A821799 reason=_umtx_op_wait
[LOADER][INFO] Guest thread 'AssetGarbageCollectorHelper' state=Blocked reason=_umtx_op_wait
[LOADER][INFO] guest_threads.timeout_wake count=1
[LOADER][INFO] Pumping guest thread 'AssetGarbageCollectorHelper' reason=dispatcher resume=0x000000080A821799
[LOADER][INFO] Guest thread yield at import#7336: nid=04AjkP0jO9U ret=0x000000080A821799 reason=_umtx_op_wait
[LOADER][INFO] Guest thread 'AssetGarbageCollectorHelper' state=Blocked reason=_umtx_op_wait
[LOADER][INFO] guest_threads.timeout_wake count=2
[LOADER][INFO] Pumping guest thread 'AssetGarbageCollectorHelper' reason=dispatcher resume=0x000000080A821799
[LOADER][INFO] Pumping guest thread 'AssetGarbageCollectorHelper' reason=dispatcher resume=0x000000080A821799
[LOADER][INFO] Guest thread yield at import#7848: nid=04AjkP0jO9U ret=0x000000080A821799 reason=_umtx_op_wait
[LOADER][INFO] Guest thread 'AssetGarbageCollectorHelper' state=Blocked reason=_umtx_op_wait
[LOADER][INFO] Guest thread yield at import#6056: nid=04AjkP0jO9U ret=0x000000080A821799 reason=_umtx_op_wait
[LOADER][INFO] Guest thread 'AssetGarbageCollectorHelper' state=Blocked reason=_umtx_op_wait
[LOADER][INFO] guest_threads.timeout_wake count=1
[LOADER][INFO] Pumping guest thread 'AssetGarbageCollectorHelper' reason=dispatcher resume=0x000000080A821799
[LOADER][INFO] Guest thread yield at import#6313: nid=04AjkP0jO9U ret=0x000000080A821799 reason=_umtx_op_wait
[LOADER][INFO] Guest thread 'AssetGarbageCollectorHelper' state=Blocked reason=_umtx_op_wait
[LOADER][INFO] guest_threads.timeout_wake count=1
[LOADER][INFO] Pumping guest thread 'AssetGarbageCollectorHelper' reason=ready-dispatch resume=0x000000080A821799
[LOADER][INFO] Guest thread yield at import#5289: nid=04AjkP0jO9U ret=0x000000080A821799 reason=_umtx_op_wait
[LOADER][INFO] Guest thread 'AssetGarbageCollectorHelper' state=Blocked reason=_umtx_op_wait
[LOADER][INFO] guest_threads.timeout_wake count=1
[LOADER][INFO] Pumping guest thread 'AssetGarbageCollectorHelper' reason=dispatcher resume=0x000000080A821799
[LOADER][INFO] Guest thread yield at import#7081: nid=04AjkP0jO9U ret=0x000000080A821799 reason=_umtx_op_wait
[LOADER][INFO] Guest thread 'AssetGarbageCollectorHelper' state=Blocked reason=_umtx_op_wait
[LOADER][INFO] guest_threads.timeout_wake count=2
[LOADER][INFO] Pumping guest thread 'AssetGarbageCollectorHelper' reason=dispatcher resume=0x000000080A821799
[LOADER][INFO] Pumping guest thread 'AssetGarbageCollectorHelper' reason=dispatcher resume=0x000000080A821799
[LOADER][INFO] Guest thread yield at import#8617: nid=04AjkP0jO9U ret=0x000000080A821799 reason=_umtx_op_wait
[LOADER][INFO] Guest thread yield at import#8105: nid=04AjkP0jO9U ret=0x000000080A821799 reason=_umtx_op_wait
[LOADER][INFO] Guest thread 'AssetGarbageCollectorHelper' state=Blocked reason=_umtx_op_wait
[LOADER][INFO] Guest thread 'AssetGarbageCollectorHelper' state=Blocked reason=_umtx_op_wait
[LOADER][INFO] guest_threads.timeout_wake count=1
[LOADER][INFO] Pumping guest thread 'AssetGarbageCollectorHelper' reason=dispatcher resume=0x000000080A821799
[LOADER][INFO] Guest thread yield at import#6825: nid=04AjkP0jO9U ret=0x000000080A821799 reason=_umtx_op_wait
[LOADER][INFO] Guest thread 'AssetGarbageCollectorHelper' state=Blocked reason=_umtx_op_wait
[LOADER][INFO] guest_threads.timeout_wake count=1
[LOADER][INFO] Pumping guest thread 'AssetGarbageCollectorHelper' reason=dispatcher resume=0x000000080A821799
[LOADER][INFO] Guest thread yield at import#5545: nid=04AjkP0jO9U ret=0x000000080A821799 reason=_umtx_op_wait
[LOADER][INFO] Guest thread 'AssetGarbageCollectorHelper' state=Blocked reason=_umtx_op_wait
[LOADER][INFO] guest_threads.timeout_wake count=2
[LOADER][INFO] Pumping guest thread 'AssetGarbageCollectorHelper' reason=dispatcher resume=0x000000080A821799
[LOADER][INFO] Pumping guest thread 'AssetGarbageCollectorHelper' reason=dispatcher resume=0x000000080A821799
[LOADER][INFO] Guest thread yield at import#7594: nid=04AjkP0jO9U ret=0x000000080A821799 reason=_umtx_op_wait
[LOADER][INFO] Guest thread yield at import#5802: nid=04AjkP0jO9U ret=0x000000080A821799 reason=_umtx_op_wait
[LOADER][INFO] Guest thread 'AssetGarbageCollectorHelper' state=Blocked reason=_umtx_op_wait
[LOADER][INFO] Guest thread 'AssetGarbageCollectorHelper' state=Blocked reason=_umtx_op_wait
[LOADER][INFO] guest_threads.timeout_wake count=1
[LOADER][INFO] Pumping guest thread 'AssetGarbageCollectorHelper' reason=ready-dispatch resume=0x000000080A821799
[LOADER][INFO] Guest thread yield at import#8361: nid=04AjkP0jO9U ret=0x000000080A821799 reason=_umtx_op_wait
[LOADER][INFO] Guest thread 'AssetGarbageCollectorHelper' state=Blocked reason=_umtx_op_wait
[LOADER][INFO] guest_threads.timeout_wake count=1
[LOADER][INFO] Pumping guest thread 'AssetGarbageCollectorHelper' reason=dispatcher resume=0x000000080A821799
[LOADER][INFO] Guest thread yield at import#7337: nid=04AjkP0jO9U ret=0x000000080A821799 reason=_umtx_op_wait
[LOADER][INFO] Guest thread 'AssetGarbageCollectorHelper' state=Blocked reason=_umtx_op_wait
[LOADER][INFO] guest_threads.timeout_wake count=2
[LOADER][INFO] Pumping guest thread 'AssetGarbageCollectorHelper' reason=dispatcher resume=0x000000080A821799
[LOADER][INFO] Pumping guest thread 'AssetGarbageCollectorHelper' reason=dispatcher resume=0x000000080A821799
[LOADER][INFO] Guest thread yield at import#7849: nid=04AjkP0jO9U ret=0x000000080A821799 reason=_umtx_op_wait
[LOADER][INFO] Guest thread yield at import#6057: nid=04AjkP0jO9U ret=0x000000080A821799 reason=_umtx_op_wait
[LOADER][INFO] Guest thread 'AssetGarbageCollectorHelper' state=Blocked reason=_umtx_op_wait
[LOADER][INFO] Guest thread 'AssetGarbageCollectorHelper' state=Blocked reason=_umtx_op_wait
[LOADER][INFO] guest_threads.timeout_wake count=1
[LOADER][INFO] Pumping guest thread 'AssetGarbageCollectorHelper' reason=dispatcher resume=0x000000080A821799
[LOADER][INFO] Guest thread yield at import#6314: nid=04AjkP0jO9U ret=0x000000080A821799 reason=_umtx_op_wait
[LOADER][INFO] Guest thread 'AssetGarbageCollectorHelper' state=Blocked reason=_umtx_op_wait
[LOADER][INFO] guest_threads.timeout_wake count=1
[LOADER][INFO] Pumping guest thread 'AssetGarbageCollectorHelper' reason=ready-dispatch resume=0x000000080A821799
[LOADER][INFO] Guest thread yield at import#5290: nid=04AjkP0jO9U ret=0x000000080A821799 reason=_umtx_op_wait
[LOADER][INFO] Guest thread 'AssetGarbageCollectorHelper' state=Blocked reason=_umtx_op_wait
[LOADER][INFO] guest_threads.timeout_wake count=1
[LOADER][INFO] Pumping guest thread 'AssetGarbageCollectorHelper' reason=dispatcher resume=0x000000080A821799
[LOADER][INFO] Guest thread yield at import#7082: nid=04AjkP0jO9U ret=0x000000080A821799 reason=_umtx_op_wait
[LOADER][INFO] Guest thread 'AssetGarbageCollectorHelper' state=Blocked reason=_umtx_op_wait
[LOADER][INFO] guest_threads.timeout_wake count=2
[LOADER][INFO] Pumping guest thread 'AssetGarbageCollectorHelper' reason=ready-dispatch resume=0x000000080A821799
[LOADER][INFO] Pumping guest thread 'AssetGarbageCollectorHelper' reason=ready-dispatch resume=0x000000080A821799
[LOADER][INFO] Guest thread yield at import#8618: nid=04AjkP0jO9U ret=0x000000080A821799 reason=_umtx_op_wait
[LOADER][INFO] Guest thread yield at import#8106: nid=04AjkP0jO9U ret=0x000000080A821799 reason=_umtx_op_wait
[LOADER][INFO] Guest thread 'AssetGarbageCollectorHelper' state=Blocked reason=_umtx_op_wait
[LOADER][INFO] Guest thread 'AssetGarbageCollectorHelper' state=Blocked reason=_umtx_op_wait
[LOADER][INFO] guest_threads.timeout_wake count=1
[LOADER][INFO] Pumping guest thread 'AssetGarbageCollectorHelper' reason=ready-dispatch resume=0x000000080A821799
[LOADER][INFO] Guest thread yield at import#6826: nid=04AjkP0jO9U ret=0x000000080A821799 reason=_umtx_op_wait
[LOADER][INFO] Guest thread 'AssetGarbageCollectorHelper' state=Blocked reason=_umtx_op_wait
[LOADER][INFO] guest_threads.timeout_wake count=1
[LOADER][INFO] Pumping guest thread 'AssetGarbageCollectorHelper' reason=dispatcher resume=0x000000080A821799
[LOADER][INFO] Guest thread yield at import#5546: nid=04AjkP0jO9U ret=0x000000080A821799 reason=_umtx_op_wait
[LOADER][INFO] Guest thread 'AssetGarbageCollectorHelper' state=Blocked reason=_umtx_op_wait
[LOADER][INFO] guest_threads.timeout_wake count=2
[LOADER][INFO] Pumping guest thread 'AssetGarbageCollectorHelper' reason=dispatcher resume=0x000000080A821799
[LOADER][INFO] Pumping guest thread 'AssetGarbageCollectorHelper' reason=dispatcher resume=0x000000080A821799
[LOADER][INFO] Guest thread yield at import#5803: nid=04AjkP0jO9U ret=0x000000080A821799 reason=_umtx_op_wait
[LOADER][INFO] Guest thread yield at import#7595: nid=04AjkP0jO9U ret=0x000000080A821799 reason=_umtx_op_wait
[LOADER][INFO] Guest thread 'AssetGarbageCollectorHelper' state=Blocked reason=_umtx_op_wait
[LOADER][INFO] Guest thread 'AssetGarbageCollectorHelper' state=Blocked reason=_umtx_op_wait
[LOADER][INFO] guest_threads.timeout_wake count=1
[LOADER][INFO] Pumping guest thread 'AssetGarbageCollectorHelper' reason=dispatcher resume=0x000000080A821799
[LOADER][INFO] Guest thread yield at import#8362: nid=04AjkP0jO9U ret=0x000000080A821799 reason=_umtx_op_wait
[LOADER][INFO] Guest thread 'AssetGarbageCollectorHelper' state=Blocked reason=_umtx_op_wait
[LOADER][INFO] guest_threads.timeout_wake count=1
[LOADER][INFO] Pumping guest thread 'AssetGarbageCollectorHelper' reason=ready-dispatch resume=0x000000080A821799
[LOADER][INFO] Guest thread yield at import#7338: nid=04AjkP0jO9U ret=0x000000080A821799 reason=_umtx_op_wait
[LOADER][INFO] Guest thread 'AssetGarbageCollectorHelper' state=Blocked reason=_umtx_op_wait
[LOADER][INFO] guest_threads.timeout_wake count=2
[LOADER][INFO] Pumping guest thread 'AssetGarbageCollectorHelper' reason=ready-dispatch resume=0x000000080A821799
[LOADER][INFO] Guest thread yield at import#7850: nid=04AjkP0jO9U ret=0x000000080A821799 reason=_umtx_op_wait
[LOADER][INFO] Guest thread 'AssetGarbageCollectorHelper' state=Blocked reason=_umtx_op_wait
[LOADER][INFO] Pumping guest thread 'AssetGarbageCollectorHelper' reason=ready-dispatch resume=0x000000080A821799
[LOADER][INFO] Guest thread yield at import#6058: nid=04AjkP0jO9U ret=0x000000080A821799 reason=_umtx_op_wait
[LOADER][INFO] Guest thread 'AssetGarbageCollectorHelper' state=Blocked reason=_umtx_op_wait
[LOADER][INFO] guest_threads.timeout_wake count=1
[LOADER][INFO] Pumping guest thread 'AssetGarbageCollectorHelper' reason=ready-dispatch resume=0x000000080A821799
[LOADER][INFO] Guest thread yield at import#6315: nid=04AjkP0jO9U ret=0x000000080A821799 reason=_umtx_op_wait
[LOADER][INFO] Guest thread 'AssetGarbageCollectorHelper' state=Blocked reason=_umtx_op_wait
[LOADER][INFO] guest_threads.timeout_wake count=1
[LOADER][INFO] Pumping guest thread 'AssetGarbageCollectorHelper' reason=ready-dispatch resume=0x000000080A821799
[LOADER][INFO] Guest thread yield at import#5291: nid=04AjkP0jO9U ret=0x000000080A821799 reason=_umtx_op_wait
[LOADER][INFO] Guest thread 'AssetGarbageCollectorHelper' state=Blocked reason=_umtx_op_wait
[LOADER][INFO] guest_threads.timeout_wake count=1
[LOADER][INFO] Pumping guest thread 'AssetGarbageCollectorHelper' reason=ready-dispatch resume=0x000000080A821799
[LOADER][INFO] Guest thread yield at import#7083: nid=04AjkP0jO9U ret=0x000000080A821799 reason=_umtx_op_wait
[LOADER][INFO] Guest thread 'AssetGarbageCollectorHelper' state=Blocked reason=_umtx_op_wait
[LOADER][INFO] guest_threads.timeout_wake count=2
[LOADER][INFO] Pumping guest thread 'AssetGarbageCollectorHelper' reason=dispatcher resume=0x000000080A821799
[LOADER][INFO] Pumping guest thread 'AssetGarbageCollectorHelper' reason=dispatcher resume=0x000000080A821799
[LOADER][INFO] Guest thread yield at import#8619: nid=04AjkP0jO9U ret=0x000000080A821799 reason=_umtx_op_wait
[LOADER][INFO] Guest thread yield at import#8107: nid=04AjkP0jO9U ret=0x000000080A821799 reason=_umtx_op_wait
[LOADER][INFO] Guest thread 'AssetGarbageCollectorHelper' state=Blocked reason=_umtx_op_wait
[LOADER][INFO] Guest thread 'AssetGarbageCollectorHelper' state=Blocked reason=_umtx_op_wait
[LOADER][INFO] guest_threads.timeout_wake count=1
[LOADER][INFO] Pumping guest thread 'AssetGarbageCollectorHelper' reason=ready-dispatch resume=0x000000080A821799
[LOADER][INFO] Guest thread yield at import#6827: nid=04AjkP0jO9U ret=0x000000080A821799 reason=_umtx_op_wait
[LOADER][INFO] Guest thread 'AssetGarbageCollectorHelper' state=Blocked reason=_umtx_op_wait
[LOADER][INFO] guest_threads.timeout_wake count=1
[LOADER][INFO] Pumping guest thread 'AssetGarbageCollectorHelper' reason=ready-dispatch resume=0x000000080A821799
[LOADER][INFO] Guest thread yield at import#5547: nid=04AjkP0jO9U ret=0x000000080A821799 reason=_umtx_op_wait
[LOADER][INFO] Guest thread 'AssetGarbageCollectorHelper' state=Blocked reason=_umtx_op_wait
[LOADER][INFO] guest_threads.timeout_wake count=2
[LOADER][INFO] Pumping guest thread 'AssetGarbageCollectorHelper' reason=dispatcher resume=0x000000080A821799
[LOADER][INFO] Pumping guest thread 'AssetGarbageCollectorHelper' reason=dispatcher resume=0x000000080A821799
[LOADER][INFO] Guest thread yield at import#5804: nid=04AjkP0jO9U ret=0x000000080A821799 reason=_umtx_op_wait
[LOADER][INFO] Guest thread yield at import#7596: nid=04AjkP0jO9U ret=0x000000080A821799 reason=_umtx_op_wait
[LOADER][INFO] Guest thread 'AssetGarbageCollectorHelper' state=Blocked reason=_umtx_op_wait
[LOADER][INFO] Guest thread 'AssetGarbageCollectorHelper' state=Blocked reason=_umtx_op_wait
[LOADER][INFO] guest_threads.timeout_wake count=1
[LOADER][INFO] Pumping guest thread 'AssetGarbageCollectorHelper' reason=dispatcher resume=0x000000080A821799
[LOADER][INFO] Guest thread yield at import#8363: nid=04AjkP0jO9U ret=0x000000080A821799 reason=_umtx_op_wait
[LOADER][INFO] Guest thread 'AssetGarbageCollectorHelper' state=Blocked reason=_umtx_op_wait
[LOADER][INFO] guest_threads.timeout_wake count=1
[LOADER][INFO] Pumping guest thread 'AssetGarbageCollectorHelper' reason=ready-dispatch resume=0x000000080A821799
[LOADER][INFO] Guest thread yield at import#7339: nid=04AjkP0jO9U ret=0x000000080A821799 reason=_umtx_op_wait
[LOADER][INFO] Guest thread 'AssetGarbageCollectorHelper' state=Blocked reason=_umtx_op_wait
[LOADER][INFO] guest_threads.timeout_wake count=1
[LOADER][INFO] Pumping guest thread 'AssetGarbageCollectorHelper' reason=ready-dispatch resume=0x000000080A821799
[LOADER][INFO] Guest thread yield at import#7851: nid=04AjkP0jO9U ret=0x000000080A821799 reason=_umtx_op_wait
[LOADER][INFO] Guest thread 'AssetGarbageCollectorHelper' state=Blocked reason=_umtx_op_wait
[LOADER][INFO] guest_threads.timeout_wake count=1
[LOADER][INFO] Pumping guest thread 'AssetGarbageCollectorHelper' reason=ready-dispatch resume=0x000000080A821799
[LOADER][INFO] Guest thread yield at import#6059: nid=04AjkP0jO9U ret=0x000000080A821799 reason=_umtx_op_wait
[LOADER][INFO] Guest thread 'AssetGarbageCollectorHelper' state=Blocked reason=_umtx_op_wait
[LOADER][INFO] guest_threads.timeout_wake count=1
[LOADER][INFO] Pumping guest thread 'AssetGarbageCollectorHelper' reason=ready-dispatch resume=0x000000080A821799
[LOADER][INFO] Guest thread yield at import#6316: nid=04AjkP0jO9U ret=0x000000080A821799 reason=_umtx_op_wait
[LOADER][INFO] Guest thread 'AssetGarbageCollectorHelper' state=Blocked reason=_umtx_op_wait
[LOADER][INFO] guest_threads.timeout_wake count=1
[LOADER][INFO] Pumping guest thread 'AssetGarbageCollectorHelper' reason=ready-dispatch resume=0x000000080A821799
[LOADER][INFO] Guest thread yield at import#5292: nid=04AjkP0jO9U ret=0x000000080A821799 reason=_umtx_op_wait
[LOADER][INFO] Guest thread 'AssetGarbageCollectorHelper' state=Blocked reason=_umtx_op_wait
[LOADER][INFO] guest_threads.timeout_wake count=1
[LOADER][INFO] Pumping guest thread 'AssetGarbageCollectorHelper' reason=ready-dispatch resume=0x000000080A821799
[LOADER][INFO] Guest thread yield at import#7084: nid=04AjkP0jO9U ret=0x000000080A821799 reason=_umtx_op_wait
[LOADER][INFO] Guest thread 'AssetGarbageCollectorHelper' state=Blocked reason=_umtx_op_wait
[LOADER][INFO] guest_threads.timeout_wake count=2
[LOADER][INFO] Pumping guest thread 'AssetGarbageCollectorHelper' reason=dispatcher resume=0x000000080A821799
[LOADER][INFO] Pumping guest thread 'AssetGarbageCollectorHelper' reason=dispatcher resume=0x000000080A821799
[LOADER][INFO] Guest thread yield at import#8108: nid=04AjkP0jO9U ret=0x000000080A821799 reason=_umtx_op_wait
[LOADER][INFO] Guest thread 'AssetGarbageCollectorHelper' state=Blocked reason=_umtx_op_wait
[LOADER][INFO] Guest thread yield at import#8620: nid=04AjkP0jO9U ret=0x000000080A821799 reason=_umtx_op_wait
[LOADER][INFO] Guest thread 'AssetGarbageCollectorHelper' state=Blocked reason=_umtx_op_wait
[LOADER][INFO] guest_threads.timeout_wake count=1
[LOADER][INFO] Pumping guest thread 'AssetGarbageCollectorHelper' reason=dispatcher resume=0x000000080A821799
[LOADER][INFO] Guest thread yield at import#6828: nid=04AjkP0jO9U ret=0x000000080A821799 reason=_umtx_op_wait
[LOADER][INFO] Guest thread 'AssetGarbageCollectorHelper' state=Blocked reason=_umtx_op_wait
[LOADER][INFO] guest_threads.timeout_wake count=1
[LOADER][INFO] Pumping guest thread 'AssetGarbageCollectorHelper' reason=dispatcher resume=0x000000080A821799
[LOADER][INFO] Guest thread yield at import#5548: nid=04AjkP0jO9U ret=0x000000080A821799 reason=_umtx_op_wait
[LOADER][INFO] Guest thread 'AssetGarbageCollectorHelper' state=Blocked reason=_umtx_op_wait
[LOADER][INFO] guest_threads.timeout_wake count=2
[LOADER][INFO] Pumping guest thread 'AssetGarbageCollectorHelper' reason=ready-dispatch resume=0x000000080A821799
[LOADER][INFO] Guest thread yield at import#5805: nid=04AjkP0jO9U ret=0x000000080A821799 reason=_umtx_op_wait
[LOADER][INFO] Guest thread 'AssetGarbageCollectorHelper' state=Blocked reason=_umtx_op_wait
[LOADER][INFO] Pumping guest thread 'AssetGarbageCollectorHelper' reason=ready-dispatch resume=0x000000080A821799
[LOADER][INFO] Guest thread yield at import#7597: nid=04AjkP0jO9U ret=0x000000080A821799 reason=_umtx_op_wait
[LOADER][INFO] Guest thread 'AssetGarbageCollectorHelper' state=Blocked reason=_umtx_op_wait
[LOADER][INFO] guest_threads.timeout_wake count=1
[LOADER][INFO] Pumping guest thread 'AssetGarbageCollectorHelper' reason=ready-dispatch resume=0x000000080A821799
[LOADER][INFO] Guest thread yield at import#8364: nid=04AjkP0jO9U ret=0x000000080A821799 reason=_umtx_op_wait
[LOADER][INFO] Guest thread 'AssetGarbageCollectorHelper' state=Blocked reason=_umtx_op_wait
[LOADER][INFO] guest_threads.timeout_wake count=1
[LOADER][INFO] Pumping guest thread 'AssetGarbageCollectorHelper' reason=dispatcher resume=0x000000080A821799
[LOADER][INFO] Guest thread yield at import#7340: nid=04AjkP0jO9U ret=0x000000080A821799 reason=_umtx_op_wait
[LOADER][INFO] Guest thread 'AssetGarbageCollectorHelper' state=Blocked reason=_umtx_op_wait
[LOADER][INFO] guest_threads.timeout_wake count=1
[LOADER][INFO] guest_threads.timeout_wake count=1
[LOADER][INFO] Pumping guest thread 'AssetGarbageCollectorHelper' reason=dispatcher resume=0x000000080A821799
[LOADER][INFO] Pumping guest thread 'AssetGarbageCollectorHelper' reason=dispatcher resume=0x000000080A821799
[LOADER][INFO] Guest thread yield at import#6060: nid=04AjkP0jO9U ret=0x000000080A821799 reason=_umtx_op_wait
[LOADER][INFO] Guest thread yield at import#7852: nid=04AjkP0jO9U ret=0x000000080A821799 reason=_umtx_op_wait
[LOADER][INFO] Guest thread 'AssetGarbageCollectorHelper' state=Blocked reason=_umtx_op_wait
[LOADER][INFO] Guest thread 'AssetGarbageCollectorHelper' state=Blocked reason=_umtx_op_wait
[LOADER][INFO] guest_threads.timeout_wake count=1
[LOADER][INFO] Pumping guest thread 'AssetGarbageCollectorHelper' reason=ready-dispatch resume=0x000000080A821799
[LOADER][INFO] Guest thread yield at import#6317: nid=04AjkP0jO9U ret=0x000000080A821799 reason=_umtx_op_wait
[LOADER][INFO] Guest thread 'AssetGarbageCollectorHelper' state=Blocked reason=_umtx_op_wait
[LOADER][INFO] guest_threads.timeout_wake count=1
[LOADER][INFO] Pumping guest thread 'AssetGarbageCollectorHelper' reason=dispatcher resume=0x000000080A821799
[LOADER][INFO] Guest thread yield at import#5293: nid=04AjkP0jO9U ret=0x000000080A821799 reason=_umtx_op_wait
[LOADER][INFO] Guest thread 'AssetGarbageCollectorHelper' state=Blocked reason=_umtx_op_wait
[LOADER][INFO] guest_threads.timeout_wake count=1
[LOADER][INFO] Pumping guest thread 'AssetGarbageCollectorHelper' reason=dispatcher resume=0x000000080A821799
[LOADER][INFO] Guest thread yield at import#7085: nid=04AjkP0jO9U ret=0x000000080A821799 reason=_umtx_op_wait
[LOADER][INFO] Guest thread 'AssetGarbageCollectorHelper' state=Blocked reason=_umtx_op_wait
[LOADER][INFO] guest_threads.timeout_wake count=2
[LOADER][INFO] Pumping guest thread 'AssetGarbageCollectorHelper' reason=ready-dispatch resume=0x000000080A821799
[LOADER][INFO] Pumping guest thread 'AssetGarbageCollectorHelper' reason=ready-dispatch resume=0x000000080A821799
[LOADER][INFO] Guest thread yield at import#8109: nid=04AjkP0jO9U ret=0x000000080A821799 reason=_umtx_op_wait
[LOADER][INFO] Guest thread yield at import#8621: nid=04AjkP0jO9U ret=0x000000080A821799 reason=_umtx_op_wait
[LOADER][INFO] Guest thread 'AssetGarbageCollectorHelper' state=Blocked reason=_umtx_op_wait
[LOADER][INFO] Guest thread 'AssetGarbageCollectorHelper' state=Blocked reason=_umtx_op_wait
[LOADER][INFO] guest_threads.timeout_wake count=1
[LOADER][INFO] Pumping guest thread 'AssetGarbageCollectorHelper' reason=dispatcher resume=0x000000080A821799
[LOADER][INFO] Guest thread yield at import#6829: nid=04AjkP0jO9U ret=0x000000080A821799 reason=_umtx_op_wait
[LOADER][INFO] Guest thread 'AssetGarbageCollectorHelper' state=Blocked reason=_umtx_op_wait
[LOADER][INFO] guest_threads.timeout_wake count=1
[LOADER][INFO] Pumping guest thread 'AssetGarbageCollectorHelper' reason=ready-dispatch resume=0x000000080A821799
[LOADER][INFO] Guest thread yield at import#5549: nid=04AjkP0jO9U ret=0x000000080A821799 reason=_umtx_op_wait
[LOADER][INFO] Guest thread 'AssetGarbageCollectorHelper' state=Blocked reason=_umtx_op_wait
[LOADER][INFO] guest_threads.timeout_wake count=2
[LOADER][INFO] Pumping guest thread 'AssetGarbageCollectorHelper' reason=dispatcher resume=0x000000080A821799
[LOADER][INFO] Pumping guest thread 'AssetGarbageCollectorHelper' reason=dispatcher resume=0x000000080A821799
[LOADER][INFO] Guest thread yield at import#7598: nid=04AjkP0jO9U ret=0x000000080A821799 reason=_umtx_op_wait
[LOADER][INFO] Guest thread 'AssetGarbageCollectorHelper' state=Blocked reason=_umtx_op_wait
[LOADER][INFO] Guest thread yield at import#5806: nid=04AjkP0jO9U ret=0x000000080A821799 reason=_umtx_op_wait
[LOADER][INFO] Guest thread 'AssetGarbageCollectorHelper' state=Blocked reason=_umtx_op_wait
[LOADER][INFO] guest_threads.timeout_wake count=1
[LOADER][INFO] Pumping guest thread 'AssetGarbageCollectorHelper' reason=ready-dispatch resume=0x000000080A821799
[LOADER][INFO] Guest thread yield at import#8365: nid=04AjkP0jO9U ret=0x000000080A821799 reason=_umtx_op_wait
[LOADER][INFO] Guest thread 'AssetGarbageCollectorHelper' state=Blocked reason=_umtx_op_wait
[LOADER][INFO] guest_threads.timeout_wake count=1
[LOADER][INFO] Pumping guest thread 'AssetGarbageCollectorHelper' reason=dispatcher resume=0x000000080A821799
[LOADER][INFO] Guest thread yield at import#7341: nid=04AjkP0jO9U ret=0x000000080A821799 reason=_umtx_op_wait
[LOADER][INFO] Guest thread 'AssetGarbageCollectorHelper' state=Blocked reason=_umtx_op_wait
[LOADER][INFO] guest_threads.timeout_wake count=2
[LOADER][INFO] Pumping guest thread 'AssetGarbageCollectorHelper' reason=dispatcher resume=0x000000080A821799
[LOADER][INFO] Pumping guest thread 'AssetGarbageCollectorHelper' reason=dispatcher resume=0x000000080A821799
[LOADER][INFO] Guest thread yield at import#7853: nid=04AjkP0jO9U ret=0x000000080A821799 reason=_umtx_op_wait
[LOADER][INFO] Guest thread yield at import#6061: nid=04AjkP0jO9U ret=0x000000080A821799 reason=_umtx_op_wait
[LOADER][INFO] Guest thread 'AssetGarbageCollectorHelper' state=Blocked reason=_umtx_op_wait
[LOADER][INFO] Guest thread 'AssetGarbageCollectorHelper' state=Blocked reason=_umtx_op_wait
[LOADER][INFO] guest_threads.timeout_wake count=1
[LOADER][INFO] Pumping guest thread 'AssetGarbageCollectorHelper' reason=dispatcher resume=0x000000080A821799
[LOADER][INFO] Guest thread yield at import#6318: nid=04AjkP0jO9U ret=0x000000080A821799 reason=_umtx_op_wait
[LOADER][INFO] Guest thread 'AssetGarbageCollectorHelper' state=Blocked reason=_umtx_op_wait
[LOADER][INFO] guest_threads.timeout_wake count=1
[LOADER][INFO] Pumping guest thread 'AssetGarbageCollectorHelper' reason=dispatcher resume=0x000000080A821799
[LOADER][INFO] Guest thread yield at import#5294: nid=04AjkP0jO9U ret=0x000000080A821799 reason=_umtx_op_wait
[LOADER][INFO] Guest thread 'AssetGarbageCollectorHelper' state=Blocked reason=_umtx_op_wait
[LOADER][INFO] guest_threads.timeout_wake count=1
[LOADER][INFO] Pumping guest thread 'AssetGarbageCollectorHelper' reason=ready-dispatch resume=0x000000080A821799
[LOADER][INFO] Guest thread yield at import#7086: nid=04AjkP0jO9U ret=0x000000080A821799 reason=_umtx_op_wait
[LOADER][INFO] Guest thread 'AssetGarbageCollectorHelper' state=Blocked reason=_umtx_op_wait
[LOADER][INFO] guest_threads.timeout_wake count=2
[LOADER][INFO] Pumping guest thread 'AssetGarbageCollectorHelper' reason=ready-dispatch resume=0x000000080A821799
[LOADER][INFO] Pumping guest thread 'AssetGarbageCollectorHelper' reason=ready-dispatch resume=0x000000080A821799
[LOADER][INFO] Guest thread yield at import#8110: nid=04AjkP0jO9U ret=0x000000080A821799 reason=_umtx_op_wait
[LOADER][INFO] Guest thread yield at import#8622: nid=04AjkP0jO9U ret=0x000000080A821799 reason=_umtx_op_wait
[LOADER][INFO] Guest thread 'AssetGarbageCollectorHelper' state=Blocked reason=_umtx_op_wait
[LOADER][INFO] Guest thread 'AssetGarbageCollectorHelper' state=Blocked reason=_umtx_op_wait
[LOADER][INFO] guest_threads.timeout_wake count=1
[LOADER][INFO] Pumping guest thread 'AssetGarbageCollectorHelper' reason=dispatcher resume=0x000000080A821799
[LOADER][INFO] Guest thread yield at import#6830: nid=04AjkP0jO9U ret=0x000000080A821799 reason=_umtx_op_wait
[LOADER][INFO] Guest thread 'AssetGarbageCollectorHelper' state=Blocked reason=_umtx_op_wait
[LOADER][INFO] guest_threads.timeout_wake count=1
[LOADER][INFO] Pumping guest thread 'AssetGarbageCollectorHelper' reason=dispatcher resume=0x000000080A821799
[LOADER][INFO] Guest thread yield at import#5550: nid=04AjkP0jO9U ret=0x000000080A821799 reason=_umtx_op_wait
[LOADER][INFO] Guest thread 'AssetGarbageCollectorHelper' state=Blocked reason=_umtx_op_wait
[LOADER][INFO] guest_threads.timeout_wake count=2
[LOADER][INFO] Pumping guest thread 'AssetGarbageCollectorHelper' reason=ready-dispatch resume=0x000000080A821799
[LOADER][INFO] Pumping guest thread 'AssetGarbageCollectorHelper' reason=ready-dispatch resume=0x000000080A821799
[LOADER][INFO] Guest thread yield at import#7599: nid=04AjkP0jO9U ret=0x000000080A821799 reason=_umtx_op_wait
[LOADER][INFO] Guest thread yield at import#5807: nid=04AjkP0jO9U ret=0x000000080A821799 reason=_umtx_op_wait
[LOADER][INFO] Guest thread 'AssetGarbageCollectorHelper' state=Blocked reason=_umtx_op_wait
[LOADER][INFO] Guest thread 'AssetGarbageCollectorHelper' state=Blocked reason=_umtx_op_wait
[LOADER][INFO] guest_threads.timeout_wake count=1
[LOADER][INFO] Pumping guest thread 'AssetGarbageCollectorHelper' reason=dispatcher resume=0x000000080A821799
[LOADER][INFO] Guest thread yield at import#8366: nid=04AjkP0jO9U ret=0x000000080A821799 reason=_umtx_op_wait
[LOADER][INFO] Guest thread 'AssetGarbageCollectorHelper' state=Blocked reason=_umtx_op_wait
[LOADER][INFO] guest_threads.timeout_wake count=1
[LOADER][INFO] Pumping guest thread 'AssetGarbageCollectorHelper' reason=dispatcher resume=0x000000080A821799
[LOADER][INFO] Guest thread yield at import#7342: nid=04AjkP0jO9U ret=0x000000080A821799 reason=_umtx_op_wait
[LOADER][INFO] Guest thread 'AssetGarbageCollectorHelper' state=Blocked reason=_umtx_op_wait
[LOADER][INFO] guest_threads.timeout_wake count=1
[LOADER][INFO] guest_threads.timeout_wake count=1
[LOADER][INFO] Pumping guest thread 'AssetGarbageCollectorHelper' reason=dispatcher resume=0x000000080A821799
[LOADER][INFO] Pumping guest thread 'AssetGarbageCollectorHelper' reason=dispatcher resume=0x000000080A821799
[LOADER][INFO] Guest thread yield at import#7854: nid=04AjkP0jO9U ret=0x000000080A821799 reason=_umtx_op_wait
[LOADER][INFO] Guest thread yield at import#6062: nid=04AjkP0jO9U ret=0x000000080A821799 reason=_umtx_op_wait
[LOADER][INFO] Guest thread 'AssetGarbageCollectorHelper' state=Blocked reason=_umtx_op_wait
[LOADER][INFO] Guest thread 'AssetGarbageCollectorHelper' state=Blocked reason=_umtx_op_wait
[LOADER][INFO] guest_threads.timeout_wake count=1
[LOADER][INFO] guest_threads.timeout_wake count=1
[LOADER][INFO] Pumping guest thread 'AssetGarbageCollectorHelper' reason=dispatcher resume=0x000000080A821799
[LOADER][INFO] Pumping guest thread 'AssetGarbageCollectorHelper' reason=dispatcher resume=0x000000080A821799
[LOADER][INFO] Guest thread yield at import#6319: nid=04AjkP0jO9U ret=0x000000080A821799 reason=_umtx_op_wait
[LOADER][INFO] Guest thread yield at import#5295: nid=04AjkP0jO9U ret=0x000000080A821799 reason=_umtx_op_wait
[LOADER][INFO] Guest thread 'AssetGarbageCollectorHelper' state=Blocked reason=_umtx_op_wait
[LOADER][INFO] Guest thread 'AssetGarbageCollectorHelper' state=Blocked reason=_umtx_op_wait
[LOADER][INFO] guest_threads.timeout_wake count=1
[LOADER][INFO] Pumping guest thread 'AssetGarbageCollectorHelper' reason=dispatcher resume=0x000000080A821799
[LOADER][INFO] Guest thread yield at import#7087: nid=04AjkP0jO9U ret=0x000000080A821799 reason=_umtx_op_wait
[LOADER][INFO] Guest thread 'AssetGarbageCollectorHelper' state=Blocked reason=_umtx_op_wait
[LOADER][INFO] guest_threads.timeout_wake count=2
[LOADER][INFO] Pumping guest thread 'AssetGarbageCollectorHelper' reason=dispatcher resume=0x000000080A821799
[LOADER][INFO] Pumping guest thread 'AssetGarbageCollectorHelper' reason=dispatcher resume=0x000000080A821799
[LOADER][INFO] Guest thread yield at import#8111: nid=04AjkP0jO9U ret=0x000000080A821799 reason=_umtx_op_wait
[LOADER][INFO] Guest thread yield at import#8623: nid=04AjkP0jO9U ret=0x000000080A821799 reason=_umtx_op_wait
[LOADER][INFO] Guest thread 'AssetGarbageCollectorHelper' state=Blocked reason=_umtx_op_wait
[LOADER][INFO] Guest thread 'AssetGarbageCollectorHelper' state=Blocked reason=_umtx_op_wait
[LOADER][INFO] guest_threads.timeout_wake count=1
[LOADER][INFO] Pumping guest thread 'AssetGarbageCollectorHelper' reason=dispatcher resume=0x000000080A821799
[LOADER][INFO] Guest thread yield at import#6831: nid=04AjkP0jO9U ret=0x000000080A821799 reason=_umtx_op_wait
[LOADER][INFO] Guest thread 'AssetGarbageCollectorHelper' state=Blocked reason=_umtx_op_wait
[LOADER][INFO] guest_threads.timeout_wake count=1
[LOADER][INFO] Pumping guest thread 'AssetGarbageCollectorHelper' reason=dispatcher resume=0x000000080A821799
[LOADER][INFO] Guest thread yield at import#5551: nid=04AjkP0jO9U ret=0x000000080A821799 reason=_umtx_op_wait
[LOADER][INFO] Guest thread 'AssetGarbageCollectorHelper' state=Blocked reason=_umtx_op_wait
[LOADER][INFO] guest_threads.timeout_wake count=2
[LOADER][INFO] Pumping guest thread 'AssetGarbageCollectorHelper' reason=dispatcher resume=0x000000080A821799
[LOADER][INFO] Pumping guest thread 'AssetGarbageCollectorHelper' reason=dispatcher resume=0x000000080A821799
[LOADER][INFO] Guest thread yield at import#5808: nid=04AjkP0jO9U ret=0x000000080A821799 reason=_umtx_op_wait
[LOADER][INFO] Guest thread yield at import#7600: nid=04AjkP0jO9U ret=0x000000080A821799 reason=_umtx_op_wait
[LOADER][INFO] Guest thread 'AssetGarbageCollectorHelper' state=Blocked reason=_umtx_op_wait
[LOADER][INFO] Guest thread 'AssetGarbageCollectorHelper' state=Blocked reason=_umtx_op_wait
[LOADER][INFO] guest_threads.timeout_wake count=1
[LOADER][INFO] Pumping guest thread 'AssetGarbageCollectorHelper' reason=ready-dispatch resume=0x000000080A821799
[LOADER][INFO] Guest thread yield at import#8367: nid=04AjkP0jO9U ret=0x000000080A821799 reason=_umtx_op_wait
[LOADER][INFO] Guest thread 'AssetGarbageCollectorHelper' state=Blocked reason=_umtx_op_wait
[LOADER][INFO] guest_threads.timeout_wake count=1
[LOADER][INFO] Pumping guest thread 'AssetGarbageCollectorHelper' reason=ready-dispatch resume=0x000000080A821799
[LOADER][INFO] Guest thread yield at import#7343: nid=04AjkP0jO9U ret=0x000000080A821799 reason=_umtx_op_wait
[LOADER][INFO] Guest thread 'AssetGarbageCollectorHelper' state=Blocked reason=_umtx_op_wait
[LOADER][INFO] guest_threads.timeout_wake count=1
[LOADER][INFO] Pumping guest thread 'AssetGarbageCollectorHelper' reason=ready-dispatch resume=0x000000080A821799
[LOADER][INFO] Guest thread yield at import#7855: nid=04AjkP0jO9U ret=0x000000080A821799 reason=_umtx_op_wait
[LOADER][INFO] Guest thread 'AssetGarbageCollectorHelper' state=Blocked reason=_umtx_op_wait
[LOADER][INFO] guest_threads.timeout_wake count=1
[LOADER][INFO] Pumping guest thread 'AssetGarbageCollectorHelper' reason=ready-dispatch resume=0x000000080A821799
[LOADER][INFO] Guest thread yield at import#6063: nid=04AjkP0jO9U ret=0x000000080A821799 reason=_umtx_op_wait
[LOADER][INFO] Guest thread 'AssetGarbageCollectorHelper' state=Blocked reason=_umtx_op_wait
[LOADER][INFO] guest_threads.timeout_wake count=3
[LOADER][INFO] Pumping guest thread 'AssetGarbageCollectorHelper' reason=dispatcher resume=0x000000080A821799
[LOADER][INFO] Pumping guest thread 'AssetGarbageCollectorHelper' reason=dispatcher resume=0x000000080A821799
[LOADER][INFO] Pumping guest thread 'AssetGarbageCollectorHelper' reason=dispatcher resume=0x000000080A821799
[LOADER][INFO] Guest thread yield at import#5296: nid=04AjkP0jO9U ret=0x000000080A821799 reason=_umtx_op_wait
[LOADER][INFO] Guest thread yield at import#7088: nid=04AjkP0jO9U ret=0x000000080A821799 reason=_umtx_op_wait
[LOADER][INFO] Guest thread yield at import#6320: nid=04AjkP0jO9U ret=0x000000080A821799 reason=_umtx_op_wait
[LOADER][INFO] Guest thread 'AssetGarbageCollectorHelper' state=Blocked reason=_umtx_op_wait
[LOADER][INFO] Guest thread 'AssetGarbageCollectorHelper' state=Blocked reason=_umtx_op_wait
[LOADER][INFO] Guest thread 'AssetGarbageCollectorHelper' state=Blocked reason=_umtx_op_wait
[LOADER][INFO] guest_threads.timeout_wake count=2
[LOADER][INFO] Pumping guest thread 'AssetGarbageCollectorHelper' reason=ready-dispatch resume=0x000000080A821799
[LOADER][INFO] Pumping guest thread 'AssetGarbageCollectorHelper' reason=ready-dispatch resume=0x000000080A821799
[LOADER][INFO] Guest thread yield at import#8624: nid=04AjkP0jO9U ret=0x000000080A821799 reason=_umtx_op_wait
[LOADER][INFO] Guest thread yield at import#8112: nid=04AjkP0jO9U ret=0x000000080A821799 reason=_umtx_op_wait
[LOADER][INFO] Guest thread 'AssetGarbageCollectorHelper' state=Blocked reason=_umtx_op_wait
[LOADER][INFO] Guest thread 'AssetGarbageCollectorHelper' state=Blocked reason=_umtx_op_wait
[LOADER][INFO] guest_threads.timeout_wake count=1
[LOADER][INFO] Pumping guest thread 'AssetGarbageCollectorHelper' reason=dispatcher resume=0x000000080A821799
[LOADER][INFO] Guest thread yield at import#6832: nid=04AjkP0jO9U ret=0x000000080A821799 reason=_umtx_op_wait
[LOADER][INFO] Guest thread 'AssetGarbageCollectorHelper' state=Blocked reason=_umtx_op_wait
[LOADER][INFO] guest_threads.timeout_wake count=1
[LOADER][INFO] Pumping guest thread 'AssetGarbageCollectorHelper' reason=dispatcher resume=0x000000080A821799
[LOADER][INFO] Guest thread yield at import#5552: nid=04AjkP0jO9U ret=0x000000080A821799 reason=_umtx_op_wait
[LOADER][INFO] Guest thread 'AssetGarbageCollectorHelper' state=Blocked reason=_umtx_op_wait
[LOADER][INFO] guest_threads.timeout_wake count=2
[LOADER][INFO] Pumping guest thread 'AssetGarbageCollectorHelper' reason=dispatcher resume=0x000000080A821799
[LOADER][INFO] Pumping guest thread 'AssetGarbageCollectorHelper' reason=dispatcher resume=0x000000080A821799
[LOADER][INFO] Guest thread yield at import#7601: nid=04AjkP0jO9U ret=0x000000080A821799 reason=_umtx_op_wait
[LOADER][INFO] Guest thread yield at import#5809: nid=04AjkP0jO9U ret=0x000000080A821799 reason=_umtx_op_wait
[LOADER][INFO] Guest thread 'AssetGarbageCollectorHelper' state=Blocked reason=_umtx_op_wait
[LOADER][INFO] Guest thread 'AssetGarbageCollectorHelper' state=Blocked reason=_umtx_op_wait
[LOADER][INFO] guest_threads.timeout_wake count=1
[LOADER][INFO] Pumping guest thread 'AssetGarbageCollectorHelper' reason=ready-dispatch resume=0x000000080A821799
[LOADER][INFO] Guest thread yield at import#8368: nid=04AjkP0jO9U ret=0x000000080A821799 reason=_umtx_op_wait
[LOADER][INFO] Guest thread 'AssetGarbageCollectorHelper' state=Blocked reason=_umtx_op_wait
[LOADER][INFO] guest_threads.timeout_wake count=1
[LOADER][INFO] Pumping guest thread 'AssetGarbageCollectorHelper' reason=ready-dispatch resume=0x000000080A821799
[LOADER][INFO] Guest thread yield at import#7344: nid=04AjkP0jO9U ret=0x000000080A821799 reason=_umtx_op_wait
[LOADER][INFO] Guest thread 'AssetGarbageCollectorHelper' state=Blocked reason=_umtx_op_wait
[LOADER][INFO] guest_threads.timeout_wake count=2
[LOADER][INFO] Pumping guest thread 'AssetGarbageCollectorHelper' reason=dispatcher resume=0x000000080A821799
[LOADER][INFO] Pumping guest thread 'AssetGarbageCollectorHelper' reason=dispatcher resume=0x000000080A821799
[LOADER][INFO] Guest thread yield at import#7856: nid=04AjkP0jO9U ret=0x000000080A821799 reason=_umtx_op_wait
[LOADER][INFO] Guest thread yield at import#6064: nid=04AjkP0jO9U ret=0x000000080A821799 reason=_umtx_op_wait
[LOADER][INFO] Guest thread 'AssetGarbageCollectorHelper' state=Blocked reason=_umtx_op_wait
[LOADER][INFO] Guest thread 'AssetGarbageCollectorHelper' state=Blocked reason=_umtx_op_wait
[LOADER][INFO] guest_threads.timeout_wake count=3
[LOADER][INFO] Pumping guest thread 'AssetGarbageCollectorHelper' reason=dispatcher resume=0x000000080A821799
[LOADER][INFO] Pumping guest thread 'AssetGarbageCollectorHelper' reason=dispatcher resume=0x000000080A821799
[LOADER][INFO] Pumping guest thread 'AssetGarbageCollectorHelper' reason=dispatcher resume=0x000000080A821799
[LOADER][INFO] Guest thread yield at import#5297: nid=04AjkP0jO9U ret=0x000000080A821799 reason=_umtx_op_wait
[LOADER][INFO] Guest thread yield at import#7089: nid=04AjkP0jO9U ret=0x000000080A821799 reason=_umtx_op_wait
[LOADER][INFO] Guest thread 'AssetGarbageCollectorHelper' state=Blocked reason=_umtx_op_wait
[LOADER][INFO] Guest thread 'AssetGarbageCollectorHelper' state=Blocked reason=_umtx_op_wait
[LOADER][INFO] Guest thread yield at import#6321: nid=04AjkP0jO9U ret=0x000000080A821799 reason=_umtx_op_wait
[LOADER][INFO] Guest thread 'AssetGarbageCollectorHelper' state=Blocked reason=_umtx_op_wait
[LOADER][INFO] guest_threads.timeout_wake count=2
[LOADER][INFO] Pumping guest thread 'AssetGarbageCollectorHelper' reason=dispatcher resume=0x000000080A821799
[LOADER][INFO] Pumping guest thread 'AssetGarbageCollectorHelper' reason=dispatcher resume=0x000000080A821799
[LOADER][INFO] Guest thread yield at import#8113: nid=04AjkP0jO9U ret=0x000000080A821799 reason=_umtx_op_wait
[LOADER][INFO] Guest thread yield at import#8625: nid=04AjkP0jO9U ret=0x000000080A821799 reason=_umtx_op_wait
[LOADER][INFO] Guest thread 'AssetGarbageCollectorHelper' state=Blocked reason=_umtx_op_wait
[LOADER][INFO] Guest thread 'AssetGarbageCollectorHelper' state=Blocked reason=_umtx_op_wait
[LOADER][INFO] guest_threads.timeout_wake count=1
[LOADER][INFO] Pumping guest thread 'AssetGarbageCollectorHelper' reason=dispatcher resume=0x000000080A821799
[LOADER][INFO] Guest thread yield at import#6833: nid=04AjkP0jO9U ret=0x000000080A821799 reason=_umtx_op_wait
[LOADER][INFO] Guest thread 'AssetGarbageCollectorHelper' state=Blocked reason=_umtx_op_wait
[LOADER][INFO] guest_threads.timeout_wake count=1
[LOADER][INFO] Pumping guest thread 'AssetGarbageCollectorHelper' reason=dispatcher resume=0x000000080A821799
[LOADER][INFO] Guest thread yield at import#5553: nid=04AjkP0jO9U ret=0x000000080A821799 reason=_umtx_op_wait
[LOADER][INFO] Guest thread 'AssetGarbageCollectorHelper' state=Blocked reason=_umtx_op_wait
[LOADER][INFO] guest_threads.timeout_wake count=2
[LOADER][INFO] Pumping guest thread 'AssetGarbageCollectorHelper' reason=dispatcher resume=0x000000080A821799
[LOADER][INFO] Pumping guest thread 'AssetGarbageCollectorHelper' reason=dispatcher resume=0x000000080A821799
[LOADER][INFO] Guest thread yield at import#7602: nid=04AjkP0jO9U ret=0x000000080A821799 reason=_umtx_op_wait
[LOADER][INFO] Guest thread yield at import#5810: nid=04AjkP0jO9U ret=0x000000080A821799 reason=_umtx_op_wait
[LOADER][INFO] Guest thread 'AssetGarbageCollectorHelper' state=Blocked reason=_umtx_op_wait
[LOADER][INFO] Guest thread 'AssetGarbageCollectorHelper' state=Blocked reason=_umtx_op_wait
[LOADER][INFO] guest_threads.timeout_wake count=1
[LOADER][INFO] Pumping guest thread 'AssetGarbageCollectorHelper' reason=dispatcher resume=0x000000080A821799
[LOADER][INFO] Guest thread yield at import#8369: nid=04AjkP0jO9U ret=0x000000080A821799 reason=_umtx_op_wait
[LOADER][INFO] Guest thread 'AssetGarbageCollectorHelper' state=Blocked reason=_umtx_op_wait
[LOADER][INFO] guest_threads.timeout_wake count=1
[LOADER][INFO] Pumping guest thread 'AssetGarbageCollectorHelper' reason=ready-dispatch resume=0x000000080A821799
[LOADER][INFO] Guest thread yield at import#7345: nid=04AjkP0jO9U ret=0x000000080A821799 reason=_umtx_op_wait
[LOADER][INFO] Guest thread 'AssetGarbageCollectorHelper' state=Blocked reason=_umtx_op_wait
[LOADER][INFO] guest_threads.timeout_wake count=1
[LOADER][INFO] guest_threads.timeout_wake count=1
[LOADER][INFO] Pumping guest thread 'AssetGarbageCollectorHelper' reason=dispatcher resume=0x000000080A821799
[LOADER][INFO] Pumping guest thread 'AssetGarbageCollectorHelper' reason=dispatcher resume=0x000000080A821799
[LOADER][INFO] Guest thread yield at import#6065: nid=04AjkP0jO9U ret=0x000000080A821799 reason=_umtx_op_wait
[LOADER][INFO] Guest thread yield at import#7857: nid=04AjkP0jO9U ret=0x000000080A821799 reason=_umtx_op_wait
[LOADER][INFO] Guest thread 'AssetGarbageCollectorHelper' state=Blocked reason=_umtx_op_wait
[LOADER][INFO] Guest thread 'AssetGarbageCollectorHelper' state=Blocked reason=_umtx_op_wait
[LOADER][INFO] guest_threads.timeout_wake count=3
[LOADER][INFO] Pumping guest thread 'AssetGarbageCollectorHelper' reason=dispatcher resume=0x000000080A821799
[LOADER][INFO] Pumping guest thread 'AssetGarbageCollectorHelper' reason=dispatcher resume=0x000000080A821799
[LOADER][INFO] Pumping guest thread 'AssetGarbageCollectorHelper' reason=dispatcher resume=0x000000080A821799
[LOADER][INFO] Guest thread yield at import#5298: nid=04AjkP0jO9U ret=0x000000080A821799 reason=_umtx_op_wait
[LOADER][INFO] Guest thread yield at import#7090: nid=04AjkP0jO9U ret=0x000000080A821799 reason=_umtx_op_wait
[LOADER][INFO] Guest thread yield at import#6322: nid=04AjkP0jO9U ret=0x000000080A821799 reason=_umtx_op_wait
[LOADER][INFO] Guest thread 'AssetGarbageCollectorHelper' state=Blocked reason=_umtx_op_wait
[LOADER][INFO] Guest thread 'AssetGarbageCollectorHelper' state=Blocked reason=_umtx_op_wait
[LOADER][INFO] Guest thread 'AssetGarbageCollectorHelper' state=Blocked reason=_umtx_op_wait
[LOADER][INFO] guest_threads.timeout_wake count=1
[LOADER][INFO] Pumping guest thread 'AssetGarbageCollectorHelper' reason=dispatcher resume=0x000000080A821799
[LOADER][INFO] Guest thread yield at import#8114: nid=04AjkP0jO9U ret=0x000000080A821799 reason=_umtx_op_wait
[LOADER][INFO] Guest thread 'AssetGarbageCollectorHelper' state=Blocked reason=_umtx_op_wait
[LOADER][INFO] guest_threads.timeout_wake count=1
[LOADER][INFO] Pumping guest thread 'AssetGarbageCollectorHelper' reason=dispatcher resume=0x000000080A821799
[LOADER][INFO] Guest thread yield at import#8626: nid=04AjkP0jO9U ret=0x000000080A821799 reason=_umtx_op_wait
[LOADER][INFO] Guest thread 'AssetGarbageCollectorHelper' state=Blocked reason=_umtx_op_wait
[LOADER][INFO] guest_threads.timeout_wake count=1
[LOADER][INFO] Pumping guest thread 'AssetGarbageCollectorHelper' reason=ready-dispatch resume=0x000000080A821799
[LOADER][INFO] Guest thread yield at import#6834: nid=04AjkP0jO9U ret=0x000000080A821799 reason=_umtx_op_wait
[LOADER][INFO] Guest thread 'AssetGarbageCollectorHelper' state=Blocked reason=_umtx_op_wait
[LOADER][INFO] guest_threads.timeout_wake count=1
[LOADER][INFO] Pumping guest thread 'AssetGarbageCollectorHelper' reason=ready-dispatch resume=0x000000080A821799
[LOADER][INFO] Guest thread yield at import#5554: nid=04AjkP0jO9U ret=0x000000080A821799 reason=_umtx_op_wait
[LOADER][INFO] Guest thread 'AssetGarbageCollectorHelper' state=Blocked reason=_umtx_op_wait
[LOADER][INFO] guest_threads.timeout_wake count=2
[LOADER][INFO] Pumping guest thread 'AssetGarbageCollectorHelper' reason=ready-dispatch resume=0x000000080A821799
[LOADER][INFO] Pumping guest thread 'AssetGarbageCollectorHelper' reason=ready-dispatch resume=0x000000080A821799
[LOADER][INFO] Guest thread yield at import#7603: nid=04AjkP0jO9U ret=0x000000080A821799 reason=_umtx_op_wait
[LOADER][INFO] Guest thread yield at import#5811: nid=04AjkP0jO9U ret=0x000000080A821799 reason=_umtx_op_wait
[LOADER][INFO] Guest thread 'AssetGarbageCollectorHelper' state=Blocked reason=_umtx_op_wait
[LOADER][INFO] Guest thread 'AssetGarbageCollectorHelper' state=Blocked reason=_umtx_op_wait
[LOADER][INFO] guest_threads.timeout_wake count=1
[LOADER][INFO] Pumping guest thread 'AssetGarbageCollectorHelper' reason=ready-dispatch resume=0x000000080A821799
[LOADER][INFO] Guest thread yield at import#8370: nid=04AjkP0jO9U ret=0x000000080A821799 reason=_umtx_op_wait
[LOADER][INFO] Guest thread 'AssetGarbageCollectorHelper' state=Blocked reason=_umtx_op_wait
[LOADER][INFO] guest_threads.timeout_wake count=1
[LOADER][INFO] Pumping guest thread 'AssetGarbageCollectorHelper' reason=dispatcher resume=0x000000080A821799
[LOADER][INFO] Guest thread yield at import#7346: nid=04AjkP0jO9U ret=0x000000080A821799 reason=_umtx_op_wait
[LOADER][INFO] Guest thread 'AssetGarbageCollectorHelper' state=Blocked reason=_umtx_op_wait
[LOADER][INFO] guest_threads.timeout_wake count=2
[LOADER][INFO] Pumping guest thread 'AssetGarbageCollectorHelper' reason=dispatcher resume=0x000000080A821799
[LOADER][INFO] Pumping guest thread 'AssetGarbageCollectorHelper' reason=dispatcher resume=0x000000080A821799
[LOADER][INFO] Guest thread yield at import#7858: nid=04AjkP0jO9U ret=0x000000080A821799 reason=_umtx_op_wait
[LOADER][INFO] Guest thread yield at import#6066: nid=04AjkP0jO9U ret=0x000000080A821799 reason=_umtx_op_wait
[LOADER][INFO] Guest thread 'AssetGarbageCollectorHelper' state=Blocked reason=_umtx_op_wait
[LOADER][INFO] Guest thread 'AssetGarbageCollectorHelper' state=Blocked reason=_umtx_op_wait
[LOADER][INFO] guest_threads.timeout_wake count=3
[LOADER][INFO] Pumping guest thread 'AssetGarbageCollectorHelper' reason=dispatcher resume=0x000000080A821799
[LOADER][INFO] Pumping guest thread 'AssetGarbageCollectorHelper' reason=dispatcher resume=0x000000080A821799
[LOADER][INFO] Pumping guest thread 'AssetGarbageCollectorHelper' reason=dispatcher resume=0x000000080A821799
[LOADER][INFO] Guest thread yield at import#7091: nid=04AjkP0jO9U ret=0x000000080A821799 reason=_umtx_op_wait
[LOADER][INFO] Guest thread yield at import#6323: nid=04AjkP0jO9U ret=0x000000080A821799 reason=_umtx_op_wait
[LOADER][INFO] Guest thread 'AssetGarbageCollectorHelper' state=Blocked reason=_umtx_op_wait
[LOADER][INFO] Guest thread 'AssetGarbageCollectorHelper' state=Blocked reason=_umtx_op_wait
[LOADER][INFO] Guest thread yield at import#5299: nid=04AjkP0jO9U ret=0x000000080A821799 reason=_umtx_op_wait
[LOADER][INFO] Guest thread 'AssetGarbageCollectorHelper' state=Blocked reason=_umtx_op_wait
[LOADER][INFO] guest_threads.timeout_wake count=1
[LOADER][INFO] Pumping guest thread 'AssetGarbageCollectorHelper' reason=ready-dispatch resume=0x000000080A821799
[LOADER][INFO] Guest thread yield at import#8115: nid=04AjkP0jO9U ret=0x000000080A821799 reason=_umtx_op_wait
[LOADER][INFO] Guest thread 'AssetGarbageCollectorHelper' state=Blocked reason=_umtx_op_wait
[LOADER][INFO] guest_threads.timeout_wake count=1
[LOADER][INFO] Pumping guest thread 'AssetGarbageCollectorHelper' reason=ready-dispatch resume=0x000000080A821799
[LOADER][INFO] Guest thread yield at import#8627: nid=04AjkP0jO9U ret=0x000000080A821799 reason=_umtx_op_wait
[LOADER][INFO] Guest thread 'AssetGarbageCollectorHelper' state=Blocked reason=_umtx_op_wait
[LOADER][INFO] guest_threads.timeout_wake count=1
[LOADER][INFO] Pumping guest thread 'AssetGarbageCollectorHelper' reason=ready-dispatch resume=0x000000080A821799
[LOADER][INFO] Guest thread yield at import#6835: nid=04AjkP0jO9U ret=0x000000080A821799 reason=_umtx_op_wait
[LOADER][INFO] Guest thread 'AssetGarbageCollectorHelper' state=Blocked reason=_umtx_op_wait
[LOADER][INFO] guest_threads.timeout_wake count=1
[LOADER][INFO] Pumping guest thread 'AssetGarbageCollectorHelper' reason=dispatcher resume=0x000000080A821799
[LOADER][INFO] Guest thread yield at import#5555: nid=04AjkP0jO9U ret=0x000000080A821799 reason=_umtx_op_wait
[LOADER][INFO] Guest thread 'AssetGarbageCollectorHelper' state=Blocked reason=_umtx_op_wait
[LOADER][INFO] guest_threads.timeout_wake count=2
[LOADER][INFO] Pumping guest thread 'AssetGarbageCollectorHelper' reason=ready-dispatch resume=0x000000080A821799
[LOADER][INFO] Pumping guest thread 'AssetGarbageCollectorHelper' reason=ready-dispatch resume=0x000000080A821799
[LOADER][INFO] Guest thread yield at import#5812: nid=04AjkP0jO9U ret=0x000000080A821799 reason=_umtx_op_wait
[LOADER][INFO] Guest thread yield at import#7604: nid=04AjkP0jO9U ret=0x000000080A821799 reason=_umtx_op_wait
[LOADER][INFO] Guest thread 'AssetGarbageCollectorHelper' state=Blocked reason=_umtx_op_wait
[LOADER][INFO] Guest thread 'AssetGarbageCollectorHelper' state=Blocked reason=_umtx_op_wait
[LOADER][INFO] guest_threads.timeout_wake count=1
[LOADER][INFO] Pumping guest thread 'AssetGarbageCollectorHelper' reason=dispatcher resume=0x000000080A821799
[LOADER][INFO] Guest thread yield at import#8371: nid=04AjkP0jO9U ret=0x000000080A821799 reason=_umtx_op_wait
[LOADER][INFO] Guest thread 'AssetGarbageCollectorHelper' state=Blocked reason=_umtx_op_wait
[LOADER][INFO] guest_threads.timeout_wake count=1
[LOADER][INFO] Pumping guest thread 'AssetGarbageCollectorHelper' reason=dispatcher resume=0x000000080A821799
[LOADER][INFO] Guest thread yield at import#7347: nid=04AjkP0jO9U ret=0x000000080A821799 reason=_umtx_op_wait
[LOADER][INFO] Guest thread 'AssetGarbageCollectorHelper' state=Blocked reason=_umtx_op_wait
[LOADER][INFO] guest_threads.timeout_wake count=1
[LOADER][INFO] guest_threads.timeout_wake count=1
[LOADER][INFO] Pumping guest thread 'AssetGarbageCollectorHelper' reason=dispatcher resume=0x000000080A821799
[LOADER][INFO] Pumping guest thread 'AssetGarbageCollectorHelper' reason=dispatcher resume=0x000000080A821799
[LOADER][INFO] Guest thread yield at import#6067: nid=04AjkP0jO9U ret=0x000000080A821799 reason=_umtx_op_wait
[LOADER][INFO] Guest thread yield at import#7859: nid=04AjkP0jO9U ret=0x000000080A821799 reason=_umtx_op_wait
[LOADER][INFO] Guest thread 'AssetGarbageCollectorHelper' state=Blocked reason=_umtx_op_wait
[LOADER][INFO] Guest thread 'AssetGarbageCollectorHelper' state=Blocked reason=_umtx_op_wait
[LOADER][INFO] guest_threads.timeout_wake count=3
[LOADER][INFO] Pumping guest thread 'AssetGarbageCollectorHelper' reason=dispatcher resume=0x000000080A821799
[LOADER][INFO] Pumping guest thread 'AssetGarbageCollectorHelper' reason=dispatcher resume=0x000000080A821799
[LOADER][INFO] Pumping guest thread 'AssetGarbageCollectorHelper' reason=dispatcher resume=0x000000080A821799
[LOADER][INFO] Guest thread yield at import#6324: nid=04AjkP0jO9U ret=0x000000080A821799 reason=_umtx_op_wait
[LOADER][INFO] Guest thread yield at import#5300: nid=04AjkP0jO9U ret=0x000000080A821799 reason=_umtx_op_wait
[LOADER][INFO] Guest thread yield at import#7092: nid=04AjkP0jO9U ret=0x000000080A821799 reason=_umtx_op_wait
[LOADER][INFO] Guest thread 'AssetGarbageCollectorHelper' state=Blocked reason=_umtx_op_wait
[LOADER][INFO] Guest thread 'AssetGarbageCollectorHelper' state=Blocked reason=_umtx_op_wait
[LOADER][INFO] Guest thread 'AssetGarbageCollectorHelper' state=Blocked reason=_umtx_op_wait
[LOADER][INFO] guest_threads.timeout_wake count=1
[LOADER][INFO] Pumping guest thread 'AssetGarbageCollectorHelper' reason=ready-dispatch resume=0x000000080A821799
[LOADER][INFO] Guest thread yield at import#8116: nid=04AjkP0jO9U ret=0x000000080A821799 reason=_umtx_op_wait
[LOADER][INFO] Guest thread 'AssetGarbageCollectorHelper' state=Blocked reason=_umtx_op_wait
[LOADER][INFO] guest_threads.timeout_wake count=1
[LOADER][INFO] Pumping guest thread 'AssetGarbageCollectorHelper' reason=dispatcher resume=0x000000080A821799
[LOADER][INFO] Guest thread yield at import#8628: nid=04AjkP0jO9U ret=0x000000080A821799 reason=_umtx_op_wait
[LOADER][INFO] Guest thread 'AssetGarbageCollectorHelper' state=Blocked reason=_umtx_op_wait
[LOADER][INFO] guest_threads.timeout_wake count=1
[LOADER][INFO] Pumping guest thread 'AssetGarbageCollectorHelper' reason=ready-dispatch resume=0x000000080A821799
[LOADER][INFO] Guest thread yield at import#6836: nid=04AjkP0jO9U ret=0x000000080A821799 reason=_umtx_op_wait
[LOADER][INFO] Guest thread 'AssetGarbageCollectorHelper' state=Blocked reason=_umtx_op_wait
[LOADER][INFO] guest_threads.timeout_wake count=1
[LOADER][INFO] Pumping guest thread 'AssetGarbageCollectorHelper' reason=dispatcher resume=0x000000080A821799
[LOADER][INFO] Guest thread yield at import#5556: nid=04AjkP0jO9U ret=0x000000080A821799 reason=_umtx_op_wait
[LOADER][INFO] Guest thread 'AssetGarbageCollectorHelper' state=Blocked reason=_umtx_op_wait
[LOADER][INFO] guest_threads.timeout_wake count=2
[LOADER][INFO] Pumping guest thread 'AssetGarbageCollectorHelper' reason=dispatcher resume=0x000000080A821799
[LOADER][INFO] Guest thread yield at import#5813: nid=04AjkP0jO9U ret=0x000000080A821799 reason=_umtx_op_wait
[LOADER][INFO] Guest thread 'AssetGarbageCollectorHelper' state=Blocked reason=_umtx_op_wait
[LOADER][INFO] Pumping guest thread 'AssetGarbageCollectorHelper' reason=dispatcher resume=0x000000080A821799
[LOADER][INFO] Guest thread yield at import#7605: nid=04AjkP0jO9U ret=0x000000080A821799 reason=_umtx_op_wait
[LOADER][INFO] Guest thread 'AssetGarbageCollectorHelper' state=Blocked reason=_umtx_op_wait
[LOADER][INFO] guest_threads.timeout_wake count=1
[LOADER][INFO] Pumping guest thread 'AssetGarbageCollectorHelper' reason=dispatcher resume=0x000000080A821799
[LOADER][INFO] Guest thread yield at import#8372: nid=04AjkP0jO9U ret=0x000000080A821799 reason=_umtx_op_wait
[LOADER][INFO] Guest thread 'AssetGarbageCollectorHelper' state=Blocked reason=_umtx_op_wait
[LOADER][INFO] guest_threads.timeout_wake count=1
[LOADER][INFO] Pumping guest thread 'AssetGarbageCollectorHelper' reason=dispatcher resume=0x000000080A821799
[LOADER][INFO] Guest thread yield at import#7348: nid=04AjkP0jO9U ret=0x000000080A821799 reason=_umtx_op_wait
[LOADER][INFO] Guest thread 'AssetGarbageCollectorHelper' state=Blocked reason=_umtx_op_wait
[LOADER][INFO] guest_threads.timeout_wake count=2
[LOADER][INFO] Pumping guest thread 'AssetGarbageCollectorHelper' reason=dispatcher resume=0x000000080A821799
[LOADER][INFO] Pumping guest thread 'AssetGarbageCollectorHelper' reason=dispatcher resume=0x000000080A821799
[LOADER][INFO] Guest thread yield at import#7860: nid=04AjkP0jO9U ret=0x000000080A821799 reason=_umtx_op_wait
[LOADER][INFO] Guest thread yield at import#6068: nid=04AjkP0jO9U ret=0x000000080A821799 reason=_umtx_op_wait
[LOADER][INFO] Guest thread 'AssetGarbageCollectorHelper' state=Blocked reason=_umtx_op_wait
[LOADER][INFO] Guest thread 'AssetGarbageCollectorHelper' state=Blocked reason=_umtx_op_wait
[LOADER][INFO] guest_threads.timeout_wake count=1
[LOADER][INFO] guest_threads.timeout_wake count=1
[LOADER][INFO] Pumping guest thread 'AssetGarbageCollectorHelper' reason=dispatcher resume=0x000000080A821799
[LOADER][INFO] Pumping guest thread 'AssetGarbageCollectorHelper' reason=dispatcher resume=0x000000080A821799
[LOADER][INFO] Guest thread yield at import#7093: nid=04AjkP0jO9U ret=0x000000080A821799 reason=_umtx_op_wait
[LOADER][INFO] Guest thread yield at import#5301: nid=04AjkP0jO9U ret=0x000000080A821799 reason=_umtx_op_wait
[LOADER][INFO] Guest thread 'AssetGarbageCollectorHelper' state=Blocked reason=_umtx_op_wait
[LOADER][INFO] Guest thread 'AssetGarbageCollectorHelper' state=Blocked reason=_umtx_op_wait
[LOADER][INFO] guest_threads.timeout_wake count=1
[LOADER][INFO] Pumping guest thread 'AssetGarbageCollectorHelper' reason=ready-dispatch resume=0x000000080A821799
[LOADER][INFO] Guest thread yield at import#6325: nid=04AjkP0jO9U ret=0x000000080A821799 reason=_umtx_op_wait
[LOADER][INFO] Guest thread 'AssetGarbageCollectorHelper' state=Blocked reason=_umtx_op_wait
[LOADER][INFO] guest_threads.timeout_wake count=1
[LOADER][INFO] Pumping guest thread 'AssetGarbageCollectorHelper' reason=ready-dispatch resume=0x000000080A821799
[LOADER][INFO] Guest thread yield at import#8117: nid=04AjkP0jO9U ret=0x000000080A821799 reason=_umtx_op_wait
[LOADER][INFO] Guest thread 'AssetGarbageCollectorHelper' state=Blocked reason=_umtx_op_wait
[LOADER][INFO] guest_threads.timeout_wake count=1
[LOADER][INFO] Pumping guest thread 'AssetGarbageCollectorHelper' reason=dispatcher resume=0x000000080A821799
[LOADER][INFO] Guest thread yield at import#8629: nid=04AjkP0jO9U ret=0x000000080A821799 reason=_umtx_op_wait
[LOADER][INFO] Guest thread 'AssetGarbageCollectorHelper' state=Blocked reason=_umtx_op_wait
[LOADER][INFO] guest_threads.timeout_wake count=1
[LOADER][INFO] Pumping guest thread 'AssetGarbageCollectorHelper' reason=dispatcher resume=0x000000080A821799
[LOADER][INFO] Guest thread yield at import#6837: nid=04AjkP0jO9U ret=0x000000080A821799 reason=_umtx_op_wait
[LOADER][INFO] Guest thread 'AssetGarbageCollectorHelper' state=Blocked reason=_umtx_op_wait
[LOADER][INFO] guest_threads.timeout_wake count=1
[LOADER][INFO] Pumping guest thread 'AssetGarbageCollectorHelper' reason=dispatcher resume=0x000000080A821799
[LOADER][INFO] Guest thread yield at import#5557: nid=04AjkP0jO9U ret=0x000000080A821799 reason=_umtx_op_wait
[LOADER][INFO] Guest thread 'AssetGarbageCollectorHelper' state=Blocked reason=_umtx_op_wait
[LOADER][INFO] guest_threads.timeout_wake count=1
[LOADER][INFO] Pumping guest thread 'AssetGarbageCollectorHelper' reason=ready-dispatch resume=0x000000080A821799
[LOADER][INFO] Guest thread yield at import#5814: nid=04AjkP0jO9U ret=0x000000080A821799 reason=_umtx_op_wait
[LOADER][INFO] Guest thread 'AssetGarbageCollectorHelper' state=Blocked reason=_umtx_op_wait
[LOADER][INFO] guest_threads.timeout_wake count=1
[LOADER][INFO] Pumping guest thread 'AssetGarbageCollectorHelper' reason=ready-dispatch resume=0x000000080A821799
[LOADER][INFO] Guest thread yield at import#7606: nid=04AjkP0jO9U ret=0x000000080A821799 reason=_umtx_op_wait
[LOADER][INFO] Guest thread 'AssetGarbageCollectorHelper' state=Blocked reason=_umtx_op_wait
[LOADER][INFO] guest_threads.timeout_wake count=1
[LOADER][INFO] Pumping guest thread 'AssetGarbageCollectorHelper' reason=dispatcher resume=0x000000080A821799
[LOADER][INFO] Guest thread yield at import#8373: nid=04AjkP0jO9U ret=0x000000080A821799 reason=_umtx_op_wait
[LOADER][INFO] Guest thread 'AssetGarbageCollectorHelper' state=Blocked reason=_umtx_op_wait
[LOADER][INFO] guest_threads.timeout_wake count=1
[LOADER][INFO] Pumping guest thread 'AssetGarbageCollectorHelper' reason=dispatcher resume=0x000000080A821799
[LOADER][INFO] Guest thread yield at import#7349: nid=04AjkP0jO9U ret=0x000000080A821799 reason=_umtx_op_wait
[LOADER][INFO] Guest thread 'AssetGarbageCollectorHelper' state=Blocked reason=_umtx_op_wait
[LOADER][INFO] guest_threads.timeout_wake count=1
[LOADER][INFO] guest_threads.timeout_wake count=1
[LOADER][INFO] Pumping guest thread 'AssetGarbageCollectorHelper' reason=dispatcher resume=0x000000080A821799
[LOADER][INFO] Pumping guest thread 'AssetGarbageCollectorHelper' reason=dispatcher resume=0x000000080A821799
[LOADER][INFO] Guest thread yield at import#6069: nid=04AjkP0jO9U ret=0x000000080A821799 reason=_umtx_op_wait
[LOADER][INFO] Guest thread 'AssetGarbageCollectorHelper' state=Blocked reason=_umtx_op_wait
[LOADER][INFO] Guest thread yield at import#7861: nid=04AjkP0jO9U ret=0x000000080A821799 reason=_umtx_op_wait
[LOADER][INFO] Guest thread 'AssetGarbageCollectorHelper' state=Blocked reason=_umtx_op_wait
[LOADER][INFO] guest_threads.timeout_wake count=1
[LOADER][INFO] Pumping guest thread 'AssetGarbageCollectorHelper' reason=ready-dispatch resume=0x000000080A821799
[LOADER][INFO] Guest thread yield at import#7094: nid=04AjkP0jO9U ret=0x000000080A821799 reason=_umtx_op_wait
[LOADER][INFO] Guest thread 'AssetGarbageCollectorHelper' state=Blocked reason=_umtx_op_wait
[LOADER][INFO] guest_threads.timeout_wake count=1
[LOADER][INFO] Pumping guest thread 'AssetGarbageCollectorHelper' reason=ready-dispatch resume=0x000000080A821799
[LOADER][INFO] Guest thread yield at import#5302: nid=04AjkP0jO9U ret=0x000000080A821799 reason=_umtx_op_wait
[LOADER][INFO] Guest thread 'AssetGarbageCollectorHelper' state=Blocked reason=_umtx_op_wait
[LOADER][INFO] guest_threads.timeout_wake count=1
[LOADER][INFO] Pumping guest thread 'AssetGarbageCollectorHelper' reason=dispatcher resume=0x000000080A821799
[LOADER][INFO] Guest thread yield at import#6326: nid=04AjkP0jO9U ret=0x000000080A821799 reason=_umtx_op_wait
[LOADER][INFO] Guest thread 'AssetGarbageCollectorHelper' state=Blocked reason=_umtx_op_wait
[LOADER][INFO] guest_threads.timeout_wake count=1
[LOADER][INFO] Pumping guest thread 'AssetGarbageCollectorHelper' reason=ready-dispatch resume=0x000000080A821799
[LOADER][INFO] Guest thread yield at import#8118: nid=04AjkP0jO9U ret=0x000000080A821799 reason=_umtx_op_wait
[LOADER][INFO] Guest thread 'AssetGarbageCollectorHelper' state=Blocked reason=_umtx_op_wait
[LOADER][INFO] guest_threads.timeout_wake count=1
[LOADER][INFO] Pumping guest thread 'AssetGarbageCollectorHelper' reason=ready-dispatch resume=0x000000080A821799
[LOADER][INFO] Guest thread yield at import#8630: nid=04AjkP0jO9U ret=0x000000080A821799 reason=_umtx_op_wait
[LOADER][INFO] Guest thread 'AssetGarbageCollectorHelper' state=Blocked reason=_umtx_op_wait
[LOADER][INFO] guest_threads.timeout_wake count=1
[LOADER][INFO] Pumping guest thread 'AssetGarbageCollectorHelper' reason=dispatcher resume=0x000000080A821799
[LOADER][INFO] Guest thread yield at import#6838: nid=04AjkP0jO9U ret=0x000000080A821799 reason=_umtx_op_wait
[LOADER][INFO] Guest thread 'AssetGarbageCollectorHelper' state=Blocked reason=_umtx_op_wait
[LOADER][INFO] guest_threads.timeout_wake count=1
[LOADER][INFO] Pumping guest thread 'AssetGarbageCollectorHelper' reason=dispatcher resume=0x000000080A821799
[LOADER][INFO] Guest thread yield at import#5558: nid=04AjkP0jO9U ret=0x000000080A821799 reason=_umtx_op_wait
[LOADER][INFO] Guest thread 'AssetGarbageCollectorHelper' state=Blocked reason=_umtx_op_wait
[LOADER][INFO] guest_threads.timeout_wake count=1
[LOADER][INFO] Pumping guest thread 'AssetGarbageCollectorHelper' reason=ready-dispatch resume=0x000000080A821799
[LOADER][INFO] Guest thread yield at import#5815: nid=04AjkP0jO9U ret=0x000000080A821799 reason=_umtx_op_wait
[LOADER][INFO] Guest thread 'AssetGarbageCollectorHelper' state=Blocked reason=_umtx_op_wait
[LOADER][INFO] guest_threads.timeout_wake count=1
[LOADER][INFO] Pumping guest thread 'AssetGarbageCollectorHelper' reason=dispatcher resume=0x000000080A821799
[LOADER][INFO] Guest thread yield at import#7607: nid=04AjkP0jO9U ret=0x000000080A821799 reason=_umtx_op_wait
[LOADER][INFO] Guest thread 'AssetGarbageCollectorHelper' state=Blocked reason=_umtx_op_wait
[LOADER][INFO] guest_threads.timeout_wake count=1
[LOADER][INFO] Pumping guest thread 'AssetGarbageCollectorHelper' reason=ready-dispatch resume=0x000000080A821799
[LOADER][INFO] Guest thread yield at import#8374: nid=04AjkP0jO9U ret=0x000000080A821799 reason=_umtx_op_wait
[LOADER][INFO] Guest thread 'AssetGarbageCollectorHelper' state=Blocked reason=_umtx_op_wait
[LOADER][INFO] guest_threads.timeout_wake count=1
[LOADER][INFO] Pumping guest thread 'AssetGarbageCollectorHelper' reason=dispatcher resume=0x000000080A821799
[LOADER][INFO] Guest thread yield at import#7350: nid=04AjkP0jO9U ret=0x000000080A821799 reason=_umtx_op_wait
[LOADER][INFO] Guest thread 'AssetGarbageCollectorHelper' state=Blocked reason=_umtx_op_wait
[LOADER][INFO] guest_threads.timeout_wake count=2
[LOADER][INFO] Pumping guest thread 'AssetGarbageCollectorHelper' reason=dispatcher resume=0x000000080A821799
[LOADER][INFO] Pumping guest thread 'AssetGarbageCollectorHelper' reason=dispatcher resume=0x000000080A821799
[LOADER][INFO] Guest thread yield at import#6070: nid=04AjkP0jO9U ret=0x000000080A821799 reason=_umtx_op_wait
[LOADER][INFO] Guest thread yield at import#7862: nid=04AjkP0jO9U ret=0x000000080A821799 reason=_umtx_op_wait
[LOADER][INFO] Guest thread 'AssetGarbageCollectorHelper' state=Blocked reason=_umtx_op_wait
[LOADER][INFO] Guest thread 'AssetGarbageCollectorHelper' state=Blocked reason=_umtx_op_wait
[LOADER][INFO] guest_threads.timeout_wake count=1
[LOADER][INFO] Pumping guest thread 'AssetGarbageCollectorHelper' reason=dispatcher resume=0x000000080A821799
[LOADER][INFO] Guest thread yield at import#7095: nid=04AjkP0jO9U ret=0x000000080A821799 reason=_umtx_op_wait
[LOADER][INFO] Guest thread 'AssetGarbageCollectorHelper' state=Blocked reason=_umtx_op_wait
[LOADER][INFO] guest_threads.timeout_wake count=1
[LOADER][INFO] Pumping guest thread 'AssetGarbageCollectorHelper' reason=ready-dispatch resume=0x000000080A821799
[LOADER][INFO] Guest thread yield at import#5303: nid=04AjkP0jO9U ret=0x000000080A821799 reason=_umtx_op_wait
[LOADER][INFO] Guest thread 'AssetGarbageCollectorHelper' state=Blocked reason=_umtx_op_wait
[LOADER][INFO] guest_threads.timeout_wake count=1
[LOADER][INFO] Pumping guest thread 'AssetGarbageCollectorHelper' reason=dispatcher resume=0x000000080A821799
[LOADER][INFO] Guest thread yield at import#6327: nid=04AjkP0jO9U ret=0x000000080A821799 reason=_umtx_op_wait
[LOADER][INFO] Guest thread 'AssetGarbageCollectorHelper' state=Blocked reason=_umtx_op_wait
[LOADER][INFO] guest_threads.timeout_wake count=1
[LOADER][INFO] Pumping guest thread 'AssetGarbageCollectorHelper' reason=dispatcher resume=0x000000080A821799
[LOADER][INFO] Guest thread yield at import#8119: nid=04AjkP0jO9U ret=0x000000080A821799 reason=_umtx_op_wait
[LOADER][INFO] Guest thread 'AssetGarbageCollectorHelper' state=Blocked reason=_umtx_op_wait
[LOADER][INFO] guest_threads.timeout_wake count=1
[LOADER][INFO] Pumping guest thread 'AssetGarbageCollectorHelper' reason=dispatcher resume=0x000000080A821799
[LOADER][INFO] Guest thread yield at import#8631: nid=04AjkP0jO9U ret=0x000000080A821799 reason=_umtx_op_wait
[LOADER][INFO] Guest thread 'AssetGarbageCollectorHelper' state=Blocked reason=_umtx_op_wait
[LOADER][INFO] guest_threads.timeout_wake count=1
[LOADER][INFO] Pumping guest thread 'AssetGarbageCollectorHelper' reason=dispatcher resume=0x000000080A821799
[LOADER][INFO] Guest thread yield at import#6839: nid=04AjkP0jO9U ret=0x000000080A821799 reason=_umtx_op_wait
[LOADER][INFO] Guest thread 'AssetGarbageCollectorHelper' state=Blocked reason=_umtx_op_wait
[LOADER][INFO] guest_threads.timeout_wake count=1
[LOADER][INFO] Pumping guest thread 'AssetGarbageCollectorHelper' reason=ready-dispatch resume=0x000000080A821799
[LOADER][INFO] Guest thread yield at import#5559: nid=04AjkP0jO9U ret=0x000000080A821799 reason=_umtx_op_wait
[LOADER][INFO] Guest thread 'AssetGarbageCollectorHelper' state=Blocked reason=_umtx_op_wait
[LOADER][INFO] guest_threads.timeout_wake count=1
[LOADER][INFO] Pumping guest thread 'AssetGarbageCollectorHelper' reason=dispatcher resume=0x000000080A821799
[LOADER][INFO] Guest thread yield at import#5816: nid=04AjkP0jO9U ret=0x000000080A821799 reason=_umtx_op_wait
[LOADER][INFO] Guest thread 'AssetGarbageCollectorHelper' state=Blocked reason=_umtx_op_wait
[LOADER][INFO] guest_threads.timeout_wake count=1
[LOADER][INFO] Pumping guest thread 'AssetGarbageCollectorHelper' reason=ready-dispatch resume=0x000000080A821799
[LOADER][INFO] Guest thread yield at import#7608: nid=04AjkP0jO9U ret=0x000000080A821799 reason=_umtx_op_wait
[LOADER][INFO] Guest thread 'AssetGarbageCollectorHelper' state=Blocked reason=_umtx_op_wait
[LOADER][INFO] guest_threads.timeout_wake count=1
[LOADER][INFO] Pumping guest thread 'AssetGarbageCollectorHelper' reason=dispatcher resume=0x000000080A821799
[LOADER][INFO] Guest thread yield at import#8375: nid=04AjkP0jO9U ret=0x000000080A821799 reason=_umtx_op_wait
[LOADER][INFO] Guest thread 'AssetGarbageCollectorHelper' state=Blocked reason=_umtx_op_wait
[LOADER][INFO] guest_threads.timeout_wake count=1
[LOADER][INFO] Pumping guest thread 'AssetGarbageCollectorHelper' reason=dispatcher resume=0x000000080A821799
[LOADER][INFO] Guest thread yield at import#7351: nid=04AjkP0jO9U ret=0x000000080A821799 reason=_umtx_op_wait
[LOADER][INFO] Guest thread 'AssetGarbageCollectorHelper' state=Blocked reason=_umtx_op_wait
[LOADER][INFO] guest_threads.timeout_wake count=2
[LOADER][INFO] Pumping guest thread 'AssetGarbageCollectorHelper' reason=dispatcher resume=0x000000080A821799
[LOADER][INFO] Pumping guest thread 'AssetGarbageCollectorHelper' reason=dispatcher resume=0x000000080A821799
[LOADER][INFO] Guest thread yield at import#6071: nid=04AjkP0jO9U ret=0x000000080A821799 reason=_umtx_op_wait
[LOADER][INFO] Guest thread yield at import#7863: nid=04AjkP0jO9U ret=0x000000080A821799 reason=_umtx_op_wait
[LOADER][INFO] Guest thread 'AssetGarbageCollectorHelper' state=Blocked reason=_umtx_op_wait
[LOADER][INFO] Guest thread 'AssetGarbageCollectorHelper' state=Blocked reason=_umtx_op_wait
[LOADER][INFO] guest_threads.timeout_wake count=1
[LOADER][INFO] Pumping guest thread 'AssetGarbageCollectorHelper' reason=ready-dispatch resume=0x000000080A821799
[LOADER][INFO] Guest thread yield at import#7096: nid=04AjkP0jO9U ret=0x000000080A821799 reason=_umtx_op_wait
[LOADER][INFO] Guest thread 'AssetGarbageCollectorHelper' state=Blocked reason=_umtx_op_wait
[LOADER][INFO] guest_threads.timeout_wake count=1
[LOADER][INFO] Pumping guest thread 'AssetGarbageCollectorHelper' reason=dispatcher resume=0x000000080A821799
[LOADER][INFO] Guest thread yield at import#5304: nid=04AjkP0jO9U ret=0x000000080A821799 reason=_umtx_op_wait
[LOADER][INFO] Guest thread 'AssetGarbageCollectorHelper' state=Blocked reason=_umtx_op_wait
[LOADER][INFO] guest_threads.timeout_wake count=1
[LOADER][INFO] Pumping guest thread 'AssetGarbageCollectorHelper' reason=dispatcher resume=0x000000080A821799
[LOADER][INFO] Guest thread yield at import#6328: nid=04AjkP0jO9U ret=0x000000080A821799 reason=_umtx_op_wait
[LOADER][INFO] Guest thread 'AssetGarbageCollectorHelper' state=Blocked reason=_umtx_op_wait
[LOADER][INFO] guest_threads.timeout_wake count=1
[LOADER][INFO] Pumping guest thread 'AssetGarbageCollectorHelper' reason=ready-dispatch resume=0x000000080A821799
[LOADER][INFO] Guest thread yield at import#8120: nid=04AjkP0jO9U ret=0x000000080A821799 reason=_umtx_op_wait
[LOADER][INFO] Guest thread 'AssetGarbageCollectorHelper' state=Blocked reason=_umtx_op_wait
[LOADER][INFO] guest_threads.timeout_wake count=1
[LOADER][INFO] Pumping guest thread 'AssetGarbageCollectorHelper' reason=dispatcher resume=0x000000080A821799
[LOADER][INFO] Guest thread yield at import#8632: nid=04AjkP0jO9U ret=0x000000080A821799 reason=_umtx_op_wait
[LOADER][INFO] Guest thread 'AssetGarbageCollectorHelper' state=Blocked reason=_umtx_op_wait
[LOADER][INFO] guest_threads.timeout_wake count=1
[LOADER][INFO] Pumping guest thread 'AssetGarbageCollectorHelper' reason=ready-dispatch resume=0x000000080A821799
[LOADER][INFO] Guest thread yield at import#6840: nid=04AjkP0jO9U ret=0x000000080A821799 reason=_umtx_op_wait
[LOADER][INFO] Guest thread 'AssetGarbageCollectorHelper' state=Blocked reason=_umtx_op_wait
[LOADER][INFO] guest_threads.timeout_wake count=1
[LOADER][INFO] Pumping guest thread 'AssetGarbageCollectorHelper' reason=dispatcher resume=0x000000080A821799
[LOADER][INFO] Guest thread yield at import#5560: nid=04AjkP0jO9U ret=0x000000080A821799 reason=_umtx_op_wait
[LOADER][INFO] Guest thread 'AssetGarbageCollectorHelper' state=Blocked reason=_umtx_op_wait
[LOADER][INFO] guest_threads.timeout_wake count=1
[LOADER][INFO] Pumping guest thread 'AssetGarbageCollectorHelper' reason=ready-dispatch resume=0x000000080A821799
[LOADER][INFO] Guest thread yield at import#5817: nid=04AjkP0jO9U ret=0x000000080A821799 reason=_umtx_op_wait
[LOADER][INFO] Guest thread 'AssetGarbageCollectorHelper' state=Blocked reason=_umtx_op_wait
[LOADER][INFO] guest_threads.timeout_wake count=1
[LOADER][INFO] Pumping guest thread 'AssetGarbageCollectorHelper' reason=ready-dispatch resume=0x000000080A821799
[LOADER][INFO] Guest thread yield at import#7609: nid=04AjkP0jO9U ret=0x000000080A821799 reason=_umtx_op_wait
[LOADER][INFO] Guest thread 'AssetGarbageCollectorHelper' state=Blocked reason=_umtx_op_wait
[LOADER][INFO] guest_threads.timeout_wake count=1
[LOADER][INFO] Pumping guest thread 'AssetGarbageCollectorHelper' reason=dispatcher resume=0x000000080A821799
[LOADER][INFO] Guest thread yield at import#8376: nid=04AjkP0jO9U ret=0x000000080A821799 reason=_umtx_op_wait
[LOADER][INFO] Guest thread 'AssetGarbageCollectorHelper' state=Blocked reason=_umtx_op_wait
[LOADER][INFO] guest_threads.timeout_wake count=1
[LOADER][INFO] Pumping guest thread 'AssetGarbageCollectorHelper' reason=dispatcher resume=0x000000080A821799
[LOADER][INFO] Guest thread yield at import#7352: nid=04AjkP0jO9U ret=0x000000080A821799 reason=_umtx_op_wait
[LOADER][INFO] Guest thread 'AssetGarbageCollectorHelper' state=Blocked reason=_umtx_op_wait
[LOADER][INFO] guest_threads.timeout_wake count=2
[LOADER][INFO] Pumping guest thread 'AssetGarbageCollectorHelper' reason=ready-dispatch resume=0x000000080A821799
[LOADER][INFO] Pumping guest thread 'AssetGarbageCollectorHelper' reason=ready-dispatch resume=0x000000080A821799
[LOADER][INFO] Guest thread yield at import#7864: nid=04AjkP0jO9U ret=0x000000080A821799 reason=_umtx_op_wait
[LOADER][INFO] Guest thread yield at import#6072: nid=04AjkP0jO9U ret=0x000000080A821799 reason=_umtx_op_wait
[LOADER][INFO] Guest thread 'AssetGarbageCollectorHelper' state=Blocked reason=_umtx_op_wait
[LOADER][INFO] Guest thread 'AssetGarbageCollectorHelper' state=Blocked reason=_umtx_op_wait
[LOADER][INFO] guest_threads.timeout_wake count=1
[LOADER][INFO] Pumping guest thread 'AssetGarbageCollectorHelper' reason=ready-dispatch resume=0x000000080A821799
[LOADER][INFO] Guest thread yield at import#7097: nid=04AjkP0jO9U ret=0x000000080A821799 reason=_umtx_op_wait
[LOADER][INFO] Guest thread 'AssetGarbageCollectorHelper' state=Blocked reason=_umtx_op_wait
[LOADER][INFO] guest_threads.timeout_wake count=1
[LOADER][INFO] Pumping guest thread 'AssetGarbageCollectorHelper' reason=ready-dispatch resume=0x000000080A821799
[LOADER][INFO] Guest thread yield at import#5305: nid=04AjkP0jO9U ret=0x000000080A821799 reason=_umtx_op_wait
[LOADER][INFO] Guest thread 'AssetGarbageCollectorHelper' state=Blocked reason=_umtx_op_wait
[LOADER][INFO] guest_threads.timeout_wake count=1
[LOADER][INFO] Pumping guest thread 'AssetGarbageCollectorHelper' reason=ready-dispatch resume=0x000000080A821799
[LOADER][INFO] Guest thread yield at import#6329: nid=04AjkP0jO9U ret=0x000000080A821799 reason=_umtx_op_wait
[LOADER][INFO] Guest thread 'AssetGarbageCollectorHelper' state=Blocked reason=_umtx_op_wait
[LOADER][INFO] guest_threads.timeout_wake count=1
[LOADER][INFO] Pumping guest thread 'AssetGarbageCollectorHelper' reason=ready-dispatch resume=0x000000080A821799
[LOADER][INFO] Guest thread yield at import#8121: nid=04AjkP0jO9U ret=0x000000080A821799 reason=_umtx_op_wait
[LOADER][INFO] Guest thread 'AssetGarbageCollectorHelper' state=Blocked reason=_umtx_op_wait
[LOADER][INFO] guest_threads.timeout_wake count=1
[LOADER][INFO] Pumping guest thread 'AssetGarbageCollectorHelper' reason=dispatcher resume=0x000000080A821799
[LOADER][INFO] Guest thread yield at import#8633: nid=04AjkP0jO9U ret=0x000000080A821799 reason=_umtx_op_wait
[LOADER][INFO] Guest thread 'AssetGarbageCollectorHelper' state=Blocked reason=_umtx_op_wait
[LOADER][INFO] guest_threads.timeout_wake count=1
[LOADER][INFO] Pumping guest thread 'AssetGarbageCollectorHelper' reason=dispatcher resume=0x000000080A821799
[LOADER][INFO] Guest thread yield at import#6841: nid=04AjkP0jO9U ret=0x000000080A821799 reason=_umtx_op_wait
[LOADER][INFO] Guest thread 'AssetGarbageCollectorHelper' state=Blocked reason=_umtx_op_wait
[LOADER][INFO] guest_threads.timeout_wake count=1
[LOADER][INFO] Pumping guest thread 'AssetGarbageCollectorHelper' reason=dispatcher resume=0x000000080A821799
[LOADER][INFO] Guest thread yield at import#5561: nid=04AjkP0jO9U ret=0x000000080A821799 reason=_umtx_op_wait
[LOADER][INFO] Guest thread 'AssetGarbageCollectorHelper' state=Blocked reason=_umtx_op_wait
[LOADER][INFO] guest_threads.timeout_wake count=1
[LOADER][INFO] Pumping guest thread 'AssetGarbageCollectorHelper' reason=dispatcher resume=0x000000080A821799
[LOADER][INFO] Guest thread yield at import#5818: nid=04AjkP0jO9U ret=0x000000080A821799 reason=_umtx_op_wait
[LOADER][INFO] Guest thread 'AssetGarbageCollectorHelper' state=Blocked reason=_umtx_op_wait
[LOADER][INFO] guest_threads.timeout_wake count=1
[LOADER][INFO] Pumping guest thread 'AssetGarbageCollectorHelper' reason=ready-dispatch resume=0x000000080A821799
[LOADER][INFO] Guest thread yield at import#7610: nid=04AjkP0jO9U ret=0x000000080A821799 reason=_umtx_op_wait
[LOADER][INFO] Guest thread 'AssetGarbageCollectorHelper' state=Blocked reason=_umtx_op_wait
[LOADER][INFO] guest_threads.timeout_wake count=1
[LOADER][INFO] Pumping guest thread 'AssetGarbageCollectorHelper' reason=dispatcher resume=0x000000080A821799
[LOADER][INFO] Guest thread yield at import#8377: nid=04AjkP0jO9U ret=0x000000080A821799 reason=_umtx_op_wait
[LOADER][INFO] Guest thread 'AssetGarbageCollectorHelper' state=Blocked reason=_umtx_op_wait
[LOADER][INFO] guest_threads.timeout_wake count=1
[LOADER][INFO] Pumping guest thread 'AssetGarbageCollectorHelper' reason=dispatcher resume=0x000000080A821799
[LOADER][INFO] Guest thread yield at import#7353: nid=04AjkP0jO9U ret=0x000000080A821799 reason=_umtx_op_wait
[LOADER][INFO] Guest thread 'AssetGarbageCollectorHelper' state=Blocked reason=_umtx_op_wait
[LOADER][INFO] guest_threads.timeout_wake count=2
[LOADER][INFO] Pumping guest thread 'AssetGarbageCollectorHelper' reason=ready-dispatch resume=0x000000080A821799
[LOADER][INFO] Pumping guest thread 'AssetGarbageCollectorHelper' reason=ready-dispatch resume=0x000000080A821799
[LOADER][INFO] Guest thread yield at import#7865: nid=04AjkP0jO9U ret=0x000000080A821799 reason=_umtx_op_wait
[LOADER][INFO] Guest thread yield at import#6073: nid=04AjkP0jO9U ret=0x000000080A821799 reason=_umtx_op_wait
[LOADER][INFO] Guest thread 'AssetGarbageCollectorHelper' state=Blocked reason=_umtx_op_wait
[LOADER][INFO] Guest thread 'AssetGarbageCollectorHelper' state=Blocked reason=_umtx_op_wait
[LOADER][INFO] guest_threads.timeout_wake count=1
[LOADER][INFO] Pumping guest thread 'AssetGarbageCollectorHelper' reason=ready-dispatch resume=0x000000080A821799
[LOADER][INFO] Guest thread yield at import#7098: nid=04AjkP0jO9U ret=0x000000080A821799 reason=_umtx_op_wait
[LOADER][INFO] Guest thread 'AssetGarbageCollectorHelper' state=Blocked reason=_umtx_op_wait
[LOADER][INFO] guest_threads.timeout_wake count=1
[LOADER][INFO] Pumping guest thread 'AssetGarbageCollectorHelper' reason=dispatcher resume=0x000000080A821799
[LOADER][INFO] Guest thread yield at import#5306: nid=04AjkP0jO9U ret=0x000000080A821799 reason=_umtx_op_wait
[LOADER][INFO] Guest thread 'AssetGarbageCollectorHelper' state=Blocked reason=_umtx_op_wait
[LOADER][INFO] guest_threads.timeout_wake count=1
[LOADER][INFO] Pumping guest thread 'AssetGarbageCollectorHelper' reason=dispatcher resume=0x000000080A821799
[LOADER][INFO] Guest thread yield at import#6330: nid=04AjkP0jO9U ret=0x000000080A821799 reason=_umtx_op_wait
[LOADER][INFO] Guest thread 'AssetGarbageCollectorHelper' state=Blocked reason=_umtx_op_wait
[LOADER][INFO] guest_threads.timeout_wake count=1
[LOADER][INFO] Pumping guest thread 'AssetGarbageCollectorHelper' reason=ready-dispatch resume=0x000000080A821799
[LOADER][INFO] Guest thread yield at import#8122: nid=04AjkP0jO9U ret=0x000000080A821799 reason=_umtx_op_wait
[LOADER][INFO] Guest thread 'AssetGarbageCollectorHelper' state=Blocked reason=_umtx_op_wait
[LOADER][INFO] guest_threads.timeout_wake count=1
[LOADER][INFO] Pumping guest thread 'AssetGarbageCollectorHelper' reason=dispatcher resume=0x000000080A821799
[LOADER][INFO] Guest thread yield at import#8634: nid=04AjkP0jO9U ret=0x000000080A821799 reason=_umtx_op_wait
[LOADER][INFO] Guest thread 'AssetGarbageCollectorHelper' state=Blocked reason=_umtx_op_wait
[LOADER][INFO] guest_threads.timeout_wake count=1
[LOADER][INFO] Pumping guest thread 'AssetGarbageCollectorHelper' reason=ready-dispatch resume=0x000000080A821799
[LOADER][INFO] Guest thread yield at import#6842: nid=04AjkP0jO9U ret=0x000000080A821799 reason=_umtx_op_wait
[LOADER][INFO] Guest thread 'AssetGarbageCollectorHelper' state=Blocked reason=_umtx_op_wait
[LOADER][INFO] guest_threads.timeout_wake count=1
[LOADER][INFO] Pumping guest thread 'AssetGarbageCollectorHelper' reason=ready-dispatch resume=0x000000080A821799
[LOADER][INFO] Guest thread yield at import#5562: nid=04AjkP0jO9U ret=0x000000080A821799 reason=_umtx_op_wait
[LOADER][INFO] Guest thread 'AssetGarbageCollectorHelper' state=Blocked reason=_umtx_op_wait
[LOADER][INFO] guest_threads.timeout_wake count=1
[LOADER][INFO] Pumping guest thread 'AssetGarbageCollectorHelper' reason=ready-dispatch resume=0x000000080A821799
[LOADER][INFO] Guest thread yield at import#5819: nid=04AjkP0jO9U ret=0x000000080A821799 reason=_umtx_op_wait
[LOADER][INFO] Guest thread 'AssetGarbageCollectorHelper' state=Blocked reason=_umtx_op_wait
[LOADER][INFO] guest_threads.timeout_wake count=1
[LOADER][INFO] Pumping guest thread 'AssetGarbageCollectorHelper' reason=dispatcher resume=0x000000080A821799
[LOADER][INFO] Guest thread yield at import#7611: nid=04AjkP0jO9U ret=0x000000080A821799 reason=_umtx_op_wait
[LOADER][INFO] Guest thread 'AssetGarbageCollectorHelper' state=Blocked reason=_umtx_op_wait
[LOADER][INFO] guest_threads.timeout_wake count=1
[LOADER][INFO] Pumping guest thread 'AssetGarbageCollectorHelper' reason=dispatcher resume=0x000000080A821799
[LOADER][INFO] Guest thread yield at import#8378: nid=04AjkP0jO9U ret=0x000000080A821799 reason=_umtx_op_wait
[LOADER][INFO] Guest thread 'AssetGarbageCollectorHelper' state=Blocked reason=_umtx_op_wait
[LOADER][INFO] guest_threads.timeout_wake count=1
[LOADER][INFO] Pumping guest thread 'AssetGarbageCollectorHelper' reason=dispatcher resume=0x000000080A821799
[LOADER][INFO] Guest thread yield at import#7354: nid=04AjkP0jO9U ret=0x000000080A821799 reason=_umtx_op_wait
[LOADER][INFO] Guest thread 'AssetGarbageCollectorHelper' state=Blocked reason=_umtx_op_wait
[LOADER][INFO] guest_threads.timeout_wake count=2
[LOADER][INFO] Pumping guest thread 'AssetGarbageCollectorHelper' reason=ready-dispatch resume=0x000000080A821799
[LOADER][INFO] Pumping guest thread 'AssetGarbageCollectorHelper' reason=ready-dispatch resume=0x000000080A821799
[LOADER][INFO] Guest thread yield at import#7866: nid=04AjkP0jO9U ret=0x000000080A821799 reason=_umtx_op_wait
[LOADER][INFO] Guest thread yield at import#6074: nid=04AjkP0jO9U ret=0x000000080A821799 reason=_umtx_op_wait
[LOADER][INFO] Guest thread 'AssetGarbageCollectorHelper' state=Blocked reason=_umtx_op_wait
[LOADER][INFO] Guest thread 'AssetGarbageCollectorHelper' state=Blocked reason=_umtx_op_wait
[LOADER][INFO] guest_threads.timeout_wake count=1
[LOADER][INFO] Pumping guest thread 'AssetGarbageCollectorHelper' reason=ready-dispatch resume=0x000000080A821799
[LOADER][INFO] Guest thread yield at import#7099: nid=04AjkP0jO9U ret=0x000000080A821799 reason=_umtx_op_wait
[LOADER][INFO] Guest thread 'AssetGarbageCollectorHelper' state=Blocked reason=_umtx_op_wait
[LOADER][INFO] guest_threads.timeout_wake count=1
[LOADER][INFO] Pumping guest thread 'AssetGarbageCollectorHelper' reason=dispatcher resume=0x000000080A821799
[LOADER][INFO] Guest thread yield at import#5307: nid=04AjkP0jO9U ret=0x000000080A821799 reason=_umtx_op_wait
[LOADER][INFO] Guest thread 'AssetGarbageCollectorHelper' state=Blocked reason=_umtx_op_wait
[LOADER][INFO] guest_threads.timeout_wake count=1
[LOADER][INFO] Pumping guest thread 'AssetGarbageCollectorHelper' reason=ready-dispatch resume=0x000000080A821799
[LOADER][INFO] Guest thread yield at import#6331: nid=04AjkP0jO9U ret=0x000000080A821799 reason=_umtx_op_wait
[LOADER][INFO] Guest thread 'AssetGarbageCollectorHelper' state=Blocked reason=_umtx_op_wait
[LOADER][INFO] guest_threads.timeout_wake count=1
[LOADER][INFO] Pumping guest thread 'AssetGarbageCollectorHelper' reason=dispatcher resume=0x000000080A821799
[LOADER][INFO] Guest thread yield at import#8123: nid=04AjkP0jO9U ret=0x000000080A821799 reason=_umtx_op_wait
[LOADER][INFO] Guest thread 'AssetGarbageCollectorHelper' state=Blocked reason=_umtx_op_wait
[LOADER][INFO] guest_threads.timeout_wake count=1
[LOADER][INFO] Pumping guest thread 'AssetGarbageCollectorHelper' reason=ready-dispatch resume=0x000000080A821799
[LOADER][INFO] Guest thread yield at import#8635: nid=04AjkP0jO9U ret=0x000000080A821799 reason=_umtx_op_wait
[LOADER][INFO] Guest thread 'AssetGarbageCollectorHelper' state=Blocked reason=_umtx_op_wait
[LOADER][INFO] guest_threads.timeout_wake count=1
[LOADER][INFO] Pumping guest thread 'AssetGarbageCollectorHelper' reason=dispatcher resume=0x000000080A821799
[LOADER][INFO] Guest thread yield at import#6843: nid=04AjkP0jO9U ret=0x000000080A821799 reason=_umtx_op_wait
[LOADER][INFO] Guest thread 'AssetGarbageCollectorHelper' state=Blocked reason=_umtx_op_wait
[LOADER][INFO] guest_threads.timeout_wake count=1
[LOADER][INFO] Pumping guest thread 'AssetGarbageCollectorHelper' reason=dispatcher resume=0x000000080A821799
[LOADER][INFO] Guest thread yield at import#5563: nid=04AjkP0jO9U ret=0x000000080A821799 reason=_umtx_op_wait
[LOADER][INFO] Guest thread 'AssetGarbageCollectorHelper' state=Blocked reason=_umtx_op_wait
[LOADER][INFO] guest_threads.timeout_wake count=1
[LOADER][INFO] Pumping guest thread 'AssetGarbageCollectorHelper' reason=dispatcher resume=0x000000080A821799
[LOADER][INFO] Guest thread yield at import#5820: nid=04AjkP0jO9U ret=0x000000080A821799 reason=_umtx_op_wait
[LOADER][INFO] Guest thread 'AssetGarbageCollectorHelper' state=Blocked reason=_umtx_op_wait
[LOADER][INFO] guest_threads.timeout_wake count=1
[LOADER][INFO] Pumping guest thread 'AssetGarbageCollectorHelper' reason=dispatcher resume=0x000000080A821799
[LOADER][INFO] Guest thread yield at import#7612: nid=04AjkP0jO9U ret=0x000000080A821799 reason=_umtx_op_wait
[LOADER][INFO] Guest thread 'AssetGarbageCollectorHelper' state=Blocked reason=_umtx_op_wait
[LOADER][INFO] guest_threads.timeout_wake count=1
[LOADER][INFO] Pumping guest thread 'AssetGarbageCollectorHelper' reason=ready-dispatch resume=0x000000080A821799
[LOADER][INFO] Guest thread yield at import#8379: nid=04AjkP0jO9U ret=0x000000080A821799 reason=_umtx_op_wait
[LOADER][INFO] Guest thread 'AssetGarbageCollectorHelper' state=Blocked reason=_umtx_op_wait
[LOADER][INFO] guest_threads.timeout_wake count=1
[LOADER][INFO] Pumping guest thread 'AssetGarbageCollectorHelper' reason=dispatcher resume=0x000000080A821799
[LOADER][INFO] Guest thread yield at import#7355: nid=04AjkP0jO9U ret=0x000000080A821799 reason=_umtx_op_wait
[LOADER][INFO] Guest thread 'AssetGarbageCollectorHelper' state=Blocked reason=_umtx_op_wait
[LOADER][INFO] guest_threads.timeout_wake count=2
[LOADER][INFO] Pumping guest thread 'AssetGarbageCollectorHelper' reason=dispatcher resume=0x000000080A821799
[LOADER][INFO] Pumping guest thread 'AssetGarbageCollectorHelper' reason=dispatcher resume=0x000000080A821799
[LOADER][INFO] Guest thread yield at import#7867: nid=04AjkP0jO9U ret=0x000000080A821799 reason=_umtx_op_wait
[LOADER][INFO] Guest thread 'AssetGarbageCollectorHelper' state=Blocked reason=_umtx_op_wait
[LOADER][INFO] Guest thread yield at import#6075: nid=04AjkP0jO9U ret=0x000000080A821799 reason=_umtx_op_wait
[LOADER][INFO] Guest thread 'AssetGarbageCollectorHelper' state=Blocked reason=_umtx_op_wait
[LOADER][INFO] guest_threads.timeout_wake count=1
[LOADER][INFO] Pumping guest thread 'AssetGarbageCollectorHelper' reason=ready-dispatch resume=0x000000080A821799
[LOADER][INFO] Guest thread yield at import#7100: nid=04AjkP0jO9U ret=0x000000080A821799 reason=_umtx_op_wait
[LOADER][INFO] Guest thread 'AssetGarbageCollectorHelper' state=Blocked reason=_umtx_op_wait
[LOADER][INFO] guest_threads.timeout_wake count=1
[LOADER][INFO] Pumping guest thread 'AssetGarbageCollectorHelper' reason=dispatcher resume=0x000000080A821799
[LOADER][INFO] Guest thread yield at import#5308: nid=04AjkP0jO9U ret=0x000000080A821799 reason=_umtx_op_wait
[LOADER][INFO] Guest thread 'AssetGarbageCollectorHelper' state=Blocked reason=_umtx_op_wait
[LOADER][INFO] guest_threads.timeout_wake count=1
[LOADER][INFO] Pumping guest thread 'AssetGarbageCollectorHelper' reason=dispatcher resume=0x000000080A821799
[LOADER][INFO] Guest thread yield at import#6332: nid=04AjkP0jO9U ret=0x000000080A821799 reason=_umtx_op_wait
[LOADER][INFO] Guest thread 'AssetGarbageCollectorHelper' state=Blocked reason=_umtx_op_wait
[LOADER][INFO] guest_threads.timeout_wake count=1
[LOADER][INFO] Pumping guest thread 'AssetGarbageCollectorHelper' reason=dispatcher resume=0x000000080A821799
[LOADER][INFO] Guest thread yield at import#8124: nid=04AjkP0jO9U ret=0x000000080A821799 reason=_umtx_op_wait
[LOADER][INFO] Guest thread 'AssetGarbageCollectorHelper' state=Blocked reason=_umtx_op_wait
[LOADER][INFO] guest_threads.timeout_wake count=1
[LOADER][INFO] Pumping guest thread 'AssetGarbageCollectorHelper' reason=ready-dispatch resume=0x000000080A821799
[LOADER][INFO] Guest thread yield at import#8636: nid=04AjkP0jO9U ret=0x000000080A821799 reason=_umtx_op_wait
[LOADER][INFO] Guest thread 'AssetGarbageCollectorHelper' state=Blocked reason=_umtx_op_wait
[LOADER][INFO] guest_threads.timeout_wake count=1
[LOADER][INFO] Pumping guest thread 'AssetGarbageCollectorHelper' reason=dispatcher resume=0x000000080A821799
[LOADER][INFO] Guest thread yield at import#6844: nid=04AjkP0jO9U ret=0x000000080A821799 reason=_umtx_op_wait
[LOADER][INFO] Guest thread 'AssetGarbageCollectorHelper' state=Blocked reason=_umtx_op_wait
[LOADER][INFO] guest_threads.timeout_wake count=1
[LOADER][INFO] Pumping guest thread 'AssetGarbageCollectorHelper' reason=dispatcher resume=0x000000080A821799
[LOADER][INFO] Guest thread yield at import#5564: nid=04AjkP0jO9U ret=0x000000080A821799 reason=_umtx_op_wait
[LOADER][INFO] Guest thread 'AssetGarbageCollectorHelper' state=Blocked reason=_umtx_op_wait
[LOADER][INFO] guest_threads.timeout_wake count=1
[LOADER][INFO] Pumping guest thread 'AssetGarbageCollectorHelper' reason=dispatcher resume=0x000000080A821799
[LOADER][INFO] Guest thread yield at import#5821: nid=04AjkP0jO9U ret=0x000000080A821799 reason=_umtx_op_wait
[LOADER][INFO] Guest thread 'AssetGarbageCollectorHelper' state=Blocked reason=_umtx_op_wait
[LOADER][INFO] guest_threads.timeout_wake count=1
[LOADER][INFO] Pumping guest thread 'AssetGarbageCollectorHelper' reason=dispatcher resume=0x000000080A821799
[LOADER][INFO] Guest thread yield at import#7613: nid=04AjkP0jO9U ret=0x000000080A821799 reason=_umtx_op_wait
[LOADER][INFO] Guest thread 'AssetGarbageCollectorHelper' state=Blocked reason=_umtx_op_wait
[LOADER][INFO] guest_threads.timeout_wake count=1
[LOADER][INFO] Pumping guest thread 'AssetGarbageCollectorHelper' reason=ready-dispatch resume=0x000000080A821799
[LOADER][INFO] Guest thread yield at import#8380: nid=04AjkP0jO9U ret=0x000000080A821799 reason=_umtx_op_wait
[LOADER][INFO] Guest thread 'AssetGarbageCollectorHelper' state=Blocked reason=_umtx_op_wait
[LOADER][INFO] guest_threads.timeout_wake count=1
[LOADER][INFO] Pumping guest thread 'AssetGarbageCollectorHelper' reason=dispatcher resume=0x000000080A821799
[LOADER][INFO] Guest thread yield at import#7356: nid=04AjkP0jO9U ret=0x000000080A821799 reason=_umtx_op_wait
[LOADER][INFO] Guest thread 'AssetGarbageCollectorHelper' state=Blocked reason=_umtx_op_wait
[LOADER][INFO] guest_threads.timeout_wake count=2
[LOADER][INFO] Pumping guest thread 'AssetGarbageCollectorHelper' reason=ready-dispatch resume=0x000000080A821799
[LOADER][INFO] Pumping guest thread 'AssetGarbageCollectorHelper' reason=ready-dispatch resume=0x000000080A821799
[LOADER][INFO] Guest thread yield at import#6076: nid=04AjkP0jO9U ret=0x000000080A821799 reason=_umtx_op_wait
[LOADER][INFO] Guest thread yield at import#7868: nid=04AjkP0jO9U ret=0x000000080A821799 reason=_umtx_op_wait
[LOADER][INFO] Guest thread 'AssetGarbageCollectorHelper' state=Blocked reason=_umtx_op_wait
[LOADER][INFO] Guest thread 'AssetGarbageCollectorHelper' state=Blocked reason=_umtx_op_wait
[LOADER][INFO] guest_threads.timeout_wake count=1
[LOADER][INFO] Pumping guest thread 'AssetGarbageCollectorHelper' reason=dispatcher resume=0x000000080A821799
[LOADER][INFO] Guest thread yield at import#7101: nid=04AjkP0jO9U ret=0x000000080A821799 reason=_umtx_op_wait
[LOADER][INFO] Guest thread 'AssetGarbageCollectorHelper' state=Blocked reason=_umtx_op_wait
[LOADER][INFO] guest_threads.timeout_wake count=1
[LOADER][INFO] Pumping guest thread 'AssetGarbageCollectorHelper' reason=dispatcher resume=0x000000080A821799
[LOADER][INFO] Guest thread yield at import#5309: nid=04AjkP0jO9U ret=0x000000080A821799 reason=_umtx_op_wait
[LOADER][INFO] Guest thread 'AssetGarbageCollectorHelper' state=Blocked reason=_umtx_op_wait
[LOADER][INFO] guest_threads.timeout_wake count=1
[LOADER][INFO] Pumping guest thread 'AssetGarbageCollectorHelper' reason=dispatcher resume=0x000000080A821799
[LOADER][INFO] Guest thread yield at import#6333: nid=04AjkP0jO9U ret=0x000000080A821799 reason=_umtx_op_wait
[LOADER][INFO] Guest thread 'AssetGarbageCollectorHelper' state=Blocked reason=_umtx_op_wait
[LOADER][INFO] guest_threads.timeout_wake count=1
[LOADER][INFO] Pumping guest thread 'AssetGarbageCollectorHelper' reason=dispatcher resume=0x000000080A821799
[LOADER][INFO] Guest thread yield at import#8125: nid=04AjkP0jO9U ret=0x000000080A821799 reason=_umtx_op_wait
[LOADER][INFO] Guest thread 'AssetGarbageCollectorHelper' state=Blocked reason=_umtx_op_wait
[LOADER][INFO] guest_threads.timeout_wake count=1
[LOADER][INFO] Pumping guest thread 'AssetGarbageCollectorHelper' reason=dispatcher resume=0x000000080A821799
[LOADER][INFO] Guest thread yield at import#8637: nid=04AjkP0jO9U ret=0x000000080A821799 reason=_umtx_op_wait
[LOADER][INFO] Guest thread 'AssetGarbageCollectorHelper' state=Blocked reason=_umtx_op_wait
[LOADER][INFO] guest_threads.timeout_wake count=1
[LOADER][INFO] Pumping guest thread 'AssetGarbageCollectorHelper' reason=ready-dispatch resume=0x000000080A821799
[LOADER][INFO] Guest thread yield at import#6845: nid=04AjkP0jO9U ret=0x000000080A821799 reason=_umtx_op_wait
[LOADER][INFO] Guest thread 'AssetGarbageCollectorHelper' state=Blocked reason=_umtx_op_wait
[LOADER][INFO] guest_threads.timeout_wake count=1
[LOADER][INFO] Pumping guest thread 'AssetGarbageCollectorHelper' reason=dispatcher resume=0x000000080A821799
[LOADER][INFO] Guest thread yield at import#5565: nid=04AjkP0jO9U ret=0x000000080A821799 reason=_umtx_op_wait
[LOADER][INFO] Guest thread 'AssetGarbageCollectorHelper' state=Blocked reason=_umtx_op_wait
[LOADER][INFO] guest_threads.timeout_wake count=1
[LOADER][INFO] Pumping guest thread 'AssetGarbageCollectorHelper' reason=ready-dispatch resume=0x000000080A821799
[LOADER][INFO] Guest thread yield at import#5822: nid=04AjkP0jO9U ret=0x000000080A821799 reason=_umtx_op_wait
[LOADER][INFO] Guest thread 'AssetGarbageCollectorHelper' state=Blocked reason=_umtx_op_wait
[LOADER][INFO] guest_threads.timeout_wake count=1
[LOADER][INFO] Pumping guest thread 'AssetGarbageCollectorHelper' reason=dispatcher resume=0x000000080A821799
[LOADER][INFO] Guest thread yield at import#7614: nid=04AjkP0jO9U ret=0x000000080A821799 reason=_umtx_op_wait
[LOADER][INFO] Guest thread 'AssetGarbageCollectorHelper' state=Blocked reason=_umtx_op_wait
[LOADER][INFO] guest_threads.timeout_wake count=1
[LOADER][INFO] Pumping guest thread 'AssetGarbageCollectorHelper' reason=ready-dispatch resume=0x000000080A821799
[LOADER][INFO] Guest thread yield at import#8381: nid=04AjkP0jO9U ret=0x000000080A821799 reason=_umtx_op_wait
[LOADER][INFO] Guest thread 'AssetGarbageCollectorHelper' state=Blocked reason=_umtx_op_wait
[LOADER][INFO] guest_threads.timeout_wake count=1
[LOADER][INFO] Pumping guest thread 'AssetGarbageCollectorHelper' reason=dispatcher resume=0x000000080A821799
[LOADER][INFO] Guest thread yield at import#7357: nid=04AjkP0jO9U ret=0x000000080A821799 reason=_umtx_op_wait
[LOADER][INFO] Guest thread 'AssetGarbageCollectorHelper' state=Blocked reason=_umtx_op_wait
[LOADER][INFO] guest_threads.timeout_wake count=2
[LOADER][INFO] Pumping guest thread 'AssetGarbageCollectorHelper' reason=ready-dispatch resume=0x000000080A821799
[LOADER][INFO] Pumping guest thread 'AssetGarbageCollectorHelper' reason=ready-dispatch resume=0x000000080A821799
[LOADER][INFO] Guest thread yield at import#7869: nid=04AjkP0jO9U ret=0x000000080A821799 reason=_umtx_op_wait
[LOADER][INFO] Guest thread yield at import#6077: nid=04AjkP0jO9U ret=0x000000080A821799 reason=_umtx_op_wait
[LOADER][INFO] Guest thread 'AssetGarbageCollectorHelper' state=Blocked reason=_umtx_op_wait
[LOADER][INFO] Guest thread 'AssetGarbageCollectorHelper' state=Blocked reason=_umtx_op_wait
[LOADER][INFO] guest_threads.timeout_wake count=1
[LOADER][INFO] Pumping guest thread 'AssetGarbageCollectorHelper' reason=dispatcher resume=0x000000080A821799
[LOADER][INFO] Guest thread yield at import#7102: nid=04AjkP0jO9U ret=0x000000080A821799 reason=_umtx_op_wait
[LOADER][INFO] Guest thread 'AssetGarbageCollectorHelper' state=Blocked reason=_umtx_op_wait
[LOADER][INFO] guest_threads.timeout_wake count=1
[LOADER][INFO] Pumping guest thread 'AssetGarbageCollectorHelper' reason=ready-dispatch resume=0x000000080A821799
[LOADER][INFO] Guest thread yield at import#5310: nid=04AjkP0jO9U ret=0x000000080A821799 reason=_umtx_op_wait
[LOADER][INFO] Guest thread 'AssetGarbageCollectorHelper' state=Blocked reason=_umtx_op_wait
[LOADER][INFO] guest_threads.timeout_wake count=1
[LOADER][INFO] Pumping guest thread 'AssetGarbageCollectorHelper' reason=ready-dispatch resume=0x000000080A821799
[LOADER][INFO] Guest thread yield at import#6334: nid=04AjkP0jO9U ret=0x000000080A821799 reason=_umtx_op_wait
[LOADER][INFO] Guest thread 'AssetGarbageCollectorHelper' state=Blocked reason=_umtx_op_wait
