[DEBUG] SharpEmu starting with 3 args
[DEBUG] Log file: C:\Users\chayt\Downloads\SharpEmu-Source\artifacts\boot-investigation\memory-baseline.log
[DEBUG] SharpEmu starting with 3 args
[DEBUG] Full path: C:\Users\chayt\Downloads\PSX\eboot.bin
[DEBUG] Creating runtime...
[LOADER][INFO] Kernel TSC frequency: 3793034265 Hz (calibrated-rdtsc)
[HLE] Warmed 3794 type initializers (0 threw) + JIT-compiled 24484 methods (149 skipped) across 11 HLE assemblies, plus 3311 framework type initializers.
[DEBUG] Running: C:\Users\chayt\Downloads\PSX\eboot.bin
[RUNTIME] Loading: C:\Users\chayt\Downloads\PSX\eboot.bin
[LOADER][INFO] ampr.app0_index_cache_hit root=C:\Users\chayt\Downloads\PSX files=72 ids=288 elapsed_ms=11.1
[LOADER][TLS] load_start clear=True next=1 assigned=1 has_pt_tls=True
[LOADER] Segment 0: VAddr=0x0000000800000000, FileSize=0x189BA8C, MemSize=0x189BA8C, Align=0x4000
[LOADER] Segment 1: VAddr=0x000000080189C000, FileSize=0x32CC28, MemSize=0x32CC28, Align=0x4000
[LOADER] Segment 3: VAddr=0x0000000801BCC000, FileSize=0x9BD40, MemSize=0x9BD40, Align=0x4000
[LOADER] Segment 7: VAddr=0x0000000801C68000, FileSize=0x1B65A8, MemSize=0x2F5C70, Align=0x4000
[LOADER] Segment 8: VAddr=0x0000000801F5DC70, FileSize=0x12DFE0, MemSize=0x12DFE0, Align=0x4000
[LOADER][TLS] Module 1 TLS template: memsz=0xC0 filesz=0x0 align=0x8 static_offset=0xC0 total_static=0xC0
[LOADER] TryLoadTableBytes: trying guest address 0x80208B140
[LOADER] TryLoadTableBytes: loaded from guest memory at 0x80208B140
[LOADER] TryLoadTableBytes: trying guest address 0x801F679F0
[LOADER] TryLoadTableBytes: loaded from guest memory at 0x801F679F0
[LOADER] TryLoadTableBytes: trying guest address 0x801F64150
[LOADER] TryLoadTableBytes: loaded from guest memory at 0x801F64150
[LOADER] TryLoadTableBytes: trying guest address 0x801F5DC70
[LOADER] TryLoadTableBytes: loaded from guest memory at 0x801F5DC70
[LOADER] TryLoadTableBytes: trying guest address 0x801F607F0
[LOADER] TryLoadTableBytes: loaded from guest memory at 0x801F607F0
[LOADER] CreateImportStubMapping: nids=609, required=0x2610, map_size=0x3000
[LOADER] TryLoadTableBytes: trying guest address 0x80208B140
[LOADER] TryLoadTableBytes: loaded from guest memory at 0x80208B140
[LOADER] TryLoadTableBytes: trying guest address 0x801F5DC70
[LOADER] TryLoadTableBytes: loaded from guest memory at 0x801F5DC70
[LOADER] TryLoadTableBytes: trying guest address 0x801F607F0
[LOADER] TryLoadTableBytes: loaded from guest memory at 0x801F607F0
[LOADER] Runtime symbol index populated: section=0, dynamic=1, total=2
[LOADER] TryLoadTableBytes: trying guest address 0x80208B140
[LOADER] TryLoadTableBytes: loaded from guest memory at 0x80208B140
[LOADER][TEST] ResolveMappedAddressOrFallback addr=0x10 imageBase=0x0000000800000000
[LOADER][TEST] -> resolved raw 0x0000000800000010
[LOADER][TEST] ResolveMappedAddressOrFallback addr=0x10 imageBase=0x0000000800000000
[LOADER][TEST] -> resolved raw 0x0000000800000010
[LOADER] Initializers discovered: preinit=0, init=1
[LOADER][TLS] load_done assigned=1 next=2
[RUNTIME] Registered module handle=1 name=eboot.bin base=0x0000000800000000 size=0x000000000208BC50
[RUNTIME] Entry: 0x0000000800000070
[RUNTIME] Module search directories: C:\Users\chayt\Downloads\PSX\sce_module, C:\Users\chayt\Downloads\PSX\Media\Modules, C:\Users\chayt\Downloads\PSX, C:\Users\chayt\Downloads\PSX\Media\Plugins
[RUNTIME] Loading 10 module(s)...
[LOADER][TLS] load_start clear=False next=2 assigned=2 has_pt_tls=True
[LOADER] Segment 0: VAddr=0x0000000804000000, FileSize=0x115BF0, MemSize=0x115BF0, Align=0x4000
[LOADER] Segment 1: VAddr=0x0000000804118000, FileSize=0x73410, MemSize=0x73410, Align=0x4000
[LOADER] Segment 3: VAddr=0x000000080418C000, FileSize=0x6830, MemSize=0x6830, Align=0x4000
[LOADER] Segment 7: VAddr=0x0000000804194000, FileSize=0x3C78, MemSize=0x9000, Align=0x4000
[LOADER] Segment 8: VAddr=0x000000080419D000, FileSize=0x35938, MemSize=0x35938, Align=0x4000
[LOADER][TLS] Module 2 TLS template: memsz=0x468 filesz=0x180 align=0x10 static_offset=0x530 total_static=0x530
[LOADER] TryLoadTableBytes: trying guest address 0x8041D2688
[LOADER] TryLoadTableBytes: loaded from guest memory at 0x8041D2688
[LOADER] TryLoadTableBytes: trying guest address 0x8041BB678
[LOADER] TryLoadTableBytes: loaded from guest memory at 0x8041BB678
[LOADER] TryLoadTableBytes: trying guest address 0x8041BABB0
[LOADER] TryLoadTableBytes: loaded from guest memory at 0x8041BABB0
[LOADER] TryLoadTableBytes: trying guest address 0x80419D000
[LOADER] TryLoadTableBytes: loaded from guest memory at 0x80419D000
[LOADER] TryLoadTableBytes: trying guest address 0x8041A8EC8
[LOADER] TryLoadTableBytes: loaded from guest memory at 0x8041A8EC8
[LOADER] CreateImportStubMapping: nids=117, required=0x750, map_size=0x1000
[LOADER][TLS] Patching DTPMOD64 at 0x8041921E0 with module id 0x2
[LOADER][TLS] Patching DTPMOD64 at 0x804192220 with module id 0x2
[LOADER][TLS] Patching DTPMOD64 at 0x804192230 with module id 0x2
[LOADER] TryLoadTableBytes: trying guest address 0x8041D2688
[LOADER] TryLoadTableBytes: loaded from guest memory at 0x8041D2688
[LOADER] TryLoadTableBytes: trying guest address 0x80419D000
[LOADER] TryLoadTableBytes: loaded from guest memory at 0x80419D000
[LOADER] TryLoadTableBytes: trying guest address 0x8041A8EC8
[LOADER] TryLoadTableBytes: loaded from guest memory at 0x8041A8EC8
[LOADER] Runtime symbol index populated: section=0, dynamic=2920, total=5840
[LOADER] TryLoadTableBytes: trying guest address 0x8041D2688
[LOADER] TryLoadTableBytes: loaded from guest memory at 0x8041D2688
[LOADER][TEST] ResolveMappedAddressOrFallback addr=0x10 imageBase=0x0000000804000000
[LOADER][TEST] -> resolved raw 0x0000000804000010
[LOADER] TryLoadTableBytes: trying guest address 0x804192808
[LOADER] TryLoadTableBytes: loaded from guest memory at 0x804192808
[LOADER][TEST] ResolveMappedAddressOrFallback addr=0x804000100 imageBase=0x0000000804000000
[LOADER][TEST] -> resolved raw 0x0000000804000100
[LOADER][TEST] ResolveMappedAddressOrFallback addr=0x10 imageBase=0x0000000804000000
[LOADER][TEST] -> resolved raw 0x0000000804000010
[LOADER] Initializers discovered: preinit=1, init=1
[LOADER][TLS] load_done assigned=2 next=3
[RUNTIME] Registered module handle=2 name=libc.prx base=0x0000000804000000 size=0x00000000001D2938
[RUNTIME] Loaded module libc.prx: entry=0x0000000804000000, imports=117, symbols=5840
[LOADER][TLS] load_start clear=False next=3 assigned=0 has_pt_tls=False
[LOADER] Segment 0: VAddr=0x00000008043D3000, FileSize=0x3F3240, MemSize=0x3F3240, Align=0x4000
[LOADER] WARNING: Segment 0 ELF alignment mismatch! VAddr=0x8043D3000, Offset=0x4000, Align=0x4000, VAddr%Align=0x3000, Offset%Align=0x0
[LOADER] Segment 1: VAddr=0x00000008047C7000, FileSize=0x189C8C, MemSize=0x189C8C, Align=0x4000
[LOADER] WARNING: Segment 1 ELF alignment mismatch! VAddr=0x8047C7000, Offset=0x3F8000, Align=0x4000, VAddr%Align=0x3000, Offset%Align=0x0
[LOADER] Segment 3: VAddr=0x0000000804953000, FileSize=0x2488, MemSize=0x2488, Align=0x4000
[LOADER] WARNING: Segment 3 ELF alignment mismatch! VAddr=0x804953000, Offset=0x584000, Align=0x4000, VAddr%Align=0x3000, Offset%Align=0x0
[LOADER] Segment 7: VAddr=0x0000000804957000, FileSize=0xD8, MemSize=0x1880, Align=0x4000
[LOADER] WARNING: Segment 7 ELF alignment mismatch! VAddr=0x804957000, Offset=0x588000, Align=0x4000, VAddr%Align=0x3000, Offset%Align=0x0
[LOADER] Segment 8: VAddr=0x0000000804958880, FileSize=0x1FC8A0, MemSize=0x1FC8A0, Align=0x4000
[LOADER] WARNING: Segment 8 ELF alignment mismatch! VAddr=0x804958880, Offset=0x589880, Align=0x4000, VAddr%Align=0x880, Offset%Align=0x1880
[LOADER] TryLoadTableBytes: trying guest address 0x804B54DE0
[LOADER] TryLoadTableBytes: loaded from guest memory at 0x804B54DE0
[LOADER] TryLoadTableBytes: trying guest address 0x804AFC4B8
[LOADER] TryLoadTableBytes: loaded from guest memory at 0x804AFC4B8
[LOADER] TryLoadTableBytes: trying guest address 0x804AFBC18
[LOADER] TryLoadTableBytes: loaded from guest memory at 0x804AFBC18
[LOADER] TryLoadTableBytes: trying guest address 0x804958880
[LOADER] TryLoadTableBytes: loaded from guest memory at 0x804958880
[LOADER] TryLoadTableBytes: trying guest address 0x804A00428
[LOADER] TryLoadTableBytes: loaded from guest memory at 0x804A00428
[LOADER] CreateImportStubMapping: nids=95, required=0x5F0, map_size=0x1000
[LOADER] TryLoadTableBytes: trying guest address 0x804B54DE0
[LOADER] TryLoadTableBytes: loaded from guest memory at 0x804B54DE0
[LOADER] TryLoadTableBytes: trying guest address 0x804958880
[LOADER] TryLoadTableBytes: loaded from guest memory at 0x804958880
[LOADER] TryLoadTableBytes: trying guest address 0x804A00428
[LOADER] TryLoadTableBytes: loaded from guest memory at 0x804A00428
[LOADER] Runtime symbol index populated: section=0, dynamic=42826, total=85652
[LOADER] TryLoadTableBytes: trying guest address 0x804B54DE0
[LOADER] TryLoadTableBytes: loaded from guest memory at 0x804B54DE0
[LOADER][TEST] ResolveMappedAddressOrFallback addr=0x10 imageBase=0x00000008043D3000
[LOADER][TEST] -> resolved raw 0x00000008043D3010
[LOADER][TEST] ResolveMappedAddressOrFallback addr=0x10 imageBase=0x00000008043D3000
[LOADER][TEST] -> resolved raw 0x00000008043D3010
[LOADER] Initializers discovered: preinit=0, init=1
[LOADER][TLS] load_done assigned=0 next=3
[RUNTIME] Registered module handle=3 name=libSceNpCppWebApi.prx base=0x00000008043D3000 size=0x0000000000782120
[RUNTIME] Loaded module libSceNpCppWebApi.prx: entry=0x00000008043D3000, imports=95, symbols=85652
[LOADER][TLS] load_start clear=False next=3 assigned=3 has_pt_tls=True
[LOADER] Segment 0: VAddr=0x0000000804D56000, FileSize=0x35BAFB1, MemSize=0x35BAFB1, Align=0x4000
[LOADER] WARNING: Segment 0 ELF alignment mismatch! VAddr=0x804D56000, Offset=0x4000, Align=0x4000, VAddr%Align=0x2000, Offset%Align=0x0
[LOADER] Segment 1: VAddr=0x0000000808312000, FileSize=0x1002C18, MemSize=0x1002C18, Align=0x4000
[LOADER] WARNING: Segment 1 ELF alignment mismatch! VAddr=0x808312000, Offset=0x35C0000, Align=0x4000, VAddr%Align=0x2000, Offset%Align=0x0
[LOADER] Segment 3: VAddr=0x0000000809316000, FileSize=0x28ECB8, MemSize=0x28ECB8, Align=0x4000
[LOADER] WARNING: Segment 3 ELF alignment mismatch! VAddr=0x809316000, Offset=0x45C4000, Align=0x4000, VAddr%Align=0x2000, Offset%Align=0x0
[LOADER] Segment 7: VAddr=0x00000008095A6000, FileSize=0x32ED3C, MemSize=0x55D8D8, Align=0x4000
[LOADER] WARNING: Segment 7 ELF alignment mismatch! VAddr=0x8095A6000, Offset=0x4854000, Align=0x4000, VAddr%Align=0x2000, Offset%Align=0x0
[LOADER] Segment 8: VAddr=0x0000000809B038E0, FileSize=0xB1CC10, MemSize=0xB1CC10, Align=0x4000
[LOADER] WARNING: Segment 8 ELF alignment mismatch! VAddr=0x809B038E0, Offset=0x4B858E0, Align=0x4000, VAddr%Align=0x38E0, Offset%Align=0x18E0
[LOADER][TLS] Module 3 TLS template: memsz=0x150 filesz=0x0 align=0x10 static_offset=0x680 total_static=0x680
[LOADER] TryLoadTableBytes: trying guest address 0x80A6200D0
[LOADER] TryLoadTableBytes: loaded from guest memory at 0x80A6200D0
[LOADER] TryLoadTableBytes: trying guest address 0x809B0C390
[LOADER] TryLoadTableBytes: loaded from guest memory at 0x809B0C390
[LOADER] TryLoadTableBytes: trying guest address 0x809B0AA40
[LOADER] TryLoadTableBytes: loaded from guest memory at 0x809B0AA40
[LOADER] TryLoadTableBytes: trying guest address 0x809B038E0
[LOADER] TryLoadTableBytes: loaded from guest memory at 0x809B038E0
[LOADER] TryLoadTableBytes: trying guest address 0x809B06738
[LOADER] TryLoadTableBytes: loaded from guest memory at 0x809B06738
[LOADER] CreateImportStubMapping: nids=294, required=0x1260, map_size=0x2000
[LOADER][TLS] Patching DTPMOD64 at 0x8095A4268 with module id 0x3
[LOADER] TryLoadTableBytes: trying guest address 0x80A6200D0
[LOADER] TryLoadTableBytes: loaded from guest memory at 0x80A6200D0
[LOADER] TryLoadTableBytes: trying guest address 0x809B038E0
[LOADER] TryLoadTableBytes: loaded from guest memory at 0x809B038E0
[LOADER] TryLoadTableBytes: trying guest address 0x809B06738
[LOADER] TryLoadTableBytes: loaded from guest memory at 0x809B06738
[LOADER] Runtime symbol index populated: section=0, dynamic=420, total=840
[LOADER] TryLoadTableBytes: trying guest address 0x80A6200D0
[LOADER] TryLoadTableBytes: loaded from guest memory at 0x80A6200D0
[LOADER][TEST] ResolveMappedAddressOrFallback addr=0x10 imageBase=0x0000000804D56000
[LOADER][TEST] -> resolved raw 0x0000000804D56010
[LOADER][TEST] ResolveMappedAddressOrFallback addr=0x10 imageBase=0x0000000804D56000
[LOADER][TEST] -> resolved raw 0x0000000804D56010
[LOADER] Initializers discovered: preinit=0, init=1
[LOADER][TLS] load_done assigned=3 next=4
[RUNTIME] Registered module handle=4 name=Il2CppUserAssemblies.prx base=0x0000000804D56000 size=0x00000000058CA4F0
[RUNTIME] Loaded module Il2CppUserAssemblies.prx: entry=0x0000000804D56000, imports=294, symbols=840
[LOADER][TLS] load_start clear=False next=4 assigned=0 has_pt_tls=False
[LOADER] Segment 0: VAddr=0x000000080A821000, FileSize=0x4000, MemSize=0x4000, Align=0x4000
[LOADER] WARNING: Segment 0 ELF alignment mismatch! VAddr=0x80A821000, Offset=0x4000, Align=0x4000, VAddr%Align=0x1000, Offset%Align=0x0
[LOADER] Segment 1: VAddr=0x000000080A825000, FileSize=0x205, MemSize=0x205, Align=0x4000
[LOADER] WARNING: Segment 1 ELF alignment mismatch! VAddr=0x80A825000, Offset=0x8000, Align=0x4000, VAddr%Align=0x1000, Offset%Align=0x0
[LOADER] Segment 3: VAddr=0x000000080A829000, FileSize=0xC0, MemSize=0x4000, Align=0x4000
[LOADER] WARNING: Segment 3 ELF alignment mismatch! VAddr=0x80A829000, Offset=0xC000, Align=0x4000, VAddr%Align=0x1000, Offset%Align=0x0
[LOADER] Segment 7: VAddr=0x000000080A82D000, FileSize=0x11, MemSize=0x30, Align=0x4000
[LOADER] WARNING: Segment 7 ELF alignment mismatch! VAddr=0x80A82D000, Offset=0x10000, Align=0x4000, VAddr%Align=0x1000, Offset%Align=0x0
[LOADER] Segment 8: VAddr=0x000000080A82D030, FileSize=0x7E8, MemSize=0x7E8, Align=0x4000
[LOADER] WARNING: Segment 8 ELF alignment mismatch! VAddr=0x80A82D030, Offset=0x10030, Align=0x4000, VAddr%Align=0x1030, Offset%Align=0x30
[LOADER] TryLoadTableBytes: trying guest address 0x80A82D598
[LOADER] TryLoadTableBytes: loaded from guest memory at 0x80A82D598
[LOADER] TryLoadTableBytes: trying guest address 0x80A82D478
[LOADER] TryLoadTableBytes: loaded from guest memory at 0x80A82D478
[LOADER] TryLoadTableBytes: trying guest address 0x80A82D3A0
[LOADER] TryLoadTableBytes: loaded from guest memory at 0x80A82D3A0
[LOADER] TryLoadTableBytes: trying guest address 0x80A82D030
[LOADER] TryLoadTableBytes: loaded from guest memory at 0x80A82D030
[LOADER] TryLoadTableBytes: trying guest address 0x80A82D1F0
[LOADER] TryLoadTableBytes: loaded from guest memory at 0x80A82D1F0
[LOADER] CreateImportStubMapping: nids=10, required=0xA0, map_size=0x1000
[LOADER] TryLoadTableBytes: trying guest address 0x80A82D598
[LOADER] TryLoadTableBytes: loaded from guest memory at 0x80A82D598
[LOADER] TryLoadTableBytes: trying guest address 0x80A82D030
[LOADER] TryLoadTableBytes: loaded from guest memory at 0x80A82D030
[LOADER] TryLoadTableBytes: trying guest address 0x80A82D1F0
[LOADER] TryLoadTableBytes: loaded from guest memory at 0x80A82D1F0
[LOADER] Runtime symbol index populated: section=0, dynamic=7, total=14
[LOADER] TryLoadTableBytes: trying guest address 0x80A82D598
[LOADER] TryLoadTableBytes: loaded from guest memory at 0x80A82D598
[LOADER][TEST] ResolveMappedAddressOrFallback addr=0x10 imageBase=0x000000080A821000
[LOADER][TEST] -> resolved raw 0x000000080A821010
[LOADER][TEST] ResolveMappedAddressOrFallback addr=0x10 imageBase=0x000000080A821000
[LOADER][TEST] -> resolved raw 0x000000080A821010
[LOADER] Initializers discovered: preinit=0, init=1
[LOADER][TLS] load_done assigned=0 next=4
[RUNTIME] Registered module handle=5 name=PS5Util.prx base=0x000000080A821000 size=0x000000000000C818
[RUNTIME] Loaded module PS5Util.prx: entry=0x000000080A821000, imports=10, symbols=14
[LOADER][TLS] load_start clear=False next=4 assigned=0 has_pt_tls=False
[LOADER] Segment 0: VAddr=0x000000080AA2E000, FileSize=0x12A080, MemSize=0x12A080, Align=0x4000
[LOADER] WARNING: Segment 0 ELF alignment mismatch! VAddr=0x80AA2E000, Offset=0x4000, Align=0x4000, VAddr%Align=0x2000, Offset%Align=0x0
[LOADER] Segment 1: VAddr=0x000000080AB5A000, FileSize=0x4E420, MemSize=0x4E420, Align=0x4000
[LOADER] WARNING: Segment 1 ELF alignment mismatch! VAddr=0x80AB5A000, Offset=0x130000, Align=0x4000, VAddr%Align=0x2000, Offset%Align=0x0
[LOADER] Segment 3: VAddr=0x000000080ABAA000, FileSize=0x3AF8, MemSize=0x3AF8, Align=0x4000
[LOADER] WARNING: Segment 3 ELF alignment mismatch! VAddr=0x80ABAA000, Offset=0x180000, Align=0x4000, VAddr%Align=0x2000, Offset%Align=0x0
[LOADER] Segment 7: VAddr=0x000000080ABAE000, FileSize=0xCBF8, MemSize=0x4CA50, Align=0x4000
[LOADER] WARNING: Segment 7 ELF alignment mismatch! VAddr=0x80ABAE000, Offset=0x184000, Align=0x4000, VAddr%Align=0x2000, Offset%Align=0x0
[LOADER] Segment 8: VAddr=0x000000080ABFAA50, FileSize=0x1AC08, MemSize=0x1AC08, Align=0x4000
[LOADER] WARNING: Segment 8 ELF alignment mismatch! VAddr=0x80ABFAA50, Offset=0x194A50, Align=0x4000, VAddr%Align=0x2A50, Offset%Align=0xA50
[LOADER] TryLoadTableBytes: trying guest address 0x80AC15258
[LOADER] TryLoadTableBytes: loaded from guest memory at 0x80AC15258
[LOADER] TryLoadTableBytes: trying guest address 0x80AC07E58
[LOADER] TryLoadTableBytes: loaded from guest memory at 0x80AC07E58
[LOADER] TryLoadTableBytes: trying guest address 0x80AC070D8
[LOADER] TryLoadTableBytes: loaded from guest memory at 0x80AC070D8
[LOADER] TryLoadTableBytes: trying guest address 0x80ABFAA50
[LOADER] TryLoadTableBytes: loaded from guest memory at 0x80ABFAA50
[LOADER] TryLoadTableBytes: trying guest address 0x80ABFFAA0
[LOADER] TryLoadTableBytes: loaded from guest memory at 0x80ABFFAA0
[LOADER] CreateImportStubMapping: nids=148, required=0x940, map_size=0x1000
[LOADER] TryLoadTableBytes: trying guest address 0x80AC15258
[LOADER] TryLoadTableBytes: loaded from guest memory at 0x80AC15258
[LOADER] TryLoadTableBytes: trying guest address 0x80ABFAA50
[LOADER] TryLoadTableBytes: loaded from guest memory at 0x80ABFAA50
[LOADER] TryLoadTableBytes: trying guest address 0x80ABFFAA0
[LOADER] TryLoadTableBytes: loaded from guest memory at 0x80ABFFAA0
[LOADER] Runtime symbol index populated: section=0, dynamic=1112, total=2224
[LOADER] TryLoadTableBytes: trying guest address 0x80AC15258
[LOADER] TryLoadTableBytes: loaded from guest memory at 0x80AC15258
[LOADER][TEST] ResolveMappedAddressOrFallback addr=0x10 imageBase=0x000000080AA2E000
[LOADER][TEST] -> resolved raw 0x000000080AA2E010
[LOADER][TEST] ResolveMappedAddressOrFallback addr=0x10 imageBase=0x000000080AA2E000
[LOADER][TEST] -> resolved raw 0x000000080AA2E010
[LOADER] Initializers discovered: preinit=0, init=1
[LOADER][TLS] load_done assigned=0 next=4
[RUNTIME] Installed FMOD compatibility hook: uPLTdl3psGk -> 0x000000080AB37030
[RUNTIME] Registered module handle=6 name=libfmod.prx base=0x000000080AA2E000 size=0x00000000001E7658
[RUNTIME] Loaded module libfmod.prx: entry=0x000000080AA2E000, imports=148, symbols=2224
[LOADER][TLS] load_start clear=False next=4 assigned=0 has_pt_tls=False
[LOADER] Segment 0: VAddr=0x000000080AE16000, FileSize=0x11E790, MemSize=0x11E790, Align=0x4000
[LOADER] WARNING: Segment 0 ELF alignment mismatch! VAddr=0x80AE16000, Offset=0x4000, Align=0x4000, VAddr%Align=0x2000, Offset%Align=0x0
[LOADER] Segment 1: VAddr=0x000000080AF36000, FileSize=0x3882C, MemSize=0x3882C, Align=0x4000
[LOADER] WARNING: Segment 1 ELF alignment mismatch! VAddr=0x80AF36000, Offset=0x124000, Align=0x4000, VAddr%Align=0x2000, Offset%Align=0x0
[LOADER] Segment 3: VAddr=0x000000080AF72000, FileSize=0x7798, MemSize=0x7798, Align=0x4000
[LOADER] WARNING: Segment 3 ELF alignment mismatch! VAddr=0x80AF72000, Offset=0x160000, Align=0x4000, VAddr%Align=0x2000, Offset%Align=0x0
[LOADER] Segment 7: VAddr=0x000000080AF7A000, FileSize=0x38, MemSize=0x1220, Align=0x4000
[LOADER] WARNING: Segment 7 ELF alignment mismatch! VAddr=0x80AF7A000, Offset=0x168000, Align=0x4000, VAddr%Align=0x2000, Offset%Align=0x0
[LOADER] Segment 8: VAddr=0x000000080AF7B220, FileSize=0x1A270, MemSize=0x1A270, Align=0x4000
[LOADER] WARNING: Segment 8 ELF alignment mismatch! VAddr=0x80AF7B220, Offset=0x169220, Align=0x4000, VAddr%Align=0x3220, Offset%Align=0x1220
[LOADER] TryLoadTableBytes: trying guest address 0x80AF95210
[LOADER] TryLoadTableBytes: loaded from guest memory at 0x80AF95210
[LOADER] TryLoadTableBytes: trying guest address 0x80AF81FC0
[LOADER] TryLoadTableBytes: loaded from guest memory at 0x80AF81FC0
[LOADER] TryLoadTableBytes: trying guest address 0x80AF80E68
[LOADER] TryLoadTableBytes: loaded from guest memory at 0x80AF80E68
[LOADER] TryLoadTableBytes: trying guest address 0x80AF7B220
[LOADER] TryLoadTableBytes: loaded from guest memory at 0x80AF7B220
[LOADER] TryLoadTableBytes: trying guest address 0x80AF7D778
[LOADER] TryLoadTableBytes: loaded from guest memory at 0x80AF7D778
[LOADER] CreateImportStubMapping: nids=188, required=0xBC0, map_size=0x1000
[LOADER] TryLoadTableBytes: trying guest address 0x80AF95210
[LOADER] TryLoadTableBytes: loaded from guest memory at 0x80AF95210
[LOADER] TryLoadTableBytes: trying guest address 0x80AF7B220
[LOADER] TryLoadTableBytes: loaded from guest memory at 0x80AF7B220
[LOADER] TryLoadTableBytes: trying guest address 0x80AF7D778
[LOADER] TryLoadTableBytes: loaded from guest memory at 0x80AF7D778
[LOADER] Runtime symbol index populated: section=0, dynamic=397, total=794
[LOADER] TryLoadTableBytes: trying guest address 0x80AF95210
[LOADER] TryLoadTableBytes: loaded from guest memory at 0x80AF95210
[LOADER][TEST] ResolveMappedAddressOrFallback addr=0x10 imageBase=0x000000080AE16000
[LOADER][TEST] -> resolved raw 0x000000080AE16010
[LOADER][TEST] ResolveMappedAddressOrFallback addr=0x10 imageBase=0x000000080AE16000
[LOADER][TEST] -> resolved raw 0x000000080AE16010
[LOADER] Initializers discovered: preinit=0, init=1
[LOADER][TLS] load_done assigned=0 next=4
[RUNTIME] Registered module handle=7 name=libfmodstudio.prx base=0x000000080AE16000 size=0x000000000017F490
[RUNTIME] Loaded module libfmodstudio.prx: entry=0x000000080AE16000, imports=188, symbols=794
[LOADER][TLS] load_start clear=False next=4 assigned=0 has_pt_tls=False
[LOADER] Segment 0: VAddr=0x000000080B196000, FileSize=0x63590, MemSize=0x63590, Align=0x4000
[LOADER] WARNING: Segment 0 ELF alignment mismatch! VAddr=0x80B196000, Offset=0x4000, Align=0x4000, VAddr%Align=0x2000, Offset%Align=0x0
[LOADER] Segment 1: VAddr=0x000000080B1FA000, FileSize=0x299A4, MemSize=0x299A4, Align=0x4000
[LOADER] WARNING: Segment 1 ELF alignment mismatch! VAddr=0x80B1FA000, Offset=0x68000, Align=0x4000, VAddr%Align=0x2000, Offset%Align=0x0
[LOADER] Segment 3: VAddr=0x000000080B226000, FileSize=0x1C60, MemSize=0x1C60, Align=0x4000
[LOADER] WARNING: Segment 3 ELF alignment mismatch! VAddr=0x80B226000, Offset=0x94000, Align=0x4000, VAddr%Align=0x2000, Offset%Align=0x0
[LOADER] Segment 7: VAddr=0x000000080B22A000, FileSize=0x3B0, MemSize=0xB88, Align=0x4000
[LOADER] WARNING: Segment 7 ELF alignment mismatch! VAddr=0x80B22A000, Offset=0x98000, Align=0x4000, VAddr%Align=0x2000, Offset%Align=0x0
[LOADER] Segment 8: VAddr=0x000000080B22AB90, FileSize=0x5A48, MemSize=0x5A48, Align=0x4000
[LOADER] WARNING: Segment 8 ELF alignment mismatch! VAddr=0x80B22AB90, Offset=0x98B90, Align=0x4000, VAddr%Align=0x2B90, Offset%Align=0xB90
[LOADER] TryLoadTableBytes: trying guest address 0x80B230398
[LOADER] TryLoadTableBytes: loaded from guest memory at 0x80B230398
[LOADER] TryLoadTableBytes: trying guest address 0x80B22C2F0
[LOADER] TryLoadTableBytes: loaded from guest memory at 0x80B22C2F0
[LOADER] TryLoadTableBytes: trying guest address 0x80B22BB88
[LOADER] TryLoadTableBytes: loaded from guest memory at 0x80B22BB88
[LOADER] TryLoadTableBytes: trying guest address 0x80B22AB90
[LOADER] TryLoadTableBytes: loaded from guest memory at 0x80B22AB90
[LOADER] TryLoadTableBytes: trying guest address 0x80B22B258
[LOADER] TryLoadTableBytes: loaded from guest memory at 0x80B22B258
[LOADER] CreateImportStubMapping: nids=93, required=0x5D0, map_size=0x1000
[LOADER] TryLoadTableBytes: trying guest address 0x80B230398
[LOADER] TryLoadTableBytes: loaded from guest memory at 0x80B230398
[LOADER] TryLoadTableBytes: trying guest address 0x80B22AB90
[LOADER] TryLoadTableBytes: loaded from guest memory at 0x80B22AB90
[LOADER] TryLoadTableBytes: trying guest address 0x80B22B258
[LOADER] TryLoadTableBytes: loaded from guest memory at 0x80B22B258
[LOADER] Runtime symbol index populated: section=0, dynamic=4, total=8
[LOADER] TryLoadTableBytes: trying guest address 0x80B230398
[LOADER] TryLoadTableBytes: loaded from guest memory at 0x80B230398
[LOADER][TEST] ResolveMappedAddressOrFallback addr=0x10 imageBase=0x000000080B196000
[LOADER][TEST] -> resolved raw 0x000000080B196010
[LOADER][TEST] ResolveMappedAddressOrFallback addr=0x10 imageBase=0x000000080B196000
[LOADER][TEST] -> resolved raw 0x000000080B196010
[LOADER] Initializers discovered: preinit=0, init=1
[LOADER][TLS] load_done assigned=0 next=4
[RUNTIME] Registered module handle=8 name=libresonanceaudio.prx base=0x000000080B196000 size=0x000000000009A5D8
[RUNTIME] Loaded module libresonanceaudio.prx: entry=0x000000080B196000, imports=93, symbols=8
[LOADER][TLS] load_start clear=False next=4 assigned=0 has_pt_tls=False
[LOADER] Segment 0: VAddr=0x000000080B431000, FileSize=0x6E0, MemSize=0x6E0, Align=0x4000
[LOADER] WARNING: Segment 0 ELF alignment mismatch! VAddr=0x80B431000, Offset=0x4000, Align=0x4000, VAddr%Align=0x1000, Offset%Align=0x0
[LOADER] Segment 1: VAddr=0x000000080B435000, FileSize=0x14C, MemSize=0x14C, Align=0x4000
[LOADER] WARNING: Segment 1 ELF alignment mismatch! VAddr=0x80B435000, Offset=0x8000, Align=0x4000, VAddr%Align=0x1000, Offset%Align=0x0
[LOADER] Segment 3: VAddr=0x000000080B439000, FileSize=0x90, MemSize=0x90, Align=0x4000
[LOADER] WARNING: Segment 3 ELF alignment mismatch! VAddr=0x80B439000, Offset=0xC000, Align=0x4000, VAddr%Align=0x1000, Offset%Align=0x0
[LOADER] Segment 7: VAddr=0x000000080B43D000, FileSize=0x102, MemSize=0x148, Align=0x4000
[LOADER] WARNING: Segment 7 ELF alignment mismatch! VAddr=0x80B43D000, Offset=0x10000, Align=0x4000, VAddr%Align=0x1000, Offset%Align=0x0
[LOADER] Segment 8: VAddr=0x000000080B43D150, FileSize=0x8A8, MemSize=0x8A8, Align=0x4000
[LOADER] WARNING: Segment 8 ELF alignment mismatch! VAddr=0x80B43D150, Offset=0x10150, Align=0x4000, VAddr%Align=0x1150, Offset%Align=0x150
[LOADER] TryLoadTableBytes: trying guest address 0x80B43D7B8
[LOADER] TryLoadTableBytes: loaded from guest memory at 0x80B43D7B8
[LOADER] TryLoadTableBytes: trying guest address 0x80B43D640
[LOADER] TryLoadTableBytes: loaded from guest memory at 0x80B43D640
[LOADER] TryLoadTableBytes: trying guest address 0x80B43D610
[LOADER] TryLoadTableBytes: loaded from guest memory at 0x80B43D610
[LOADER] TryLoadTableBytes: trying guest address 0x80B43D150
[LOADER] TryLoadTableBytes: loaded from guest memory at 0x80B43D150
[LOADER] TryLoadTableBytes: trying guest address 0x80B43D3A0
[LOADER] TryLoadTableBytes: loaded from guest memory at 0x80B43D3A0
[LOADER] CreateImportStubMapping: nids=4, required=0x40, map_size=0x1000
[LOADER] TryLoadTableBytes: trying guest address 0x80B43D7B8
[LOADER] TryLoadTableBytes: loaded from guest memory at 0x80B43D7B8
[LOADER] TryLoadTableBytes: trying guest address 0x80B43D150
[LOADER] TryLoadTableBytes: loaded from guest memory at 0x80B43D150
[LOADER] TryLoadTableBytes: trying guest address 0x80B43D3A0
[LOADER] TryLoadTableBytes: loaded from guest memory at 0x80B43D3A0
[LOADER] Runtime symbol index populated: section=0, dynamic=21, total=42
[LOADER] TryLoadTableBytes: trying guest address 0x80B43D7B8
[LOADER] TryLoadTableBytes: loaded from guest memory at 0x80B43D7B8
[LOADER][TEST] ResolveMappedAddressOrFallback addr=0x10 imageBase=0x000000080B431000
[LOADER][TEST] -> resolved raw 0x000000080B431010
[LOADER][TEST] ResolveMappedAddressOrFallback addr=0x10 imageBase=0x000000080B431000
[LOADER][TEST] -> resolved raw 0x000000080B431010
[LOADER] Initializers discovered: preinit=0, init=1
[LOADER][TLS] load_done assigned=0 next=4
[RUNTIME] Registered module handle=9 name=lib_burst_generated.prx base=0x000000080B431000 size=0x000000000000C9F8
[RUNTIME] Loaded module lib_burst_generated.prx: entry=0x000000080B431000, imports=4, symbols=42
[LOADER][TLS] load_start clear=False next=4 assigned=0 has_pt_tls=False
[LOADER] Segment 0: VAddr=0x000000080B63E000, FileSize=0x3B000, MemSize=0x3B000, Align=0x4000
[LOADER] WARNING: Segment 0 ELF alignment mismatch! VAddr=0x80B63E000, Offset=0x4000, Align=0x4000, VAddr%Align=0x2000, Offset%Align=0x0
[LOADER] Segment 1: VAddr=0x000000080B67A000, FileSize=0x8510, MemSize=0x8510, Align=0x4000
[LOADER] WARNING: Segment 1 ELF alignment mismatch! VAddr=0x80B67A000, Offset=0x40000, Align=0x4000, VAddr%Align=0x2000, Offset%Align=0x0
[LOADER] Segment 3: VAddr=0x000000080B686000, FileSize=0x50A0, MemSize=0x50A0, Align=0x4000
[LOADER] WARNING: Segment 3 ELF alignment mismatch! VAddr=0x80B686000, Offset=0x4C000, Align=0x4000, VAddr%Align=0x2000, Offset%Align=0x0
[LOADER] Segment 7: VAddr=0x000000080B68E000, FileSize=0x19C, MemSize=0x380, Align=0x4000
[LOADER] WARNING: Segment 7 ELF alignment mismatch! VAddr=0x80B68E000, Offset=0x54000, Align=0x4000, VAddr%Align=0x2000, Offset%Align=0x0
[LOADER] Segment 8: VAddr=0x000000080B68E380, FileSize=0x2C590, MemSize=0x2C590, Align=0x4000
[LOADER] WARNING: Segment 8 ELF alignment mismatch! VAddr=0x80B68E380, Offset=0x54380, Align=0x4000, VAddr%Align=0x2380, Offset%Align=0x380
[LOADER] TryLoadTableBytes: trying guest address 0x80B6BA190
[LOADER] TryLoadTableBytes: loaded from guest memory at 0x80B6BA190
[LOADER] TryLoadTableBytes: trying guest address 0x80B6B4A20
[LOADER] TryLoadTableBytes: loaded from guest memory at 0x80B6B4A20
[LOADER] TryLoadTableBytes: trying guest address 0x80B6A65A8
[LOADER] TryLoadTableBytes: loaded from guest memory at 0x80B6A65A8
[LOADER] TryLoadTableBytes: trying guest address 0x80B68E380
[LOADER] TryLoadTableBytes: loaded from guest memory at 0x80B68E380
[LOADER] TryLoadTableBytes: trying guest address 0x80B698040
[LOADER] TryLoadTableBytes: loaded from guest memory at 0x80B698040
[LOADER] CreateImportStubMapping: nids=2439, required=0x9870, map_size=0xA000
[LOADER] TryLoadTableBytes: trying guest address 0x80B6BA190
[LOADER] TryLoadTableBytes: loaded from guest memory at 0x80B6BA190
[LOADER] TryLoadTableBytes: trying guest address 0x80B68E380
[LOADER] TryLoadTableBytes: loaded from guest memory at 0x80B68E380
[LOADER] TryLoadTableBytes: trying guest address 0x80B698040
[LOADER] TryLoadTableBytes: loaded from guest memory at 0x80B698040
[LOADER] Runtime symbol index populated: section=0, dynamic=7, total=14
[LOADER] TryLoadTableBytes: trying guest address 0x80B6BA190
[LOADER] TryLoadTableBytes: loaded from guest memory at 0x80B6BA190
[LOADER][TEST] ResolveMappedAddressOrFallback addr=0x10 imageBase=0x000000080B63E000
[LOADER][TEST] -> resolved raw 0x000000080B63E010
[LOADER][TEST] ResolveMappedAddressOrFallback addr=0x10 imageBase=0x000000080B63E000
[LOADER][TEST] -> resolved raw 0x000000080B63E010
[LOADER] Initializers discovered: preinit=0, init=1
[LOADER][TLS] load_done assigned=0 next=4
[RUNTIME] Registered module handle=10 name=PSN.prx base=0x000000080B63E000 size=0x000000000007C910
[RUNTIME] Loaded module PSN.prx: entry=0x000000080B63E000, imports=2439, symbols=14
[LOADER][TLS] load_start clear=False next=4 assigned=0 has_pt_tls=False
[LOADER] Segment 0: VAddr=0x000000080B8BB000, FileSize=0x3D20, MemSize=0x3D20, Align=0x4000
[LOADER] WARNING: Segment 0 ELF alignment mismatch! VAddr=0x80B8BB000, Offset=0x4000, Align=0x4000, VAddr%Align=0x3000, Offset%Align=0x0
[LOADER] Segment 1: VAddr=0x000000080B8BF000, FileSize=0x19A5, MemSize=0x19A5, Align=0x4000
[LOADER] WARNING: Segment 1 ELF alignment mismatch! VAddr=0x80B8BF000, Offset=0x8000, Align=0x4000, VAddr%Align=0x3000, Offset%Align=0x0
[LOADER] Segment 3: VAddr=0x000000080B8C3000, FileSize=0x230, MemSize=0x230, Align=0x4000
[LOADER] WARNING: Segment 3 ELF alignment mismatch! VAddr=0x80B8C3000, Offset=0xC000, Align=0x4000, VAddr%Align=0x3000, Offset%Align=0x0
[LOADER] Segment 7: VAddr=0x000000080B8C7000, FileSize=0x11, MemSize=0x2B2748, Align=0x4000
[LOADER] WARNING: Segment 7 ELF alignment mismatch! VAddr=0x80B8C7000, Offset=0x10000, Align=0x4000, VAddr%Align=0x3000, Offset%Align=0x0
[LOADER] Segment 8: VAddr=0x000000080BB79750, FileSize=0x1A78, MemSize=0x1A78, Align=0x4000
[LOADER] WARNING: Segment 8 ELF alignment mismatch! VAddr=0x80BB79750, Offset=0x12750, Align=0x4000, VAddr%Align=0x1750, Offset%Align=0x2750
[LOADER] TryLoadTableBytes: trying guest address 0x80BB7AE48
[LOADER] TryLoadTableBytes: loaded from guest memory at 0x80BB7AE48
[LOADER] TryLoadTableBytes: trying guest address 0x80BB7AAD0
[LOADER] TryLoadTableBytes: loaded from guest memory at 0x80BB7AAD0
[LOADER] TryLoadTableBytes: trying guest address 0x80BB7A5D8
[LOADER] TryLoadTableBytes: loaded from guest memory at 0x80BB7A5D8
[LOADER] TryLoadTableBytes: trying guest address 0x80BB79750
[LOADER] TryLoadTableBytes: loaded from guest memory at 0x80BB79750
[LOADER] TryLoadTableBytes: trying guest address 0x80BB79DF8
[LOADER] TryLoadTableBytes: loaded from guest memory at 0x80BB79DF8
[LOADER] CreateImportStubMapping: nids=55, required=0x370, map_size=0x1000
[LOADER] TryLoadTableBytes: trying guest address 0x80BB7AE48
[LOADER] TryLoadTableBytes: loaded from guest memory at 0x80BB7AE48
[LOADER] TryLoadTableBytes: trying guest address 0x80BB79750
[LOADER] TryLoadTableBytes: loaded from guest memory at 0x80BB79750
[LOADER] TryLoadTableBytes: trying guest address 0x80BB79DF8
[LOADER] TryLoadTableBytes: loaded from guest memory at 0x80BB79DF8
[LOADER] Runtime symbol index populated: section=0, dynamic=28, total=56
[LOADER] TryLoadTableBytes: trying guest address 0x80BB7AE48
[LOADER] TryLoadTableBytes: loaded from guest memory at 0x80BB7AE48
[LOADER][TEST] ResolveMappedAddressOrFallback addr=0x10 imageBase=0x000000080B8BB000
[LOADER][TEST] -> resolved raw 0x000000080B8BB010
[LOADER][TEST] ResolveMappedAddressOrFallback addr=0x10 imageBase=0x000000080B8BB000
[LOADER][TEST] -> resolved raw 0x000000080B8BB010
[LOADER] Initializers discovered: preinit=0, init=1
[LOADER][TLS] load_done assigned=0 next=4
[RUNTIME] Registered module handle=11 name=SaveData.prx base=0x000000080B8BB000 size=0x00000000002C01C8
[RUNTIME] Loaded module SaveData.prx: entry=0x000000080B8BB000, imports=55, symbols=56
[RUNTIME] Module preload summary: loaded=10, failed=0, merged_imports=3443, merged_symbols=95467
[RUNTIME] Imported data rebind: rebound=56, unresolved=0
[RUNTIME] Starting module libc.prx: dt_init=0x0000000804000010
[DISPATCHER] === DispatchModuleInitializer START ===
[DISPATCHER] moduleInit=0x0000000804000010, generation=Gen5, module=libc.prx
[DISPATCHER] DispatchEntryCore STARTING...
[LOADER][INFO] VEH trampoline built: bytes=709 native_worker_abort=True
[LOADER][INFO] Raw exception handler installed: 0x00000211CD940E40
[LOADER][INFO] Guest image CPU write tracking: disabled
[LOADER][INFO] VEH trampoline built: bytes=709 native_worker_abort=True
[LOADER][INFO] Exception handler installed: 0x00000211CD9408D0
[LOADER][INFO] VEH trampoline built: bytes=709 native_worker_abort=True
[LOADER][INFO] Native guest workers prewarmed: 4/4 max_concurrent=2
[LOADER][INFO] === Execute START ===
[LOADER][INFO] EntryPoint: 0x0000000804000010, ImportStubs: 4053
[LOADER][INFO] RuntimeSymbols: 95473
[LOADER][INFO] ExportCheck fputs: libc:fputs
[LOADER][INFO] ExportCheck map_direct: libKernel:sceKernelMapDirectMemory
[LOADER][INFO] Setting up 4053 import stubs...
[LOADER][INFO] LLE redirect: 0x0000700000000010 QI-x0SL8jhw -> QI-x0SL8jhw@0x000000080403E3E0
[LOADER][INFO] LLE redirect: 0x0000700000000020 EH-x713A99c -> EH-x713A99c@0x0000000804041130
[LOADER][INFO] LLE redirect: 0x0000700000000030 gQX+4GDQjpM -> gQX+4GDQjpM@0x0000000804006020
[LOADER][INFO] LLE redirect: 0x0000700000000040 Y7aJ1uydPMo -> Y7aJ1uydPMo@0x0000000804006050
[LOADER][INFO] LLE redirect: 0x0000700000000050 tIhsqj0qsFE -> tIhsqj0qsFE@0x0000000804006030
[LOADER][INFO] LLE redirect: 0x0000700000000060 lKEN2IebgJ0 -> lKEN2IebgJ0@0x0000000804054900
[LOADER][INFO] LLE redirect: 0x0000700000000070 zr094EQ39Ww -> zr094EQ39Ww@0x0000000804035940
[LOADER][INFO] LLE redirect: 0x0000700000000080 ZE6RNL+eLbk -> ZE6RNL+eLbk@0x000000080404FE40
[LOADER][INFO] LLE redirect: 0x0000700000000090 weDug8QD-lE -> weDug8QD-lE@0x0000000804040AA0
[LOADER][INFO] LLE redirect: 0x00007000000000A0 GZWjF-YIFFk -> GZWjF-YIFFk@0x0000000804040170
[LOADER][INFO] LLE redirect: 0x00007000000000B0 H8AprKeZtNg -> H8AprKeZtNg@0x0000000804194480
[LOADER][INFO] LLE redirect: 0x00007000000000C0 c+4r-T-tEIc -> c+4r-T-tEIc@0x000000080404C430
[LOADER][INFO] LLE redirect: 0x00007000000000D0 2sWzhYqFH4E -> 2sWzhYqFH4E@0x00000008041942B8
[LOADER][INFO] LLE redirect: 0x00007000000000E0 8zTFvBIAIN8 -> 8zTFvBIAIN8@0x0000000804010360
[LOADER][INFO] LLE redirect: 0x0000700000000170 DfivPArhucg -> DfivPArhucg@0x0000000804032F00
[LOADER][INFO] LLE redirect: 0x0000700000000180 tQIo+GIPklo -> tQIo+GIPklo@0x0000000804016560
[LOADER][INFO] LLE redirect: 0x00007000000001C0 eT2UsmTewbU -> eT2UsmTewbU@0x0000000804016430
[LOADER][INFO] LLE redirect: 0x00007000000001D0 gNQ1V2vfXDE -> gNQ1V2vfXDE@0x00000008040548B0
[LOADER][INFO] LLE redirect: 0x00007000000001E0 Ujf3KzMvRmI -> Ujf3KzMvRmI@0x0000000804006070
[LOADER][INFO] LLE redirect: 0x00007000000001F0 OGybVuPAhAY -> OGybVuPAhAY@0x0000000804006090
[LOADER][INFO] LLE redirect: 0x0000700000000230 ozMAr28BwSY -> ozMAr28BwSY@0x0000000804016640
[LOADER][INFO] LLE redirect: 0x00007000000002B0 1Pk0qZQGeWo -> 1Pk0qZQGeWo@0x000000080405A5D0
[LOADER][INFO] LLE redirect: 0x00007000000002D0 zlfEH8FmyUA -> zlfEH8FmyUA@0x000000080403DEB0
[LOADER][INFO] LLE redirect: 0x00007000000002E0 xEszJVGpybs -> xEszJVGpybs@0x000000080405B3B0
[LOADER][INFO] LLE redirect: 0x00007000000002F0 5TjaJwkLWxE -> 5TjaJwkLWxE@0x0000000804032F40
[LOADER][INFO] LLE redirect: 0x0000700000000300 JBcgYuW8lPU -> JBcgYuW8lPU@0x000000080403E160
[LOADER][INFO] LLE redirect: 0x0000700000000320 YQ0navp+YIc -> YQ0navp+YIc@0x0000000804036360
[LOADER][INFO] LLE redirect: 0x0000700000000330 JrwFIMzKNr0 -> JrwFIMzKNr0@0x0000000804049760
[LOADER][INFO] LLE redirect: 0x0000700000000340 lA94ZgT+vMM -> lA94ZgT+vMM@0x0000000804046E60
[LOADER][INFO] LLE redirect: 0x0000700000000350 wLlFkwG9UcQ -> wLlFkwG9UcQ@0x000000080406EEF0
[LOADER][INFO] LLE redirect: 0x0000700000000430 mXlxhmLNMPg -> mXlxhmLNMPg@0x000000080403DA80
[LOADER][INFO] LLE redirect: 0x0000700000000440 AEJdIVZTEmo -> AEJdIVZTEmo@0x0000000804063320
[LOADER][INFO] LLE redirect: 0x0000700000000490 1mecP7RgI2A -> 1mecP7RgI2A@0x000000080406ECA0
[LOADER][INFO] LLE redirect: 0x00007000000004D0 0WMHDb5Dt94 -> 0WMHDb5Dt94@0x000000080404C080
[LOADER][INFO] LLE redirect: 0x00007000000004E0 g7zzzLDYGw0 -> g7zzzLDYGw0@0x000000080406E5C0
[LOADER][INFO] LLE redirect: 0x00007000000004F0 MELi-cKqWq0 -> MELi-cKqWq0@0x00000008040169C0
[LOADER][INFO] LLE redirect: 0x0000700000000500 3+UPM-9E6xY -> 3+UPM-9E6xY@0x000000080404C220
[LOADER][INFO] LLE redirect: 0x0000700000000510 rDMyAf1Jhug -> rDMyAf1Jhug@0x000000080404D850
[LOADER][INFO] LLE redirect: 0x0000700000000530 T7uyNqP7vQA -> T7uyNqP7vQA@0x000000080404F940
[LOADER][INFO] LLE redirect: 0x0000700000000540 HUbZmOnT-Dg -> HUbZmOnT-Dg@0x0000000804041CF0
[LOADER][INFO] LLE redirect: 0x00007000000006A0 2X5agFjKxMc -> 2X5agFjKxMc@0x0000000804006040
[LOADER][INFO] LLE redirect: 0x00007000000008E0 pXvbDfchu6k -> pXvbDfchu6k@0x000000080406E700
[LOADER][INFO] LLE redirect: 0x0000700000000980 NU-T4QowTNA -> NU-T4QowTNA@0x0000000804016480
[LOADER][INFO] LLE redirect: 0x00007000000009E0 2vDqwBlpF-o -> 2vDqwBlpF-o@0x000000080405C470
[LOADER][INFO] LLE redirect: 0x0000700000000A00 QZP6I9ZZxpE -> QZP6I9ZZxpE@0x000000080406EBC0
[LOADER][INFO] LLE redirect: 0x0000700000000D50 oVkZ8W8-Q8A -> oVkZ8W8-Q8A@0x000000080406D990
[LOADER][INFO] LLE redirect: 0x0000700000000E80 M4YYbSFfJ8g -> M4YYbSFfJ8g@0x0000000804FB8030
[LOADER][INFO] LLE redirect: 0x0000700000000EB0 35NoyMOtYpE -> 35NoyMOtYpE@0x0000000804FB7FD0
[LOADER][INFO] Setup 4053/4053 import stubs (direct bridge, lle_redirects=2744)
[LOADER][INFO] TLS handler at 0x0000000803000000
[LOADER][INFO] Patched 0 TLS loads, 164 TLS stores, 0 stack-canary accesses, 0 SSE4a EXTRQ blends
[LOADER][INFO] Patched 369 TLS loads, 0 TLS stores, 0 stack-canary accesses, 0 SSE4a EXTRQ blends (lazy-commit rescan 0x0000000800000000-0x0000000808000000)
[LOADER][INFO] ExecuteEntry starting at 0x0000000804000010
[LOADER][INFO] RSP=0x00007FFFF01FFFD8, RDI=0x0000000000000000
[LOADER][INFO] StackTop: 0x00007FFFF01FFFD8
[LOADER][INFO] Calling guest entry...
[LOADER][TRACE] pthread_cond_broadcast: cond=0x000000080419A7A8 mutex=0x0000000000000000 waiters=0 epoch=0x1 timed=False result=0x00000000
[LOADER][TRACE] pthread_cond_broadcast: cond=0x000000080419A7A8 mutex=0x0000000000000000 waiters=0 epoch=0x2 timed=False result=0x00000000
[LOADER][TRACE] pthread_cond_broadcast: cond=0x000000080419A7A8 mutex=0x0000000000000000 waiters=0 epoch=0x3 timed=False result=0x00000000
[LOADER][TRACE] pthread_cond_broadcast: cond=0x000000080419A7A8 mutex=0x0000000000000000 waiters=0 epoch=0x4 timed=False result=0x00000000
[LOADER][TRACE] pthread_cond_broadcast: cond=0x000000080419A7A8 mutex=0x0000000000000000 waiters=0 epoch=0x5 timed=False result=0x00000000
[LOADER][TRACE] pthread_cond_broadcast: cond=0x000000080419A7A8 mutex=0x0000000000000000 waiters=0 epoch=0x6 timed=False result=0x00000000
[LOADER][TRACE] pthread_cond_broadcast: cond=0x000000080419A7A8 mutex=0x0000000000000000 waiters=0 epoch=0x7 timed=False result=0x00000000
[LOADER][INFO] Guest returned: 0
[LOADER][INFO] === Execute END (LastError: null) ===
[RUNTIME] Starting module libSceNpCppWebApi.prx: dt_init=0x00000008043D3010
[DISPATCHER] === DispatchModuleInitializer START ===
[DISPATCHER] moduleInit=0x00000008043D3010, generation=Gen5, module=libSceNpCppWebApi.prx
[DISPATCHER] DispatchEntryCore STARTING...
[LOADER][INFO] === Execute START ===
[LOADER][INFO] EntryPoint: 0x00000008043D3010, ImportStubs: 4053
[LOADER][INFO] RuntimeSymbols: 95473
[LOADER][INFO] ExportCheck fputs: libc:fputs
[LOADER][INFO] ExportCheck map_direct: libKernel:sceKernelMapDirectMemory
[LOADER][INFO] Setting up 4053 import stubs...
[LOADER][INFO] LLE redirect: 0x0000700000000010 QI-x0SL8jhw -> QI-x0SL8jhw@0x000000080403E3E0
[LOADER][INFO] LLE redirect: 0x0000700000000020 EH-x713A99c -> EH-x713A99c@0x0000000804041130
[LOADER][INFO] LLE redirect: 0x0000700000000030 gQX+4GDQjpM -> gQX+4GDQjpM@0x0000000804006020
[LOADER][INFO] LLE redirect: 0x0000700000000040 Y7aJ1uydPMo -> Y7aJ1uydPMo@0x0000000804006050
[LOADER][INFO] LLE redirect: 0x0000700000000050 tIhsqj0qsFE -> tIhsqj0qsFE@0x0000000804006030
[LOADER][INFO] LLE redirect: 0x0000700000000060 lKEN2IebgJ0 -> lKEN2IebgJ0@0x0000000804054900
[LOADER][INFO] LLE redirect: 0x0000700000000070 zr094EQ39Ww -> zr094EQ39Ww@0x0000000804035940
[LOADER][INFO] LLE redirect: 0x0000700000000080 ZE6RNL+eLbk -> ZE6RNL+eLbk@0x000000080404FE40
[LOADER][INFO] LLE redirect: 0x0000700000000090 weDug8QD-lE -> weDug8QD-lE@0x0000000804040AA0
[LOADER][INFO] LLE redirect: 0x00007000000000A0 GZWjF-YIFFk -> GZWjF-YIFFk@0x0000000804040170
[LOADER][INFO] LLE redirect: 0x00007000000000B0 H8AprKeZtNg -> H8AprKeZtNg@0x0000000804194480
[LOADER][INFO] LLE redirect: 0x00007000000000C0 c+4r-T-tEIc -> c+4r-T-tEIc@0x000000080404C430
[LOADER][INFO] LLE redirect: 0x00007000000000D0 2sWzhYqFH4E -> 2sWzhYqFH4E@0x00000008041942B8
[LOADER][INFO] LLE redirect: 0x00007000000000E0 8zTFvBIAIN8 -> 8zTFvBIAIN8@0x0000000804010360
[LOADER][INFO] LLE redirect: 0x0000700000000170 DfivPArhucg -> DfivPArhucg@0x0000000804032F00
[LOADER][INFO] LLE redirect: 0x0000700000000180 tQIo+GIPklo -> tQIo+GIPklo@0x0000000804016560
[LOADER][INFO] LLE redirect: 0x00007000000001C0 eT2UsmTewbU -> eT2UsmTewbU@0x0000000804016430
[LOADER][INFO] LLE redirect: 0x00007000000001D0 gNQ1V2vfXDE -> gNQ1V2vfXDE@0x00000008040548B0
[LOADER][INFO] LLE redirect: 0x00007000000001E0 Ujf3KzMvRmI -> Ujf3KzMvRmI@0x0000000804006070
[LOADER][INFO] LLE redirect: 0x00007000000001F0 OGybVuPAhAY -> OGybVuPAhAY@0x0000000804006090
[LOADER][INFO] LLE redirect: 0x0000700000000230 ozMAr28BwSY -> ozMAr28BwSY@0x0000000804016640
[LOADER][INFO] LLE redirect: 0x00007000000002B0 1Pk0qZQGeWo -> 1Pk0qZQGeWo@0x000000080405A5D0
[LOADER][INFO] LLE redirect: 0x00007000000002D0 zlfEH8FmyUA -> zlfEH8FmyUA@0x000000080403DEB0
[LOADER][INFO] LLE redirect: 0x00007000000002E0 xEszJVGpybs -> xEszJVGpybs@0x000000080405B3B0
[LOADER][INFO] LLE redirect: 0x00007000000002F0 5TjaJwkLWxE -> 5TjaJwkLWxE@0x0000000804032F40
[LOADER][INFO] LLE redirect: 0x0000700000000300 JBcgYuW8lPU -> JBcgYuW8lPU@0x000000080403E160
[LOADER][INFO] LLE redirect: 0x0000700000000320 YQ0navp+YIc -> YQ0navp+YIc@0x0000000804036360
[LOADER][INFO] LLE redirect: 0x0000700000000330 JrwFIMzKNr0 -> JrwFIMzKNr0@0x0000000804049760
[LOADER][INFO] LLE redirect: 0x0000700000000340 lA94ZgT+vMM -> lA94ZgT+vMM@0x0000000804046E60
[LOADER][INFO] LLE redirect: 0x0000700000000350 wLlFkwG9UcQ -> wLlFkwG9UcQ@0x000000080406EEF0
[LOADER][INFO] LLE redirect: 0x0000700000000430 mXlxhmLNMPg -> mXlxhmLNMPg@0x000000080403DA80
[LOADER][INFO] LLE redirect: 0x0000700000000440 AEJdIVZTEmo -> AEJdIVZTEmo@0x0000000804063320
[LOADER][INFO] LLE redirect: 0x0000700000000490 1mecP7RgI2A -> 1mecP7RgI2A@0x000000080406ECA0
[LOADER][INFO] LLE redirect: 0x00007000000004D0 0WMHDb5Dt94 -> 0WMHDb5Dt94@0x000000080404C080
[LOADER][INFO] LLE redirect: 0x00007000000004E0 g7zzzLDYGw0 -> g7zzzLDYGw0@0x000000080406E5C0
[LOADER][INFO] LLE redirect: 0x00007000000004F0 MELi-cKqWq0 -> MELi-cKqWq0@0x00000008040169C0
[LOADER][INFO] LLE redirect: 0x0000700000000500 3+UPM-9E6xY -> 3+UPM-9E6xY@0x000000080404C220
[LOADER][INFO] LLE redirect: 0x0000700000000510 rDMyAf1Jhug -> rDMyAf1Jhug@0x000000080404D850
[LOADER][INFO] LLE redirect: 0x0000700000000530 T7uyNqP7vQA -> T7uyNqP7vQA@0x000000080404F940
[LOADER][INFO] LLE redirect: 0x0000700000000540 HUbZmOnT-Dg -> HUbZmOnT-Dg@0x0000000804041CF0
[LOADER][INFO] LLE redirect: 0x00007000000006A0 2X5agFjKxMc -> 2X5agFjKxMc@0x0000000804006040
[LOADER][INFO] LLE redirect: 0x00007000000008E0 pXvbDfchu6k -> pXvbDfchu6k@0x000000080406E700
[LOADER][INFO] LLE redirect: 0x0000700000000980 NU-T4QowTNA -> NU-T4QowTNA@0x0000000804016480
[LOADER][INFO] LLE redirect: 0x00007000000009E0 2vDqwBlpF-o -> 2vDqwBlpF-o@0x000000080405C470
[LOADER][INFO] LLE redirect: 0x0000700000000A00 QZP6I9ZZxpE -> QZP6I9ZZxpE@0x000000080406EBC0
[LOADER][INFO] LLE redirect: 0x0000700000000D50 oVkZ8W8-Q8A -> oVkZ8W8-Q8A@0x000000080406D990
[LOADER][INFO] LLE redirect: 0x0000700000000E80 M4YYbSFfJ8g -> M4YYbSFfJ8g@0x0000000804FB8030
[LOADER][INFO] LLE redirect: 0x0000700000000EB0 35NoyMOtYpE -> 35NoyMOtYpE@0x0000000804FB7FD0
[LOADER][INFO] Setup 4053/4053 import stubs (direct bridge, lle_redirects=2744)
[LOADER][INFO] TLS handler at 0x00000008033D0000
[LOADER][INFO] Patched 0 TLS loads, 0 TLS stores, 0 stack-canary accesses, 0 SSE4a EXTRQ blends
[LOADER][INFO] ExecuteEntry starting at 0x00000008043D3010
[LOADER][INFO] RSP=0x00007FFFF01FFFD8, RDI=0x0000000000000000
[LOADER][INFO] StackTop: 0x00007FFFF01FFFD8
[LOADER][INFO] Calling guest entry...
[LOADER][INFO] Guest returned: 0
[LOADER][INFO] === Execute END (LastError: null) ===
[RUNTIME] Starting module Il2CppUserAssemblies.prx: dt_init=0x0000000804D56010
[DISPATCHER] === DispatchModuleInitializer START ===
[DISPATCHER] moduleInit=0x0000000804D56010, generation=Gen5, module=Il2CppUserAssemblies.prx
[DISPATCHER] DispatchEntryCore STARTING...
[LOADER][INFO] === Execute START ===
[LOADER][INFO] EntryPoint: 0x0000000804D56010, ImportStubs: 4053
[LOADER][INFO] RuntimeSymbols: 95473
[LOADER][INFO] ExportCheck fputs: libc:fputs
[LOADER][INFO] ExportCheck map_direct: libKernel:sceKernelMapDirectMemory
[LOADER][INFO] Setting up 4053 import stubs...
[LOADER][INFO] LLE redirect: 0x0000700000000010 QI-x0SL8jhw -> QI-x0SL8jhw@0x000000080403E3E0
[LOADER][INFO] LLE redirect: 0x0000700000000020 EH-x713A99c -> EH-x713A99c@0x0000000804041130
[LOADER][INFO] LLE redirect: 0x0000700000000030 gQX+4GDQjpM -> gQX+4GDQjpM@0x0000000804006020
[LOADER][INFO] LLE redirect: 0x0000700000000040 Y7aJ1uydPMo -> Y7aJ1uydPMo@0x0000000804006050
[LOADER][INFO] LLE redirect: 0x0000700000000050 tIhsqj0qsFE -> tIhsqj0qsFE@0x0000000804006030
[LOADER][INFO] LLE redirect: 0x0000700000000060 lKEN2IebgJ0 -> lKEN2IebgJ0@0x0000000804054900
[LOADER][INFO] LLE redirect: 0x0000700000000070 zr094EQ39Ww -> zr094EQ39Ww@0x0000000804035940
[LOADER][INFO] LLE redirect: 0x0000700000000080 ZE6RNL+eLbk -> ZE6RNL+eLbk@0x000000080404FE40
[LOADER][INFO] LLE redirect: 0x0000700000000090 weDug8QD-lE -> weDug8QD-lE@0x0000000804040AA0
[LOADER][INFO] LLE redirect: 0x00007000000000A0 GZWjF-YIFFk -> GZWjF-YIFFk@0x0000000804040170
[LOADER][INFO] LLE redirect: 0x00007000000000B0 H8AprKeZtNg -> H8AprKeZtNg@0x0000000804194480
[LOADER][INFO] LLE redirect: 0x00007000000000C0 c+4r-T-tEIc -> c+4r-T-tEIc@0x000000080404C430
[LOADER][INFO] LLE redirect: 0x00007000000000D0 2sWzhYqFH4E -> 2sWzhYqFH4E@0x00000008041942B8
[LOADER][INFO] LLE redirect: 0x00007000000000E0 8zTFvBIAIN8 -> 8zTFvBIAIN8@0x0000000804010360
[LOADER][INFO] LLE redirect: 0x0000700000000170 DfivPArhucg -> DfivPArhucg@0x0000000804032F00
[LOADER][INFO] LLE redirect: 0x0000700000000180 tQIo+GIPklo -> tQIo+GIPklo@0x0000000804016560
[LOADER][INFO] LLE redirect: 0x00007000000001C0 eT2UsmTewbU -> eT2UsmTewbU@0x0000000804016430
[LOADER][INFO] LLE redirect: 0x00007000000001D0 gNQ1V2vfXDE -> gNQ1V2vfXDE@0x00000008040548B0
[LOADER][INFO] LLE redirect: 0x00007000000001E0 Ujf3KzMvRmI -> Ujf3KzMvRmI@0x0000000804006070
[LOADER][INFO] LLE redirect: 0x00007000000001F0 OGybVuPAhAY -> OGybVuPAhAY@0x0000000804006090
[LOADER][INFO] LLE redirect: 0x0000700000000230 ozMAr28BwSY -> ozMAr28BwSY@0x0000000804016640
[LOADER][INFO] LLE redirect: 0x00007000000002B0 1Pk0qZQGeWo -> 1Pk0qZQGeWo@0x000000080405A5D0
[LOADER][INFO] LLE redirect: 0x00007000000002D0 zlfEH8FmyUA -> zlfEH8FmyUA@0x000000080403DEB0
[LOADER][INFO] LLE redirect: 0x00007000000002E0 xEszJVGpybs -> xEszJVGpybs@0x000000080405B3B0
[LOADER][INFO] LLE redirect: 0x00007000000002F0 5TjaJwkLWxE -> 5TjaJwkLWxE@0x0000000804032F40
[LOADER][INFO] LLE redirect: 0x0000700000000300 JBcgYuW8lPU -> JBcgYuW8lPU@0x000000080403E160
[LOADER][INFO] LLE redirect: 0x0000700000000320 YQ0navp+YIc -> YQ0navp+YIc@0x0000000804036360
[LOADER][INFO] LLE redirect: 0x0000700000000330 JrwFIMzKNr0 -> JrwFIMzKNr0@0x0000000804049760
[LOADER][INFO] LLE redirect: 0x0000700000000340 lA94ZgT+vMM -> lA94ZgT+vMM@0x0000000804046E60
[LOADER][INFO] LLE redirect: 0x0000700000000350 wLlFkwG9UcQ -> wLlFkwG9UcQ@0x000000080406EEF0
[LOADER][INFO] LLE redirect: 0x0000700000000430 mXlxhmLNMPg -> mXlxhmLNMPg@0x000000080403DA80
[LOADER][INFO] LLE redirect: 0x0000700000000440 AEJdIVZTEmo -> AEJdIVZTEmo@0x0000000804063320
[LOADER][INFO] LLE redirect: 0x0000700000000490 1mecP7RgI2A -> 1mecP7RgI2A@0x000000080406ECA0
[LOADER][INFO] LLE redirect: 0x00007000000004D0 0WMHDb5Dt94 -> 0WMHDb5Dt94@0x000000080404C080
[LOADER][INFO] LLE redirect: 0x00007000000004E0 g7zzzLDYGw0 -> g7zzzLDYGw0@0x000000080406E5C0
[LOADER][INFO] LLE redirect: 0x00007000000004F0 MELi-cKqWq0 -> MELi-cKqWq0@0x00000008040169C0
[LOADER][INFO] LLE redirect: 0x0000700000000500 3+UPM-9E6xY -> 3+UPM-9E6xY@0x000000080404C220
[LOADER][INFO] LLE redirect: 0x0000700000000510 rDMyAf1Jhug -> rDMyAf1Jhug@0x000000080404D850
[LOADER][INFO] LLE redirect: 0x0000700000000530 T7uyNqP7vQA -> T7uyNqP7vQA@0x000000080404F940
[LOADER][INFO] LLE redirect: 0x0000700000000540 HUbZmOnT-Dg -> HUbZmOnT-Dg@0x0000000804041CF0
[LOADER][INFO] LLE redirect: 0x00007000000006A0 2X5agFjKxMc -> 2X5agFjKxMc@0x0000000804006040
[LOADER][INFO] LLE redirect: 0x00007000000008E0 pXvbDfchu6k -> pXvbDfchu6k@0x000000080406E700
[LOADER][INFO] LLE redirect: 0x0000700000000980 NU-T4QowTNA -> NU-T4QowTNA@0x0000000804016480
[LOADER][INFO] LLE redirect: 0x00007000000009E0 2vDqwBlpF-o -> 2vDqwBlpF-o@0x000000080405C470
[LOADER][INFO] LLE redirect: 0x0000700000000A00 QZP6I9ZZxpE -> QZP6I9ZZxpE@0x000000080406EBC0
[LOADER][INFO] LLE redirect: 0x0000700000000D50 oVkZ8W8-Q8A -> oVkZ8W8-Q8A@0x000000080406D990
[LOADER][INFO] LLE redirect: 0x0000700000000E80 M4YYbSFfJ8g -> M4YYbSFfJ8g@0x0000000804FB8030
[LOADER][INFO] LLE redirect: 0x0000700000000EB0 35NoyMOtYpE -> 35NoyMOtYpE@0x0000000804FB7FD0
[LOADER][INFO] Setup 4053/4053 import stubs (direct bridge, lle_redirects=2744)
[LOADER][INFO] TLS handler at 0x0000000803D50000
[LOADER][INFO] Patched 0 TLS loads, 0 TLS stores, 0 stack-canary accesses, 0 SSE4a EXTRQ blends
[LOADER][INFO] ExecuteEntry starting at 0x0000000804D56010
[LOADER][INFO] RSP=0x00007FFFF01FFFD8, RDI=0x0000000000000000
[LOADER][INFO] StackTop: 0x00007FFFF01FFFD8
[LOADER][INFO] Calling guest entry...
[LOADER][INFO] Guest returned: 0
[LOADER][INFO] === Execute END (LastError: null) ===
[RUNTIME] Starting module PS5Util.prx: dt_init=0x000000080A821010
[DISPATCHER] === DispatchModuleInitializer START ===
[DISPATCHER] moduleInit=0x000000080A821010, generation=Gen5, module=PS5Util.prx
[DISPATCHER] DispatchEntryCore STARTING...
[LOADER][INFO] === Execute START ===
[LOADER][INFO] EntryPoint: 0x000000080A821010, ImportStubs: 4053
[LOADER][INFO] RuntimeSymbols: 95473
[LOADER][INFO] ExportCheck fputs: libc:fputs
[LOADER][INFO] ExportCheck map_direct: libKernel:sceKernelMapDirectMemory
[LOADER][INFO] Setting up 4053 import stubs...
[LOADER][INFO] LLE redirect: 0x0000700000000010 QI-x0SL8jhw -> QI-x0SL8jhw@0x000000080403E3E0
[LOADER][INFO] LLE redirect: 0x0000700000000020 EH-x713A99c -> EH-x713A99c@0x0000000804041130
[LOADER][INFO] LLE redirect: 0x0000700000000030 gQX+4GDQjpM -> gQX+4GDQjpM@0x0000000804006020
[LOADER][INFO] LLE redirect: 0x0000700000000040 Y7aJ1uydPMo -> Y7aJ1uydPMo@0x0000000804006050
[LOADER][INFO] LLE redirect: 0x0000700000000050 tIhsqj0qsFE -> tIhsqj0qsFE@0x0000000804006030
[LOADER][INFO] LLE redirect: 0x0000700000000060 lKEN2IebgJ0 -> lKEN2IebgJ0@0x0000000804054900
[LOADER][INFO] LLE redirect: 0x0000700000000070 zr094EQ39Ww -> zr094EQ39Ww@0x0000000804035940
[LOADER][INFO] LLE redirect: 0x0000700000000080 ZE6RNL+eLbk -> ZE6RNL+eLbk@0x000000080404FE40
[LOADER][INFO] LLE redirect: 0x0000700000000090 weDug8QD-lE -> weDug8QD-lE@0x0000000804040AA0
[LOADER][INFO] LLE redirect: 0x00007000000000A0 GZWjF-YIFFk -> GZWjF-YIFFk@0x0000000804040170
[LOADER][INFO] LLE redirect: 0x00007000000000B0 H8AprKeZtNg -> H8AprKeZtNg@0x0000000804194480
[LOADER][INFO] LLE redirect: 0x00007000000000C0 c+4r-T-tEIc -> c+4r-T-tEIc@0x000000080404C430
[LOADER][INFO] LLE redirect: 0x00007000000000D0 2sWzhYqFH4E -> 2sWzhYqFH4E@0x00000008041942B8
[LOADER][INFO] LLE redirect: 0x00007000000000E0 8zTFvBIAIN8 -> 8zTFvBIAIN8@0x0000000804010360
[LOADER][INFO] LLE redirect: 0x0000700000000170 DfivPArhucg -> DfivPArhucg@0x0000000804032F00
[LOADER][INFO] LLE redirect: 0x0000700000000180 tQIo+GIPklo -> tQIo+GIPklo@0x0000000804016560
[LOADER][INFO] LLE redirect: 0x00007000000001C0 eT2UsmTewbU -> eT2UsmTewbU@0x0000000804016430
[LOADER][INFO] LLE redirect: 0x00007000000001D0 gNQ1V2vfXDE -> gNQ1V2vfXDE@0x00000008040548B0
[LOADER][INFO] LLE redirect: 0x00007000000001E0 Ujf3KzMvRmI -> Ujf3KzMvRmI@0x0000000804006070
[LOADER][INFO] LLE redirect: 0x00007000000001F0 OGybVuPAhAY -> OGybVuPAhAY@0x0000000804006090
[LOADER][INFO] LLE redirect: 0x0000700000000230 ozMAr28BwSY -> ozMAr28BwSY@0x0000000804016640
[LOADER][INFO] LLE redirect: 0x00007000000002B0 1Pk0qZQGeWo -> 1Pk0qZQGeWo@0x000000080405A5D0
[LOADER][INFO] LLE redirect: 0x00007000000002D0 zlfEH8FmyUA -> zlfEH8FmyUA@0x000000080403DEB0
[LOADER][INFO] LLE redirect: 0x00007000000002E0 xEszJVGpybs -> xEszJVGpybs@0x000000080405B3B0
[LOADER][INFO] LLE redirect: 0x00007000000002F0 5TjaJwkLWxE -> 5TjaJwkLWxE@0x0000000804032F40
[LOADER][INFO] LLE redirect: 0x0000700000000300 JBcgYuW8lPU -> JBcgYuW8lPU@0x000000080403E160
[LOADER][INFO] LLE redirect: 0x0000700000000320 YQ0navp+YIc -> YQ0navp+YIc@0x0000000804036360
[LOADER][INFO] LLE redirect: 0x0000700000000330 JrwFIMzKNr0 -> JrwFIMzKNr0@0x0000000804049760
[LOADER][INFO] LLE redirect: 0x0000700000000340 lA94ZgT+vMM -> lA94ZgT+vMM@0x0000000804046E60
[LOADER][INFO] LLE redirect: 0x0000700000000350 wLlFkwG9UcQ -> wLlFkwG9UcQ@0x000000080406EEF0
[LOADER][INFO] LLE redirect: 0x0000700000000430 mXlxhmLNMPg -> mXlxhmLNMPg@0x000000080403DA80
[LOADER][INFO] LLE redirect: 0x0000700000000440 AEJdIVZTEmo -> AEJdIVZTEmo@0x0000000804063320
[LOADER][INFO] LLE redirect: 0x0000700000000490 1mecP7RgI2A -> 1mecP7RgI2A@0x000000080406ECA0
[LOADER][INFO] LLE redirect: 0x00007000000004D0 0WMHDb5Dt94 -> 0WMHDb5Dt94@0x000000080404C080
[LOADER][INFO] LLE redirect: 0x00007000000004E0 g7zzzLDYGw0 -> g7zzzLDYGw0@0x000000080406E5C0
[LOADER][INFO] LLE redirect: 0x00007000000004F0 MELi-cKqWq0 -> MELi-cKqWq0@0x00000008040169C0
[LOADER][INFO] LLE redirect: 0x0000700000000500 3+UPM-9E6xY -> 3+UPM-9E6xY@0x000000080404C220
[LOADER][INFO] LLE redirect: 0x0000700000000510 rDMyAf1Jhug -> rDMyAf1Jhug@0x000000080404D850
[LOADER][INFO] LLE redirect: 0x0000700000000530 T7uyNqP7vQA -> T7uyNqP7vQA@0x000000080404F940
[LOADER][INFO] LLE redirect: 0x0000700000000540 HUbZmOnT-Dg -> HUbZmOnT-Dg@0x0000000804041CF0
[LOADER][INFO] LLE redirect: 0x00007000000006A0 2X5agFjKxMc -> 2X5agFjKxMc@0x0000000804006040
[LOADER][INFO] LLE redirect: 0x00007000000008E0 pXvbDfchu6k -> pXvbDfchu6k@0x000000080406E700
[LOADER][INFO] LLE redirect: 0x0000700000000980 NU-T4QowTNA -> NU-T4QowTNA@0x0000000804016480
[LOADER][INFO] LLE redirect: 0x00007000000009E0 2vDqwBlpF-o -> 2vDqwBlpF-o@0x000000080405C470
[LOADER][INFO] LLE redirect: 0x0000700000000A00 QZP6I9ZZxpE -> QZP6I9ZZxpE@0x000000080406EBC0
[LOADER][INFO] LLE redirect: 0x0000700000000D50 oVkZ8W8-Q8A -> oVkZ8W8-Q8A@0x000000080406D990
[LOADER][INFO] LLE redirect: 0x0000700000000E80 M4YYbSFfJ8g -> M4YYbSFfJ8g@0x0000000804FB8030
[LOADER][INFO] LLE redirect: 0x0000700000000EB0 35NoyMOtYpE -> 35NoyMOtYpE@0x0000000804FB7FD0
[LOADER][INFO] Setup 4053/4053 import stubs (direct bridge, lle_redirects=2744)
[LOADER][INFO] TLS handler at 0x000000080B820000
[LOADER][INFO] Patched 0 TLS loads, 0 TLS stores, 0 stack-canary accesses, 0 SSE4a EXTRQ blends
[LOADER][INFO] ExecuteEntry starting at 0x000000080A821010
[LOADER][INFO] RSP=0x00007FFFF01FFFD8, RDI=0x0000000000000000
[LOADER][INFO] StackTop: 0x00007FFFF01FFFD8
[LOADER][INFO] Calling guest entry...
[LOADER][INFO] Guest returned: 0
[LOADER][INFO] === Execute END (LastError: null) ===
[RUNTIME] Starting module libfmod.prx: dt_init=0x000000080AA2E010
[DISPATCHER] === DispatchModuleInitializer START ===
[DISPATCHER] moduleInit=0x000000080AA2E010, generation=Gen5, module=libfmod.prx
[DISPATCHER] DispatchEntryCore STARTING...
[LOADER][INFO] === Execute START ===
[LOADER][INFO] EntryPoint: 0x000000080AA2E010, ImportStubs: 4053
[LOADER][INFO] RuntimeSymbols: 95473
[LOADER][INFO] ExportCheck fputs: libc:fputs
[LOADER][INFO] ExportCheck map_direct: libKernel:sceKernelMapDirectMemory
[LOADER][INFO] Setting up 4053 import stubs...
[LOADER][INFO] LLE redirect: 0x0000700000000010 QI-x0SL8jhw -> QI-x0SL8jhw@0x000000080403E3E0
[LOADER][INFO] LLE redirect: 0x0000700000000020 EH-x713A99c -> EH-x713A99c@0x0000000804041130
[LOADER][INFO] LLE redirect: 0x0000700000000030 gQX+4GDQjpM -> gQX+4GDQjpM@0x0000000804006020
[LOADER][INFO] LLE redirect: 0x0000700000000040 Y7aJ1uydPMo -> Y7aJ1uydPMo@0x0000000804006050
[LOADER][INFO] LLE redirect: 0x0000700000000050 tIhsqj0qsFE -> tIhsqj0qsFE@0x0000000804006030
[LOADER][INFO] LLE redirect: 0x0000700000000060 lKEN2IebgJ0 -> lKEN2IebgJ0@0x0000000804054900
[LOADER][INFO] LLE redirect: 0x0000700000000070 zr094EQ39Ww -> zr094EQ39Ww@0x0000000804035940
[LOADER][INFO] LLE redirect: 0x0000700000000080 ZE6RNL+eLbk -> ZE6RNL+eLbk@0x000000080404FE40
[LOADER][INFO] LLE redirect: 0x0000700000000090 weDug8QD-lE -> weDug8QD-lE@0x0000000804040AA0
[LOADER][INFO] LLE redirect: 0x00007000000000A0 GZWjF-YIFFk -> GZWjF-YIFFk@0x0000000804040170
[LOADER][INFO] LLE redirect: 0x00007000000000B0 H8AprKeZtNg -> H8AprKeZtNg@0x0000000804194480
[LOADER][INFO] LLE redirect: 0x00007000000000C0 c+4r-T-tEIc -> c+4r-T-tEIc@0x000000080404C430
[LOADER][INFO] LLE redirect: 0x00007000000000D0 2sWzhYqFH4E -> 2sWzhYqFH4E@0x00000008041942B8
[LOADER][INFO] LLE redirect: 0x00007000000000E0 8zTFvBIAIN8 -> 8zTFvBIAIN8@0x0000000804010360
[LOADER][INFO] LLE redirect: 0x0000700000000170 DfivPArhucg -> DfivPArhucg@0x0000000804032F00
[LOADER][INFO] LLE redirect: 0x0000700000000180 tQIo+GIPklo -> tQIo+GIPklo@0x0000000804016560
[LOADER][INFO] LLE redirect: 0x00007000000001C0 eT2UsmTewbU -> eT2UsmTewbU@0x0000000804016430
[LOADER][INFO] LLE redirect: 0x00007000000001D0 gNQ1V2vfXDE -> gNQ1V2vfXDE@0x00000008040548B0
[LOADER][INFO] LLE redirect: 0x00007000000001E0 Ujf3KzMvRmI -> Ujf3KzMvRmI@0x0000000804006070
[LOADER][INFO] LLE redirect: 0x00007000000001F0 OGybVuPAhAY -> OGybVuPAhAY@0x0000000804006090
[LOADER][INFO] LLE redirect: 0x0000700000000230 ozMAr28BwSY -> ozMAr28BwSY@0x0000000804016640
[LOADER][INFO] LLE redirect: 0x00007000000002B0 1Pk0qZQGeWo -> 1Pk0qZQGeWo@0x000000080405A5D0
[LOADER][INFO] LLE redirect: 0x00007000000002D0 zlfEH8FmyUA -> zlfEH8FmyUA@0x000000080403DEB0
[LOADER][INFO] LLE redirect: 0x00007000000002E0 xEszJVGpybs -> xEszJVGpybs@0x000000080405B3B0
[LOADER][INFO] LLE redirect: 0x00007000000002F0 5TjaJwkLWxE -> 5TjaJwkLWxE@0x0000000804032F40
[LOADER][INFO] LLE redirect: 0x0000700000000300 JBcgYuW8lPU -> JBcgYuW8lPU@0x000000080403E160
[LOADER][INFO] LLE redirect: 0x0000700000000320 YQ0navp+YIc -> YQ0navp+YIc@0x0000000804036360
[LOADER][INFO] LLE redirect: 0x0000700000000330 JrwFIMzKNr0 -> JrwFIMzKNr0@0x0000000804049760
[LOADER][INFO] LLE redirect: 0x0000700000000340 lA94ZgT+vMM -> lA94ZgT+vMM@0x0000000804046E60
[LOADER][INFO] LLE redirect: 0x0000700000000350 wLlFkwG9UcQ -> wLlFkwG9UcQ@0x000000080406EEF0
[LOADER][INFO] LLE redirect: 0x0000700000000430 mXlxhmLNMPg -> mXlxhmLNMPg@0x000000080403DA80
[LOADER][INFO] LLE redirect: 0x0000700000000440 AEJdIVZTEmo -> AEJdIVZTEmo@0x0000000804063320
[LOADER][INFO] LLE redirect: 0x0000700000000490 1mecP7RgI2A -> 1mecP7RgI2A@0x000000080406ECA0
[LOADER][INFO] LLE redirect: 0x00007000000004D0 0WMHDb5Dt94 -> 0WMHDb5Dt94@0x000000080404C080
[LOADER][INFO] LLE redirect: 0x00007000000004E0 g7zzzLDYGw0 -> g7zzzLDYGw0@0x000000080406E5C0
[LOADER][INFO] LLE redirect: 0x00007000000004F0 MELi-cKqWq0 -> MELi-cKqWq0@0x00000008040169C0
[LOADER][INFO] LLE redirect: 0x0000700000000500 3+UPM-9E6xY -> 3+UPM-9E6xY@0x000000080404C220
[LOADER][INFO] LLE redirect: 0x0000700000000510 rDMyAf1Jhug -> rDMyAf1Jhug@0x000000080404D850
[LOADER][INFO] LLE redirect: 0x0000700000000530 T7uyNqP7vQA -> T7uyNqP7vQA@0x000000080404F940
[LOADER][INFO] LLE redirect: 0x0000700000000540 HUbZmOnT-Dg -> HUbZmOnT-Dg@0x0000000804041CF0
[LOADER][INFO] LLE redirect: 0x00007000000006A0 2X5agFjKxMc -> 2X5agFjKxMc@0x0000000804006040
[LOADER][INFO] LLE redirect: 0x00007000000008E0 pXvbDfchu6k -> pXvbDfchu6k@0x000000080406E700
[LOADER][INFO] LLE redirect: 0x0000700000000980 NU-T4QowTNA -> NU-T4QowTNA@0x0000000804016480
[LOADER][INFO] LLE redirect: 0x00007000000009E0 2vDqwBlpF-o -> 2vDqwBlpF-o@0x000000080405C470
[LOADER][INFO] LLE redirect: 0x0000700000000A00 QZP6I9ZZxpE -> QZP6I9ZZxpE@0x000000080406EBC0
[LOADER][INFO] LLE redirect: 0x0000700000000D50 oVkZ8W8-Q8A -> oVkZ8W8-Q8A@0x000000080406D990
[LOADER][INFO] LLE redirect: 0x0000700000000E80 M4YYbSFfJ8g -> M4YYbSFfJ8g@0x0000000804FB8030
[LOADER][INFO] LLE redirect: 0x0000700000000EB0 35NoyMOtYpE -> 35NoyMOtYpE@0x0000000804FB7FD0
[LOADER][INFO] Setup 4053/4053 import stubs (direct bridge, lle_redirects=2744)
[LOADER][INFO] TLS handler at 0x000000080CA20000
[LOADER][INFO] Patched 0 TLS loads, 0 TLS stores, 0 stack-canary accesses, 0 SSE4a EXTRQ blends
[LOADER][INFO] ExecuteEntry starting at 0x000000080AA2E010
[LOADER][INFO] RSP=0x00007FFFF01FFFD8, RDI=0x0000000000000000
[LOADER][INFO] StackTop: 0x00007FFFF01FFFD8
[LOADER][INFO] Calling guest entry...
[LOADER][INFO] Guest returned: 0
[LOADER][INFO] === Execute END (LastError: null) ===
[RUNTIME] Starting module libfmodstudio.prx: dt_init=0x000000080AE16010
[DISPATCHER] === DispatchModuleInitializer START ===
[DISPATCHER] moduleInit=0x000000080AE16010, generation=Gen5, module=libfmodstudio.prx
[DISPATCHER] DispatchEntryCore STARTING...
[LOADER][INFO] === Execute START ===
[LOADER][INFO] EntryPoint: 0x000000080AE16010, ImportStubs: 4053
[LOADER][INFO] RuntimeSymbols: 95473
[LOADER][INFO] ExportCheck fputs: libc:fputs
[LOADER][INFO] ExportCheck map_direct: libKernel:sceKernelMapDirectMemory
[LOADER][INFO] Setting up 4053 import stubs...
[LOADER][INFO] LLE redirect: 0x0000700000000010 QI-x0SL8jhw -> QI-x0SL8jhw@0x000000080403E3E0
[LOADER][INFO] LLE redirect: 0x0000700000000020 EH-x713A99c -> EH-x713A99c@0x0000000804041130
[LOADER][INFO] LLE redirect: 0x0000700000000030 gQX+4GDQjpM -> gQX+4GDQjpM@0x0000000804006020
[LOADER][INFO] LLE redirect: 0x0000700000000040 Y7aJ1uydPMo -> Y7aJ1uydPMo@0x0000000804006050
[LOADER][INFO] LLE redirect: 0x0000700000000050 tIhsqj0qsFE -> tIhsqj0qsFE@0x0000000804006030
[LOADER][INFO] LLE redirect: 0x0000700000000060 lKEN2IebgJ0 -> lKEN2IebgJ0@0x0000000804054900
[LOADER][INFO] LLE redirect: 0x0000700000000070 zr094EQ39Ww -> zr094EQ39Ww@0x0000000804035940
[LOADER][INFO] LLE redirect: 0x0000700000000080 ZE6RNL+eLbk -> ZE6RNL+eLbk@0x000000080404FE40
[LOADER][INFO] LLE redirect: 0x0000700000000090 weDug8QD-lE -> weDug8QD-lE@0x0000000804040AA0
[LOADER][INFO] LLE redirect: 0x00007000000000A0 GZWjF-YIFFk -> GZWjF-YIFFk@0x0000000804040170
[LOADER][INFO] LLE redirect: 0x00007000000000B0 H8AprKeZtNg -> H8AprKeZtNg@0x0000000804194480
[LOADER][INFO] LLE redirect: 0x00007000000000C0 c+4r-T-tEIc -> c+4r-T-tEIc@0x000000080404C430
[LOADER][INFO] LLE redirect: 0x00007000000000D0 2sWzhYqFH4E -> 2sWzhYqFH4E@0x00000008041942B8
[LOADER][INFO] LLE redirect: 0x00007000000000E0 8zTFvBIAIN8 -> 8zTFvBIAIN8@0x0000000804010360
[LOADER][INFO] LLE redirect: 0x0000700000000170 DfivPArhucg -> DfivPArhucg@0x0000000804032F00
[LOADER][INFO] LLE redirect: 0x0000700000000180 tQIo+GIPklo -> tQIo+GIPklo@0x0000000804016560
[LOADER][INFO] LLE redirect: 0x00007000000001C0 eT2UsmTewbU -> eT2UsmTewbU@0x0000000804016430
[LOADER][INFO] LLE redirect: 0x00007000000001D0 gNQ1V2vfXDE -> gNQ1V2vfXDE@0x00000008040548B0
[LOADER][INFO] LLE redirect: 0x00007000000001E0 Ujf3KzMvRmI -> Ujf3KzMvRmI@0x0000000804006070
[LOADER][INFO] LLE redirect: 0x00007000000001F0 OGybVuPAhAY -> OGybVuPAhAY@0x0000000804006090
[LOADER][INFO] LLE redirect: 0x0000700000000230 ozMAr28BwSY -> ozMAr28BwSY@0x0000000804016640
[LOADER][INFO] LLE redirect: 0x00007000000002B0 1Pk0qZQGeWo -> 1Pk0qZQGeWo@0x000000080405A5D0
[LOADER][INFO] LLE redirect: 0x00007000000002D0 zlfEH8FmyUA -> zlfEH8FmyUA@0x000000080403DEB0
[LOADER][INFO] LLE redirect: 0x00007000000002E0 xEszJVGpybs -> xEszJVGpybs@0x000000080405B3B0
[LOADER][INFO] LLE redirect: 0x00007000000002F0 5TjaJwkLWxE -> 5TjaJwkLWxE@0x0000000804032F40
[LOADER][INFO] LLE redirect: 0x0000700000000300 JBcgYuW8lPU -> JBcgYuW8lPU@0x000000080403E160
[LOADER][INFO] LLE redirect: 0x0000700000000320 YQ0navp+YIc -> YQ0navp+YIc@0x0000000804036360
[LOADER][INFO] LLE redirect: 0x0000700000000330 JrwFIMzKNr0 -> JrwFIMzKNr0@0x0000000804049760
[LOADER][INFO] LLE redirect: 0x0000700000000340 lA94ZgT+vMM -> lA94ZgT+vMM@0x0000000804046E60
[LOADER][INFO] LLE redirect: 0x0000700000000350 wLlFkwG9UcQ -> wLlFkwG9UcQ@0x000000080406EEF0
[LOADER][INFO] LLE redirect: 0x0000700000000430 mXlxhmLNMPg -> mXlxhmLNMPg@0x000000080403DA80
[LOADER][INFO] LLE redirect: 0x0000700000000440 AEJdIVZTEmo -> AEJdIVZTEmo@0x0000000804063320
[LOADER][INFO] LLE redirect: 0x0000700000000490 1mecP7RgI2A -> 1mecP7RgI2A@0x000000080406ECA0
[LOADER][INFO] LLE redirect: 0x00007000000004D0 0WMHDb5Dt94 -> 0WMHDb5Dt94@0x000000080404C080
[LOADER][INFO] LLE redirect: 0x00007000000004E0 g7zzzLDYGw0 -> g7zzzLDYGw0@0x000000080406E5C0
[LOADER][INFO] LLE redirect: 0x00007000000004F0 MELi-cKqWq0 -> MELi-cKqWq0@0x00000008040169C0
[LOADER][INFO] LLE redirect: 0x0000700000000500 3+UPM-9E6xY -> 3+UPM-9E6xY@0x000000080404C220
[LOADER][INFO] LLE redirect: 0x0000700000000510 rDMyAf1Jhug -> rDMyAf1Jhug@0x000000080404D850
[LOADER][INFO] LLE redirect: 0x0000700000000530 T7uyNqP7vQA -> T7uyNqP7vQA@0x000000080404F940
[LOADER][INFO] LLE redirect: 0x0000700000000540 HUbZmOnT-Dg -> HUbZmOnT-Dg@0x0000000804041CF0
[LOADER][INFO] LLE redirect: 0x00007000000006A0 2X5agFjKxMc -> 2X5agFjKxMc@0x0000000804006040
[LOADER][INFO] LLE redirect: 0x00007000000008E0 pXvbDfchu6k -> pXvbDfchu6k@0x000000080406E700
[LOADER][INFO] LLE redirect: 0x0000700000000980 NU-T4QowTNA -> NU-T4QowTNA@0x0000000804016480
[LOADER][INFO] LLE redirect: 0x00007000000009E0 2vDqwBlpF-o -> 2vDqwBlpF-o@0x000000080405C470
[LOADER][INFO] LLE redirect: 0x0000700000000A00 QZP6I9ZZxpE -> QZP6I9ZZxpE@0x000000080406EBC0
[LOADER][INFO] LLE redirect: 0x0000700000000D50 oVkZ8W8-Q8A -> oVkZ8W8-Q8A@0x000000080406D990
[LOADER][INFO] LLE redirect: 0x0000700000000E80 M4YYbSFfJ8g -> M4YYbSFfJ8g@0x0000000804FB8030
[LOADER][INFO] LLE redirect: 0x0000700000000EB0 35NoyMOtYpE -> 35NoyMOtYpE@0x0000000804FB7FD0
[LOADER][INFO] Setup 4053/4053 import stubs (direct bridge, lle_redirects=2744)
[LOADER][INFO] TLS handler at 0x000000080BE10000
[LOADER][INFO] Patched 0 TLS loads, 0 TLS stores, 0 stack-canary accesses, 0 SSE4a EXTRQ blends
[LOADER][INFO] ExecuteEntry starting at 0x000000080AE16010
[LOADER][INFO] RSP=0x00007FFFF01FFFD8, RDI=0x0000000000000000
[LOADER][INFO] StackTop: 0x00007FFFF01FFFD8
[LOADER][INFO] Calling guest entry...
[LOADER][INFO] Guest returned: 0
[LOADER][INFO] === Execute END (LastError: null) ===
[RUNTIME] Dispatching, gen: Gen5
[RUNTIME] About to call DispatchEntry with entryPoint=0x0000000800000070
[DISPATCHER] === DispatchEntry START ===
[DISPATCHER] entryPoint=0x0000000800000070, generation=Gen5
[DISPATCHER] DispatchEntryCore STARTING...
[LOADER][INFO] === Execute START ===
[LOADER][INFO] EntryPoint: 0x0000000800000070, ImportStubs: 4053
[LOADER][INFO] RuntimeSymbols: 95473
[LOADER][INFO] ExportCheck fputs: libc:fputs
[LOADER][INFO] ExportCheck map_direct: libKernel:sceKernelMapDirectMemory
[LOADER][INFO] Setting up 4053 import stubs...
[LOADER][INFO] LLE redirect: 0x0000700000000010 QI-x0SL8jhw -> QI-x0SL8jhw@0x000000080403E3E0
[LOADER][INFO] LLE redirect: 0x0000700000000020 EH-x713A99c -> EH-x713A99c@0x0000000804041130
[LOADER][INFO] LLE redirect: 0x0000700000000030 gQX+4GDQjpM -> gQX+4GDQjpM@0x0000000804006020
[LOADER][INFO] LLE redirect: 0x0000700000000040 Y7aJ1uydPMo -> Y7aJ1uydPMo@0x0000000804006050
[LOADER][INFO] LLE redirect: 0x0000700000000050 tIhsqj0qsFE -> tIhsqj0qsFE@0x0000000804006030
[LOADER][INFO] LLE redirect: 0x0000700000000060 lKEN2IebgJ0 -> lKEN2IebgJ0@0x0000000804054900
[LOADER][INFO] LLE redirect: 0x0000700000000070 zr094EQ39Ww -> zr094EQ39Ww@0x0000000804035940
[LOADER][INFO] LLE redirect: 0x0000700000000080 ZE6RNL+eLbk -> ZE6RNL+eLbk@0x000000080404FE40
[LOADER][INFO] LLE redirect: 0x0000700000000090 weDug8QD-lE -> weDug8QD-lE@0x0000000804040AA0
[LOADER][INFO] LLE redirect: 0x00007000000000A0 GZWjF-YIFFk -> GZWjF-YIFFk@0x0000000804040170
[LOADER][INFO] LLE redirect: 0x00007000000000B0 H8AprKeZtNg -> H8AprKeZtNg@0x0000000804194480
[LOADER][INFO] LLE redirect: 0x00007000000000C0 c+4r-T-tEIc -> c+4r-T-tEIc@0x000000080404C430
[LOADER][INFO] LLE redirect: 0x00007000000000D0 2sWzhYqFH4E -> 2sWzhYqFH4E@0x00000008041942B8
[LOADER][INFO] LLE redirect: 0x00007000000000E0 8zTFvBIAIN8 -> 8zTFvBIAIN8@0x0000000804010360
[LOADER][INFO] LLE redirect: 0x0000700000000170 DfivPArhucg -> DfivPArhucg@0x0000000804032F00
[LOADER][INFO] LLE redirect: 0x0000700000000180 tQIo+GIPklo -> tQIo+GIPklo@0x0000000804016560
[LOADER][INFO] LLE redirect: 0x00007000000001C0 eT2UsmTewbU -> eT2UsmTewbU@0x0000000804016430
[LOADER][INFO] LLE redirect: 0x00007000000001D0 gNQ1V2vfXDE -> gNQ1V2vfXDE@0x00000008040548B0
[LOADER][INFO] LLE redirect: 0x00007000000001E0 Ujf3KzMvRmI -> Ujf3KzMvRmI@0x0000000804006070
[LOADER][INFO] LLE redirect: 0x00007000000001F0 OGybVuPAhAY -> OGybVuPAhAY@0x0000000804006090
[LOADER][INFO] LLE redirect: 0x0000700000000230 ozMAr28BwSY -> ozMAr28BwSY@0x0000000804016640
[LOADER][INFO] LLE redirect: 0x00007000000002B0 1Pk0qZQGeWo -> 1Pk0qZQGeWo@0x000000080405A5D0
[LOADER][INFO] LLE redirect: 0x00007000000002D0 zlfEH8FmyUA -> zlfEH8FmyUA@0x000000080403DEB0
[LOADER][INFO] LLE redirect: 0x00007000000002E0 xEszJVGpybs -> xEszJVGpybs@0x000000080405B3B0
[LOADER][INFO] LLE redirect: 0x00007000000002F0 5TjaJwkLWxE -> 5TjaJwkLWxE@0x0000000804032F40
[LOADER][INFO] LLE redirect: 0x0000700000000300 JBcgYuW8lPU -> JBcgYuW8lPU@0x000000080403E160
[LOADER][INFO] LLE redirect: 0x0000700000000320 YQ0navp+YIc -> YQ0navp+YIc@0x0000000804036360
[LOADER][INFO] LLE redirect: 0x0000700000000330 JrwFIMzKNr0 -> JrwFIMzKNr0@0x0000000804049760
[LOADER][INFO] LLE redirect: 0x0000700000000340 lA94ZgT+vMM -> lA94ZgT+vMM@0x0000000804046E60
[LOADER][INFO] LLE redirect: 0x0000700000000350 wLlFkwG9UcQ -> wLlFkwG9UcQ@0x000000080406EEF0
[LOADER][INFO] LLE redirect: 0x0000700000000430 mXlxhmLNMPg -> mXlxhmLNMPg@0x000000080403DA80
[LOADER][INFO] LLE redirect: 0x0000700000000440 AEJdIVZTEmo -> AEJdIVZTEmo@0x0000000804063320
[LOADER][INFO] LLE redirect: 0x0000700000000490 1mecP7RgI2A -> 1mecP7RgI2A@0x000000080406ECA0
[LOADER][INFO] LLE redirect: 0x00007000000004D0 0WMHDb5Dt94 -> 0WMHDb5Dt94@0x000000080404C080
[LOADER][INFO] LLE redirect: 0x00007000000004E0 g7zzzLDYGw0 -> g7zzzLDYGw0@0x000000080406E5C0
[LOADER][INFO] LLE redirect: 0x00007000000004F0 MELi-cKqWq0 -> MELi-cKqWq0@0x00000008040169C0
[LOADER][INFO] LLE redirect: 0x0000700000000500 3+UPM-9E6xY -> 3+UPM-9E6xY@0x000000080404C220
[LOADER][INFO] LLE redirect: 0x0000700000000510 rDMyAf1Jhug -> rDMyAf1Jhug@0x000000080404D850
[LOADER][INFO] LLE redirect: 0x0000700000000530 T7uyNqP7vQA -> T7uyNqP7vQA@0x000000080404F940
[LOADER][INFO] LLE redirect: 0x0000700000000540 HUbZmOnT-Dg -> HUbZmOnT-Dg@0x0000000804041CF0
[LOADER][INFO] LLE redirect: 0x00007000000006A0 2X5agFjKxMc -> 2X5agFjKxMc@0x0000000804006040
[LOADER][INFO] LLE redirect: 0x00007000000008E0 pXvbDfchu6k -> pXvbDfchu6k@0x000000080406E700
[LOADER][INFO] LLE redirect: 0x0000700000000980 NU-T4QowTNA -> NU-T4QowTNA@0x0000000804016480
[LOADER][INFO] LLE redirect: 0x00007000000009E0 2vDqwBlpF-o -> 2vDqwBlpF-o@0x000000080405C470
[LOADER][INFO] LLE redirect: 0x0000700000000A00 QZP6I9ZZxpE -> QZP6I9ZZxpE@0x000000080406EBC0
[LOADER][INFO] LLE redirect: 0x0000700000000D50 oVkZ8W8-Q8A -> oVkZ8W8-Q8A@0x000000080406D990
[LOADER][INFO] LLE redirect: 0x0000700000000E80 M4YYbSFfJ8g -> M4YYbSFfJ8g@0x0000000804FB8030
[LOADER][INFO] LLE redirect: 0x0000700000000EB0 35NoyMOtYpE -> 35NoyMOtYpE@0x0000000804FB7FD0
[LOADER][INFO] Setup 4053/4053 import stubs (direct bridge, lle_redirects=2744)
[LOADER][INFO] TLS handler at 0x00000007FF000000
[LOADER][INFO] Patched 0 TLS loads, 0 TLS stores, 0 stack-canary accesses, 0 SSE4a EXTRQ blends
[LOADER][INFO] ExecuteEntry starting at 0x0000000800000070
[LOADER][INFO] RSP=0x00007FFFF01FFF98, RDI=0x00007FFFF01FFFA0
[LOADER][INFO] StackTop: 0x00007FFFF01FFF98
[LOADER][INFO] Calling guest entry...
[LOADER][TRACE] bzQExy189ZI#868: rdi=0x00007FFFF01FFFA0 rsi=0x00007FFDD0000000 rdx=0x0000000000000000 ret=0x0000000800000089
[LOADER][TRACE] 8G2LB+A3rzg#869: rdi=0x00007FFDD0000000 rsi=0x00007FFDD0000000 rdx=0x0000000000000000 ret=0x0000000800000091
[LOADER][TRACE] 8G2LB+A3rzg#870: rdi=0x000000080189BA40 rsi=0x00007FFDD0000000 rdx=0x0000000000000000 ret=0x000000080000009D
[LOADER][TRACE] ImportCtx#1020: nid=tsvEmnenz48 ret=0x0000000800000064 rdi=0x0000000800B43280 rsi=0x0000000801EBC408 rdx=0x0000000801DF4000 rcx=0x0000000801EBC408
[LOADER][TRACE] ImportNV#1020: rbx=0x0000000801C67A98 rbp=0x00007FFFF01FFF50 r12=0x000000161CF7E790 r13=0x000000161CF7E910 r14=0x0000000000000001 r15=0x00007FFFF01FFFA8
[LOADER][TRACE] ImportStackHead#1020: rsp=0x00007FFFF01FFF38 [0]=0x0000000800000064 [20]=0x00000008000000A2 [40]=0x000000161CF7E958
[LOADER][TRACE] ImportStack#1020: rsp=0x00007FFFF01FFF38 [0]=0x0000000800000064 [8]=0x00007FFDD0000000 [10]=0x0000000000000001 [18]=0x00007FFFF01FFF80 [20]=0x00000008000000A2 [28]=0x0000000800000070 [30]=0x000000161CF7E840 [38]=0x000000161CF7E920 [40]=0x000000161CF7E958
[LOADER][TRACE] ImportRet#1020: nid=tsvEmnenz48 result=ORBIS_GEN2_OK rax=0x0000000000000000
[LOADER][TRACE] ImportCtx#1023: nid=tsvEmnenz48 ret=0x000000080099FF63 rdi=0x00000008007B0820 rsi=0x0000000801EBC580 rdx=0x0000000801DF4000 rcx=0x0000000000000001
[LOADER][TRACE] ImportNV#1023: rbx=0x0000000801EBC580 rbp=0x00007FFFF01FFF30 r12=0x000000161CF7E790 r13=0x000000161CF7E910 r14=0x0000000000000001 r15=0x00007FFFF01FFFA8
[LOADER][TRACE] ImportStackHead#1023: rsp=0x00007FFFF01FFF18 [0]=0x000000080099FF63 [20]=0x0000000800000064 [40]=0x00000008000000A2
[LOADER][TRACE] ImportStack#1023: rsp=0x00007FFFF01FFF18 [0]=0x000000080099FF63 [8]=0x0000000801EBC408 [10]=0x0000000801C67A90 [18]=0x00007FFFF01FFF50 [20]=0x0000000800000064 [28]=0x00007FFDD0000000 [30]=0x0000000000000001 [38]=0x00007FFFF01FFF80 [40]=0x00000008000000A2
[LOADER][TRACE] ImportRet#1023: nid=tsvEmnenz48 result=ORBIS_GEN2_OK rax=0x0000000000000000
[LOADER][TRACE] ImportCtx#1024: nid=tsvEmnenz48 ret=0x000000080099FFF9 rdi=0x0000000800B43280 rsi=0x0000000801EBC690 rdx=0x0000000801DF4000 rcx=0x0000000801EBC690
[LOADER][TRACE] ImportNV#1024: rbx=0x0000000801EBC580 rbp=0x00007FFFF01FFF30 r12=0x000000161CF7E790 r13=0x000000161CF7E910 r14=0x0000000000000001 r15=0x00007FFFF01FFFA8
[LOADER][TRACE] ImportStackHead#1024: rsp=0x00007FFFF01FFF18 [0]=0x000000080099FFF9 [20]=0x0000000800000064 [40]=0x00000008000000A2
[LOADER][TRACE] ImportStack#1024: rsp=0x00007FFFF01FFF18 [0]=0x000000080099FFF9 [8]=0x0000000801EBC408 [10]=0x0000000801C67A90 [18]=0x00007FFFF01FFF50 [20]=0x0000000800000064 [28]=0x00007FFDD0000000 [30]=0x0000000000000001 [38]=0x00007FFFF01FFF80 [40]=0x00000008000000A2
[LOADER][TRACE] ImportRet#1024: nid=tsvEmnenz48 result=ORBIS_GEN2_OK rax=0x0000000000000000
[LOADER][TRACE] ImportCtx#1025: nid=tsvEmnenz48 ret=0x00000008009A70C3 rdi=0x000000080047A620 rsi=0x0000000801EBC790 rdx=0x0000000801DF4000 rcx=0x0000000801EBC690
[LOADER][TRACE] ImportNV#1025: rbx=0x000000080047A620 rbp=0x00007FFFF01FFF30 r12=0x000000161CF7E790 r13=0x000000161CF7E910 r14=0x0000000801DF4000 r15=0x00007FFFF01FFFA8
[LOADER][TRACE] ImportStackHead#1025: rsp=0x00007FFFF01FFF18 [0]=0x00000008009A70C3 [20]=0x0000000800000064 [40]=0x00000008000000A2
[LOADER][TRACE] ImportStack#1025: rsp=0x00007FFFF01FFF18 [0]=0x00000008009A70C3 [8]=0x0000000801C67A88 [10]=0x0000000000000001 [18]=0x00007FFFF01FFF50 [20]=0x0000000800000064 [28]=0x00007FFDD0000000 [30]=0x0000000000000001 [38]=0x00007FFFF01FFF80 [40]=0x00000008000000A2
[LOADER][TRACE] ImportRet#1025: nid=tsvEmnenz48 result=ORBIS_GEN2_OK rax=0x0000000000000000
[LOADER][TRACE] ImportCtx#1026: nid=tsvEmnenz48 ret=0x00000008009A7100 rdi=0x000000080047A620 rsi=0x0000000801EBC7B0 rdx=0x0000000801DF4000 rcx=0x0000000801EBC690
[LOADER][TRACE] ImportNV#1026: rbx=0x000000080047A620 rbp=0x00007FFFF01FFF30 r12=0x000000161CF7E790 r13=0x000000161CF7E910 r14=0x0000000801DF4000 r15=0x00007FFFF01FFFA8
[LOADER][TRACE] ImportStackHead#1026: rsp=0x00007FFFF01FFF18 [0]=0x00000008009A7100 [20]=0x0000000800000064 [40]=0x00000008000000A2
[LOADER][TRACE] ImportStack#1026: rsp=0x00007FFFF01FFF18 [0]=0x00000008009A7100 [8]=0x0000000801C67A88 [10]=0x0000000000000001 [18]=0x00007FFFF01FFF50 [20]=0x0000000800000064 [28]=0x00007FFDD0000000 [30]=0x0000000000000001 [38]=0x00007FFFF01FFF80 [40]=0x00000008000000A2
[LOADER][TRACE] ImportRet#1026: nid=tsvEmnenz48 result=ORBIS_GEN2_OK rax=0x0000000000000000
[LOADER][TRACE] ImportCtx#1027: nid=tsvEmnenz48 ret=0x00000008009A713D rdi=0x000000080047A620 rsi=0x0000000801EBC7D0 rdx=0x0000000801DF4000 rcx=0x0000000801EBC690
[LOADER][TRACE] ImportNV#1027: rbx=0x000000080047A620 rbp=0x00007FFFF01FFF30 r12=0x000000161CF7E790 r13=0x000000161CF7E910 r14=0x0000000801DF4000 r15=0x00007FFFF01FFFA8
[LOADER][TRACE] ImportStackHead#1027: rsp=0x00007FFFF01FFF18 [0]=0x00000008009A713D [20]=0x0000000800000064 [40]=0x00000008000000A2
[LOADER][TRACE] ImportStack#1027: rsp=0x00007FFFF01FFF18 [0]=0x00000008009A713D [8]=0x0000000801C67A88 [10]=0x0000000000000001 [18]=0x00007FFFF01FFF50 [20]=0x0000000800000064 [28]=0x00007FFDD0000000 [30]=0x0000000000000001 [38]=0x00007FFFF01FFF80 [40]=0x00000008000000A2
[LOADER][TRACE] ImportRet#1027: nid=tsvEmnenz48 result=ORBIS_GEN2_OK rax=0x0000000000000000
[LOADER][TRACE] ImportCtx#1028: nid=tsvEmnenz48 ret=0x0000000800000064 rdi=0x0000000800B43280 rsi=0x0000000801EBC840 rdx=0x0000000801DF4000 rcx=0x0000000801EBC840
[LOADER][TRACE] ImportNV#1028: rbx=0x0000000801C67A88 rbp=0x00007FFFF01FFF50 r12=0x000000161CF7E790 r13=0x000000161CF7E910 r14=0x0000000000000001 r15=0x00007FFFF01FFFA8
[LOADER][TRACE] ImportStackHead#1028: rsp=0x00007FFFF01FFF38 [0]=0x0000000800000064 [20]=0x00000008000000A2 [40]=0x000000161CF7E958
[LOADER][TRACE] ImportStack#1028: rsp=0x00007FFFF01FFF38 [0]=0x0000000800000064 [8]=0x00007FFDD0000000 [10]=0x0000000000000001 [18]=0x00007FFFF01FFF80 [20]=0x00000008000000A2 [28]=0x0000000800000070 [30]=0x000000161CF7E840 [38]=0x000000161CF7E920 [40]=0x000000161CF7E958
[LOADER][TRACE] ImportRet#1028: nid=tsvEmnenz48 result=ORBIS_GEN2_OK rax=0x0000000000000000
[LOADER][TRACE] ImportCtx#1031: nid=tsvEmnenz48 ret=0x0000000800000064 rdi=0x00000008007B0820 rsi=0x0000000801EBC980 rdx=0x0000000801DF4000 rcx=0x0000000000000018
[LOADER][TRACE] ImportNV#1031: rbx=0x0000000801C67A80 rbp=0x00007FFFF01FFF50 r12=0x000000161CF7E790 r13=0x000000161CF7E910 r14=0x0000000000000001 r15=0x00007FFFF01FFFA8
[LOADER][TRACE] ImportStackHead#1031: rsp=0x00007FFFF01FFF38 [0]=0x0000000800000064 [20]=0x00000008000000A2 [40]=0x000000161CF7E958
[LOADER][TRACE] ImportStack#1031: rsp=0x00007FFFF01FFF38 [0]=0x0000000800000064 [8]=0x00007FFDD0000000 [10]=0x0000000000000001 [18]=0x00007FFFF01FFF80 [20]=0x00000008000000A2 [28]=0x0000000800000070 [30]=0x000000161CF7E840 [38]=0x000000161CF7E920 [40]=0x000000161CF7E958
[LOADER][TRACE] ImportRet#1031: nid=tsvEmnenz48 result=ORBIS_GEN2_OK rax=0x0000000000000000
[LOADER][TRACE] ImportCtx#1032: nid=tsvEmnenz48 ret=0x00000008009B05C3 rdi=0x00000008007E4590 rsi=0x0000000801EDEF20 rdx=0x0000000801DF4000 rcx=0x0000000801A905AF
[LOADER][TRACE] ImportNV#1032: rbx=0x00000008007D8D70 rbp=0x00007FFFF01FFF30 r12=0x000000161CF7E790 r13=0x000000161CF7E910 r14=0xFFFFFFFF00000000 r15=0x00007FFFF01FFFA8
[LOADER][TRACE] ImportStackHead#1032: rsp=0x00007FFFF01FFF18 [0]=0x00000008009B05C3 [20]=0x0000000800000064 [40]=0x00000008000000A2
[LOADER][TRACE] ImportStack#1032: rsp=0x00007FFFF01FFF18 [0]=0x00000008009B05C3 [8]=0x0000000801C67A78 [10]=0x0000000000000001 [18]=0x00007FFFF01FFF50 [20]=0x0000000800000064 [28]=0x00007FFDD0000000 [30]=0x0000000000000001 [38]=0x00007FFFF01FFF80 [40]=0x00000008000000A2
[LOADER][TRACE] ImportRet#1032: nid=tsvEmnenz48 result=ORBIS_GEN2_OK rax=0x0000000000000000
[LOADER][TRACE] ImportCtx#1033: nid=tsvEmnenz48 ret=0x0000000800000064 rdi=0x00000008007E4590 rsi=0x0000000801EDF250 rdx=0x0000000801DF4000 rcx=0x0000000801E14738
[LOADER][TRACE] ImportNV#1033: rbx=0x0000000801C67A78 rbp=0x00007FFFF01FFF50 r12=0x000000161CF7E790 r13=0x000000161CF7E910 r14=0x0000000000000001 r15=0x00007FFFF01FFFA8
[LOADER][TRACE] ImportStackHead#1033: rsp=0x00007FFFF01FFF38 [0]=0x0000000800000064 [20]=0x00000008000000A2 [40]=0x000000161CF7E958
[LOADER][TRACE] ImportStack#1033: rsp=0x00007FFFF01FFF38 [0]=0x0000000800000064 [8]=0x00007FFDD0000000 [10]=0x0000000000000001 [18]=0x00007FFFF01FFF80 [20]=0x00000008000000A2 [28]=0x0000000800000070 [30]=0x000000161CF7E840 [38]=0x000000161CF7E920 [40]=0x000000161CF7E958
[LOADER][TRACE] ImportRet#1033: nid=tsvEmnenz48 result=ORBIS_GEN2_OK rax=0x0000000000000000
[LOADER][TRACE] ImportCtx#1034: nid=tsvEmnenz48 ret=0x00000008009B71B4 rdi=0x0000000800B43280 rsi=0x0000000801EBCC98 rdx=0x0000000801DF4000 rcx=0x0000000801EBCC98
[LOADER][TRACE] ImportNV#1034: rbx=0x0000000801C67A70 rbp=0x00007FFFF01FFF30 r12=0x000000161CF7E790 r13=0x000000161CF7E910 r14=0x0000000000000001 r15=0x00007FFFF01FFFA8
[LOADER][TRACE] ImportStackHead#1034: rsp=0x00007FFFF01FFF18 [0]=0x00000008009B71B4 [20]=0x0000000800000064 [40]=0x00000008000000A2
[LOADER][TRACE] ImportStack#1034: rsp=0x00007FFFF01FFF18 [0]=0x00000008009B71B4 [8]=0x0000000801C67A70 [10]=0x0000000000000001 [18]=0x00007FFFF01FFF50 [20]=0x0000000800000064 [28]=0x00007FFDD0000000 [30]=0x0000000000000001 [38]=0x00007FFFF01FFF80 [40]=0x00000008000000A2
[LOADER][TRACE] ImportRet#1034: nid=tsvEmnenz48 result=ORBIS_GEN2_OK rax=0x0000000000000000
[LOADER][TRACE] ImportCtx#1035: nid=tsvEmnenz48 ret=0x00000008009B7263 rdi=0x0000000800044F50 rsi=0x0000000801EBCCD0 rdx=0x0000000801DF4000 rcx=0x0000000000000001
[LOADER][TRACE] ImportNV#1035: rbx=0x0000000801EBCCD0 rbp=0x00007FFFF01FFF30 r12=0x000000161CF7E790 r13=0x000000161CF7E910 r14=0x0000000801DF4000 r15=0x00007FFFF01FFFA8
[LOADER][TRACE] ImportStackHead#1035: rsp=0x00007FFFF01FFF18 [0]=0x00000008009B7263 [20]=0x0000000800000064 [40]=0x00000008000000A2
[LOADER][TRACE] ImportStack#1035: rsp=0x00007FFFF01FFF18 [0]=0x00000008009B7263 [8]=0x0000000801C67A70 [10]=0x0000000000000001 [18]=0x00007FFFF01FFF50 [20]=0x0000000800000064 [28]=0x00007FFDD0000000 [30]=0x0000000000000001 [38]=0x00007FFFF01FFF80 [40]=0x00000008000000A2
[LOADER][TRACE] ImportRet#1035: nid=tsvEmnenz48 result=ORBIS_GEN2_OK rax=0x0000000000000000
[LOADER][TRACE] ImportCtx#1036: nid=tsvEmnenz48 ret=0x00000008009B72B7 rdi=0x000000080095FBD0 rsi=0x0000000801EBCD20 rdx=0x0000000801DF4000 rcx=0x0000000000000001
[LOADER][TRACE] ImportNV#1036: rbx=0x0000000801EBCCD0 rbp=0x00007FFFF01FFF30 r12=0x000000161CF7E790 r13=0x000000161CF7E910 r14=0x0000000801DF4000 r15=0x00007FFFF01FFFA8
[LOADER][TRACE] ImportStackHead#1036: rsp=0x00007FFFF01FFF18 [0]=0x00000008009B72B7 [20]=0x0000000800000064 [40]=0x00000008000000A2
[LOADER][TRACE] ImportStack#1036: rsp=0x00007FFFF01FFF18 [0]=0x00000008009B72B7 [8]=0x0000000801C67A70 [10]=0x0000000000000001 [18]=0x00007FFFF01FFF50 [20]=0x0000000800000064 [28]=0x00007FFDD0000000 [30]=0x0000000000000001 [38]=0x00007FFFF01FFF80 [40]=0x00000008000000A2
[LOADER][TRACE] ImportRet#1036: nid=tsvEmnenz48 result=ORBIS_GEN2_OK rax=0x0000000000000000
[LOADER][TRACE] ImportCtx#1037: nid=tsvEmnenz48 ret=0x00000008009CF938 rdi=0x00000008007E4590 rsi=0x0000000801EBCD90 rdx=0x0000000801DF4000 rcx=0x0000000801A57C10
[LOADER][TRACE] ImportNV#1037: rbx=0x0000000801C67A68 rbp=0x00007FFFF01FFF30 r12=0x000000161CF7E790 r13=0x000000161CF7E910 r14=0x0000000000000001 r15=0x00007FFFF01FFFA8
[LOADER][TRACE] ImportStackHead#1037: rsp=0x00007FFFF01FFF28 [0]=0x00000008009CF938 [20]=0x0000000000000001 [40]=0x000000161CF7E840
[LOADER][TRACE] ImportStack#1037: rsp=0x00007FFFF01FFF28 [0]=0x00000008009CF938 [8]=0x00007FFFF01FFF50 [10]=0x0000000800000064 [18]=0x00007FFDD0000000 [20]=0x0000000000000001 [28]=0x00007FFFF01FFF80 [30]=0x00000008000000A2 [38]=0x0000000800000070 [40]=0x000000161CF7E840
[LOADER][TRACE] ImportRet#1037: nid=tsvEmnenz48 result=ORBIS_GEN2_OK rax=0x0000000000000000
[LOADER][TRACE] ImportCtx#1038: nid=tsvEmnenz48 ret=0x00000008009D9CCF rdi=0x00000008007CA820 rsi=0x0000000801EBCFC8 rdx=0x0000000801DF4000 rcx=0x0000000801EB4A70
[LOADER][TRACE] ImportNV#1038: rbx=0x0000000801C67A60 rbp=0x00007FFFF01FFF30 r12=0x000000161CF7E790 r13=0x000000161CF7E910 r14=0x0000000000000001 r15=0x00007FFFF01FFFA8
[LOADER][TRACE] ImportStackHead#1038: rsp=0x00007FFFF01FFF28 [0]=0x00000008009D9CCF [20]=0x0000000000000001 [40]=0x000000161CF7E840
[LOADER][TRACE] ImportStack#1038: rsp=0x00007FFFF01FFF28 [0]=0x00000008009D9CCF [8]=0x00007FFFF01FFF50 [10]=0x0000000800000064 [18]=0x00007FFDD0000000 [20]=0x0000000000000001 [28]=0x00007FFFF01FFF80 [30]=0x00000008000000A2 [38]=0x0000000800000070 [40]=0x000000161CF7E840
[LOADER][TRACE] ImportRet#1038: nid=tsvEmnenz48 result=ORBIS_GEN2_OK rax=0x0000000000000000
[LOADER][WARN] Import#2288 result: ORBIS_GEN2_ERROR_NOT_FOUND (rVjRvHJ0X6c) rdi=0x0000000600100000 rsi=0x0000000000000001 rdx=0x00007FFFF01FFEB8 rcx=0x0000000000000048 ret=0x0000000801373692
[LOADER][WARN] Import#2291 result: ORBIS_GEN2_ERROR_DELETED (BHouLQzh0X0) rdi=0x0000000010000000 rsi=0x0000000000000001 rdx=0x00007FFFF01FFEB8 rcx=0x0000000000000018 ret=0x00000008013736F8
[LOADER][WARN] Import#4116 result: -1 (wuCroIGjt2g) rdi=0x0000000801B193AA rsi=0x0000000000000000 rdx=0x0000000000000002 rcx=0xC0DEC0DECAFEBA00 ret=0x0000000800A3E5F1
[LOADER][WARN] Import#4117 result: -1 (wuCroIGjt2g) rdi=0x0000000801B40813 rsi=0x0000000000000004 rdx=0x0000000000000002 rcx=0xC0DEC0DECAFEBA00 ret=0x0000000800A3E60B
[LOADER][WARN] Import#5047 result: -1 (wuCroIGjt2g) rdi=0x0000000801B193AA rsi=0x0000000000000000 rdx=0x0000000000000033 rcx=0xC0DEC0DECAFEBA00 ret=0x0000000800A3E5F1
[LOADER][WARN] Import#5048 result: -1 (wuCroIGjt2g) rdi=0x0000000801B40813 rsi=0x0000000000000004 rdx=0x0000000000000033 rcx=0xC0DEC0DECAFEBA00 ret=0x0000000800A3E60B
[LOADER][INFO] Scheduled guest thread 'AssetGarbageCollectorHelper' handle=0x00000211CDA6EA70 entry=0x0000000800B68880 arg=0x00000006006CF730 priority=700 host_priority=Normal affinity=0x7F
[LOADER][INFO] Scheduled guest thread 'AssetGarbageCollectorHelper' handle=0x00000211CDA6BA40 entry=0x0000000800B68880 arg=0x00000006006CF880 priority=700 host_priority=Normal affinity=0x7F
[LOADER][INFO] Scheduled guest thread 'AssetGarbageCollectorHelper' handle=0x00000211CDA6CA50 entry=0x0000000800B68880 arg=0x00000006006CF9D0 priority=700 host_priority=Normal affinity=0x7F
[LOADER][INFO] Scheduled guest thread 'AssetGarbageCollectorHelper' handle=0x00000211CDA71AA0 entry=0x0000000800B68880 arg=0x00000006006CFB20 priority=700 host_priority=Normal affinity=0x7F
[LOADER][INFO] Scheduled guest thread 'AssetGarbageCollectorHelper' handle=0x00000211CDA70A90 entry=0x0000000800B68880 arg=0x00000006006CFC70 priority=700 host_priority=Normal affinity=0x7F
[LOADER][INFO] Scheduled guest thread 'AssetGarbageCollectorHelper' handle=0x00000211CDA75AE0 entry=0x0000000800B68880 arg=0x00000006006CFDC0 priority=700 host_priority=Normal affinity=0x7F
[LOADER][INFO] Scheduled guest thread 'AssetGarbageCollectorHelper' handle=0x00000211CDA73AC0 entry=0x0000000800B68880 arg=0x00000006006CFF10 priority=700 host_priority=Normal affinity=0x7F
[LOADER][INFO] Scheduled guest thread 'AssetGarbageCollectorHelper' handle=0x00000211CDA72AB0 entry=0x0000000800B68880 arg=0x00000006006D0060 priority=700 host_priority=Normal affinity=0x7F
[LOADER][INFO] Scheduled guest thread 'AssetGarbageCollectorHelper' handle=0x00000211CDA76AF0 entry=0x0000000800B68880 arg=0x00000006006D01B0 priority=700 host_priority=Normal affinity=0x7F
[LOADER][INFO] Scheduled guest thread 'AssetGarbageCollectorHelper' handle=0x00000211CDA74AD0 entry=0x0000000800B68880 arg=0x00000006006D0300 priority=700 host_priority=Normal affinity=0x7F
[LOADER][INFO] Scheduled guest thread 'AssetGarbageCollectorHelper' handle=0x00000211CDA77B00 entry=0x0000000800B68880 arg=0x00000006006D0450 priority=700 host_priority=Normal affinity=0x7F
[LOADER][INFO] Scheduled guest thread 'AssetGarbageCollectorHelper' handle=0x00000211CDA78B10 entry=0x0000000800B68880 arg=0x00000006006D05A0 priority=700 host_priority=Normal affinity=0x7F
[LOADER][INFO] Scheduled guest thread 'AssetGarbageCollectorHelper' handle=0x00000211CCBDA080 entry=0x0000000800B68880 arg=0x00000006006D06F0 priority=700 host_priority=Normal affinity=0x7F
[LOADER][INFO] Keyboard controls: Arrow keys = D-pad, WASD = left stick, IJKL = right stick, Z/Enter = Cross, X/Esc = Circle, C = Square, V = Triangle, Q = L1, E = R1, R = L2, F = R2, Tab/Backspace = Options. A DualSense or Xbox controller will be used automatically when plugged in.
[LOADER][WARN] Import#9037 result: -2137915385 (xk0AcarP3V4) rdi=0x0000000010000000 rsi=0x0000000000000002 rdx=0x0000000000000000 rcx=0x0000000000000000 ret=0x000000080138E1DF
[LOADER][WARN] Import#9144 result: ORBIS_GEN2_ERROR_NOT_FOUND (1-LFLmRFxxM) rdi=0x00007FFFF01FB430 rsi=0x00000000000001FF rdx=0x0000000000000000 rcx=0x0000000000000001 ret=0x000000080136D9C6
[LOADER][TRACE] sema.create handle=0x00000002 name='SuspendSemaphore' attr=0x0 init=0 max=256
[LOADER][TRACE] sema.create handle=0x00000003 name='ResumeSemaphore' attr=0x0 init=0 max=256
[LOADER][INFO] Scheduled guest thread 'Thread-211CCBDB090' handle=0x00000211CCBDB090 entry=0x0000000804F40B30 arg=0x00000001014D7960 priority=700 host_priority=Normal affinity=0x3C
[LOADER][TRACE] pthread_cond_wait-enter: cond=0x0000000100000BB0 mutex=0x0000000100000BA8 waiters=1 epoch=0x0 timed=False result=0x00000000
[LOADER][TRACE] sema.wait-block handle=0x00000002 name='SuspendSemaphore' need=1 count=0 timeout=infinite waiters=1 guest=0x00000211CCBDB090 ret=0x0000000804FFBA0E
[LOADER][TRACE] guest_thread.snapshot handle=0x00000211CDA6EA70 name='AssetGarbageCollectorHelper' state=Blocked executor=False imports=28 nid=04AjkP0jO9U ret=0x000000080A821799 block=_umtx_op_wait wake=sceKernelSyncOnAddress:00000006006CF7D8 host_managed=0 host_tid=0
[LOADER][TRACE] guest_thread.snapshot handle=0x00000211CDA6BA40 name='AssetGarbageCollectorHelper' state=Blocked executor=False imports=27 nid=04AjkP0jO9U ret=0x000000080A821799 block=_umtx_op_wait wake=sceKernelSyncOnAddress:00000006006CF928 host_managed=0 host_tid=0
[LOADER][TRACE] guest_thread.snapshot handle=0x00000211CDA6CA50 name='AssetGarbageCollectorHelper' state=Blocked executor=False imports=28 nid=04AjkP0jO9U ret=0x000000080A821799 block=_umtx_op_wait wake=sceKernelSyncOnAddress:00000006006CFA78 host_managed=0 host_tid=0
[LOADER][TRACE] guest_thread.snapshot handle=0x00000211CDA71AA0 name='AssetGarbageCollectorHelper' state=Blocked executor=False imports=27 nid=04AjkP0jO9U ret=0x000000080A821799 block=_umtx_op_wait wake=sceKernelSyncOnAddress:00000006006CFBC8 host_managed=0 host_tid=0
[LOADER][TRACE] guest_thread.snapshot handle=0x00000211CDA70A90 name='AssetGarbageCollectorHelper' state=Blocked executor=False imports=28 nid=04AjkP0jO9U ret=0x000000080A821799 block=_umtx_op_wait wake=sceKernelSyncOnAddress:00000006006CFD18 host_managed=0 host_tid=0
[LOADER][TRACE] guest_thread.snapshot handle=0x00000211CDA75AE0 name='AssetGarbageCollectorHelper' state=Blocked executor=False imports=27 nid=04AjkP0jO9U ret=0x000000080A821799 block=_umtx_op_wait wake=sceKernelSyncOnAddress:00000006006CFE68 host_managed=0 host_tid=0
[LOADER][TRACE] guest_thread.snapshot handle=0x00000211CDA73AC0 name='AssetGarbageCollectorHelper' state=Blocked executor=False imports=28 nid=04AjkP0jO9U ret=0x000000080A821799 block=_umtx_op_wait wake=sceKernelSyncOnAddress:00000006006CFFB8 host_managed=0 host_tid=0
[LOADER][TRACE] guest_thread.snapshot handle=0x00000211CDA72AB0 name='AssetGarbageCollectorHelper' state=Blocked executor=False imports=27 nid=04AjkP0jO9U ret=0x000000080A821799 block=_umtx_op_wait wake=sceKernelSyncOnAddress:00000006006D0108 host_managed=0 host_tid=0
[LOADER][TRACE] guest_thread.snapshot handle=0x00000211CDA76AF0 name='AssetGarbageCollectorHelper' state=Blocked executor=False imports=28 nid=04AjkP0jO9U ret=0x000000080A821799 block=_umtx_op_wait wake=sceKernelSyncOnAddress:00000006006D0258 host_managed=0 host_tid=0
[LOADER][TRACE] guest_thread.snapshot handle=0x00000211CDA74AD0 name='AssetGarbageCollectorHelper' state=Blocked executor=False imports=26 nid=04AjkP0jO9U ret=0x000000080A821799 block=_umtx_op_wait wake=sceKernelSyncOnAddress:00000006006D03A8 host_managed=0 host_tid=0
[LOADER][TRACE] guest_thread.snapshot handle=0x00000211CDA77B00 name='AssetGarbageCollectorHelper' state=Blocked executor=False imports=27 nid=04AjkP0jO9U ret=0x000000080A821799 block=_umtx_op_wait wake=sceKernelSyncOnAddress:00000006006D04F8 host_managed=0 host_tid=0
[LOADER][TRACE] guest_thread.snapshot handle=0x00000211CDA78B10 name='AssetGarbageCollectorHelper' state=Blocked executor=False imports=26 nid=04AjkP0jO9U ret=0x000000080A821799 block=_umtx_op_wait wake=sceKernelSyncOnAddress:00000006006D0648 host_managed=0 host_tid=0
[LOADER][TRACE] guest_thread.snapshot handle=0x00000211CCBDA080 name='AssetGarbageCollectorHelper' state=Blocked executor=False imports=27 nid=04AjkP0jO9U ret=0x000000080A821799 block=_umtx_op_wait wake=sceKernelSyncOnAddress:00000006006D0798 host_managed=0 host_tid=0
[LOADER][TRACE] guest_thread.snapshot handle=0x00000211CCBDB090 name='Thread-211CCBDB090' state=Blocked executor=False imports=40 nid=Zxa0VhQVTsk ret=0x0000000804FFBA0E block=sceKernelWaitSema wake=sceKernelWaitSema:00000002 host_managed=0 host_tid=0
[LOADER][TRACE] guest_thread.snapshot handle=0x00000211CDA6EA70 name='AssetGarbageCollectorHelper' state=Blocked executor=False imports=38 nid=04AjkP0jO9U ret=0x000000080A821799 block=_umtx_op_wait wake=sceKernelSyncOnAddress:00000006006CF7D8 host_managed=0 host_tid=0
[LOADER][TRACE] guest_thread.snapshot handle=0x00000211CDA6BA40 name='AssetGarbageCollectorHelper' state=Blocked executor=False imports=37 nid=04AjkP0jO9U ret=0x000000080A821799 block=_umtx_op_wait wake=sceKernelSyncOnAddress:00000006006CF928 host_managed=0 host_tid=0
[LOADER][TRACE] guest_thread.snapshot handle=0x00000211CDA6CA50 name='AssetGarbageCollectorHelper' state=Blocked executor=False imports=38 nid=04AjkP0jO9U ret=0x000000080A821799 block=_umtx_op_wait wake=sceKernelSyncOnAddress:00000006006CFA78 host_managed=0 host_tid=0
[LOADER][TRACE] guest_thread.snapshot handle=0x00000211CDA71AA0 name='AssetGarbageCollectorHelper' state=Blocked executor=False imports=37 nid=04AjkP0jO9U ret=0x000000080A821799 block=_umtx_op_wait wake=sceKernelSyncOnAddress:00000006006CFBC8 host_managed=0 host_tid=0
[LOADER][TRACE] guest_thread.snapshot handle=0x00000211CDA70A90 name='AssetGarbageCollectorHelper' state=Blocked executor=False imports=38 nid=04AjkP0jO9U ret=0x000000080A821799 block=_umtx_op_wait wake=sceKernelSyncOnAddress:00000006006CFD18 host_managed=0 host_tid=0
[LOADER][TRACE] guest_thread.snapshot handle=0x00000211CDA75AE0 name='AssetGarbageCollectorHelper' state=Blocked executor=False imports=37 nid=04AjkP0jO9U ret=0x000000080A821799 block=_umtx_op_wait wake=sceKernelSyncOnAddress:00000006006CFE68 host_managed=0 host_tid=0
[LOADER][TRACE] guest_thread.snapshot handle=0x00000211CDA73AC0 name='AssetGarbageCollectorHelper' state=Blocked executor=False imports=37 nid=04AjkP0jO9U ret=0x000000080A821799 block=_umtx_op_wait wake=sceKernelSyncOnAddress:00000006006CFFB8 host_managed=0 host_tid=0
[LOADER][TRACE] guest_thread.snapshot handle=0x00000211CDA72AB0 name='AssetGarbageCollectorHelper' state=Blocked executor=False imports=37 nid=04AjkP0jO9U ret=0x000000080A821799 block=_umtx_op_wait wake=sceKernelSyncOnAddress:00000006006D0108 host_managed=0 host_tid=0
[LOADER][TRACE] guest_thread.snapshot handle=0x00000211CDA76AF0 name='AssetGarbageCollectorHelper' state=Blocked executor=False imports=38 nid=04AjkP0jO9U ret=0x000000080A821799 block=_umtx_op_wait wake=sceKernelSyncOnAddress:00000006006D0258 host_managed=0 host_tid=0
[LOADER][TRACE] guest_thread.snapshot handle=0x00000211CDA74AD0 name='AssetGarbageCollectorHelper' state=Blocked executor=False imports=36 nid=04AjkP0jO9U ret=0x000000080A821799 block=_umtx_op_wait wake=sceKernelSyncOnAddress:00000006006D03A8 host_managed=0 host_tid=0
[LOADER][TRACE] guest_thread.snapshot handle=0x00000211CDA77B00 name='AssetGarbageCollectorHelper' state=Blocked executor=False imports=37 nid=04AjkP0jO9U ret=0x000000080A821799 block=_umtx_op_wait wake=sceKernelSyncOnAddress:00000006006D04F8 host_managed=0 host_tid=0
[LOADER][TRACE] guest_thread.snapshot handle=0x00000211CDA78B10 name='AssetGarbageCollectorHelper' state=Blocked executor=False imports=36 nid=04AjkP0jO9U ret=0x000000080A821799 block=_umtx_op_wait wake=sceKernelSyncOnAddress:00000006006D0648 host_managed=0 host_tid=0
[LOADER][TRACE] guest_thread.snapshot handle=0x00000211CCBDA080 name='AssetGarbageCollectorHelper' state=Blocked executor=False imports=37 nid=04AjkP0jO9U ret=0x000000080A821799 block=_umtx_op_wait wake=sceKernelSyncOnAddress:00000006006D0798 host_managed=0 host_tid=0
[LOADER][TRACE] guest_thread.snapshot handle=0x00000211CCBDB090 name='Thread-211CCBDB090' state=Blocked executor=False imports=40 nid=Zxa0VhQVTsk ret=0x0000000804FFBA0E block=sceKernelWaitSema wake=sceKernelWaitSema:00000002 host_managed=0 host_tid=0
[LOADER][TRACE] guest_thread.snapshot handle=0x00000211CDA6EA70 name='AssetGarbageCollectorHelper' state=Blocked executor=False imports=48 nid=04AjkP0jO9U ret=0x000000080A821799 block=_umtx_op_wait wake=sceKernelSyncOnAddress:00000006006CF7D8 host_managed=0 host_tid=0
[LOADER][TRACE] guest_thread.snapshot handle=0x00000211CDA6BA40 name='AssetGarbageCollectorHelper' state=Blocked executor=False imports=47 nid=04AjkP0jO9U ret=0x000000080A821799 block=_umtx_op_wait wake=sceKernelSyncOnAddress:00000006006CF928 host_managed=0 host_tid=0
[LOADER][TRACE] guest_thread.snapshot handle=0x00000211CDA6CA50 name='AssetGarbageCollectorHelper' state=Blocked executor=False imports=48 nid=04AjkP0jO9U ret=0x000000080A821799 block=_umtx_op_wait wake=sceKernelSyncOnAddress:00000006006CFA78 host_managed=0 host_tid=0
[LOADER][TRACE] guest_thread.snapshot handle=0x00000211CDA71AA0 name='AssetGarbageCollectorHelper' state=Blocked executor=False imports=47 nid=04AjkP0jO9U ret=0x000000080A821799 block=_umtx_op_wait wake=sceKernelSyncOnAddress:00000006006CFBC8 host_managed=0 host_tid=0
[LOADER][TRACE] guest_thread.snapshot handle=0x00000211CDA70A90 name='AssetGarbageCollectorHelper' state=Blocked executor=False imports=48 nid=04AjkP0jO9U ret=0x000000080A821799 block=_umtx_op_wait wake=sceKernelSyncOnAddress:00000006006CFD18 host_managed=0 host_tid=0
[LOADER][TRACE] guest_thread.snapshot handle=0x00000211CDA75AE0 name='AssetGarbageCollectorHelper' state=Blocked executor=False imports=47 nid=04AjkP0jO9U ret=0x000000080A821799 block=_umtx_op_wait wake=sceKernelSyncOnAddress:00000006006CFE68 host_managed=0 host_tid=0
[LOADER][TRACE] guest_thread.snapshot handle=0x00000211CDA73AC0 name='AssetGarbageCollectorHelper' state=Blocked executor=False imports=47 nid=04AjkP0jO9U ret=0x000000080A821799 block=_umtx_op_wait wake=sceKernelSyncOnAddress:00000006006CFFB8 host_managed=0 host_tid=0
[LOADER][TRACE] guest_thread.snapshot handle=0x00000211CDA72AB0 name='AssetGarbageCollectorHelper' state=Running executor=True imports=46 nid=04AjkP0jO9U ret=0x000000080A821799 block=none wake=sceKernelSyncOnAddress:00000006006D0108 host_managed=0 host_tid=0
[LOADER][TRACE] guest_thread.snapshot handle=0x00000211CDA76AF0 name='AssetGarbageCollectorHelper' state=Running executor=True imports=47 nid=04AjkP0jO9U ret=0x000000080A821799 block=none wake=sceKernelSyncOnAddress:00000006006D0258 host_managed=0 host_tid=0
[LOADER][TRACE] guest_thread.snapshot handle=0x00000211CDA74AD0 name='AssetGarbageCollectorHelper' state=Blocked executor=False imports=46 nid=04AjkP0jO9U ret=0x000000080A821799 block=_umtx_op_wait wake=sceKernelSyncOnAddress:00000006006D03A8 host_managed=0 host_tid=0
[LOADER][TRACE] guest_thread.snapshot handle=0x00000211CDA77B00 name='AssetGarbageCollectorHelper' state=Blocked executor=False imports=47 nid=04AjkP0jO9U ret=0x000000080A821799 block=_umtx_op_wait wake=sceKernelSyncOnAddress:00000006006D04F8 host_managed=0 host_tid=0
[LOADER][TRACE] guest_thread.snapshot handle=0x00000211CDA78B10 name='AssetGarbageCollectorHelper' state=Blocked executor=False imports=46 nid=04AjkP0jO9U ret=0x000000080A821799 block=_umtx_op_wait wake=sceKernelSyncOnAddress:00000006006D0648 host_managed=0 host_tid=0
[LOADER][TRACE] guest_thread.snapshot handle=0x00000211CCBDA080 name='AssetGarbageCollectorHelper' state=Blocked executor=False imports=47 nid=04AjkP0jO9U ret=0x000000080A821799 block=_umtx_op_wait wake=sceKernelSyncOnAddress:00000006006D0798 host_managed=0 host_tid=0
[LOADER][TRACE] guest_thread.snapshot handle=0x00000211CCBDB090 name='Thread-211CCBDB090' state=Blocked executor=False imports=40 nid=Zxa0VhQVTsk ret=0x0000000804FFBA0E block=sceKernelWaitSema wake=sceKernelWaitSema:00000002 host_managed=0 host_tid=0
[LOADER][TRACE] guest_thread.snapshot handle=0x00000211CDA6EA70 name='AssetGarbageCollectorHelper' state=Blocked executor=False imports=58 nid=04AjkP0jO9U ret=0x000000080A821799 block=_umtx_op_wait wake=sceKernelSyncOnAddress:00000006006CF7D8 host_managed=0 host_tid=0
[LOADER][TRACE] guest_thread.snapshot handle=0x00000211CDA6BA40 name='AssetGarbageCollectorHelper' state=Blocked executor=False imports=57 nid=04AjkP0jO9U ret=0x000000080A821799 block=_umtx_op_wait wake=sceKernelSyncOnAddress:00000006006CF928 host_managed=0 host_tid=0
[LOADER][TRACE] guest_thread.snapshot handle=0x00000211CDA6CA50 name='AssetGarbageCollectorHelper' state=Blocked executor=False imports=58 nid=04AjkP0jO9U ret=0x000000080A821799 block=_umtx_op_wait wake=sceKernelSyncOnAddress:00000006006CFA78 host_managed=0 host_tid=0
[LOADER][TRACE] guest_thread.snapshot handle=0x00000211CDA71AA0 name='AssetGarbageCollectorHelper' state=Blocked executor=False imports=57 nid=04AjkP0jO9U ret=0x000000080A821799 block=_umtx_op_wait wake=sceKernelSyncOnAddress:00000006006CFBC8 host_managed=0 host_tid=0
[LOADER][TRACE] guest_thread.snapshot handle=0x00000211CDA70A90 name='AssetGarbageCollectorHelper' state=Blocked executor=False imports=58 nid=04AjkP0jO9U ret=0x000000080A821799 block=_umtx_op_wait wake=sceKernelSyncOnAddress:00000006006CFD18 host_managed=0 host_tid=0
[LOADER][TRACE] guest_thread.snapshot handle=0x00000211CDA75AE0 name='AssetGarbageCollectorHelper' state=Blocked executor=False imports=57 nid=04AjkP0jO9U ret=0x000000080A821799 block=_umtx_op_wait wake=sceKernelSyncOnAddress:00000006006CFE68 host_managed=0 host_tid=0
[LOADER][TRACE] guest_thread.snapshot handle=0x00000211CDA73AC0 name='AssetGarbageCollectorHelper' state=Blocked executor=False imports=57 nid=04AjkP0jO9U ret=0x000000080A821799 block=_umtx_op_wait wake=sceKernelSyncOnAddress:00000006006CFFB8 host_managed=0 host_tid=0
[LOADER][TRACE] guest_thread.snapshot handle=0x00000211CDA72AB0 name='AssetGarbageCollectorHelper' state=Blocked executor=False imports=56 nid=04AjkP0jO9U ret=0x000000080A821799 block=_umtx_op_wait wake=sceKernelSyncOnAddress:00000006006D0108 host_managed=0 host_tid=0
[LOADER][TRACE] guest_thread.snapshot handle=0x00000211CDA76AF0 name='AssetGarbageCollectorHelper' state=Blocked executor=False imports=57 nid=04AjkP0jO9U ret=0x000000080A821799 block=_umtx_op_wait wake=sceKernelSyncOnAddress:00000006006D0258 host_managed=0 host_tid=0
[LOADER][TRACE] guest_thread.snapshot handle=0x00000211CDA74AD0 name='AssetGarbageCollectorHelper' state=Blocked executor=False imports=56 nid=04AjkP0jO9U ret=0x000000080A821799 block=_umtx_op_wait wake=sceKernelSyncOnAddress:00000006006D03A8 host_managed=0 host_tid=0
[LOADER][TRACE] guest_thread.snapshot handle=0x00000211CDA77B00 name='AssetGarbageCollectorHelper' state=Blocked executor=False imports=57 nid=04AjkP0jO9U ret=0x000000080A821799 block=_umtx_op_wait wake=sceKernelSyncOnAddress:00000006006D04F8 host_managed=0 host_tid=0
[LOADER][TRACE] guest_thread.snapshot handle=0x00000211CDA78B10 name='AssetGarbageCollectorHelper' state=Blocked executor=False imports=56 nid=04AjkP0jO9U ret=0x000000080A821799 block=_umtx_op_wait wake=sceKernelSyncOnAddress:00000006006D0648 host_managed=0 host_tid=0
[LOADER][TRACE] guest_thread.snapshot handle=0x00000211CCBDA080 name='AssetGarbageCollectorHelper' state=Blocked executor=False imports=57 nid=04AjkP0jO9U ret=0x000000080A821799 block=_umtx_op_wait wake=sceKernelSyncOnAddress:00000006006D0798 host_managed=0 host_tid=0
[LOADER][TRACE] guest_thread.snapshot handle=0x00000211CCBDB090 name='Thread-211CCBDB090' state=Blocked executor=False imports=40 nid=Zxa0VhQVTsk ret=0x0000000804FFBA0E block=sceKernelWaitSema wake=sceKernelWaitSema:00000002 host_managed=0 host_tid=0
[LOADER][ERROR] --- periodic snapshot ---
[LOADER][TRACE] guest_thread.snapshot handle=0x00000211CDA6EA70 name='AssetGarbageCollectorHelper' state=Blocked executor=False imports=68 nid=04AjkP0jO9U ret=0x000000080A821799 block=_umtx_op_wait wake=sceKernelSyncOnAddress:00000006006CF7D8 host_managed=0 host_tid=0
[LOADER][TRACE] guest_thread.snapshot handle=0x00000211CDA6BA40 name='AssetGarbageCollectorHelper' state=Blocked executor=False imports=67 nid=04AjkP0jO9U ret=0x000000080A821799 block=_umtx_op_wait wake=sceKernelSyncOnAddress:00000006006CF928 host_managed=0 host_tid=0
[LOADER][TRACE] guest_thread.snapshot handle=0x00000211CDA6CA50 name='AssetGarbageCollectorHelper' state=Blocked executor=False imports=68 nid=04AjkP0jO9U ret=0x000000080A821799 block=_umtx_op_wait wake=sceKernelSyncOnAddress:00000006006CFA78 host_managed=0 host_tid=0
[LOADER][TRACE] guest_thread.snapshot handle=0x00000211CDA71AA0 name='AssetGarbageCollectorHelper' state=Blocked executor=False imports=67 nid=04AjkP0jO9U ret=0x000000080A821799 block=_umtx_op_wait wake=sceKernelSyncOnAddress:00000006006CFBC8 host_managed=0 host_tid=0
[LOADER][TRACE] guest_thread.snapshot handle=0x00000211CDA70A90 name='AssetGarbageCollectorHelper' state=Blocked executor=False imports=68 nid=04AjkP0jO9U ret=0x000000080A821799 block=_umtx_op_wait wake=sceKernelSyncOnAddress:00000006006CFD18 host_managed=0 host_tid=0
[LOADER][TRACE] guest_thread.snapshot handle=0x00000211CDA75AE0 name='AssetGarbageCollectorHelper' state=Blocked executor=False imports=67 nid=04AjkP0jO9U ret=0x000000080A821799 block=_umtx_op_wait wake=sceKernelSyncOnAddress:00000006006CFE68 host_managed=0 host_tid=0
[LOADER][TRACE] guest_thread.snapshot handle=0x00000211CDA73AC0 name='AssetGarbageCollectorHelper' state=Blocked executor=False imports=67 nid=04AjkP0jO9U ret=0x000000080A821799 block=_umtx_op_wait wake=sceKernelSyncOnAddress:00000006006CFFB8 host_managed=0 host_tid=0
[LOADER][TRACE] guest_thread.snapshot handle=0x00000211CDA72AB0 name='AssetGarbageCollectorHelper' state=Blocked executor=False imports=66 nid=04AjkP0jO9U ret=0x000000080A821799 block=_umtx_op_wait wake=sceKernelSyncOnAddress:00000006006D0108 host_managed=0 host_tid=0
[LOADER][TRACE] guest_thread.snapshot handle=0x00000211CDA76AF0 name='AssetGarbageCollectorHelper' state=Blocked executor=False imports=67 nid=04AjkP0jO9U ret=0x000000080A821799 block=_umtx_op_wait wake=sceKernelSyncOnAddress:00000006006D0258 host_managed=0 host_tid=0
[LOADER][TRACE] guest_thread.snapshot handle=0x00000211CDA74AD0 name='AssetGarbageCollectorHelper' state=Blocked executor=False imports=66 nid=04AjkP0jO9U ret=0x000000080A821799 block=_umtx_op_wait wake=sceKernelSyncOnAddress:00000006006D03A8 host_managed=0 host_tid=0
[LOADER][TRACE] guest_thread.snapshot handle=0x00000211CDA77B00 name='AssetGarbageCollectorHelper' state=Blocked executor=False imports=67 nid=04AjkP0jO9U ret=0x000000080A821799 block=_umtx_op_wait wake=sceKernelSyncOnAddress:00000006006D04F8 host_managed=0 host_tid=0
[LOADER][TRACE] guest_thread.snapshot handle=0x00000211CDA78B10 name='AssetGarbageCollectorHelper' state=Blocked executor=False imports=66 nid=04AjkP0jO9U ret=0x000000080A821799 block=_umtx_op_wait wake=sceKernelSyncOnAddress:00000006006D0648 host_managed=0 host_tid=0
[LOADER][TRACE] guest_thread.snapshot handle=0x00000211CCBDA080 name='AssetGarbageCollectorHelper' state=Blocked executor=False imports=67 nid=04AjkP0jO9U ret=0x000000080A821799 block=_umtx_op_wait wake=sceKernelSyncOnAddress:00000006006D0798 host_managed=0 host_tid=0
[LOADER][TRACE] guest_thread.snapshot handle=0x00000211CCBDB090 name='Thread-211CCBDB090' state=Blocked executor=False imports=40 nid=Zxa0VhQVTsk ret=0x0000000804FFBA0E block=sceKernelWaitSema wake=sceKernelWaitSema:00000002 host_managed=0 host_tid=0
[LOADER][ERROR] Stall snapshot: rip=0x00006FFFFD0008C0 rsp=0x00007FFFF01FB8C8 rbp=0x00007FFFF01FB940 rax=0x00000211D23D0000 rbx=0x0000000100000BA0 rcx=0x00000000FFFFFFFF rdx=0x0000000000000000 rsi=0x0000000100000BA8 rdi=0x0000000100000BB0
[LOADER][ERROR] Stall import-stub: rip=0x00006FFFFD0008C0 nid=Op8TBGY5KHg -> libKernel:pthread_cond_wait
[LOADER][ERROR] Stall bytes @rip: 48 B8 00 00 3D D2 11 02 00 00 FF E0 90 90 90 90
[LOADER][ERROR] Stall stack: [rsp]=0x0000000804F3A074 [rsp+8]=0xFFFFFFFFFFFFFFFF
[LOADER][ERROR] Live hardware context (main thread 35592):
[LOADER][ERROR]   RIP=0x00007FFDBD3EAEE4 RSP=0x000000161CF7AB08 RBP=0x0000000000000001
[LOADER][ERROR]   RAX=0x00000000000014E1 RBX=0x000000161CF7ABD0 RCX=0x0000000000000001 RDX=0x0000020603666500
[LOADER][ERROR]   RSI=0x000000161CF7AC0C RDI=0x0000000000000002 R8=0x00000000FFFFFFFF R9=0x0000000000005DFF
[LOADER][ERROR]   R10=0x0000000000000001 R11=0x0000000000000001 R12=0x0000020603666500 R13=0x00000000FFFFFFFF R14=0x00000000023E8638 R15=0x000000161CF7AD40
[LOADER][ERROR]   RIP location: win32u.dll+0xAEE4
[LOADER][ERROR]   Live bytes @[RIP-32..RIP+16]: C3 CD 2E C3 0F 1F 84 00 00 00 00 00 4C 8B D1 B8 E1 14 00 00 F6 04 25 08 03 FE 7F 01 75 03 0F 05 C3 CD 2E C3 0F 1F 84 00 00 00 00 00 4C 8B D1 B8
[LOADER][ERROR]   Live bytes @RIP: C3 CD 2E C3 0F 1F 84 00 00 00 00 00 4C 8B D1 B8
[LOADER][ERROR]   Live stack frames (host code pointers):
[LOADER][ERROR]     [rsp+0x00] = 0x00007FFDBE586CB8 (combase.dll+0x16CB8)
[LOADER][ERROR]     [rsp+0x10] = 0x000000161CF7ABD0 (0x000000161CF7ABD0)
[LOADER][ERROR]     [rsp+0x18] = 0x000000161CF7ABD0 (0x000000161CF7ABD0)
[LOADER][ERROR]     [rsp+0x30] = 0x00007FFDBE5876B6 (combase.dll+0x176B6)
[LOADER][ERROR]     [rsp+0x40] = 0x00007FFCBC7F5819 (coreclr.dll+0x85819)
[LOADER][ERROR]     [rsp+0x48] = 0x00007FFC5CB84410 (0x00007FFC5CB84410)
[LOADER][ERROR]     [rsp+0x58] = 0x000000161CF7ABD0 (0x000000161CF7ABD0)
[LOADER][ERROR]     [rsp+0x60] = 0x00007FFDBE587691 (combase.dll+0x17691)
[LOADER][ERROR]     [rsp+0x70] = 0x000000161CF7AD40 (0x000000161CF7AD40)
[LOADER][ERROR]     [rsp+0x90] = 0x00007FFDBE585CF5 (combase.dll+0x15CF5)
[LOADER][ERROR]     [rsp+0xA0] = 0x0000020603666500 (0x0000020603666500)
[LOADER][ERROR]     [rsp+0xC8] = 0x00007FFDBE7E2150 (combase.dll+0x272150)
[LOADER][ERROR]     [rsp+0xE8] = 0x00000001023E862E (0x00000001023E862E)
[LOADER][ERROR] Stall guest-thread: handle=0x00000211CDA6EA70 name='AssetGarbageCollectorHelper' state=Blocked imports=70 nid=04AjkP0jO9U ret=0x000000080A821799 rdi=0x00000006006CF7D8 rsi=0x0000000000000002 rdx=0x0000000000000000 block=_umtx_op_wait
[LOADER][ERROR] Stall guest-thread: handle=0x00000211CDA6BA40 name='AssetGarbageCollectorHelper' state=Blocked imports=69 nid=04AjkP0jO9U ret=0x000000080A821799 rdi=0x00000006006CF928 rsi=0x0000000000000002 rdx=0x0000000000000000 block=_umtx_op_wait
[LOADER][ERROR] Stall guest-thread: handle=0x00000211CDA6CA50 name='AssetGarbageCollectorHelper' state=Blocked imports=70 nid=04AjkP0jO9U ret=0x000000080A821799 rdi=0x00000006006CFA78 rsi=0x0000000000000002 rdx=0x0000000000000000 block=_umtx_op_wait
[LOADER][ERROR] Stall guest-thread: handle=0x00000211CDA71AA0 name='AssetGarbageCollectorHelper' state=Blocked imports=69 nid=04AjkP0jO9U ret=0x000000080A821799 rdi=0x00000006006CFBC8 rsi=0x0000000000000002 rdx=0x0000000000000000 block=_umtx_op_wait
[LOADER][ERROR] Stall guest-thread: handle=0x00000211CDA70A90 name='AssetGarbageCollectorHelper' state=Blocked imports=70 nid=04AjkP0jO9U ret=0x000000080A821799 rdi=0x00000006006CFD18 rsi=0x0000000000000002 rdx=0x0000000000000000 block=_umtx_op_wait
[LOADER][ERROR] Stall guest-thread: handle=0x00000211CDA75AE0 name='AssetGarbageCollectorHelper' state=Blocked imports=69 nid=04AjkP0jO9U ret=0x000000080A821799 rdi=0x00000006006CFE68 rsi=0x0000000000000002 rdx=0x0000000000000000 block=_umtx_op_wait
[LOADER][ERROR] Stall guest-thread: handle=0x00000211CDA73AC0 name='AssetGarbageCollectorHelper' state=Blocked imports=70 nid=04AjkP0jO9U ret=0x000000080A821799 rdi=0x00000006006CFFB8 rsi=0x0000000000000002 rdx=0x0000000000000000 block=_umtx_op_wait
[LOADER][ERROR] Stall guest-thread: handle=0x00000211CDA72AB0 name='AssetGarbageCollectorHelper' state=Blocked imports=69 nid=04AjkP0jO9U ret=0x000000080A821799 rdi=0x00000006006D0108 rsi=0x0000000000000002 rdx=0x0000000000000000 block=_umtx_op_wait
[LOADER][ERROR] Stall guest-thread: handle=0x00000211CDA76AF0 name='AssetGarbageCollectorHelper' state=Blocked imports=70 nid=04AjkP0jO9U ret=0x000000080A821799 rdi=0x00000006006D0258 rsi=0x0000000000000002 rdx=0x0000000000000000 block=_umtx_op_wait
[LOADER][ERROR] Stall guest-thread: handle=0x00000211CDA74AD0 name='AssetGarbageCollectorHelper' state=Blocked imports=69 nid=04AjkP0jO9U ret=0x000000080A821799 rdi=0x00000006006D03A8 rsi=0x0000000000000002 rdx=0x0000000000000000 block=_umtx_op_wait
[LOADER][ERROR] Stall guest-thread: handle=0x00000211CDA77B00 name='AssetGarbageCollectorHelper' state=Blocked imports=70 nid=04AjkP0jO9U ret=0x000000080A821799 rdi=0x00000006006D04F8 rsi=0x0000000000000002 rdx=0x0000000000000000 block=_umtx_op_wait
[LOADER][ERROR] Stall guest-thread: handle=0x00000211CDA78B10 name='AssetGarbageCollectorHelper' state=Blocked imports=69 nid=04AjkP0jO9U ret=0x000000080A821799 rdi=0x00000006006D0648 rsi=0x0000000000000002 rdx=0x0000000000000000 block=_umtx_op_wait
[LOADER][ERROR] Stall guest-thread: handle=0x00000211CCBDA080 name='AssetGarbageCollectorHelper' state=Blocked imports=70 nid=04AjkP0jO9U ret=0x000000080A821799 rdi=0x00000006006D0798 rsi=0x0000000000000002 rdx=0x0000000000000000 block=_umtx_op_wait
[LOADER][ERROR] Stall guest-thread: handle=0x00000211CCBDB090 name='Thread-211CCBDB090' state=Blocked imports=40 nid=Zxa0VhQVTsk ret=0x0000000804FFBA0E rdi=0x0000000000000002 rsi=0x0000000000000001 rdx=0x0000000000000000 block=sceKernelWaitSema
[LOADER][TRACE] guest_thread.snapshot handle=0x00000211CDA6EA70 name='AssetGarbageCollectorHelper' state=Blocked executor=False imports=77 nid=04AjkP0jO9U ret=0x000000080A821799 block=_umtx_op_wait wake=sceKernelSyncOnAddress:00000006006CF7D8 host_managed=0 host_tid=0
[LOADER][TRACE] guest_thread.snapshot handle=0x00000211CDA6BA40 name='AssetGarbageCollectorHelper' state=Blocked executor=False imports=76 nid=04AjkP0jO9U ret=0x000000080A821799 block=_umtx_op_wait wake=sceKernelSyncOnAddress:00000006006CF928 host_managed=0 host_tid=0
[LOADER][TRACE] guest_thread.snapshot handle=0x00000211CDA6CA50 name='AssetGarbageCollectorHelper' state=Blocked executor=False imports=77 nid=04AjkP0jO9U ret=0x000000080A821799 block=_umtx_op_wait wake=sceKernelSyncOnAddress:00000006006CFA78 host_managed=0 host_tid=0
[LOADER][TRACE] guest_thread.snapshot handle=0x00000211CDA71AA0 name='AssetGarbageCollectorHelper' state=Blocked executor=False imports=76 nid=04AjkP0jO9U ret=0x000000080A821799 block=_umtx_op_wait wake=sceKernelSyncOnAddress:00000006006CFBC8 host_managed=0 host_tid=0
[LOADER][TRACE] guest_thread.snapshot handle=0x00000211CDA70A90 name='AssetGarbageCollectorHelper' state=Blocked executor=False imports=77 nid=04AjkP0jO9U ret=0x000000080A821799 block=_umtx_op_wait wake=sceKernelSyncOnAddress:00000006006CFD18 host_managed=0 host_tid=0
[LOADER][TRACE] guest_thread.snapshot handle=0x00000211CDA75AE0 name='AssetGarbageCollectorHelper' state=Blocked executor=False imports=76 nid=04AjkP0jO9U ret=0x000000080A821799 block=_umtx_op_wait wake=sceKernelSyncOnAddress:00000006006CFE68 host_managed=0 host_tid=0
[LOADER][TRACE] guest_thread.snapshot handle=0x00000211CDA73AC0 name='AssetGarbageCollectorHelper' state=Blocked executor=False imports=77 nid=04AjkP0jO9U ret=0x000000080A821799 block=_umtx_op_wait wake=sceKernelSyncOnAddress:00000006006CFFB8 host_managed=0 host_tid=0
[LOADER][TRACE] guest_thread.snapshot handle=0x00000211CDA72AB0 name='AssetGarbageCollectorHelper' state=Blocked executor=False imports=76 nid=04AjkP0jO9U ret=0x000000080A821799 block=_umtx_op_wait wake=sceKernelSyncOnAddress:00000006006D0108 host_managed=0 host_tid=0
[LOADER][TRACE] guest_thread.snapshot handle=0x00000211CDA76AF0 name='AssetGarbageCollectorHelper' state=Blocked executor=False imports=77 nid=04AjkP0jO9U ret=0x000000080A821799 block=_umtx_op_wait wake=sceKernelSyncOnAddress:00000006006D0258 host_managed=0 host_tid=0
[LOADER][TRACE] guest_thread.snapshot handle=0x00000211CDA74AD0 name='AssetGarbageCollectorHelper' state=Blocked executor=False imports=76 nid=04AjkP0jO9U ret=0x000000080A821799 block=_umtx_op_wait wake=sceKernelSyncOnAddress:00000006006D03A8 host_managed=0 host_tid=0
[LOADER][TRACE] guest_thread.snapshot handle=0x00000211CDA77B00 name='AssetGarbageCollectorHelper' state=Blocked executor=False imports=77 nid=04AjkP0jO9U ret=0x000000080A821799 block=_umtx_op_wait wake=sceKernelSyncOnAddress:00000006006D04F8 host_managed=0 host_tid=0
[LOADER][TRACE] guest_thread.snapshot handle=0x00000211CDA78B10 name='AssetGarbageCollectorHelper' state=Blocked executor=False imports=76 nid=04AjkP0jO9U ret=0x000000080A821799 block=_umtx_op_wait wake=sceKernelSyncOnAddress:00000006006D0648 host_managed=0 host_tid=0
[LOADER][TRACE] guest_thread.snapshot handle=0x00000211CCBDA080 name='AssetGarbageCollectorHelper' state=Blocked executor=False imports=77 nid=04AjkP0jO9U ret=0x000000080A821799 block=_umtx_op_wait wake=sceKernelSyncOnAddress:00000006006D0798 host_managed=0 host_tid=0
[LOADER][TRACE] guest_thread.snapshot handle=0x00000211CCBDB090 name='Thread-211CCBDB090' state=Blocked executor=False imports=40 nid=Zxa0VhQVTsk ret=0x0000000804FFBA0E block=sceKernelWaitSema wake=sceKernelWaitSema:00000002 host_managed=0 host_tid=0
[LOADER][TRACE] guest_thread.snapshot handle=0x00000211CDA6EA70 name='AssetGarbageCollectorHelper' state=Blocked executor=False imports=87 nid=04AjkP0jO9U ret=0x000000080A821799 block=_umtx_op_wait wake=sceKernelSyncOnAddress:00000006006CF7D8 host_managed=0 host_tid=0
[LOADER][TRACE] guest_thread.snapshot handle=0x00000211CDA6BA40 name='AssetGarbageCollectorHelper' state=Blocked executor=False imports=86 nid=04AjkP0jO9U ret=0x000000080A821799 block=_umtx_op_wait wake=sceKernelSyncOnAddress:00000006006CF928 host_managed=0 host_tid=0
[LOADER][TRACE] guest_thread.snapshot handle=0x00000211CDA6CA50 name='AssetGarbageCollectorHelper' state=Blocked executor=False imports=87 nid=04AjkP0jO9U ret=0x000000080A821799 block=_umtx_op_wait wake=sceKernelSyncOnAddress:00000006006CFA78 host_managed=0 host_tid=0
[LOADER][TRACE] guest_thread.snapshot handle=0x00000211CDA71AA0 name='AssetGarbageCollectorHelper' state=Blocked executor=False imports=86 nid=04AjkP0jO9U ret=0x000000080A821799 block=_umtx_op_wait wake=sceKernelSyncOnAddress:00000006006CFBC8 host_managed=0 host_tid=0
[LOADER][TRACE] guest_thread.snapshot handle=0x00000211CDA70A90 name='AssetGarbageCollectorHelper' state=Blocked executor=False imports=87 nid=04AjkP0jO9U ret=0x000000080A821799 block=_umtx_op_wait wake=sceKernelSyncOnAddress:00000006006CFD18 host_managed=0 host_tid=0
[LOADER][TRACE] guest_thread.snapshot handle=0x00000211CDA75AE0 name='AssetGarbageCollectorHelper' state=Blocked executor=False imports=86 nid=04AjkP0jO9U ret=0x000000080A821799 block=_umtx_op_wait wake=sceKernelSyncOnAddress:00000006006CFE68 host_managed=0 host_tid=0
[LOADER][TRACE] guest_thread.snapshot handle=0x00000211CDA73AC0 name='AssetGarbageCollectorHelper' state=Blocked executor=False imports=87 nid=04AjkP0jO9U ret=0x000000080A821799 block=_umtx_op_wait wake=sceKernelSyncOnAddress:00000006006CFFB8 host_managed=0 host_tid=0
[LOADER][TRACE] guest_thread.snapshot handle=0x00000211CDA72AB0 name='AssetGarbageCollectorHelper' state=Blocked executor=False imports=86 nid=04AjkP0jO9U ret=0x000000080A821799 block=_umtx_op_wait wake=sceKernelSyncOnAddress:00000006006D0108 host_managed=0 host_tid=0
[LOADER][TRACE] guest_thread.snapshot handle=0x00000211CDA76AF0 name='AssetGarbageCollectorHelper' state=Blocked executor=False imports=87 nid=04AjkP0jO9U ret=0x000000080A821799 block=_umtx_op_wait wake=sceKernelSyncOnAddress:00000006006D0258 host_managed=0 host_tid=0
[LOADER][TRACE] guest_thread.snapshot handle=0x00000211CDA74AD0 name='AssetGarbageCollectorHelper' state=Blocked executor=False imports=86 nid=04AjkP0jO9U ret=0x000000080A821799 block=_umtx_op_wait wake=sceKernelSyncOnAddress:00000006006D03A8 host_managed=0 host_tid=0
[LOADER][TRACE] guest_thread.snapshot handle=0x00000211CDA77B00 name='AssetGarbageCollectorHelper' state=Blocked executor=False imports=87 nid=04AjkP0jO9U ret=0x000000080A821799 block=_umtx_op_wait wake=sceKernelSyncOnAddress:00000006006D04F8 host_managed=0 host_tid=0
[LOADER][TRACE] guest_thread.snapshot handle=0x00000211CDA78B10 name='AssetGarbageCollectorHelper' state=Blocked executor=False imports=86 nid=04AjkP0jO9U ret=0x000000080A821799 block=_umtx_op_wait wake=sceKernelSyncOnAddress:00000006006D0648 host_managed=0 host_tid=0
[LOADER][TRACE] guest_thread.snapshot handle=0x00000211CCBDA080 name='AssetGarbageCollectorHelper' state=Blocked executor=False imports=87 nid=04AjkP0jO9U ret=0x000000080A821799 block=_umtx_op_wait wake=sceKernelSyncOnAddress:00000006006D0798 host_managed=0 host_tid=0
[LOADER][TRACE] guest_thread.snapshot handle=0x00000211CCBDB090 name='Thread-211CCBDB090' state=Blocked executor=False imports=40 nid=Zxa0VhQVTsk ret=0x0000000804FFBA0E block=sceKernelWaitSema wake=sceKernelWaitSema:00000002 host_managed=0 host_tid=0
[LOADER][TRACE] guest_thread.snapshot handle=0x00000211CDA6EA70 name='AssetGarbageCollectorHelper' state=Blocked executor=False imports=97 nid=04AjkP0jO9U ret=0x000000080A821799 block=_umtx_op_wait wake=sceKernelSyncOnAddress:00000006006CF7D8 host_managed=0 host_tid=0
[LOADER][TRACE] guest_thread.snapshot handle=0x00000211CDA6BA40 name='AssetGarbageCollectorHelper' state=Blocked executor=False imports=96 nid=04AjkP0jO9U ret=0x000000080A821799 block=_umtx_op_wait wake=sceKernelSyncOnAddress:00000006006CF928 host_managed=0 host_tid=0
[LOADER][TRACE] guest_thread.snapshot handle=0x00000211CDA6CA50 name='AssetGarbageCollectorHelper' state=Blocked executor=False imports=97 nid=04AjkP0jO9U ret=0x000000080A821799 block=_umtx_op_wait wake=sceKernelSyncOnAddress:00000006006CFA78 host_managed=0 host_tid=0
[LOADER][TRACE] guest_thread.snapshot handle=0x00000211CDA71AA0 name='AssetGarbageCollectorHelper' state=Blocked executor=False imports=96 nid=04AjkP0jO9U ret=0x000000080A821799 block=_umtx_op_wait wake=sceKernelSyncOnAddress:00000006006CFBC8 host_managed=0 host_tid=0
[LOADER][TRACE] guest_thread.snapshot handle=0x00000211CDA70A90 name='AssetGarbageCollectorHelper' state=Blocked executor=False imports=97 nid=04AjkP0jO9U ret=0x000000080A821799 block=_umtx_op_wait wake=sceKernelSyncOnAddress:00000006006CFD18 host_managed=0 host_tid=0
[LOADER][TRACE] guest_thread.snapshot handle=0x00000211CDA75AE0 name='AssetGarbageCollectorHelper' state=Blocked executor=False imports=96 nid=04AjkP0jO9U ret=0x000000080A821799 block=_umtx_op_wait wake=sceKernelSyncOnAddress:00000006006CFE68 host_managed=0 host_tid=0
[LOADER][TRACE] guest_thread.snapshot handle=0x00000211CDA73AC0 name='AssetGarbageCollectorHelper' state=Blocked executor=False imports=97 nid=04AjkP0jO9U ret=0x000000080A821799 block=_umtx_op_wait wake=sceKernelSyncOnAddress:00000006006CFFB8 host_managed=0 host_tid=0
[LOADER][TRACE] guest_thread.snapshot handle=0x00000211CDA72AB0 name='AssetGarbageCollectorHelper' state=Blocked executor=False imports=96 nid=04AjkP0jO9U ret=0x000000080A821799 block=_umtx_op_wait wake=sceKernelSyncOnAddress:00000006006D0108 host_managed=0 host_tid=0
[LOADER][TRACE] guest_thread.snapshot handle=0x00000211CDA76AF0 name='AssetGarbageCollectorHelper' state=Blocked executor=False imports=97 nid=04AjkP0jO9U ret=0x000000080A821799 block=_umtx_op_wait wake=sceKernelSyncOnAddress:00000006006D0258 host_managed=0 host_tid=0
[LOADER][TRACE] guest_thread.snapshot handle=0x00000211CDA74AD0 name='AssetGarbageCollectorHelper' state=Blocked executor=False imports=96 nid=04AjkP0jO9U ret=0x000000080A821799 block=_umtx_op_wait wake=sceKernelSyncOnAddress:00000006006D03A8 host_managed=0 host_tid=0
[LOADER][TRACE] guest_thread.snapshot handle=0x00000211CDA77B00 name='AssetGarbageCollectorHelper' state=Blocked executor=False imports=97 nid=04AjkP0jO9U ret=0x000000080A821799 block=_umtx_op_wait wake=sceKernelSyncOnAddress:00000006006D04F8 host_managed=0 host_tid=0
[LOADER][TRACE] guest_thread.snapshot handle=0x00000211CDA78B10 name='AssetGarbageCollectorHelper' state=Blocked executor=False imports=96 nid=04AjkP0jO9U ret=0x000000080A821799 block=_umtx_op_wait wake=sceKernelSyncOnAddress:00000006006D0648 host_managed=0 host_tid=0
[LOADER][TRACE] guest_thread.snapshot handle=0x00000211CCBDA080 name='AssetGarbageCollectorHelper' state=Blocked executor=False imports=97 nid=04AjkP0jO9U ret=0x000000080A821799 block=_umtx_op_wait wake=sceKernelSyncOnAddress:00000006006D0798 host_managed=0 host_tid=0
[LOADER][TRACE] guest_thread.snapshot handle=0x00000211CCBDB090 name='Thread-211CCBDB090' state=Blocked executor=False imports=40 nid=Zxa0VhQVTsk ret=0x0000000804FFBA0E block=sceKernelWaitSema wake=sceKernelWaitSema:00000002 host_managed=0 host_tid=0
[LOADER][TRACE] guest_thread.snapshot handle=0x00000211CDA6EA70 name='AssetGarbageCollectorHelper' state=Blocked executor=False imports=107 nid=04AjkP0jO9U ret=0x000000080A821799 block=_umtx_op_wait wake=sceKernelSyncOnAddress:00000006006CF7D8 host_managed=0 host_tid=0
[LOADER][TRACE] guest_thread.snapshot handle=0x00000211CDA6BA40 name='AssetGarbageCollectorHelper' state=Blocked executor=False imports=106 nid=04AjkP0jO9U ret=0x000000080A821799 block=_umtx_op_wait wake=sceKernelSyncOnAddress:00000006006CF928 host_managed=0 host_tid=0
[LOADER][TRACE] guest_thread.snapshot handle=0x00000211CDA6CA50 name='AssetGarbageCollectorHelper' state=Blocked executor=False imports=107 nid=04AjkP0jO9U ret=0x000000080A821799 block=_umtx_op_wait wake=sceKernelSyncOnAddress:00000006006CFA78 host_managed=0 host_tid=0
[LOADER][TRACE] guest_thread.snapshot handle=0x00000211CDA71AA0 name='AssetGarbageCollectorHelper' state=Blocked executor=False imports=106 nid=04AjkP0jO9U ret=0x000000080A821799 block=_umtx_op_wait wake=sceKernelSyncOnAddress:00000006006CFBC8 host_managed=0 host_tid=0
[LOADER][TRACE] guest_thread.snapshot handle=0x00000211CDA70A90 name='AssetGarbageCollectorHelper' state=Blocked executor=False imports=107 nid=04AjkP0jO9U ret=0x000000080A821799 block=_umtx_op_wait wake=sceKernelSyncOnAddress:00000006006CFD18 host_managed=0 host_tid=0
[LOADER][TRACE] guest_thread.snapshot handle=0x00000211CDA75AE0 name='AssetGarbageCollectorHelper' state=Blocked executor=False imports=106 nid=04AjkP0jO9U ret=0x000000080A821799 block=_umtx_op_wait wake=sceKernelSyncOnAddress:00000006006CFE68 host_managed=0 host_tid=0
[LOADER][TRACE] guest_thread.snapshot handle=0x00000211CDA73AC0 name='AssetGarbageCollectorHelper' state=Blocked executor=False imports=107 nid=04AjkP0jO9U ret=0x000000080A821799 block=_umtx_op_wait wake=sceKernelSyncOnAddress:00000006006CFFB8 host_managed=0 host_tid=0
[LOADER][TRACE] guest_thread.snapshot handle=0x00000211CDA72AB0 name='AssetGarbageCollectorHelper' state=Blocked executor=False imports=106 nid=04AjkP0jO9U ret=0x000000080A821799 block=_umtx_op_wait wake=sceKernelSyncOnAddress:00000006006D0108 host_managed=0 host_tid=0
[LOADER][TRACE] guest_thread.snapshot handle=0x00000211CDA76AF0 name='AssetGarbageCollectorHelper' state=Blocked executor=False imports=107 nid=04AjkP0jO9U ret=0x000000080A821799 block=_umtx_op_wait wake=sceKernelSyncOnAddress:00000006006D0258 host_managed=0 host_tid=0
[LOADER][TRACE] guest_thread.snapshot handle=0x00000211CDA74AD0 name='AssetGarbageCollectorHelper' state=Blocked executor=False imports=106 nid=04AjkP0jO9U ret=0x000000080A821799 block=_umtx_op_wait wake=sceKernelSyncOnAddress:00000006006D03A8 host_managed=0 host_tid=0
[LOADER][TRACE] guest_thread.snapshot handle=0x00000211CDA77B00 name='AssetGarbageCollectorHelper' state=Blocked executor=False imports=107 nid=04AjkP0jO9U ret=0x000000080A821799 block=_umtx_op_wait wake=sceKernelSyncOnAddress:00000006006D04F8 host_managed=0 host_tid=0
[LOADER][TRACE] guest_thread.snapshot handle=0x00000211CDA78B10 name='AssetGarbageCollectorHelper' state=Blocked executor=False imports=106 nid=04AjkP0jO9U ret=0x000000080A821799 block=_umtx_op_wait wake=sceKernelSyncOnAddress:00000006006D0648 host_managed=0 host_tid=0
[LOADER][TRACE] guest_thread.snapshot handle=0x00000211CCBDA080 name='AssetGarbageCollectorHelper' state=Blocked executor=False imports=107 nid=04AjkP0jO9U ret=0x000000080A821799 block=_umtx_op_wait wake=sceKernelSyncOnAddress:00000006006D0798 host_managed=0 host_tid=0
[LOADER][TRACE] guest_thread.snapshot handle=0x00000211CCBDB090 name='Thread-211CCBDB090' state=Blocked executor=False imports=40 nid=Zxa0VhQVTsk ret=0x0000000804FFBA0E block=sceKernelWaitSema wake=sceKernelWaitSema:00000002 host_managed=0 host_tid=0
[LOADER][TRACE] guest_thread.snapshot handle=0x00000211CDA6EA70 name='AssetGarbageCollectorHelper' state=Blocked executor=False imports=117 nid=04AjkP0jO9U ret=0x000000080A821799 block=_umtx_op_wait wake=sceKernelSyncOnAddress:00000006006CF7D8 host_managed=0 host_tid=0
[LOADER][TRACE] guest_thread.snapshot handle=0x00000211CDA6BA40 name='AssetGarbageCollectorHelper' state=Blocked executor=False imports=116 nid=04AjkP0jO9U ret=0x000000080A821799 block=_umtx_op_wait wake=sceKernelSyncOnAddress:00000006006CF928 host_managed=0 host_tid=0
[LOADER][TRACE] guest_thread.snapshot handle=0x00000211CDA6CA50 name='AssetGarbageCollectorHelper' state=Blocked executor=False imports=117 nid=04AjkP0jO9U ret=0x000000080A821799 block=_umtx_op_wait wake=sceKernelSyncOnAddress:00000006006CFA78 host_managed=0 host_tid=0
[LOADER][TRACE] guest_thread.snapshot handle=0x00000211CDA71AA0 name='AssetGarbageCollectorHelper' state=Blocked executor=False imports=116 nid=04AjkP0jO9U ret=0x000000080A821799 block=_umtx_op_wait wake=sceKernelSyncOnAddress:00000006006CFBC8 host_managed=0 host_tid=0
[LOADER][TRACE] guest_thread.snapshot handle=0x00000211CDA70A90 name='AssetGarbageCollectorHelper' state=Blocked executor=False imports=117 nid=04AjkP0jO9U ret=0x000000080A821799 block=_umtx_op_wait wake=sceKernelSyncOnAddress:00000006006CFD18 host_managed=0 host_tid=0
[LOADER][TRACE] guest_thread.snapshot handle=0x00000211CDA75AE0 name='AssetGarbageCollectorHelper' state=Blocked executor=False imports=116 nid=04AjkP0jO9U ret=0x000000080A821799 block=_umtx_op_wait wake=sceKernelSyncOnAddress:00000006006CFE68 host_managed=0 host_tid=0
[LOADER][TRACE] guest_thread.snapshot handle=0x00000211CDA73AC0 name='AssetGarbageCollectorHelper' state=Blocked executor=False imports=117 nid=04AjkP0jO9U ret=0x000000080A821799 block=_umtx_op_wait wake=sceKernelSyncOnAddress:00000006006CFFB8 host_managed=0 host_tid=0
[LOADER][TRACE] guest_thread.snapshot handle=0x00000211CDA72AB0 name='AssetGarbageCollectorHelper' state=Blocked executor=False imports=116 nid=04AjkP0jO9U ret=0x000000080A821799 block=_umtx_op_wait wake=sceKernelSyncOnAddress:00000006006D0108 host_managed=0 host_tid=0
[LOADER][TRACE] guest_thread.snapshot handle=0x00000211CDA76AF0 name='AssetGarbageCollectorHelper' state=Blocked executor=False imports=117 nid=04AjkP0jO9U ret=0x000000080A821799 block=_umtx_op_wait wake=sceKernelSyncOnAddress:00000006006D0258 host_managed=0 host_tid=0
[LOADER][TRACE] guest_thread.snapshot handle=0x00000211CDA74AD0 name='AssetGarbageCollectorHelper' state=Blocked executor=False imports=116 nid=04AjkP0jO9U ret=0x000000080A821799 block=_umtx_op_wait wake=sceKernelSyncOnAddress:00000006006D03A8 host_managed=0 host_tid=0
[LOADER][TRACE] guest_thread.snapshot handle=0x00000211CDA77B00 name='AssetGarbageCollectorHelper' state=Blocked executor=False imports=117 nid=04AjkP0jO9U ret=0x000000080A821799 block=_umtx_op_wait wake=sceKernelSyncOnAddress:00000006006D04F8 host_managed=0 host_tid=0
[LOADER][TRACE] guest_thread.snapshot handle=0x00000211CDA78B10 name='AssetGarbageCollectorHelper' state=Blocked executor=False imports=116 nid=04AjkP0jO9U ret=0x000000080A821799 block=_umtx_op_wait wake=sceKernelSyncOnAddress:00000006006D0648 host_managed=0 host_tid=0
[LOADER][TRACE] guest_thread.snapshot handle=0x00000211CCBDA080 name='AssetGarbageCollectorHelper' state=Blocked executor=False imports=117 nid=04AjkP0jO9U ret=0x000000080A821799 block=_umtx_op_wait wake=sceKernelSyncOnAddress:00000006006D0798 host_managed=0 host_tid=0
[LOADER][TRACE] guest_thread.snapshot handle=0x00000211CCBDB090 name='Thread-211CCBDB090' state=Blocked executor=False imports=40 nid=Zxa0VhQVTsk ret=0x0000000804FFBA0E block=sceKernelWaitSema wake=sceKernelWaitSema:00000002 host_managed=0 host_tid=0
[LOADER][ERROR] --- periodic snapshot ---
[LOADER][ERROR] Stall snapshot: rip=0x00006FFFFD0008C0 rsp=0x00007FFFF01FB8C8 rbp=0x00007FFFF01FB940 rax=0x00000211D23D0000 rbx=0x0000000100000BA0 rcx=0x00000000FFFFFFFF rdx=0x0000000000000000 rsi=0x0000000100000BA8 rdi=0x0000000100000BB0
[LOADER][ERROR] Stall import-stub: rip=0x00006FFFFD0008C0 nid=Op8TBGY5KHg -> libKernel:pthread_cond_wait
[LOADER][ERROR] Stall bytes @rip: 48 B8 00 00 3D D2 11 02 00 00 FF E0 90 90 90 90
[LOADER][ERROR] Stall stack: [rsp]=0x0000000804F3A074 [rsp+8]=0xFFFFFFFFFFFFFFFF
[LOADER][ERROR] Live hardware context (main thread 35592):
[LOADER][ERROR]   RIP=0x00007FFDBD3EAEE4 RSP=0x000000161CF7AB08 RBP=0x0000000000000001
[LOADER][ERROR]   RAX=0x00000000000014E1 RBX=0x000000161CF7ABD0 RCX=0x0000000000000001 RDX=0x0000020603666500
[LOADER][ERROR]   RSI=0x000000161CF7AC0C RDI=0x0000000000000002 R8=0x00000000FFFFFFFF R9=0x0000000000005DFF
[LOADER][ERROR]   R10=0x0000000000000001 R11=0x0000000000000001 R12=0x0000020603666500 R13=0x00000000FFFFFFFF R14=0x00000000023E8638 R15=0x000000161CF7AD40
[LOADER][ERROR]   RIP location: win32u.dll+0xAEE4
[LOADER][ERROR]   Live bytes @[RIP-32..RIP+16]: C3 CD 2E C3 0F 1F 84 00 00 00 00 00 4C 8B D1 B8 E1 14 00 00 F6 04 25 08 03 FE 7F 01 75 03 0F 05 C3 CD 2E C3 0F 1F 84 00 00 00 00 00 4C 8B D1 B8
[LOADER][ERROR]   Live bytes @RIP: C3 CD 2E C3 0F 1F 84 00 00 00 00 00 4C 8B D1 B8
[LOADER][ERROR]   Live stack frames (host code pointers):
[LOADER][ERROR]     [rsp+0x00] = 0x00007FFDBE586CB8 (combase.dll+0x16CB8)
[LOADER][ERROR]     [rsp+0x10] = 0x000000161CF7ABD0 (0x000000161CF7ABD0)
[LOADER][ERROR]     [rsp+0x18] = 0x000000161CF7ABD0 (0x000000161CF7ABD0)
[LOADER][ERROR]     [rsp+0x30] = 0x00007FFDBE5876B6 (combase.dll+0x176B6)
[LOADER][ERROR]     [rsp+0x40] = 0x00007FFCBC7F5819 (coreclr.dll+0x85819)
[LOADER][ERROR]     [rsp+0x48] = 0x00007FFC5CB84410 (0x00007FFC5CB84410)
[LOADER][ERROR]     [rsp+0x58] = 0x000000161CF7ABD0 (0x000000161CF7ABD0)
[LOADER][ERROR]     [rsp+0x60] = 0x00007FFDBE587691 (combase.dll+0x17691)
[LOADER][ERROR]     [rsp+0x70] = 0x000000161CF7AD40 (0x000000161CF7AD40)
[LOADER][ERROR]     [rsp+0x90] = 0x00007FFDBE585CF5 (combase.dll+0x15CF5)
[LOADER][ERROR]     [rsp+0xA0] = 0x0000020603666500 (0x0000020603666500)
[LOADER][ERROR]     [rsp+0xC8] = 0x00007FFDBE7E2150 (combase.dll+0x272150)
[LOADER][ERROR]     [rsp+0xE8] = 0x00000001023E862E (0x00000001023E862E)
[LOADER][ERROR] Stall guest-thread: handle=0x00000211CDA6EA70 name='AssetGarbageCollectorHelper' state=Blocked imports=120 nid=04AjkP0jO9U ret=0x000000080A821799 rdi=0x00000006006CF7D8 rsi=0x0000000000000002 rdx=0x0000000000000000 block=_umtx_op_wait
[LOADER][ERROR] Stall guest-thread: handle=0x00000211CDA6BA40 name='AssetGarbageCollectorHelper' state=Blocked imports=119 nid=04AjkP0jO9U ret=0x000000080A821799 rdi=0x00000006006CF928 rsi=0x0000000000000002 rdx=0x0000000000000000 block=_umtx_op_wait
[LOADER][ERROR] Stall guest-thread: handle=0x00000211CDA6CA50 name='AssetGarbageCollectorHelper' state=Blocked imports=120 nid=04AjkP0jO9U ret=0x000000080A821799 rdi=0x00000006006CFA78 rsi=0x0000000000000002 rdx=0x0000000000000000 block=_umtx_op_wait
[LOADER][ERROR] Stall guest-thread: handle=0x00000211CDA71AA0 name='AssetGarbageCollectorHelper' state=Blocked imports=119 nid=04AjkP0jO9U ret=0x000000080A821799 rdi=0x00000006006CFBC8 rsi=0x0000000000000002 rdx=0x0000000000000000 block=_umtx_op_wait
[LOADER][ERROR] Stall guest-thread: handle=0x00000211CDA70A90 name='AssetGarbageCollectorHelper' state=Blocked imports=120 nid=04AjkP0jO9U ret=0x000000080A821799 rdi=0x00000006006CFD18 rsi=0x0000000000000002 rdx=0x0000000000000000 block=_umtx_op_wait
[LOADER][ERROR] Stall guest-thread: handle=0x00000211CDA75AE0 name='AssetGarbageCollectorHelper' state=Blocked imports=119 nid=04AjkP0jO9U ret=0x000000080A821799 rdi=0x00000006006CFE68 rsi=0x0000000000000002 rdx=0x0000000000000000 block=_umtx_op_wait
[LOADER][ERROR] Stall guest-thread: handle=0x00000211CDA73AC0 name='AssetGarbageCollectorHelper' state=Blocked imports=120 nid=04AjkP0jO9U ret=0x000000080A821799 rdi=0x00000006006CFFB8 rsi=0x0000000000000002 rdx=0x0000000000000000 block=_umtx_op_wait
[LOADER][ERROR] Stall guest-thread: handle=0x00000211CDA72AB0 name='AssetGarbageCollectorHelper' state=Blocked imports=119 nid=04AjkP0jO9U ret=0x000000080A821799 rdi=0x00000006006D0108 rsi=0x0000000000000002 rdx=0x0000000000000000 block=_umtx_op_wait
[LOADER][ERROR] Stall guest-thread: handle=0x00000211CDA76AF0 name='AssetGarbageCollectorHelper' state=Blocked imports=120 nid=04AjkP0jO9U ret=0x000000080A821799 rdi=0x00000006006D0258 rsi=0x0000000000000002 rdx=0x0000000000000000 block=_umtx_op_wait
[LOADER][ERROR] Stall guest-thread: handle=0x00000211CDA74AD0 name='AssetGarbageCollectorHelper' state=Blocked imports=119 nid=04AjkP0jO9U ret=0x000000080A821799 rdi=0x00000006006D03A8 rsi=0x0000000000000002 rdx=0x0000000000000000 block=_umtx_op_wait
[LOADER][ERROR] Stall guest-thread: handle=0x00000211CDA77B00 name='AssetGarbageCollectorHelper' state=Blocked imports=120 nid=04AjkP0jO9U ret=0x000000080A821799 rdi=0x00000006006D04F8 rsi=0x0000000000000002 rdx=0x0000000000000000 block=_umtx_op_wait
[LOADER][ERROR] Stall guest-thread: handle=0x00000211CDA78B10 name='AssetGarbageCollectorHelper' state=Blocked imports=119 nid=04AjkP0jO9U ret=0x000000080A821799 rdi=0x00000006006D0648 rsi=0x0000000000000002 rdx=0x0000000000000000 block=_umtx_op_wait
[LOADER][ERROR] Stall guest-thread: handle=0x00000211CCBDA080 name='AssetGarbageCollectorHelper' state=Blocked imports=120 nid=04AjkP0jO9U ret=0x000000080A821799 rdi=0x00000006006D0798 rsi=0x0000000000000002 rdx=0x0000000000000000 block=_umtx_op_wait
[LOADER][ERROR] Stall guest-thread: handle=0x00000211CCBDB090 name='Thread-211CCBDB090' state=Blocked imports=40 nid=Zxa0VhQVTsk ret=0x0000000804FFBA0E rdi=0x0000000000000002 rsi=0x0000000000000001 rdx=0x0000000000000000 block=sceKernelWaitSema
[LOADER][TRACE] guest_thread.snapshot handle=0x00000211CDA6EA70 name='AssetGarbageCollectorHelper' state=Blocked executor=False imports=127 nid=04AjkP0jO9U ret=0x000000080A821799 block=_umtx_op_wait wake=sceKernelSyncOnAddress:00000006006CF7D8 host_managed=0 host_tid=0
[LOADER][TRACE] guest_thread.snapshot handle=0x00000211CDA6BA40 name='AssetGarbageCollectorHelper' state=Blocked executor=False imports=126 nid=04AjkP0jO9U ret=0x000000080A821799 block=_umtx_op_wait wake=sceKernelSyncOnAddress:00000006006CF928 host_managed=0 host_tid=0
[LOADER][TRACE] guest_thread.snapshot handle=0x00000211CDA6CA50 name='AssetGarbageCollectorHelper' state=Blocked executor=False imports=127 nid=04AjkP0jO9U ret=0x000000080A821799 block=_umtx_op_wait wake=sceKernelSyncOnAddress:00000006006CFA78 host_managed=0 host_tid=0
[LOADER][TRACE] guest_thread.snapshot handle=0x00000211CDA71AA0 name='AssetGarbageCollectorHelper' state=Blocked executor=False imports=126 nid=04AjkP0jO9U ret=0x000000080A821799 block=_umtx_op_wait wake=sceKernelSyncOnAddress:00000006006CFBC8 host_managed=0 host_tid=0
[LOADER][TRACE] guest_thread.snapshot handle=0x00000211CDA70A90 name='AssetGarbageCollectorHelper' state=Blocked executor=False imports=127 nid=04AjkP0jO9U ret=0x000000080A821799 block=_umtx_op_wait wake=sceKernelSyncOnAddress:00000006006CFD18 host_managed=0 host_tid=0
[LOADER][TRACE] guest_thread.snapshot handle=0x00000211CDA75AE0 name='AssetGarbageCollectorHelper' state=Blocked executor=False imports=126 nid=04AjkP0jO9U ret=0x000000080A821799 block=_umtx_op_wait wake=sceKernelSyncOnAddress:00000006006CFE68 host_managed=0 host_tid=0
[LOADER][TRACE] guest_thread.snapshot handle=0x00000211CDA73AC0 name='AssetGarbageCollectorHelper' state=Blocked executor=False imports=127 nid=04AjkP0jO9U ret=0x000000080A821799 block=_umtx_op_wait wake=sceKernelSyncOnAddress:00000006006CFFB8 host_managed=0 host_tid=0
[LOADER][TRACE] guest_thread.snapshot handle=0x00000211CDA72AB0 name='AssetGarbageCollectorHelper' state=Blocked executor=False imports=126 nid=04AjkP0jO9U ret=0x000000080A821799 block=_umtx_op_wait wake=sceKernelSyncOnAddress:00000006006D0108 host_managed=0 host_tid=0
[LOADER][TRACE] guest_thread.snapshot handle=0x00000211CDA76AF0 name='AssetGarbageCollectorHelper' state=Blocked executor=False imports=127 nid=04AjkP0jO9U ret=0x000000080A821799 block=_umtx_op_wait wake=sceKernelSyncOnAddress:00000006006D0258 host_managed=0 host_tid=0
[LOADER][TRACE] guest_thread.snapshot handle=0x00000211CDA74AD0 name='AssetGarbageCollectorHelper' state=Blocked executor=False imports=126 nid=04AjkP0jO9U ret=0x000000080A821799 block=_umtx_op_wait wake=sceKernelSyncOnAddress:00000006006D03A8 host_managed=0 host_tid=0
[LOADER][TRACE] guest_thread.snapshot handle=0x00000211CDA77B00 name='AssetGarbageCollectorHelper' state=Blocked executor=False imports=127 nid=04AjkP0jO9U ret=0x000000080A821799 block=_umtx_op_wait wake=sceKernelSyncOnAddress:00000006006D04F8 host_managed=0 host_tid=0
[LOADER][TRACE] guest_thread.snapshot handle=0x00000211CDA78B10 name='AssetGarbageCollectorHelper' state=Blocked executor=False imports=126 nid=04AjkP0jO9U ret=0x000000080A821799 block=_umtx_op_wait wake=sceKernelSyncOnAddress:00000006006D0648 host_managed=0 host_tid=0
[LOADER][TRACE] guest_thread.snapshot handle=0x00000211CCBDA080 name='AssetGarbageCollectorHelper' state=Blocked executor=False imports=127 nid=04AjkP0jO9U ret=0x000000080A821799 block=_umtx_op_wait wake=sceKernelSyncOnAddress:00000006006D0798 host_managed=0 host_tid=0
[LOADER][TRACE] guest_thread.snapshot handle=0x00000211CCBDB090 name='Thread-211CCBDB090' state=Blocked executor=False imports=40 nid=Zxa0VhQVTsk ret=0x0000000804FFBA0E block=sceKernelWaitSema wake=sceKernelWaitSema:00000002 host_managed=0 host_tid=0
[LOADER][TRACE] guest_thread.snapshot handle=0x00000211CDA6EA70 name='AssetGarbageCollectorHelper' state=Blocked executor=False imports=137 nid=04AjkP0jO9U ret=0x000000080A821799 block=_umtx_op_wait wake=sceKernelSyncOnAddress:00000006006CF7D8 host_managed=0 host_tid=0
[LOADER][TRACE] guest_thread.snapshot handle=0x00000211CDA6BA40 name='AssetGarbageCollectorHelper' state=Blocked executor=False imports=136 nid=04AjkP0jO9U ret=0x000000080A821799 block=_umtx_op_wait wake=sceKernelSyncOnAddress:00000006006CF928 host_managed=0 host_tid=0
[LOADER][TRACE] guest_thread.snapshot handle=0x00000211CDA6CA50 name='AssetGarbageCollectorHelper' state=Blocked executor=False imports=137 nid=04AjkP0jO9U ret=0x000000080A821799 block=_umtx_op_wait wake=sceKernelSyncOnAddress:00000006006CFA78 host_managed=0 host_tid=0
[LOADER][TRACE] guest_thread.snapshot handle=0x00000211CDA71AA0 name='AssetGarbageCollectorHelper' state=Blocked executor=False imports=136 nid=04AjkP0jO9U ret=0x000000080A821799 block=_umtx_op_wait wake=sceKernelSyncOnAddress:00000006006CFBC8 host_managed=0 host_tid=0
[LOADER][TRACE] guest_thread.snapshot handle=0x00000211CDA70A90 name='AssetGarbageCollectorHelper' state=Blocked executor=False imports=137 nid=04AjkP0jO9U ret=0x000000080A821799 block=_umtx_op_wait wake=sceKernelSyncOnAddress:00000006006CFD18 host_managed=0 host_tid=0
[LOADER][TRACE] guest_thread.snapshot handle=0x00000211CDA75AE0 name='AssetGarbageCollectorHelper' state=Blocked executor=False imports=136 nid=04AjkP0jO9U ret=0x000000080A821799 block=_umtx_op_wait wake=sceKernelSyncOnAddress:00000006006CFE68 host_managed=0 host_tid=0
[LOADER][TRACE] guest_thread.snapshot handle=0x00000211CDA73AC0 name='AssetGarbageCollectorHelper' state=Blocked executor=False imports=137 nid=04AjkP0jO9U ret=0x000000080A821799 block=_umtx_op_wait wake=sceKernelSyncOnAddress:00000006006CFFB8 host_managed=0 host_tid=0
[LOADER][TRACE] guest_thread.snapshot handle=0x00000211CDA72AB0 name='AssetGarbageCollectorHelper' state=Blocked executor=False imports=136 nid=04AjkP0jO9U ret=0x000000080A821799 block=_umtx_op_wait wake=sceKernelSyncOnAddress:00000006006D0108 host_managed=0 host_tid=0
[LOADER][TRACE] guest_thread.snapshot handle=0x00000211CDA76AF0 name='AssetGarbageCollectorHelper' state=Blocked executor=False imports=137 nid=04AjkP0jO9U ret=0x000000080A821799 block=_umtx_op_wait wake=sceKernelSyncOnAddress:00000006006D0258 host_managed=0 host_tid=0
[LOADER][TRACE] guest_thread.snapshot handle=0x00000211CDA74AD0 name='AssetGarbageCollectorHelper' state=Blocked executor=False imports=136 nid=04AjkP0jO9U ret=0x000000080A821799 block=_umtx_op_wait wake=sceKernelSyncOnAddress:00000006006D03A8 host_managed=0 host_tid=0
[LOADER][TRACE] guest_thread.snapshot handle=0x00000211CDA77B00 name='AssetGarbageCollectorHelper' state=Blocked executor=False imports=137 nid=04AjkP0jO9U ret=0x000000080A821799 block=_umtx_op_wait wake=sceKernelSyncOnAddress:00000006006D04F8 host_managed=0 host_tid=0
[LOADER][TRACE] guest_thread.snapshot handle=0x00000211CDA78B10 name='AssetGarbageCollectorHelper' state=Blocked executor=False imports=136 nid=04AjkP0jO9U ret=0x000000080A821799 block=_umtx_op_wait wake=sceKernelSyncOnAddress:00000006006D0648 host_managed=0 host_tid=0
[LOADER][TRACE] guest_thread.snapshot handle=0x00000211CCBDA080 name='AssetGarbageCollectorHelper' state=Blocked executor=False imports=137 nid=04AjkP0jO9U ret=0x000000080A821799 block=_umtx_op_wait wake=sceKernelSyncOnAddress:00000006006D0798 host_managed=0 host_tid=0
[LOADER][TRACE] guest_thread.snapshot handle=0x00000211CCBDB090 name='Thread-211CCBDB090' state=Blocked executor=False imports=40 nid=Zxa0VhQVTsk ret=0x0000000804FFBA0E block=sceKernelWaitSema wake=sceKernelWaitSema:00000002 host_managed=0 host_tid=0
[LOADER][TRACE] guest_thread.snapshot handle=0x00000211CDA6EA70 name='AssetGarbageCollectorHelper' state=Blocked executor=False imports=147 nid=04AjkP0jO9U ret=0x000000080A821799 block=_umtx_op_wait wake=sceKernelSyncOnAddress:00000006006CF7D8 host_managed=0 host_tid=0
[LOADER][TRACE] guest_thread.snapshot handle=0x00000211CDA6BA40 name='AssetGarbageCollectorHelper' state=Blocked executor=False imports=146 nid=04AjkP0jO9U ret=0x000000080A821799 block=_umtx_op_wait wake=sceKernelSyncOnAddress:00000006006CF928 host_managed=0 host_tid=0
[LOADER][TRACE] guest_thread.snapshot handle=0x00000211CDA6CA50 name='AssetGarbageCollectorHelper' state=Blocked executor=False imports=147 nid=04AjkP0jO9U ret=0x000000080A821799 block=_umtx_op_wait wake=sceKernelSyncOnAddress:00000006006CFA78 host_managed=0 host_tid=0
[LOADER][TRACE] guest_thread.snapshot handle=0x00000211CDA71AA0 name='AssetGarbageCollectorHelper' state=Blocked executor=False imports=146 nid=04AjkP0jO9U ret=0x000000080A821799 block=_umtx_op_wait wake=sceKernelSyncOnAddress:00000006006CFBC8 host_managed=0 host_tid=0
[LOADER][TRACE] guest_thread.snapshot handle=0x00000211CDA70A90 name='AssetGarbageCollectorHelper' state=Blocked executor=False imports=147 nid=04AjkP0jO9U ret=0x000000080A821799 block=_umtx_op_wait wake=sceKernelSyncOnAddress:00000006006CFD18 host_managed=0 host_tid=0
[LOADER][TRACE] guest_thread.snapshot handle=0x00000211CDA75AE0 name='AssetGarbageCollectorHelper' state=Blocked executor=False imports=146 nid=04AjkP0jO9U ret=0x000000080A821799 block=_umtx_op_wait wake=sceKernelSyncOnAddress:00000006006CFE68 host_managed=0 host_tid=0
[LOADER][TRACE] guest_thread.snapshot handle=0x00000211CDA73AC0 name='AssetGarbageCollectorHelper' state=Blocked executor=False imports=147 nid=04AjkP0jO9U ret=0x000000080A821799 block=_umtx_op_wait wake=sceKernelSyncOnAddress:00000006006CFFB8 host_managed=0 host_tid=0
[LOADER][TRACE] guest_thread.snapshot handle=0x00000211CDA72AB0 name='AssetGarbageCollectorHelper' state=Blocked executor=False imports=146 nid=04AjkP0jO9U ret=0x000000080A821799 block=_umtx_op_wait wake=sceKernelSyncOnAddress:00000006006D0108 host_managed=0 host_tid=0
[LOADER][TRACE] guest_thread.snapshot handle=0x00000211CDA76AF0 name='AssetGarbageCollectorHelper' state=Blocked executor=False imports=147 nid=04AjkP0jO9U ret=0x000000080A821799 block=_umtx_op_wait wake=sceKernelSyncOnAddress:00000006006D0258 host_managed=0 host_tid=0
[LOADER][TRACE] guest_thread.snapshot handle=0x00000211CDA74AD0 name='AssetGarbageCollectorHelper' state=Blocked executor=False imports=146 nid=04AjkP0jO9U ret=0x000000080A821799 block=_umtx_op_wait wake=sceKernelSyncOnAddress:00000006006D03A8 host_managed=0 host_tid=0
[LOADER][TRACE] guest_thread.snapshot handle=0x00000211CDA77B00 name='AssetGarbageCollectorHelper' state=Blocked executor=False imports=147 nid=04AjkP0jO9U ret=0x000000080A821799 block=_umtx_op_wait wake=sceKernelSyncOnAddress:00000006006D04F8 host_managed=0 host_tid=0
[LOADER][TRACE] guest_thread.snapshot handle=0x00000211CDA78B10 name='AssetGarbageCollectorHelper' state=Blocked executor=False imports=146 nid=04AjkP0jO9U ret=0x000000080A821799 block=_umtx_op_wait wake=sceKernelSyncOnAddress:00000006006D0648 host_managed=0 host_tid=0
[LOADER][TRACE] guest_thread.snapshot handle=0x00000211CCBDA080 name='AssetGarbageCollectorHelper' state=Blocked executor=False imports=147 nid=04AjkP0jO9U ret=0x000000080A821799 block=_umtx_op_wait wake=sceKernelSyncOnAddress:00000006006D0798 host_managed=0 host_tid=0
[LOADER][TRACE] guest_thread.snapshot handle=0x00000211CCBDB090 name='Thread-211CCBDB090' state=Blocked executor=False imports=40 nid=Zxa0VhQVTsk ret=0x0000000804FFBA0E block=sceKernelWaitSema wake=sceKernelWaitSema:00000002 host_managed=0 host_tid=0
[LOADER][TRACE] guest_thread.snapshot handle=0x00000211CDA6EA70 name='AssetGarbageCollectorHelper' state=Blocked executor=False imports=157 nid=04AjkP0jO9U ret=0x000000080A821799 block=_umtx_op_wait wake=sceKernelSyncOnAddress:00000006006CF7D8 host_managed=0 host_tid=0
[LOADER][TRACE] guest_thread.snapshot handle=0x00000211CDA6BA40 name='AssetGarbageCollectorHelper' state=Blocked executor=False imports=156 nid=04AjkP0jO9U ret=0x000000080A821799 block=_umtx_op_wait wake=sceKernelSyncOnAddress:00000006006CF928 host_managed=0 host_tid=0
[LOADER][TRACE] guest_thread.snapshot handle=0x00000211CDA6CA50 name='AssetGarbageCollectorHelper' state=Blocked executor=False imports=157 nid=04AjkP0jO9U ret=0x000000080A821799 block=_umtx_op_wait wake=sceKernelSyncOnAddress:00000006006CFA78 host_managed=0 host_tid=0
[LOADER][TRACE] guest_thread.snapshot handle=0x00000211CDA71AA0 name='AssetGarbageCollectorHelper' state=Blocked executor=False imports=156 nid=04AjkP0jO9U ret=0x000000080A821799 block=_umtx_op_wait wake=sceKernelSyncOnAddress:00000006006CFBC8 host_managed=0 host_tid=0
[LOADER][TRACE] guest_thread.snapshot handle=0x00000211CDA70A90 name='AssetGarbageCollectorHelper' state=Blocked executor=False imports=157 nid=04AjkP0jO9U ret=0x000000080A821799 block=_umtx_op_wait wake=sceKernelSyncOnAddress:00000006006CFD18 host_managed=0 host_tid=0
[LOADER][TRACE] guest_thread.snapshot handle=0x00000211CDA75AE0 name='AssetGarbageCollectorHelper' state=Blocked executor=False imports=156 nid=04AjkP0jO9U ret=0x000000080A821799 block=_umtx_op_wait wake=sceKernelSyncOnAddress:00000006006CFE68 host_managed=0 host_tid=0
[LOADER][TRACE] guest_thread.snapshot handle=0x00000211CDA73AC0 name='AssetGarbageCollectorHelper' state=Blocked executor=False imports=157 nid=04AjkP0jO9U ret=0x000000080A821799 block=_umtx_op_wait wake=sceKernelSyncOnAddress:00000006006CFFB8 host_managed=0 host_tid=0
[LOADER][TRACE] guest_thread.snapshot handle=0x00000211CDA72AB0 name='AssetGarbageCollectorHelper' state=Blocked executor=False imports=156 nid=04AjkP0jO9U ret=0x000000080A821799 block=_umtx_op_wait wake=sceKernelSyncOnAddress:00000006006D0108 host_managed=0 host_tid=0
[LOADER][TRACE] guest_thread.snapshot handle=0x00000211CDA76AF0 name='AssetGarbageCollectorHelper' state=Blocked executor=False imports=157 nid=04AjkP0jO9U ret=0x000000080A821799 block=_umtx_op_wait wake=sceKernelSyncOnAddress:00000006006D0258 host_managed=0 host_tid=0
[LOADER][TRACE] guest_thread.snapshot handle=0x00000211CDA74AD0 name='AssetGarbageCollectorHelper' state=Blocked executor=False imports=156 nid=04AjkP0jO9U ret=0x000000080A821799 block=_umtx_op_wait wake=sceKernelSyncOnAddress:00000006006D03A8 host_managed=0 host_tid=0
[LOADER][TRACE] guest_thread.snapshot handle=0x00000211CDA77B00 name='AssetGarbageCollectorHelper' state=Blocked executor=False imports=157 nid=04AjkP0jO9U ret=0x000000080A821799 block=_umtx_op_wait wake=sceKernelSyncOnAddress:00000006006D04F8 host_managed=0 host_tid=0
[LOADER][TRACE] guest_thread.snapshot handle=0x00000211CDA78B10 name='AssetGarbageCollectorHelper' state=Blocked executor=False imports=156 nid=04AjkP0jO9U ret=0x000000080A821799 block=_umtx_op_wait wake=sceKernelSyncOnAddress:00000006006D0648 host_managed=0 host_tid=0
[LOADER][TRACE] guest_thread.snapshot handle=0x00000211CCBDA080 name='AssetGarbageCollectorHelper' state=Blocked executor=False imports=157 nid=04AjkP0jO9U ret=0x000000080A821799 block=_umtx_op_wait wake=sceKernelSyncOnAddress:00000006006D0798 host_managed=0 host_tid=0
[LOADER][TRACE] guest_thread.snapshot handle=0x00000211CCBDB090 name='Thread-211CCBDB090' state=Blocked executor=False imports=40 nid=Zxa0VhQVTsk ret=0x0000000804FFBA0E block=sceKernelWaitSema wake=sceKernelWaitSema:00000002 host_managed=0 host_tid=0
[LOADER][TRACE] guest_thread.snapshot handle=0x00000211CDA6EA70 name='AssetGarbageCollectorHelper' state=Blocked executor=False imports=167 nid=04AjkP0jO9U ret=0x000000080A821799 block=_umtx_op_wait wake=sceKernelSyncOnAddress:00000006006CF7D8 host_managed=0 host_tid=0
[LOADER][TRACE] guest_thread.snapshot handle=0x00000211CDA6BA40 name='AssetGarbageCollectorHelper' state=Blocked executor=False imports=166 nid=04AjkP0jO9U ret=0x000000080A821799 block=_umtx_op_wait wake=sceKernelSyncOnAddress:00000006006CF928 host_managed=0 host_tid=0
[LOADER][TRACE] guest_thread.snapshot handle=0x00000211CDA6CA50 name='AssetGarbageCollectorHelper' state=Blocked executor=False imports=167 nid=04AjkP0jO9U ret=0x000000080A821799 block=_umtx_op_wait wake=sceKernelSyncOnAddress:00000006006CFA78 host_managed=0 host_tid=0
[LOADER][TRACE] guest_thread.snapshot handle=0x00000211CDA71AA0 name='AssetGarbageCollectorHelper' state=Blocked executor=False imports=166 nid=04AjkP0jO9U ret=0x000000080A821799 block=_umtx_op_wait wake=sceKernelSyncOnAddress:00000006006CFBC8 host_managed=0 host_tid=0
[LOADER][TRACE] guest_thread.snapshot handle=0x00000211CDA70A90 name='AssetGarbageCollectorHelper' state=Blocked executor=False imports=167 nid=04AjkP0jO9U ret=0x000000080A821799 block=_umtx_op_wait wake=sceKernelSyncOnAddress:00000006006CFD18 host_managed=0 host_tid=0
[LOADER][TRACE] guest_thread.snapshot handle=0x00000211CDA75AE0 name='AssetGarbageCollectorHelper' state=Blocked executor=False imports=166 nid=04AjkP0jO9U ret=0x000000080A821799 block=_umtx_op_wait wake=sceKernelSyncOnAddress:00000006006CFE68 host_managed=0 host_tid=0
[LOADER][TRACE] guest_thread.snapshot handle=0x00000211CDA73AC0 name='AssetGarbageCollectorHelper' state=Blocked executor=False imports=167 nid=04AjkP0jO9U ret=0x000000080A821799 block=_umtx_op_wait wake=sceKernelSyncOnAddress:00000006006CFFB8 host_managed=0 host_tid=0
[LOADER][TRACE] guest_thread.snapshot handle=0x00000211CDA72AB0 name='AssetGarbageCollectorHelper' state=Blocked executor=False imports=166 nid=04AjkP0jO9U ret=0x000000080A821799 block=_umtx_op_wait wake=sceKernelSyncOnAddress:00000006006D0108 host_managed=0 host_tid=0
[LOADER][TRACE] guest_thread.snapshot handle=0x00000211CDA76AF0 name='AssetGarbageCollectorHelper' state=Blocked executor=False imports=167 nid=04AjkP0jO9U ret=0x000000080A821799 block=_umtx_op_wait wake=sceKernelSyncOnAddress:00000006006D0258 host_managed=0 host_tid=0
[LOADER][TRACE] guest_thread.snapshot handle=0x00000211CDA74AD0 name='AssetGarbageCollectorHelper' state=Blocked executor=False imports=166 nid=04AjkP0jO9U ret=0x000000080A821799 block=_umtx_op_wait wake=sceKernelSyncOnAddress:00000006006D03A8 host_managed=0 host_tid=0
[LOADER][TRACE] guest_thread.snapshot handle=0x00000211CDA77B00 name='AssetGarbageCollectorHelper' state=Blocked executor=False imports=167 nid=04AjkP0jO9U ret=0x000000080A821799 block=_umtx_op_wait wake=sceKernelSyncOnAddress:00000006006D04F8 host_managed=0 host_tid=0
[LOADER][TRACE] guest_thread.snapshot handle=0x00000211CDA78B10 name='AssetGarbageCollectorHelper' state=Blocked executor=False imports=166 nid=04AjkP0jO9U ret=0x000000080A821799 block=_umtx_op_wait wake=sceKernelSyncOnAddress:00000006006D0648 host_managed=0 host_tid=0
[LOADER][TRACE] guest_thread.snapshot handle=0x00000211CCBDA080 name='AssetGarbageCollectorHelper' state=Blocked executor=False imports=167 nid=04AjkP0jO9U ret=0x000000080A821799 block=_umtx_op_wait wake=sceKernelSyncOnAddress:00000006006D0798 host_managed=0 host_tid=0
[LOADER][TRACE] guest_thread.snapshot handle=0x00000211CCBDB090 name='Thread-211CCBDB090' state=Blocked executor=False imports=40 nid=Zxa0VhQVTsk ret=0x0000000804FFBA0E block=sceKernelWaitSema wake=sceKernelWaitSema:00000002 host_managed=0 host_tid=0
[LOADER][ERROR] --- periodic snapshot ---
[LOADER][ERROR] Stall snapshot: rip=0x00006FFFFD0008C0 rsp=0x00007FFFF01FB8C8 rbp=0x00007FFFF01FB940 rax=0x00000211D23D0000 rbx=0x0000000100000BA0 rcx=0x00000000FFFFFFFF rdx=0x0000000000000000 rsi=0x0000000100000BA8 rdi=0x0000000100000BB0
[LOADER][ERROR] Stall import-stub: rip=0x00006FFFFD0008C0 nid=Op8TBGY5KHg -> libKernel:pthread_cond_wait
[LOADER][ERROR] Stall bytes @rip: 48 B8 00 00 3D D2 11 02 00 00 FF E0 90 90 90 90
[LOADER][ERROR] Stall stack: [rsp]=0x0000000804F3A074 [rsp+8]=0xFFFFFFFFFFFFFFFF
[LOADER][ERROR] Live hardware context (main thread 35592):
[LOADER][ERROR]   RIP=0x00007FFDBD3EAEE4 RSP=0x000000161CF7AB08 RBP=0x0000000000000001
[LOADER][ERROR]   RAX=0x00000000000014E1 RBX=0x000000161CF7ABD0 RCX=0x0000000000000001 RDX=0x0000020603666500
[LOADER][ERROR]   RSI=0x000000161CF7AC0C RDI=0x0000000000000002 R8=0x00000000FFFFFFFF R9=0x0000000000005DFF
[LOADER][ERROR]   R10=0x0000000000000001 R11=0x0000000000000001 R12=0x0000020603666500 R13=0x00000000FFFFFFFF R14=0x00000000023E8638 R15=0x000000161CF7AD40
[LOADER][ERROR]   RIP location: win32u.dll+0xAEE4
[LOADER][ERROR]   Live bytes @[RIP-32..RIP+16]: C3 CD 2E C3 0F 1F 84 00 00 00 00 00 4C 8B D1 B8 E1 14 00 00 F6 04 25 08 03 FE 7F 01 75 03 0F 05 C3 CD 2E C3 0F 1F 84 00 00 00 00 00 4C 8B D1 B8
[LOADER][ERROR]   Live bytes @RIP: C3 CD 2E C3 0F 1F 84 00 00 00 00 00 4C 8B D1 B8
[LOADER][ERROR]   Live stack frames (host code pointers):
[LOADER][ERROR]     [rsp+0x00] = 0x00007FFDBE586CB8 (combase.dll+0x16CB8)
[LOADER][ERROR]     [rsp+0x10] = 0x000000161CF7ABD0 (0x000000161CF7ABD0)
[LOADER][ERROR]     [rsp+0x18] = 0x000000161CF7ABD0 (0x000000161CF7ABD0)
[LOADER][ERROR]     [rsp+0x30] = 0x00007FFDBE5876B6 (combase.dll+0x176B6)
[LOADER][ERROR]     [rsp+0x40] = 0x00007FFCBC7F5819 (coreclr.dll+0x85819)
[LOADER][ERROR]     [rsp+0x48] = 0x00007FFC5CB84410 (0x00007FFC5CB84410)
[LOADER][ERROR]     [rsp+0x58] = 0x000000161CF7ABD0 (0x000000161CF7ABD0)
[LOADER][ERROR]     [rsp+0x60] = 0x00007FFDBE587691 (combase.dll+0x17691)
[LOADER][ERROR]     [rsp+0x70] = 0x000000161CF7AD40 (0x000000161CF7AD40)
[LOADER][ERROR]     [rsp+0x90] = 0x00007FFDBE585CF5 (combase.dll+0x15CF5)
[LOADER][ERROR]     [rsp+0xA0] = 0x0000020603666500 (0x0000020603666500)
[LOADER][ERROR]     [rsp+0xC8] = 0x00007FFDBE7E2150 (combase.dll+0x272150)
[LOADER][ERROR]     [rsp+0xE8] = 0x00000001023E862E (0x00000001023E862E)
[LOADER][ERROR] Stall guest-thread: handle=0x00000211CDA6EA70 name='AssetGarbageCollectorHelper' state=Blocked imports=170 nid=04AjkP0jO9U ret=0x000000080A821799 rdi=0x00000006006CF7D8 rsi=0x0000000000000002 rdx=0x0000000000000000 block=_umtx_op_wait
[LOADER][ERROR] Stall guest-thread: handle=0x00000211CDA6BA40 name='AssetGarbageCollectorHelper' state=Blocked imports=169 nid=04AjkP0jO9U ret=0x000000080A821799 rdi=0x00000006006CF928 rsi=0x0000000000000002 rdx=0x0000000000000000 block=_umtx_op_wait
[LOADER][ERROR] Stall guest-thread: handle=0x00000211CDA6CA50 name='AssetGarbageCollectorHelper' state=Blocked imports=170 nid=04AjkP0jO9U ret=0x000000080A821799 rdi=0x00000006006CFA78 rsi=0x0000000000000002 rdx=0x0000000000000000 block=_umtx_op_wait
[LOADER][ERROR] Stall guest-thread: handle=0x00000211CDA71AA0 name='AssetGarbageCollectorHelper' state=Blocked imports=169 nid=04AjkP0jO9U ret=0x000000080A821799 rdi=0x00000006006CFBC8 rsi=0x0000000000000002 rdx=0x0000000000000000 block=_umtx_op_wait
[LOADER][ERROR] Stall guest-thread: handle=0x00000211CDA70A90 name='AssetGarbageCollectorHelper' state=Blocked imports=170 nid=04AjkP0jO9U ret=0x000000080A821799 rdi=0x00000006006CFD18 rsi=0x0000000000000002 rdx=0x0000000000000000 block=_umtx_op_wait
[LOADER][ERROR] Stall guest-thread: handle=0x00000211CDA75AE0 name='AssetGarbageCollectorHelper' state=Blocked imports=169 nid=04AjkP0jO9U ret=0x000000080A821799 rdi=0x00000006006CFE68 rsi=0x0000000000000002 rdx=0x0000000000000000 block=_umtx_op_wait
[LOADER][ERROR] Stall guest-thread: handle=0x00000211CDA73AC0 name='AssetGarbageCollectorHelper' state=Blocked imports=170 nid=04AjkP0jO9U ret=0x000000080A821799 rdi=0x00000006006CFFB8 rsi=0x0000000000000002 rdx=0x0000000000000000 block=_umtx_op_wait
[LOADER][ERROR] Stall guest-thread: handle=0x00000211CDA72AB0 name='AssetGarbageCollectorHelper' state=Blocked imports=169 nid=04AjkP0jO9U ret=0x000000080A821799 rdi=0x00000006006D0108 rsi=0x0000000000000002 rdx=0x0000000000000000 block=_umtx_op_wait
[LOADER][ERROR] Stall guest-thread: handle=0x00000211CDA76AF0 name='AssetGarbageCollectorHelper' state=Blocked imports=170 nid=04AjkP0jO9U ret=0x000000080A821799 rdi=0x00000006006D0258 rsi=0x0000000000000002 rdx=0x0000000000000000 block=_umtx_op_wait
[LOADER][ERROR] Stall guest-thread: handle=0x00000211CDA74AD0 name='AssetGarbageCollectorHelper' state=Blocked imports=169 nid=04AjkP0jO9U ret=0x000000080A821799 rdi=0x00000006006D03A8 rsi=0x0000000000000002 rdx=0x0000000000000000 block=_umtx_op_wait
[LOADER][ERROR] Stall guest-thread: handle=0x00000211CDA77B00 name='AssetGarbageCollectorHelper' state=Blocked imports=170 nid=04AjkP0jO9U ret=0x000000080A821799 rdi=0x00000006006D04F8 rsi=0x0000000000000002 rdx=0x0000000000000000 block=_umtx_op_wait
[LOADER][ERROR] Stall guest-thread: handle=0x00000211CDA78B10 name='AssetGarbageCollectorHelper' state=Blocked imports=169 nid=04AjkP0jO9U ret=0x000000080A821799 rdi=0x00000006006D0648 rsi=0x0000000000000002 rdx=0x0000000000000000 block=_umtx_op_wait
[LOADER][ERROR] Stall guest-thread: handle=0x00000211CCBDA080 name='AssetGarbageCollectorHelper' state=Blocked imports=170 nid=04AjkP0jO9U ret=0x000000080A821799 rdi=0x00000006006D0798 rsi=0x0000000000000002 rdx=0x0000000000000000 block=_umtx_op_wait
[LOADER][ERROR] Stall guest-thread: handle=0x00000211CCBDB090 name='Thread-211CCBDB090' state=Blocked imports=40 nid=Zxa0VhQVTsk ret=0x0000000804FFBA0E rdi=0x0000000000000002 rsi=0x0000000000000001 rdx=0x0000000000000000 block=sceKernelWaitSema
[LOADER][TRACE] guest_thread.snapshot handle=0x00000211CDA6EA70 name='AssetGarbageCollectorHelper' state=Blocked executor=False imports=177 nid=04AjkP0jO9U ret=0x000000080A821799 block=_umtx_op_wait wake=sceKernelSyncOnAddress:00000006006CF7D8 host_managed=0 host_tid=0
[LOADER][TRACE] guest_thread.snapshot handle=0x00000211CDA6BA40 name='AssetGarbageCollectorHelper' state=Blocked executor=False imports=176 nid=04AjkP0jO9U ret=0x000000080A821799 block=_umtx_op_wait wake=sceKernelSyncOnAddress:00000006006CF928 host_managed=0 host_tid=0
[LOADER][TRACE] guest_thread.snapshot handle=0x00000211CDA6CA50 name='AssetGarbageCollectorHelper' state=Blocked executor=False imports=177 nid=04AjkP0jO9U ret=0x000000080A821799 block=_umtx_op_wait wake=sceKernelSyncOnAddress:00000006006CFA78 host_managed=0 host_tid=0
[LOADER][TRACE] guest_thread.snapshot handle=0x00000211CDA71AA0 name='AssetGarbageCollectorHelper' state=Blocked executor=False imports=176 nid=04AjkP0jO9U ret=0x000000080A821799 block=_umtx_op_wait wake=sceKernelSyncOnAddress:00000006006CFBC8 host_managed=0 host_tid=0
[LOADER][TRACE] guest_thread.snapshot handle=0x00000211CDA70A90 name='AssetGarbageCollectorHelper' state=Blocked executor=False imports=177 nid=04AjkP0jO9U ret=0x000000080A821799 block=_umtx_op_wait wake=sceKernelSyncOnAddress:00000006006CFD18 host_managed=0 host_tid=0
[LOADER][TRACE] guest_thread.snapshot handle=0x00000211CDA75AE0 name='AssetGarbageCollectorHelper' state=Blocked executor=False imports=176 nid=04AjkP0jO9U ret=0x000000080A821799 block=_umtx_op_wait wake=sceKernelSyncOnAddress:00000006006CFE68 host_managed=0 host_tid=0
[LOADER][TRACE] guest_thread.snapshot handle=0x00000211CDA73AC0 name='AssetGarbageCollectorHelper' state=Blocked executor=False imports=177 nid=04AjkP0jO9U ret=0x000000080A821799 block=_umtx_op_wait wake=sceKernelSyncOnAddress:00000006006CFFB8 host_managed=0 host_tid=0
[LOADER][TRACE] guest_thread.snapshot handle=0x00000211CDA72AB0 name='AssetGarbageCollectorHelper' state=Blocked executor=False imports=176 nid=04AjkP0jO9U ret=0x000000080A821799 block=_umtx_op_wait wake=sceKernelSyncOnAddress:00000006006D0108 host_managed=0 host_tid=0
[LOADER][TRACE] guest_thread.snapshot handle=0x00000211CDA76AF0 name='AssetGarbageCollectorHelper' state=Blocked executor=False imports=177 nid=04AjkP0jO9U ret=0x000000080A821799 block=_umtx_op_wait wake=sceKernelSyncOnAddress:00000006006D0258 host_managed=0 host_tid=0
[LOADER][TRACE] guest_thread.snapshot handle=0x00000211CDA74AD0 name='AssetGarbageCollectorHelper' state=Blocked executor=False imports=176 nid=04AjkP0jO9U ret=0x000000080A821799 block=_umtx_op_wait wake=sceKernelSyncOnAddress:00000006006D03A8 host_managed=0 host_tid=0
[LOADER][TRACE] guest_thread.snapshot handle=0x00000211CDA77B00 name='AssetGarbageCollectorHelper' state=Blocked executor=False imports=177 nid=04AjkP0jO9U ret=0x000000080A821799 block=_umtx_op_wait wake=sceKernelSyncOnAddress:00000006006D04F8 host_managed=0 host_tid=0
[LOADER][TRACE] guest_thread.snapshot handle=0x00000211CDA78B10 name='AssetGarbageCollectorHelper' state=Blocked executor=False imports=176 nid=04AjkP0jO9U ret=0x000000080A821799 block=_umtx_op_wait wake=sceKernelSyncOnAddress:00000006006D0648 host_managed=0 host_tid=0
[LOADER][TRACE] guest_thread.snapshot handle=0x00000211CCBDA080 name='AssetGarbageCollectorHelper' state=Blocked executor=False imports=177 nid=04AjkP0jO9U ret=0x000000080A821799 block=_umtx_op_wait wake=sceKernelSyncOnAddress:00000006006D0798 host_managed=0 host_tid=0
[LOADER][TRACE] guest_thread.snapshot handle=0x00000211CCBDB090 name='Thread-211CCBDB090' state=Blocked executor=False imports=40 nid=Zxa0VhQVTsk ret=0x0000000804FFBA0E block=sceKernelWaitSema wake=sceKernelWaitSema:00000002 host_managed=0 host_tid=0
[LOADER][TRACE] guest_thread.snapshot handle=0x00000211CDA6EA70 name='AssetGarbageCollectorHelper' state=Blocked executor=False imports=187 nid=04AjkP0jO9U ret=0x000000080A821799 block=_umtx_op_wait wake=sceKernelSyncOnAddress:00000006006CF7D8 host_managed=0 host_tid=0
[LOADER][TRACE] guest_thread.snapshot handle=0x00000211CDA6BA40 name='AssetGarbageCollectorHelper' state=Blocked executor=False imports=186 nid=04AjkP0jO9U ret=0x000000080A821799 block=_umtx_op_wait wake=sceKernelSyncOnAddress:00000006006CF928 host_managed=0 host_tid=0
[LOADER][TRACE] guest_thread.snapshot handle=0x00000211CDA6CA50 name='AssetGarbageCollectorHelper' state=Blocked executor=False imports=187 nid=04AjkP0jO9U ret=0x000000080A821799 block=_umtx_op_wait wake=sceKernelSyncOnAddress:00000006006CFA78 host_managed=0 host_tid=0
[LOADER][TRACE] guest_thread.snapshot handle=0x00000211CDA71AA0 name='AssetGarbageCollectorHelper' state=Blocked executor=False imports=186 nid=04AjkP0jO9U ret=0x000000080A821799 block=_umtx_op_wait wake=sceKernelSyncOnAddress:00000006006CFBC8 host_managed=0 host_tid=0
[LOADER][TRACE] guest_thread.snapshot handle=0x00000211CDA70A90 name='AssetGarbageCollectorHelper' state=Blocked executor=False imports=187 nid=04AjkP0jO9U ret=0x000000080A821799 block=_umtx_op_wait wake=sceKernelSyncOnAddress:00000006006CFD18 host_managed=0 host_tid=0
[LOADER][TRACE] guest_thread.snapshot handle=0x00000211CDA75AE0 name='AssetGarbageCollectorHelper' state=Blocked executor=False imports=186 nid=04AjkP0jO9U ret=0x000000080A821799 block=_umtx_op_wait wake=sceKernelSyncOnAddress:00000006006CFE68 host_managed=0 host_tid=0
[LOADER][TRACE] guest_thread.snapshot handle=0x00000211CDA73AC0 name='AssetGarbageCollectorHelper' state=Blocked executor=False imports=187 nid=04AjkP0jO9U ret=0x000000080A821799 block=_umtx_op_wait wake=sceKernelSyncOnAddress:00000006006CFFB8 host_managed=0 host_tid=0
[LOADER][TRACE] guest_thread.snapshot handle=0x00000211CDA72AB0 name='AssetGarbageCollectorHelper' state=Blocked executor=False imports=186 nid=04AjkP0jO9U ret=0x000000080A821799 block=_umtx_op_wait wake=sceKernelSyncOnAddress:00000006006D0108 host_managed=0 host_tid=0
[LOADER][TRACE] guest_thread.snapshot handle=0x00000211CDA76AF0 name='AssetGarbageCollectorHelper' state=Blocked executor=False imports=187 nid=04AjkP0jO9U ret=0x000000080A821799 block=_umtx_op_wait wake=sceKernelSyncOnAddress:00000006006D0258 host_managed=0 host_tid=0
[LOADER][TRACE] guest_thread.snapshot handle=0x00000211CDA74AD0 name='AssetGarbageCollectorHelper' state=Blocked executor=False imports=186 nid=04AjkP0jO9U ret=0x000000080A821799 block=_umtx_op_wait wake=sceKernelSyncOnAddress:00000006006D03A8 host_managed=0 host_tid=0
[LOADER][TRACE] guest_thread.snapshot handle=0x00000211CDA77B00 name='AssetGarbageCollectorHelper' state=Blocked executor=False imports=187 nid=04AjkP0jO9U ret=0x000000080A821799 block=_umtx_op_wait wake=sceKernelSyncOnAddress:00000006006D04F8 host_managed=0 host_tid=0
[LOADER][TRACE] guest_thread.snapshot handle=0x00000211CDA78B10 name='AssetGarbageCollectorHelper' state=Blocked executor=False imports=186 nid=04AjkP0jO9U ret=0x000000080A821799 block=_umtx_op_wait wake=sceKernelSyncOnAddress:00000006006D0648 host_managed=0 host_tid=0
[LOADER][TRACE] guest_thread.snapshot handle=0x00000211CCBDA080 name='AssetGarbageCollectorHelper' state=Blocked executor=False imports=187 nid=04AjkP0jO9U ret=0x000000080A821799 block=_umtx_op_wait wake=sceKernelSyncOnAddress:00000006006D0798 host_managed=0 host_tid=0
[LOADER][TRACE] guest_thread.snapshot handle=0x00000211CCBDB090 name='Thread-211CCBDB090' state=Blocked executor=False imports=40 nid=Zxa0VhQVTsk ret=0x0000000804FFBA0E block=sceKernelWaitSema wake=sceKernelWaitSema:00000002 host_managed=0 host_tid=0
[LOADER][TRACE] guest_thread.snapshot handle=0x00000211CDA6EA70 name='AssetGarbageCollectorHelper' state=Blocked executor=False imports=197 nid=04AjkP0jO9U ret=0x000000080A821799 block=_umtx_op_wait wake=sceKernelSyncOnAddress:00000006006CF7D8 host_managed=0 host_tid=0
[LOADER][TRACE] guest_thread.snapshot handle=0x00000211CDA6BA40 name='AssetGarbageCollectorHelper' state=Blocked executor=False imports=196 nid=04AjkP0jO9U ret=0x000000080A821799 block=_umtx_op_wait wake=sceKernelSyncOnAddress:00000006006CF928 host_managed=0 host_tid=0
[LOADER][TRACE] guest_thread.snapshot handle=0x00000211CDA6CA50 name='AssetGarbageCollectorHelper' state=Blocked executor=False imports=197 nid=04AjkP0jO9U ret=0x000000080A821799 block=_umtx_op_wait wake=sceKernelSyncOnAddress:00000006006CFA78 host_managed=0 host_tid=0
[LOADER][TRACE] guest_thread.snapshot handle=0x00000211CDA71AA0 name='AssetGarbageCollectorHelper' state=Blocked executor=False imports=196 nid=04AjkP0jO9U ret=0x000000080A821799 block=_umtx_op_wait wake=sceKernelSyncOnAddress:00000006006CFBC8 host_managed=0 host_tid=0
[LOADER][TRACE] guest_thread.snapshot handle=0x00000211CDA70A90 name='AssetGarbageCollectorHelper' state=Blocked executor=False imports=197 nid=04AjkP0jO9U ret=0x000000080A821799 block=_umtx_op_wait wake=sceKernelSyncOnAddress:00000006006CFD18 host_managed=0 host_tid=0
[LOADER][TRACE] guest_thread.snapshot handle=0x00000211CDA75AE0 name='AssetGarbageCollectorHelper' state=Blocked executor=False imports=196 nid=04AjkP0jO9U ret=0x000000080A821799 block=_umtx_op_wait wake=sceKernelSyncOnAddress:00000006006CFE68 host_managed=0 host_tid=0
[LOADER][TRACE] guest_thread.snapshot handle=0x00000211CDA73AC0 name='AssetGarbageCollectorHelper' state=Blocked executor=False imports=197 nid=04AjkP0jO9U ret=0x000000080A821799 block=_umtx_op_wait wake=sceKernelSyncOnAddress:00000006006CFFB8 host_managed=0 host_tid=0
[LOADER][TRACE] guest_thread.snapshot handle=0x00000211CDA72AB0 name='AssetGarbageCollectorHelper' state=Blocked executor=False imports=196 nid=04AjkP0jO9U ret=0x000000080A821799 block=_umtx_op_wait wake=sceKernelSyncOnAddress:00000006006D0108 host_managed=0 host_tid=0
[LOADER][TRACE] guest_thread.snapshot handle=0x00000211CDA76AF0 name='AssetGarbageCollectorHelper' state=Blocked executor=False imports=197 nid=04AjkP0jO9U ret=0x000000080A821799 block=_umtx_op_wait wake=sceKernelSyncOnAddress:00000006006D0258 host_managed=0 host_tid=0
[LOADER][TRACE] guest_thread.snapshot handle=0x00000211CDA74AD0 name='AssetGarbageCollectorHelper' state=Blocked executor=False imports=196 nid=04AjkP0jO9U ret=0x000000080A821799 block=_umtx_op_wait wake=sceKernelSyncOnAddress:00000006006D03A8 host_managed=0 host_tid=0
[LOADER][TRACE] guest_thread.snapshot handle=0x00000211CDA77B00 name='AssetGarbageCollectorHelper' state=Blocked executor=False imports=197 nid=04AjkP0jO9U ret=0x000000080A821799 block=_umtx_op_wait wake=sceKernelSyncOnAddress:00000006006D04F8 host_managed=0 host_tid=0
[LOADER][TRACE] guest_thread.snapshot handle=0x00000211CDA78B10 name='AssetGarbageCollectorHelper' state=Blocked executor=False imports=196 nid=04AjkP0jO9U ret=0x000000080A821799 block=_umtx_op_wait wake=sceKernelSyncOnAddress:00000006006D0648 host_managed=0 host_tid=0
[LOADER][TRACE] guest_thread.snapshot handle=0x00000211CCBDA080 name='AssetGarbageCollectorHelper' state=Blocked executor=False imports=197 nid=04AjkP0jO9U ret=0x000000080A821799 block=_umtx_op_wait wake=sceKernelSyncOnAddress:00000006006D0798 host_managed=0 host_tid=0
[LOADER][TRACE] guest_thread.snapshot handle=0x00000211CCBDB090 name='Thread-211CCBDB090' state=Blocked executor=False imports=40 nid=Zxa0VhQVTsk ret=0x0000000804FFBA0E block=sceKernelWaitSema wake=sceKernelWaitSema:00000002 host_managed=0 host_tid=0
[LOADER][TRACE] guest_thread.snapshot handle=0x00000211CDA6EA70 name='AssetGarbageCollectorHelper' state=Blocked executor=False imports=207 nid=04AjkP0jO9U ret=0x000000080A821799 block=_umtx_op_wait wake=sceKernelSyncOnAddress:00000006006CF7D8 host_managed=0 host_tid=0
[LOADER][TRACE] guest_thread.snapshot handle=0x00000211CDA6BA40 name='AssetGarbageCollectorHelper' state=Blocked executor=False imports=206 nid=04AjkP0jO9U ret=0x000000080A821799 block=_umtx_op_wait wake=sceKernelSyncOnAddress:00000006006CF928 host_managed=0 host_tid=0
[LOADER][TRACE] guest_thread.snapshot handle=0x00000211CDA6CA50 name='AssetGarbageCollectorHelper' state=Blocked executor=False imports=207 nid=04AjkP0jO9U ret=0x000000080A821799 block=_umtx_op_wait wake=sceKernelSyncOnAddress:00000006006CFA78 host_managed=0 host_tid=0
[LOADER][TRACE] guest_thread.snapshot handle=0x00000211CDA71AA0 name='AssetGarbageCollectorHelper' state=Blocked executor=False imports=206 nid=04AjkP0jO9U ret=0x000000080A821799 block=_umtx_op_wait wake=sceKernelSyncOnAddress:00000006006CFBC8 host_managed=0 host_tid=0
[LOADER][TRACE] guest_thread.snapshot handle=0x00000211CDA70A90 name='AssetGarbageCollectorHelper' state=Blocked executor=False imports=207 nid=04AjkP0jO9U ret=0x000000080A821799 block=_umtx_op_wait wake=sceKernelSyncOnAddress:00000006006CFD18 host_managed=0 host_tid=0
[LOADER][TRACE] guest_thread.snapshot handle=0x00000211CDA75AE0 name='AssetGarbageCollectorHelper' state=Blocked executor=False imports=206 nid=04AjkP0jO9U ret=0x000000080A821799 block=_umtx_op_wait wake=sceKernelSyncOnAddress:00000006006CFE68 host_managed=0 host_tid=0
[LOADER][TRACE] guest_thread.snapshot handle=0x00000211CDA73AC0 name='AssetGarbageCollectorHelper' state=Blocked executor=False imports=207 nid=04AjkP0jO9U ret=0x000000080A821799 block=_umtx_op_wait wake=sceKernelSyncOnAddress:00000006006CFFB8 host_managed=0 host_tid=0
[LOADER][TRACE] guest_thread.snapshot handle=0x00000211CDA72AB0 name='AssetGarbageCollectorHelper' state=Blocked executor=False imports=206 nid=04AjkP0jO9U ret=0x000000080A821799 block=_umtx_op_wait wake=sceKernelSyncOnAddress:00000006006D0108 host_managed=0 host_tid=0
[LOADER][TRACE] guest_thread.snapshot handle=0x00000211CDA76AF0 name='AssetGarbageCollectorHelper' state=Blocked executor=False imports=207 nid=04AjkP0jO9U ret=0x000000080A821799 block=_umtx_op_wait wake=sceKernelSyncOnAddress:00000006006D0258 host_managed=0 host_tid=0
[LOADER][TRACE] guest_thread.snapshot handle=0x00000211CDA74AD0 name='AssetGarbageCollectorHelper' state=Blocked executor=False imports=206 nid=04AjkP0jO9U ret=0x000000080A821799 block=_umtx_op_wait wake=sceKernelSyncOnAddress:00000006006D03A8 host_managed=0 host_tid=0
[LOADER][TRACE] guest_thread.snapshot handle=0x00000211CDA77B00 name='AssetGarbageCollectorHelper' state=Blocked executor=False imports=207 nid=04AjkP0jO9U ret=0x000000080A821799 block=_umtx_op_wait wake=sceKernelSyncOnAddress:00000006006D04F8 host_managed=0 host_tid=0
[LOADER][TRACE] guest_thread.snapshot handle=0x00000211CDA78B10 name='AssetGarbageCollectorHelper' state=Blocked executor=False imports=206 nid=04AjkP0jO9U ret=0x000000080A821799 block=_umtx_op_wait wake=sceKernelSyncOnAddress:00000006006D0648 host_managed=0 host_tid=0
[LOADER][TRACE] guest_thread.snapshot handle=0x00000211CCBDA080 name='AssetGarbageCollectorHelper' state=Blocked executor=False imports=207 nid=04AjkP0jO9U ret=0x000000080A821799 block=_umtx_op_wait wake=sceKernelSyncOnAddress:00000006006D0798 host_managed=0 host_tid=0
[LOADER][TRACE] guest_thread.snapshot handle=0x00000211CCBDB090 name='Thread-211CCBDB090' state=Blocked executor=False imports=40 nid=Zxa0VhQVTsk ret=0x0000000804FFBA0E block=sceKernelWaitSema wake=sceKernelWaitSema:00000002 host_managed=0 host_tid=0
[LOADER][TRACE] guest_thread.snapshot handle=0x00000211CDA6EA70 name='AssetGarbageCollectorHelper' state=Blocked executor=False imports=217 nid=04AjkP0jO9U ret=0x000000080A821799 block=_umtx_op_wait wake=sceKernelSyncOnAddress:00000006006CF7D8 host_managed=0 host_tid=0
[LOADER][TRACE] guest_thread.snapshot handle=0x00000211CDA6BA40 name='AssetGarbageCollectorHelper' state=Blocked executor=False imports=216 nid=04AjkP0jO9U ret=0x000000080A821799 block=_umtx_op_wait wake=sceKernelSyncOnAddress:00000006006CF928 host_managed=0 host_tid=0
[LOADER][TRACE] guest_thread.snapshot handle=0x00000211CDA6CA50 name='AssetGarbageCollectorHelper' state=Blocked executor=False imports=217 nid=04AjkP0jO9U ret=0x000000080A821799 block=_umtx_op_wait wake=sceKernelSyncOnAddress:00000006006CFA78 host_managed=0 host_tid=0
[LOADER][TRACE] guest_thread.snapshot handle=0x00000211CDA71AA0 name='AssetGarbageCollectorHelper' state=Blocked executor=False imports=216 nid=04AjkP0jO9U ret=0x000000080A821799 block=_umtx_op_wait wake=sceKernelSyncOnAddress:00000006006CFBC8 host_managed=0 host_tid=0
[LOADER][TRACE] guest_thread.snapshot handle=0x00000211CDA70A90 name='AssetGarbageCollectorHelper' state=Blocked executor=False imports=217 nid=04AjkP0jO9U ret=0x000000080A821799 block=_umtx_op_wait wake=sceKernelSyncOnAddress:00000006006CFD18 host_managed=0 host_tid=0
[LOADER][TRACE] guest_thread.snapshot handle=0x00000211CDA75AE0 name='AssetGarbageCollectorHelper' state=Blocked executor=False imports=216 nid=04AjkP0jO9U ret=0x000000080A821799 block=_umtx_op_wait wake=sceKernelSyncOnAddress:00000006006CFE68 host_managed=0 host_tid=0
[LOADER][TRACE] guest_thread.snapshot handle=0x00000211CDA73AC0 name='AssetGarbageCollectorHelper' state=Blocked executor=False imports=217 nid=04AjkP0jO9U ret=0x000000080A821799 block=_umtx_op_wait wake=sceKernelSyncOnAddress:00000006006CFFB8 host_managed=0 host_tid=0
[LOADER][TRACE] guest_thread.snapshot handle=0x00000211CDA72AB0 name='AssetGarbageCollectorHelper' state=Blocked executor=False imports=216 nid=04AjkP0jO9U ret=0x000000080A821799 block=_umtx_op_wait wake=sceKernelSyncOnAddress:00000006006D0108 host_managed=0 host_tid=0
[LOADER][TRACE] guest_thread.snapshot handle=0x00000211CDA76AF0 name='AssetGarbageCollectorHelper' state=Blocked executor=False imports=217 nid=04AjkP0jO9U ret=0x000000080A821799 block=_umtx_op_wait wake=sceKernelSyncOnAddress:00000006006D0258 host_managed=0 host_tid=0
[LOADER][TRACE] guest_thread.snapshot handle=0x00000211CDA74AD0 name='AssetGarbageCollectorHelper' state=Blocked executor=False imports=216 nid=04AjkP0jO9U ret=0x000000080A821799 block=_umtx_op_wait wake=sceKernelSyncOnAddress:00000006006D03A8 host_managed=0 host_tid=0
[LOADER][TRACE] guest_thread.snapshot handle=0x00000211CDA77B00 name='AssetGarbageCollectorHelper' state=Blocked executor=False imports=217 nid=04AjkP0jO9U ret=0x000000080A821799 block=_umtx_op_wait wake=sceKernelSyncOnAddress:00000006006D04F8 host_managed=0 host_tid=0
[LOADER][TRACE] guest_thread.snapshot handle=0x00000211CDA78B10 name='AssetGarbageCollectorHelper' state=Blocked executor=False imports=216 nid=04AjkP0jO9U ret=0x000000080A821799 block=_umtx_op_wait wake=sceKernelSyncOnAddress:00000006006D0648 host_managed=0 host_tid=0
[LOADER][TRACE] guest_thread.snapshot handle=0x00000211CCBDA080 name='AssetGarbageCollectorHelper' state=Blocked executor=False imports=217 nid=04AjkP0jO9U ret=0x000000080A821799 block=_umtx_op_wait wake=sceKernelSyncOnAddress:00000006006D0798 host_managed=0 host_tid=0
[LOADER][TRACE] guest_thread.snapshot handle=0x00000211CCBDB090 name='Thread-211CCBDB090' state=Blocked executor=False imports=40 nid=Zxa0VhQVTsk ret=0x0000000804FFBA0E block=sceKernelWaitSema wake=sceKernelWaitSema:00000002 host_managed=0 host_tid=0
[LOADER][ERROR] --- periodic snapshot ---
[LOADER][ERROR] Stall snapshot: rip=0x00006FFFFD0008C0 rsp=0x00007FFFF01FB8C8 rbp=0x00007FFFF01FB940 rax=0x00000211D23D0000 rbx=0x0000000100000BA0 rcx=0x00000000FFFFFFFF rdx=0x0000000000000000 rsi=0x0000000100000BA8 rdi=0x0000000100000BB0
[LOADER][ERROR] Stall import-stub: rip=0x00006FFFFD0008C0 nid=Op8TBGY5KHg -> libKernel:pthread_cond_wait
[LOADER][ERROR] Stall bytes @rip: 48 B8 00 00 3D D2 11 02 00 00 FF E0 90 90 90 90
[LOADER][ERROR] Stall stack: [rsp]=0x0000000804F3A074 [rsp+8]=0xFFFFFFFFFFFFFFFF
[LOADER][ERROR] Live hardware context (main thread 35592):
[LOADER][ERROR]   RIP=0x00007FFDBD3EAEE4 RSP=0x000000161CF7AB08 RBP=0x0000000000000001
[LOADER][ERROR]   RAX=0x00000000000014E1 RBX=0x000000161CF7ABD0 RCX=0x0000000000000001 RDX=0x0000020603666500
[LOADER][ERROR]   RSI=0x000000161CF7AC0C RDI=0x0000000000000002 R8=0x00000000FFFFFFFF R9=0x0000000000005DFF
[LOADER][ERROR]   R10=0x0000000000000001 R11=0x0000000000000001 R12=0x0000020603666500 R13=0x00000000FFFFFFFF R14=0x00000000023E8638 R15=0x000000161CF7AD40
[LOADER][ERROR]   RIP location: win32u.dll+0xAEE4
[LOADER][ERROR]   Live bytes @[RIP-32..RIP+16]: C3 CD 2E C3 0F 1F 84 00 00 00 00 00 4C 8B D1 B8 E1 14 00 00 F6 04 25 08 03 FE 7F 01 75 03 0F 05 C3 CD 2E C3 0F 1F 84 00 00 00 00 00 4C 8B D1 B8
[LOADER][ERROR]   Live bytes @RIP: C3 CD 2E C3 0F 1F 84 00 00 00 00 00 4C 8B D1 B8
[LOADER][ERROR]   Live stack frames (host code pointers):
[LOADER][ERROR]     [rsp+0x00] = 0x00007FFDBE586CB8 (combase.dll+0x16CB8)
[LOADER][ERROR]     [rsp+0x10] = 0x000000161CF7ABD0 (0x000000161CF7ABD0)
[LOADER][ERROR]     [rsp+0x18] = 0x000000161CF7ABD0 (0x000000161CF7ABD0)
[LOADER][ERROR]     [rsp+0x30] = 0x00007FFDBE5876B6 (combase.dll+0x176B6)
[LOADER][ERROR]     [rsp+0x40] = 0x00007FFCBC7F5819 (coreclr.dll+0x85819)
[LOADER][ERROR]     [rsp+0x48] = 0x00007FFC5CB84410 (0x00007FFC5CB84410)
[LOADER][ERROR]     [rsp+0x58] = 0x000000161CF7ABD0 (0x000000161CF7ABD0)
[LOADER][ERROR]     [rsp+0x60] = 0x00007FFDBE587691 (combase.dll+0x17691)
[LOADER][ERROR]     [rsp+0x70] = 0x000000161CF7AD40 (0x000000161CF7AD40)
[LOADER][ERROR]     [rsp+0x90] = 0x00007FFDBE585CF5 (combase.dll+0x15CF5)
[LOADER][ERROR]     [rsp+0xA0] = 0x0000020603666500 (0x0000020603666500)
[LOADER][ERROR]     [rsp+0xC8] = 0x00007FFDBE7E2150 (combase.dll+0x272150)
[LOADER][ERROR]     [rsp+0xE8] = 0x00000001023E862E (0x00000001023E862E)
[LOADER][ERROR] Stall guest-thread: handle=0x00000211CDA6EA70 name='AssetGarbageCollectorHelper' state=Blocked imports=221 nid=04AjkP0jO9U ret=0x000000080A821799 rdi=0x00000006006CF7D8 rsi=0x0000000000000002 rdx=0x0000000000000000 block=_umtx_op_wait
[LOADER][ERROR] Stall guest-thread: handle=0x00000211CDA6BA40 name='AssetGarbageCollectorHelper' state=Blocked imports=220 nid=04AjkP0jO9U ret=0x000000080A821799 rdi=0x00000006006CF928 rsi=0x0000000000000002 rdx=0x0000000000000000 block=_umtx_op_wait
[LOADER][ERROR] Stall guest-thread: handle=0x00000211CDA6CA50 name='AssetGarbageCollectorHelper' state=Blocked imports=221 nid=04AjkP0jO9U ret=0x000000080A821799 rdi=0x00000006006CFA78 rsi=0x0000000000000002 rdx=0x0000000000000000 block=_umtx_op_wait
[LOADER][ERROR] Stall guest-thread: handle=0x00000211CDA71AA0 name='AssetGarbageCollectorHelper' state=Blocked imports=220 nid=04AjkP0jO9U ret=0x000000080A821799 rdi=0x00000006006CFBC8 rsi=0x0000000000000002 rdx=0x0000000000000000 block=_umtx_op_wait
[LOADER][ERROR] Stall guest-thread: handle=0x00000211CDA70A90 name='AssetGarbageCollectorHelper' state=Blocked imports=221 nid=04AjkP0jO9U ret=0x000000080A821799 rdi=0x00000006006CFD18 rsi=0x0000000000000002 rdx=0x0000000000000000 block=_umtx_op_wait
[LOADER][ERROR] Stall guest-thread: handle=0x00000211CDA75AE0 name='AssetGarbageCollectorHelper' state=Blocked imports=220 nid=04AjkP0jO9U ret=0x000000080A821799 rdi=0x00000006006CFE68 rsi=0x0000000000000002 rdx=0x0000000000000000 block=_umtx_op_wait
[LOADER][ERROR] Stall guest-thread: handle=0x00000211CDA73AC0 name='AssetGarbageCollectorHelper' state=Blocked imports=220 nid=04AjkP0jO9U ret=0x000000080A821799 rdi=0x00000006006CFFB8 rsi=0x0000000000000002 rdx=0x0000000000000000 block=_umtx_op_wait
[LOADER][ERROR] Stall guest-thread: handle=0x00000211CDA72AB0 name='AssetGarbageCollectorHelper' state=Blocked imports=220 nid=04AjkP0jO9U ret=0x000000080A821799 rdi=0x00000006006D0108 rsi=0x0000000000000002 rdx=0x0000000000000000 block=_umtx_op_wait
[LOADER][ERROR] Stall guest-thread: handle=0x00000211CDA76AF0 name='AssetGarbageCollectorHelper' state=Blocked imports=220 nid=04AjkP0jO9U ret=0x000000080A821799 rdi=0x00000006006D0258 rsi=0x0000000000000002 rdx=0x0000000000000000 block=_umtx_op_wait
[LOADER][ERROR] Stall guest-thread: handle=0x00000211CDA74AD0 name='AssetGarbageCollectorHelper' state=Blocked imports=219 nid=04AjkP0jO9U ret=0x000000080A821799 rdi=0x00000006006D03A8 rsi=0x0000000000000002 rdx=0x0000000000000000 block=_umtx_op_wait
[LOADER][ERROR] Stall guest-thread: handle=0x00000211CDA77B00 name='AssetGarbageCollectorHelper' state=Blocked imports=220 nid=04AjkP0jO9U ret=0x000000080A821799 rdi=0x00000006006D04F8 rsi=0x0000000000000002 rdx=0x0000000000000000 block=_umtx_op_wait
[LOADER][ERROR] Stall guest-thread: handle=0x00000211CDA78B10 name='AssetGarbageCollectorHelper' state=Blocked imports=219 nid=04AjkP0jO9U ret=0x000000080A821799 rdi=0x00000006006D0648 rsi=0x0000000000000002 rdx=0x0000000000000000 block=_umtx_op_wait
[LOADER][ERROR] Stall guest-thread: handle=0x00000211CCBDA080 name='AssetGarbageCollectorHelper' state=Blocked imports=220 nid=04AjkP0jO9U ret=0x000000080A821799 rdi=0x00000006006D0798 rsi=0x0000000000000002 rdx=0x0000000000000000 block=_umtx_op_wait
[LOADER][ERROR] Stall guest-thread: handle=0x00000211CCBDB090 name='Thread-211CCBDB090' state=Blocked imports=40 nid=Zxa0VhQVTsk ret=0x0000000804FFBA0E rdi=0x0000000000000002 rsi=0x0000000000000001 rdx=0x0000000000000000 block=sceKernelWaitSema
[LOADER][TRACE] guest_thread.snapshot handle=0x00000211CDA6EA70 name='AssetGarbageCollectorHelper' state=Blocked executor=False imports=227 nid=04AjkP0jO9U ret=0x000000080A821799 block=_umtx_op_wait wake=sceKernelSyncOnAddress:00000006006CF7D8 host_managed=0 host_tid=0
[LOADER][TRACE] guest_thread.snapshot handle=0x00000211CDA6BA40 name='AssetGarbageCollectorHelper' state=Blocked executor=False imports=226 nid=04AjkP0jO9U ret=0x000000080A821799 block=_umtx_op_wait wake=sceKernelSyncOnAddress:00000006006CF928 host_managed=0 host_tid=0
[LOADER][TRACE] guest_thread.snapshot handle=0x00000211CDA6CA50 name='AssetGarbageCollectorHelper' state=Blocked executor=False imports=227 nid=04AjkP0jO9U ret=0x000000080A821799 block=_umtx_op_wait wake=sceKernelSyncOnAddress:00000006006CFA78 host_managed=0 host_tid=0
[LOADER][TRACE] guest_thread.snapshot handle=0x00000211CDA71AA0 name='AssetGarbageCollectorHelper' state=Blocked executor=False imports=226 nid=04AjkP0jO9U ret=0x000000080A821799 block=_umtx_op_wait wake=sceKernelSyncOnAddress:00000006006CFBC8 host_managed=0 host_tid=0
[LOADER][TRACE] guest_thread.snapshot handle=0x00000211CDA70A90 name='AssetGarbageCollectorHelper' state=Blocked executor=False imports=227 nid=04AjkP0jO9U ret=0x000000080A821799 block=_umtx_op_wait wake=sceKernelSyncOnAddress:00000006006CFD18 host_managed=0 host_tid=0
[LOADER][TRACE] guest_thread.snapshot handle=0x00000211CDA75AE0 name='AssetGarbageCollectorHelper' state=Blocked executor=False imports=226 nid=04AjkP0jO9U ret=0x000000080A821799 block=_umtx_op_wait wake=sceKernelSyncOnAddress:00000006006CFE68 host_managed=0 host_tid=0
[LOADER][TRACE] guest_thread.snapshot handle=0x00000211CDA73AC0 name='AssetGarbageCollectorHelper' state=Blocked executor=False imports=227 nid=04AjkP0jO9U ret=0x000000080A821799 block=_umtx_op_wait wake=sceKernelSyncOnAddress:00000006006CFFB8 host_managed=0 host_tid=0
[LOADER][TRACE] guest_thread.snapshot handle=0x00000211CDA72AB0 name='AssetGarbageCollectorHelper' state=Blocked executor=False imports=226 nid=04AjkP0jO9U ret=0x000000080A821799 block=_umtx_op_wait wake=sceKernelSyncOnAddress:00000006006D0108 host_managed=0 host_tid=0
[LOADER][TRACE] guest_thread.snapshot handle=0x00000211CDA76AF0 name='AssetGarbageCollectorHelper' state=Blocked executor=False imports=227 nid=04AjkP0jO9U ret=0x000000080A821799 block=_umtx_op_wait wake=sceKernelSyncOnAddress:00000006006D0258 host_managed=0 host_tid=0
[LOADER][TRACE] guest_thread.snapshot handle=0x00000211CDA74AD0 name='AssetGarbageCollectorHelper' state=Blocked executor=False imports=226 nid=04AjkP0jO9U ret=0x000000080A821799 block=_umtx_op_wait wake=sceKernelSyncOnAddress:00000006006D03A8 host_managed=0 host_tid=0
[LOADER][TRACE] guest_thread.snapshot handle=0x00000211CDA77B00 name='AssetGarbageCollectorHelper' state=Blocked executor=False imports=227 nid=04AjkP0jO9U ret=0x000000080A821799 block=_umtx_op_wait wake=sceKernelSyncOnAddress:00000006006D04F8 host_managed=0 host_tid=0
[LOADER][TRACE] guest_thread.snapshot handle=0x00000211CDA78B10 name='AssetGarbageCollectorHelper' state=Blocked executor=False imports=226 nid=04AjkP0jO9U ret=0x000000080A821799 block=_umtx_op_wait wake=sceKernelSyncOnAddress:00000006006D0648 host_managed=0 host_tid=0
[LOADER][TRACE] guest_thread.snapshot handle=0x00000211CCBDA080 name='AssetGarbageCollectorHelper' state=Blocked executor=False imports=227 nid=04AjkP0jO9U ret=0x000000080A821799 block=_umtx_op_wait wake=sceKernelSyncOnAddress:00000006006D0798 host_managed=0 host_tid=0
[LOADER][TRACE] guest_thread.snapshot handle=0x00000211CCBDB090 name='Thread-211CCBDB090' state=Blocked executor=False imports=40 nid=Zxa0VhQVTsk ret=0x0000000804FFBA0E block=sceKernelWaitSema wake=sceKernelWaitSema:00000002 host_managed=0 host_tid=0
[LOADER][TRACE] guest_thread.snapshot handle=0x00000211CDA6EA70 name='AssetGarbageCollectorHelper' state=Blocked executor=False imports=237 nid=04AjkP0jO9U ret=0x000000080A821799 block=_umtx_op_wait wake=sceKernelSyncOnAddress:00000006006CF7D8 host_managed=0 host_tid=0
[LOADER][TRACE] guest_thread.snapshot handle=0x00000211CDA6BA40 name='AssetGarbageCollectorHelper' state=Blocked executor=False imports=236 nid=04AjkP0jO9U ret=0x000000080A821799 block=_umtx_op_wait wake=sceKernelSyncOnAddress:00000006006CF928 host_managed=0 host_tid=0
[LOADER][TRACE] guest_thread.snapshot handle=0x00000211CDA6CA50 name='AssetGarbageCollectorHelper' state=Blocked executor=False imports=237 nid=04AjkP0jO9U ret=0x000000080A821799 block=_umtx_op_wait wake=sceKernelSyncOnAddress:00000006006CFA78 host_managed=0 host_tid=0
[LOADER][TRACE] guest_thread.snapshot handle=0x00000211CDA71AA0 name='AssetGarbageCollectorHelper' state=Blocked executor=False imports=236 nid=04AjkP0jO9U ret=0x000000080A821799 block=_umtx_op_wait wake=sceKernelSyncOnAddress:00000006006CFBC8 host_managed=0 host_tid=0
[LOADER][TRACE] guest_thread.snapshot handle=0x00000211CDA70A90 name='AssetGarbageCollectorHelper' state=Blocked executor=False imports=237 nid=04AjkP0jO9U ret=0x000000080A821799 block=_umtx_op_wait wake=sceKernelSyncOnAddress:00000006006CFD18 host_managed=0 host_tid=0
[LOADER][TRACE] guest_thread.snapshot handle=0x00000211CDA75AE0 name='AssetGarbageCollectorHelper' state=Blocked executor=False imports=236 nid=04AjkP0jO9U ret=0x000000080A821799 block=_umtx_op_wait wake=sceKernelSyncOnAddress:00000006006CFE68 host_managed=0 host_tid=0
[LOADER][TRACE] guest_thread.snapshot handle=0x00000211CDA73AC0 name='AssetGarbageCollectorHelper' state=Blocked executor=False imports=237 nid=04AjkP0jO9U ret=0x000000080A821799 block=_umtx_op_wait wake=sceKernelSyncOnAddress:00000006006CFFB8 host_managed=0 host_tid=0
[LOADER][TRACE] guest_thread.snapshot handle=0x00000211CDA72AB0 name='AssetGarbageCollectorHelper' state=Blocked executor=False imports=236 nid=04AjkP0jO9U ret=0x000000080A821799 block=_umtx_op_wait wake=sceKernelSyncOnAddress:00000006006D0108 host_managed=0 host_tid=0
[LOADER][TRACE] guest_thread.snapshot handle=0x00000211CDA76AF0 name='AssetGarbageCollectorHelper' state=Blocked executor=False imports=237 nid=04AjkP0jO9U ret=0x000000080A821799 block=_umtx_op_wait wake=sceKernelSyncOnAddress:00000006006D0258 host_managed=0 host_tid=0
[LOADER][TRACE] guest_thread.snapshot handle=0x00000211CDA74AD0 name='AssetGarbageCollectorHelper' state=Blocked executor=False imports=236 nid=04AjkP0jO9U ret=0x000000080A821799 block=_umtx_op_wait wake=sceKernelSyncOnAddress:00000006006D03A8 host_managed=0 host_tid=0
[LOADER][TRACE] guest_thread.snapshot handle=0x00000211CDA77B00 name='AssetGarbageCollectorHelper' state=Blocked executor=False imports=237 nid=04AjkP0jO9U ret=0x000000080A821799 block=_umtx_op_wait wake=sceKernelSyncOnAddress:00000006006D04F8 host_managed=0 host_tid=0
[LOADER][TRACE] guest_thread.snapshot handle=0x00000211CDA78B10 name='AssetGarbageCollectorHelper' state=Blocked executor=False imports=236 nid=04AjkP0jO9U ret=0x000000080A821799 block=_umtx_op_wait wake=sceKernelSyncOnAddress:00000006006D0648 host_managed=0 host_tid=0
[LOADER][TRACE] guest_thread.snapshot handle=0x00000211CCBDA080 name='AssetGarbageCollectorHelper' state=Blocked executor=False imports=237 nid=04AjkP0jO9U ret=0x000000080A821799 block=_umtx_op_wait wake=sceKernelSyncOnAddress:00000006006D0798 host_managed=0 host_tid=0
[LOADER][TRACE] guest_thread.snapshot handle=0x00000211CCBDB090 name='Thread-211CCBDB090' state=Blocked executor=False imports=40 nid=Zxa0VhQVTsk ret=0x0000000804FFBA0E block=sceKernelWaitSema wake=sceKernelWaitSema:00000002 host_managed=0 host_tid=0
[LOADER][TRACE] guest_thread.snapshot handle=0x00000211CDA6EA70 name='AssetGarbageCollectorHelper' state=Blocked executor=False imports=247 nid=04AjkP0jO9U ret=0x000000080A821799 block=_umtx_op_wait wake=sceKernelSyncOnAddress:00000006006CF7D8 host_managed=0 host_tid=0
[LOADER][TRACE] guest_thread.snapshot handle=0x00000211CDA6BA40 name='AssetGarbageCollectorHelper' state=Blocked executor=False imports=246 nid=04AjkP0jO9U ret=0x000000080A821799 block=_umtx_op_wait wake=sceKernelSyncOnAddress:00000006006CF928 host_managed=0 host_tid=0
[LOADER][TRACE] guest_thread.snapshot handle=0x00000211CDA6CA50 name='AssetGarbageCollectorHelper' state=Blocked executor=False imports=247 nid=04AjkP0jO9U ret=0x000000080A821799 block=_umtx_op_wait wake=sceKernelSyncOnAddress:00000006006CFA78 host_managed=0 host_tid=0
[LOADER][TRACE] guest_thread.snapshot handle=0x00000211CDA71AA0 name='AssetGarbageCollectorHelper' state=Blocked executor=False imports=246 nid=04AjkP0jO9U ret=0x000000080A821799 block=_umtx_op_wait wake=sceKernelSyncOnAddress:00000006006CFBC8 host_managed=0 host_tid=0
[LOADER][TRACE] guest_thread.snapshot handle=0x00000211CDA70A90 name='AssetGarbageCollectorHelper' state=Blocked executor=False imports=247 nid=04AjkP0jO9U ret=0x000000080A821799 block=_umtx_op_wait wake=sceKernelSyncOnAddress:00000006006CFD18 host_managed=0 host_tid=0
[LOADER][TRACE] guest_thread.snapshot handle=0x00000211CDA75AE0 name='AssetGarbageCollectorHelper' state=Blocked executor=False imports=246 nid=04AjkP0jO9U ret=0x000000080A821799 block=_umtx_op_wait wake=sceKernelSyncOnAddress:00000006006CFE68 host_managed=0 host_tid=0
[LOADER][TRACE] guest_thread.snapshot handle=0x00000211CDA73AC0 name='AssetGarbageCollectorHelper' state=Blocked executor=False imports=247 nid=04AjkP0jO9U ret=0x000000080A821799 block=_umtx_op_wait wake=sceKernelSyncOnAddress:00000006006CFFB8 host_managed=0 host_tid=0
[LOADER][TRACE] guest_thread.snapshot handle=0x00000211CDA72AB0 name='AssetGarbageCollectorHelper' state=Blocked executor=False imports=246 nid=04AjkP0jO9U ret=0x000000080A821799 block=_umtx_op_wait wake=sceKernelSyncOnAddress:00000006006D0108 host_managed=0 host_tid=0
[LOADER][TRACE] guest_thread.snapshot handle=0x00000211CDA76AF0 name='AssetGarbageCollectorHelper' state=Blocked executor=False imports=247 nid=04AjkP0jO9U ret=0x000000080A821799 block=_umtx_op_wait wake=sceKernelSyncOnAddress:00000006006D0258 host_managed=0 host_tid=0
[LOADER][TRACE] guest_thread.snapshot handle=0x00000211CDA74AD0 name='AssetGarbageCollectorHelper' state=Blocked executor=False imports=246 nid=04AjkP0jO9U ret=0x000000080A821799 block=_umtx_op_wait wake=sceKernelSyncOnAddress:00000006006D03A8 host_managed=0 host_tid=0
[LOADER][TRACE] guest_thread.snapshot handle=0x00000211CDA77B00 name='AssetGarbageCollectorHelper' state=Blocked executor=False imports=247 nid=04AjkP0jO9U ret=0x000000080A821799 block=_umtx_op_wait wake=sceKernelSyncOnAddress:00000006006D04F8 host_managed=0 host_tid=0
[LOADER][TRACE] guest_thread.snapshot handle=0x00000211CDA78B10 name='AssetGarbageCollectorHelper' state=Blocked executor=False imports=246 nid=04AjkP0jO9U ret=0x000000080A821799 block=_umtx_op_wait wake=sceKernelSyncOnAddress:00000006006D0648 host_managed=0 host_tid=0
[LOADER][TRACE] guest_thread.snapshot handle=0x00000211CCBDA080 name='AssetGarbageCollectorHelper' state=Blocked executor=False imports=247 nid=04AjkP0jO9U ret=0x000000080A821799 block=_umtx_op_wait wake=sceKernelSyncOnAddress:00000006006D0798 host_managed=0 host_tid=0
[LOADER][TRACE] guest_thread.snapshot handle=0x00000211CCBDB090 name='Thread-211CCBDB090' state=Blocked executor=False imports=40 nid=Zxa0VhQVTsk ret=0x0000000804FFBA0E block=sceKernelWaitSema wake=sceKernelWaitSema:00000002 host_managed=0 host_tid=0
[LOADER][TRACE] guest_thread.snapshot handle=0x00000211CDA6EA70 name='AssetGarbageCollectorHelper' state=Blocked executor=False imports=257 nid=04AjkP0jO9U ret=0x000000080A821799 block=_umtx_op_wait wake=sceKernelSyncOnAddress:00000006006CF7D8 host_managed=0 host_tid=0
[LOADER][TRACE] guest_thread.snapshot handle=0x00000211CDA6BA40 name='AssetGarbageCollectorHelper' state=Blocked executor=False imports=256 nid=04AjkP0jO9U ret=0x000000080A821799 block=_umtx_op_wait wake=sceKernelSyncOnAddress:00000006006CF928 host_managed=0 host_tid=0
[LOADER][TRACE] guest_thread.snapshot handle=0x00000211CDA6CA50 name='AssetGarbageCollectorHelper' state=Blocked executor=False imports=257 nid=04AjkP0jO9U ret=0x000000080A821799 block=_umtx_op_wait wake=sceKernelSyncOnAddress:00000006006CFA78 host_managed=0 host_tid=0
[LOADER][TRACE] guest_thread.snapshot handle=0x00000211CDA71AA0 name='AssetGarbageCollectorHelper' state=Blocked executor=False imports=256 nid=04AjkP0jO9U ret=0x000000080A821799 block=_umtx_op_wait wake=sceKernelSyncOnAddress:00000006006CFBC8 host_managed=0 host_tid=0
[LOADER][TRACE] guest_thread.snapshot handle=0x00000211CDA70A90 name='AssetGarbageCollectorHelper' state=Blocked executor=False imports=257 nid=04AjkP0jO9U ret=0x000000080A821799 block=_umtx_op_wait wake=sceKernelSyncOnAddress:00000006006CFD18 host_managed=0 host_tid=0
[LOADER][TRACE] guest_thread.snapshot handle=0x00000211CDA75AE0 name='AssetGarbageCollectorHelper' state=Blocked executor=False imports=256 nid=04AjkP0jO9U ret=0x000000080A821799 block=_umtx_op_wait wake=sceKernelSyncOnAddress:00000006006CFE68 host_managed=0 host_tid=0
[LOADER][TRACE] guest_thread.snapshot handle=0x00000211CDA73AC0 name='AssetGarbageCollectorHelper' state=Blocked executor=False imports=257 nid=04AjkP0jO9U ret=0x000000080A821799 block=_umtx_op_wait wake=sceKernelSyncOnAddress:00000006006CFFB8 host_managed=0 host_tid=0
[LOADER][TRACE] guest_thread.snapshot handle=0x00000211CDA72AB0 name='AssetGarbageCollectorHelper' state=Blocked executor=False imports=256 nid=04AjkP0jO9U ret=0x000000080A821799 block=_umtx_op_wait wake=sceKernelSyncOnAddress:00000006006D0108 host_managed=0 host_tid=0
[LOADER][TRACE] guest_thread.snapshot handle=0x00000211CDA76AF0 name='AssetGarbageCollectorHelper' state=Blocked executor=False imports=257 nid=04AjkP0jO9U ret=0x000000080A821799 block=_umtx_op_wait wake=sceKernelSyncOnAddress:00000006006D0258 host_managed=0 host_tid=0
[LOADER][TRACE] guest_thread.snapshot handle=0x00000211CDA74AD0 name='AssetGarbageCollectorHelper' state=Blocked executor=False imports=256 nid=04AjkP0jO9U ret=0x000000080A821799 block=_umtx_op_wait wake=sceKernelSyncOnAddress:00000006006D03A8 host_managed=0 host_tid=0
[LOADER][TRACE] guest_thread.snapshot handle=0x00000211CDA77B00 name='AssetGarbageCollectorHelper' state=Blocked executor=False imports=257 nid=04AjkP0jO9U ret=0x000000080A821799 block=_umtx_op_wait wake=sceKernelSyncOnAddress:00000006006D04F8 host_managed=0 host_tid=0
[LOADER][TRACE] guest_thread.snapshot handle=0x00000211CDA78B10 name='AssetGarbageCollectorHelper' state=Blocked executor=False imports=256 nid=04AjkP0jO9U ret=0x000000080A821799 block=_umtx_op_wait wake=sceKernelSyncOnAddress:00000006006D0648 host_managed=0 host_tid=0
[LOADER][TRACE] guest_thread.snapshot handle=0x00000211CCBDA080 name='AssetGarbageCollectorHelper' state=Blocked executor=False imports=257 nid=04AjkP0jO9U ret=0x000000080A821799 block=_umtx_op_wait wake=sceKernelSyncOnAddress:00000006006D0798 host_managed=0 host_tid=0
[LOADER][TRACE] guest_thread.snapshot handle=0x00000211CCBDB090 name='Thread-211CCBDB090' state=Blocked executor=False imports=40 nid=Zxa0VhQVTsk ret=0x0000000804FFBA0E block=sceKernelWaitSema wake=sceKernelWaitSema:00000002 host_managed=0 host_tid=0
[LOADER][TRACE] guest_thread.snapshot handle=0x00000211CDA6EA70 name='AssetGarbageCollectorHelper' state=Blocked executor=False imports=267 nid=04AjkP0jO9U ret=0x000000080A821799 block=_umtx_op_wait wake=sceKernelSyncOnAddress:00000006006CF7D8 host_managed=0 host_tid=0
[LOADER][TRACE] guest_thread.snapshot handle=0x00000211CDA6BA40 name='AssetGarbageCollectorHelper' state=Blocked executor=False imports=266 nid=04AjkP0jO9U ret=0x000000080A821799 block=_umtx_op_wait wake=sceKernelSyncOnAddress:00000006006CF928 host_managed=0 host_tid=0
[LOADER][TRACE] guest_thread.snapshot handle=0x00000211CDA6CA50 name='AssetGarbageCollectorHelper' state=Blocked executor=False imports=267 nid=04AjkP0jO9U ret=0x000000080A821799 block=_umtx_op_wait wake=sceKernelSyncOnAddress:00000006006CFA78 host_managed=0 host_tid=0
[LOADER][TRACE] guest_thread.snapshot handle=0x00000211CDA71AA0 name='AssetGarbageCollectorHelper' state=Blocked executor=False imports=266 nid=04AjkP0jO9U ret=0x000000080A821799 block=_umtx_op_wait wake=sceKernelSyncOnAddress:00000006006CFBC8 host_managed=0 host_tid=0
[LOADER][TRACE] guest_thread.snapshot handle=0x00000211CDA70A90 name='AssetGarbageCollectorHelper' state=Blocked executor=False imports=267 nid=04AjkP0jO9U ret=0x000000080A821799 block=_umtx_op_wait wake=sceKernelSyncOnAddress:00000006006CFD18 host_managed=0 host_tid=0
[LOADER][TRACE] guest_thread.snapshot handle=0x00000211CDA75AE0 name='AssetGarbageCollectorHelper' state=Blocked executor=False imports=266 nid=04AjkP0jO9U ret=0x000000080A821799 block=_umtx_op_wait wake=sceKernelSyncOnAddress:00000006006CFE68 host_managed=0 host_tid=0
[LOADER][TRACE] guest_thread.snapshot handle=0x00000211CDA73AC0 name='AssetGarbageCollectorHelper' state=Blocked executor=False imports=267 nid=04AjkP0jO9U ret=0x000000080A821799 block=_umtx_op_wait wake=sceKernelSyncOnAddress:00000006006CFFB8 host_managed=0 host_tid=0
[LOADER][TRACE] guest_thread.snapshot handle=0x00000211CDA72AB0 name='AssetGarbageCollectorHelper' state=Blocked executor=False imports=266 nid=04AjkP0jO9U ret=0x000000080A821799 block=_umtx_op_wait wake=sceKernelSyncOnAddress:00000006006D0108 host_managed=0 host_tid=0
[LOADER][TRACE] guest_thread.snapshot handle=0x00000211CDA76AF0 name='AssetGarbageCollectorHelper' state=Blocked executor=False imports=267 nid=04AjkP0jO9U ret=0x000000080A821799 block=_umtx_op_wait wake=sceKernelSyncOnAddress:00000006006D0258 host_managed=0 host_tid=0
[LOADER][TRACE] guest_thread.snapshot handle=0x00000211CDA74AD0 name='AssetGarbageCollectorHelper' state=Blocked executor=False imports=266 nid=04AjkP0jO9U ret=0x000000080A821799 block=_umtx_op_wait wake=sceKernelSyncOnAddress:00000006006D03A8 host_managed=0 host_tid=0
[LOADER][TRACE] guest_thread.snapshot handle=0x00000211CDA77B00 name='AssetGarbageCollectorHelper' state=Blocked executor=False imports=267 nid=04AjkP0jO9U ret=0x000000080A821799 block=_umtx_op_wait wake=sceKernelSyncOnAddress:00000006006D04F8 host_managed=0 host_tid=0
[LOADER][TRACE] guest_thread.snapshot handle=0x00000211CDA78B10 name='AssetGarbageCollectorHelper' state=Blocked executor=False imports=266 nid=04AjkP0jO9U ret=0x000000080A821799 block=_umtx_op_wait wake=sceKernelSyncOnAddress:00000006006D0648 host_managed=0 host_tid=0
[LOADER][TRACE] guest_thread.snapshot handle=0x00000211CCBDA080 name='AssetGarbageCollectorHelper' state=Blocked executor=False imports=267 nid=04AjkP0jO9U ret=0x000000080A821799 block=_umtx_op_wait wake=sceKernelSyncOnAddress:00000006006D0798 host_managed=0 host_tid=0
[LOADER][TRACE] guest_thread.snapshot handle=0x00000211CCBDB090 name='Thread-211CCBDB090' state=Blocked executor=False imports=40 nid=Zxa0VhQVTsk ret=0x0000000804FFBA0E block=sceKernelWaitSema wake=sceKernelWaitSema:00000002 host_managed=0 host_tid=0
[LOADER][ERROR] --- periodic snapshot ---
[LOADER][ERROR] Stall snapshot: rip=0x00006FFFFD0008C0 rsp=0x00007FFFF01FB8C8 rbp=0x00007FFFF01FB940 rax=0x00000211D23D0000 rbx=0x0000000100000BA0 rcx=0x00000000FFFFFFFF rdx=0x0000000000000000 rsi=0x0000000100000BA8 rdi=0x0000000100000BB0
[LOADER][ERROR] Stall import-stub: rip=0x00006FFFFD0008C0 nid=Op8TBGY5KHg -> libKernel:pthread_cond_wait
[LOADER][ERROR] Stall bytes @rip: 48 B8 00 00 3D D2 11 02 00 00 FF E0 90 90 90 90
[LOADER][ERROR] Stall stack: [rsp]=0x0000000804F3A074 [rsp+8]=0xFFFFFFFFFFFFFFFF
[LOADER][ERROR] Live hardware context (main thread 35592):
[LOADER][ERROR]   RIP=0x00007FFDBD3EAEE4 RSP=0x000000161CF7AB08 RBP=0x0000000000000001
[LOADER][ERROR]   RAX=0x00000000000014E1 RBX=0x000000161CF7ABD0 RCX=0x0000000000000001 RDX=0x0000020603666500
[LOADER][ERROR]   RSI=0x000000161CF7AC0C RDI=0x0000000000000002 R8=0x00000000FFFFFFFF R9=0x0000000000005DFF
[LOADER][ERROR]   R10=0x0000000000000001 R11=0x0000000000000001 R12=0x0000020603666500 R13=0x00000000FFFFFFFF R14=0x00000000023E8638 R15=0x000000161CF7AD40
[LOADER][ERROR]   RIP location: win32u.dll+0xAEE4
[LOADER][ERROR]   Live bytes @[RIP-32..RIP+16]: C3 CD 2E C3 0F 1F 84 00 00 00 00 00 4C 8B D1 B8 E1 14 00 00 F6 04 25 08 03 FE 7F 01 75 03 0F 05 C3 CD 2E C3 0F 1F 84 00 00 00 00 00 4C 8B D1 B8
[LOADER][ERROR]   Live bytes @RIP: C3 CD 2E C3 0F 1F 84 00 00 00 00 00 4C 8B D1 B8
[LOADER][ERROR]   Live stack frames (host code pointers):
[LOADER][ERROR]     [rsp+0x00] = 0x00007FFDBE586CB8 (combase.dll+0x16CB8)
[LOADER][ERROR]     [rsp+0x10] = 0x000000161CF7ABD0 (0x000000161CF7ABD0)
[LOADER][ERROR]     [rsp+0x18] = 0x000000161CF7ABD0 (0x000000161CF7ABD0)
[LOADER][ERROR]     [rsp+0x30] = 0x00007FFDBE5876B6 (combase.dll+0x176B6)
[LOADER][ERROR]     [rsp+0x40] = 0x00007FFCBC7F5819 (coreclr.dll+0x85819)
[LOADER][ERROR]     [rsp+0x48] = 0x00007FFC5CB84410 (0x00007FFC5CB84410)
[LOADER][ERROR]     [rsp+0x58] = 0x000000161CF7ABD0 (0x000000161CF7ABD0)
[LOADER][ERROR]     [rsp+0x60] = 0x00007FFDBE587691 (combase.dll+0x17691)
[LOADER][ERROR]     [rsp+0x70] = 0x000000161CF7AD40 (0x000000161CF7AD40)
[LOADER][ERROR]     [rsp+0x90] = 0x00007FFDBE585CF5 (combase.dll+0x15CF5)
[LOADER][ERROR]     [rsp+0xA0] = 0x0000020603666500 (0x0000020603666500)
[LOADER][ERROR]     [rsp+0xC8] = 0x00007FFDBE7E2150 (combase.dll+0x272150)
[LOADER][ERROR]     [rsp+0xE8] = 0x00000001023E862E (0x00000001023E862E)
[LOADER][ERROR] Stall guest-thread: handle=0x00000211CDA6EA70 name='AssetGarbageCollectorHelper' state=Blocked imports=270 nid=04AjkP0jO9U ret=0x000000080A821799 rdi=0x00000006006CF7D8 rsi=0x0000000000000002 rdx=0x0000000000000000 block=_umtx_op_wait
[LOADER][ERROR] Stall guest-thread: handle=0x00000211CDA6BA40 name='AssetGarbageCollectorHelper' state=Blocked imports=269 nid=04AjkP0jO9U ret=0x000000080A821799 rdi=0x00000006006CF928 rsi=0x0000000000000002 rdx=0x0000000000000000 block=_umtx_op_wait
[LOADER][ERROR] Stall guest-thread: handle=0x00000211CDA6CA50 name='AssetGarbageCollectorHelper' state=Blocked imports=270 nid=04AjkP0jO9U ret=0x000000080A821799 rdi=0x00000006006CFA78 rsi=0x0000000000000002 rdx=0x0000000000000000 block=_umtx_op_wait
[LOADER][ERROR] Stall guest-thread: handle=0x00000211CDA71AA0 name='AssetGarbageCollectorHelper' state=Blocked imports=269 nid=04AjkP0jO9U ret=0x000000080A821799 rdi=0x00000006006CFBC8 rsi=0x0000000000000002 rdx=0x0000000000000000 block=_umtx_op_wait
[LOADER][ERROR] Stall guest-thread: handle=0x00000211CDA70A90 name='AssetGarbageCollectorHelper' state=Blocked imports=270 nid=04AjkP0jO9U ret=0x000000080A821799 rdi=0x00000006006CFD18 rsi=0x0000000000000002 rdx=0x0000000000000000 block=_umtx_op_wait
[LOADER][ERROR] Stall guest-thread: handle=0x00000211CDA75AE0 name='AssetGarbageCollectorHelper' state=Blocked imports=269 nid=04AjkP0jO9U ret=0x000000080A821799 rdi=0x00000006006CFE68 rsi=0x0000000000000002 rdx=0x0000000000000000 block=_umtx_op_wait
[LOADER][ERROR] Stall guest-thread: handle=0x00000211CDA73AC0 name='AssetGarbageCollectorHelper' state=Blocked imports=270 nid=04AjkP0jO9U ret=0x000000080A821799 rdi=0x00000006006CFFB8 rsi=0x0000000000000002 rdx=0x0000000000000000 block=_umtx_op_wait
[LOADER][ERROR] Stall guest-thread: handle=0x00000211CDA72AB0 name='AssetGarbageCollectorHelper' state=Blocked imports=269 nid=04AjkP0jO9U ret=0x000000080A821799 rdi=0x00000006006D0108 rsi=0x0000000000000002 rdx=0x0000000000000000 block=_umtx_op_wait
[LOADER][ERROR] Stall guest-thread: handle=0x00000211CDA76AF0 name='AssetGarbageCollectorHelper' state=Blocked imports=270 nid=04AjkP0jO9U ret=0x000000080A821799 rdi=0x00000006006D0258 rsi=0x0000000000000002 rdx=0x0000000000000000 block=_umtx_op_wait
[LOADER][ERROR] Stall guest-thread: handle=0x00000211CDA74AD0 name='AssetGarbageCollectorHelper' state=Blocked imports=269 nid=04AjkP0jO9U ret=0x000000080A821799 rdi=0x00000006006D03A8 rsi=0x0000000000000002 rdx=0x0000000000000000 block=_umtx_op_wait
[LOADER][ERROR] Stall guest-thread: handle=0x00000211CDA77B00 name='AssetGarbageCollectorHelper' state=Blocked imports=270 nid=04AjkP0jO9U ret=0x000000080A821799 rdi=0x00000006006D04F8 rsi=0x0000000000000002 rdx=0x0000000000000000 block=_umtx_op_wait
[LOADER][ERROR] Stall guest-thread: handle=0x00000211CDA78B10 name='AssetGarbageCollectorHelper' state=Blocked imports=269 nid=04AjkP0jO9U ret=0x000000080A821799 rdi=0x00000006006D0648 rsi=0x0000000000000002 rdx=0x0000000000000000 block=_umtx_op_wait
[LOADER][ERROR] Stall guest-thread: handle=0x00000211CCBDA080 name='AssetGarbageCollectorHelper' state=Blocked imports=270 nid=04AjkP0jO9U ret=0x000000080A821799 rdi=0x00000006006D0798 rsi=0x0000000000000002 rdx=0x0000000000000000 block=_umtx_op_wait
[LOADER][ERROR] Stall guest-thread: handle=0x00000211CCBDB090 name='Thread-211CCBDB090' state=Blocked imports=40 nid=Zxa0VhQVTsk ret=0x0000000804FFBA0E rdi=0x0000000000000002 rsi=0x0000000000000001 rdx=0x0000000000000000 block=sceKernelWaitSema
[LOADER][TRACE] guest_thread.snapshot handle=0x00000211CDA6EA70 name='AssetGarbageCollectorHelper' state=Blocked executor=False imports=277 nid=04AjkP0jO9U ret=0x000000080A821799 block=_umtx_op_wait wake=sceKernelSyncOnAddress:00000006006CF7D8 host_managed=0 host_tid=0
[LOADER][TRACE] guest_thread.snapshot handle=0x00000211CDA6BA40 name='AssetGarbageCollectorHelper' state=Blocked executor=False imports=276 nid=04AjkP0jO9U ret=0x000000080A821799 block=_umtx_op_wait wake=sceKernelSyncOnAddress:00000006006CF928 host_managed=0 host_tid=0
[LOADER][TRACE] guest_thread.snapshot handle=0x00000211CDA6CA50 name='AssetGarbageCollectorHelper' state=Blocked executor=False imports=277 nid=04AjkP0jO9U ret=0x000000080A821799 block=_umtx_op_wait wake=sceKernelSyncOnAddress:00000006006CFA78 host_managed=0 host_tid=0
[LOADER][TRACE] guest_thread.snapshot handle=0x00000211CDA71AA0 name='AssetGarbageCollectorHelper' state=Blocked executor=False imports=276 nid=04AjkP0jO9U ret=0x000000080A821799 block=_umtx_op_wait wake=sceKernelSyncOnAddress:00000006006CFBC8 host_managed=0 host_tid=0
[LOADER][TRACE] guest_thread.snapshot handle=0x00000211CDA70A90 name='AssetGarbageCollectorHelper' state=Blocked executor=False imports=277 nid=04AjkP0jO9U ret=0x000000080A821799 block=_umtx_op_wait wake=sceKernelSyncOnAddress:00000006006CFD18 host_managed=0 host_tid=0
[LOADER][TRACE] guest_thread.snapshot handle=0x00000211CDA75AE0 name='AssetGarbageCollectorHelper' state=Blocked executor=False imports=276 nid=04AjkP0jO9U ret=0x000000080A821799 block=_umtx_op_wait wake=sceKernelSyncOnAddress:00000006006CFE68 host_managed=0 host_tid=0
[LOADER][TRACE] guest_thread.snapshot handle=0x00000211CDA73AC0 name='AssetGarbageCollectorHelper' state=Blocked executor=False imports=277 nid=04AjkP0jO9U ret=0x000000080A821799 block=_umtx_op_wait wake=sceKernelSyncOnAddress:00000006006CFFB8 host_managed=0 host_tid=0
[LOADER][TRACE] guest_thread.snapshot handle=0x00000211CDA72AB0 name='AssetGarbageCollectorHelper' state=Blocked executor=False imports=276 nid=04AjkP0jO9U ret=0x000000080A821799 block=_umtx_op_wait wake=sceKernelSyncOnAddress:00000006006D0108 host_managed=0 host_tid=0
[LOADER][TRACE] guest_thread.snapshot handle=0x00000211CDA76AF0 name='AssetGarbageCollectorHelper' state=Blocked executor=False imports=277 nid=04AjkP0jO9U ret=0x000000080A821799 block=_umtx_op_wait wake=sceKernelSyncOnAddress:00000006006D0258 host_managed=0 host_tid=0
[LOADER][TRACE] guest_thread.snapshot handle=0x00000211CDA74AD0 name='AssetGarbageCollectorHelper' state=Blocked executor=False imports=276 nid=04AjkP0jO9U ret=0x000000080A821799 block=_umtx_op_wait wake=sceKernelSyncOnAddress:00000006006D03A8 host_managed=0 host_tid=0
[LOADER][TRACE] guest_thread.snapshot handle=0x00000211CDA77B00 name='AssetGarbageCollectorHelper' state=Blocked executor=False imports=277 nid=04AjkP0jO9U ret=0x000000080A821799 block=_umtx_op_wait wake=sceKernelSyncOnAddress:00000006006D04F8 host_managed=0 host_tid=0
[LOADER][TRACE] guest_thread.snapshot handle=0x00000211CDA78B10 name='AssetGarbageCollectorHelper' state=Blocked executor=False imports=276 nid=04AjkP0jO9U ret=0x000000080A821799 block=_umtx_op_wait wake=sceKernelSyncOnAddress:00000006006D0648 host_managed=0 host_tid=0
[LOADER][TRACE] guest_thread.snapshot handle=0x00000211CCBDA080 name='AssetGarbageCollectorHelper' state=Blocked executor=False imports=277 nid=04AjkP0jO9U ret=0x000000080A821799 block=_umtx_op_wait wake=sceKernelSyncOnAddress:00000006006D0798 host_managed=0 host_tid=0
[LOADER][TRACE] guest_thread.snapshot handle=0x00000211CCBDB090 name='Thread-211CCBDB090' state=Blocked executor=False imports=40 nid=Zxa0VhQVTsk ret=0x0000000804FFBA0E block=sceKernelWaitSema wake=sceKernelWaitSema:00000002 host_managed=0 host_tid=0
[LOADER][TRACE] guest_thread.snapshot handle=0x00000211CDA6EA70 name='AssetGarbageCollectorHelper' state=Blocked executor=False imports=287 nid=04AjkP0jO9U ret=0x000000080A821799 block=_umtx_op_wait wake=sceKernelSyncOnAddress:00000006006CF7D8 host_managed=0 host_tid=0
[LOADER][TRACE] guest_thread.snapshot handle=0x00000211CDA6BA40 name='AssetGarbageCollectorHelper' state=Blocked executor=False imports=286 nid=04AjkP0jO9U ret=0x000000080A821799 block=_umtx_op_wait wake=sceKernelSyncOnAddress:00000006006CF928 host_managed=0 host_tid=0
[LOADER][TRACE] guest_thread.snapshot handle=0x00000211CDA6CA50 name='AssetGarbageCollectorHelper' state=Blocked executor=False imports=287 nid=04AjkP0jO9U ret=0x000000080A821799 block=_umtx_op_wait wake=sceKernelSyncOnAddress:00000006006CFA78 host_managed=0 host_tid=0
[LOADER][TRACE] guest_thread.snapshot handle=0x00000211CDA71AA0 name='AssetGarbageCollectorHelper' state=Blocked executor=False imports=286 nid=04AjkP0jO9U ret=0x000000080A821799 block=_umtx_op_wait wake=sceKernelSyncOnAddress:00000006006CFBC8 host_managed=0 host_tid=0
[LOADER][TRACE] guest_thread.snapshot handle=0x00000211CDA70A90 name='AssetGarbageCollectorHelper' state=Blocked executor=False imports=287 nid=04AjkP0jO9U ret=0x000000080A821799 block=_umtx_op_wait wake=sceKernelSyncOnAddress:00000006006CFD18 host_managed=0 host_tid=0
[LOADER][TRACE] guest_thread.snapshot handle=0x00000211CDA75AE0 name='AssetGarbageCollectorHelper' state=Blocked executor=False imports=286 nid=04AjkP0jO9U ret=0x000000080A821799 block=_umtx_op_wait wake=sceKernelSyncOnAddress:00000006006CFE68 host_managed=0 host_tid=0
[LOADER][TRACE] guest_thread.snapshot handle=0x00000211CDA73AC0 name='AssetGarbageCollectorHelper' state=Blocked executor=False imports=287 nid=04AjkP0jO9U ret=0x000000080A821799 block=_umtx_op_wait wake=sceKernelSyncOnAddress:00000006006CFFB8 host_managed=0 host_tid=0
[LOADER][TRACE] guest_thread.snapshot handle=0x00000211CDA72AB0 name='AssetGarbageCollectorHelper' state=Blocked executor=False imports=286 nid=04AjkP0jO9U ret=0x000000080A821799 block=_umtx_op_wait wake=sceKernelSyncOnAddress:00000006006D0108 host_managed=0 host_tid=0
[LOADER][TRACE] guest_thread.snapshot handle=0x00000211CDA76AF0 name='AssetGarbageCollectorHelper' state=Blocked executor=False imports=287 nid=04AjkP0jO9U ret=0x000000080A821799 block=_umtx_op_wait wake=sceKernelSyncOnAddress:00000006006D0258 host_managed=0 host_tid=0
[LOADER][TRACE] guest_thread.snapshot handle=0x00000211CDA74AD0 name='AssetGarbageCollectorHelper' state=Blocked executor=False imports=286 nid=04AjkP0jO9U ret=0x000000080A821799 block=_umtx_op_wait wake=sceKernelSyncOnAddress:00000006006D03A8 host_managed=0 host_tid=0
[LOADER][TRACE] guest_thread.snapshot handle=0x00000211CDA77B00 name='AssetGarbageCollectorHelper' state=Blocked executor=False imports=287 nid=04AjkP0jO9U ret=0x000000080A821799 block=_umtx_op_wait wake=sceKernelSyncOnAddress:00000006006D04F8 host_managed=0 host_tid=0
[LOADER][TRACE] guest_thread.snapshot handle=0x00000211CDA78B10 name='AssetGarbageCollectorHelper' state=Blocked executor=False imports=286 nid=04AjkP0jO9U ret=0x000000080A821799 block=_umtx_op_wait wake=sceKernelSyncOnAddress:00000006006D0648 host_managed=0 host_tid=0
[LOADER][TRACE] guest_thread.snapshot handle=0x00000211CCBDA080 name='AssetGarbageCollectorHelper' state=Blocked executor=False imports=287 nid=04AjkP0jO9U ret=0x000000080A821799 block=_umtx_op_wait wake=sceKernelSyncOnAddress:00000006006D0798 host_managed=0 host_tid=0
[LOADER][TRACE] guest_thread.snapshot handle=0x00000211CCBDB090 name='Thread-211CCBDB090' state=Blocked executor=False imports=40 nid=Zxa0VhQVTsk ret=0x0000000804FFBA0E block=sceKernelWaitSema wake=sceKernelWaitSema:00000002 host_managed=0 host_tid=0
[LOADER][TRACE] guest_thread.snapshot handle=0x00000211CDA6EA70 name='AssetGarbageCollectorHelper' state=Blocked executor=False imports=297 nid=04AjkP0jO9U ret=0x000000080A821799 block=_umtx_op_wait wake=sceKernelSyncOnAddress:00000006006CF7D8 host_managed=0 host_tid=0
[LOADER][TRACE] guest_thread.snapshot handle=0x00000211CDA6BA40 name='AssetGarbageCollectorHelper' state=Blocked executor=False imports=296 nid=04AjkP0jO9U ret=0x000000080A821799 block=_umtx_op_wait wake=sceKernelSyncOnAddress:00000006006CF928 host_managed=0 host_tid=0
[LOADER][TRACE] guest_thread.snapshot handle=0x00000211CDA6CA50 name='AssetGarbageCollectorHelper' state=Blocked executor=False imports=297 nid=04AjkP0jO9U ret=0x000000080A821799 block=_umtx_op_wait wake=sceKernelSyncOnAddress:00000006006CFA78 host_managed=0 host_tid=0
[LOADER][TRACE] guest_thread.snapshot handle=0x00000211CDA71AA0 name='AssetGarbageCollectorHelper' state=Blocked executor=False imports=296 nid=04AjkP0jO9U ret=0x000000080A821799 block=_umtx_op_wait wake=sceKernelSyncOnAddress:00000006006CFBC8 host_managed=0 host_tid=0
[LOADER][TRACE] guest_thread.snapshot handle=0x00000211CDA70A90 name='AssetGarbageCollectorHelper' state=Blocked executor=False imports=297 nid=04AjkP0jO9U ret=0x000000080A821799 block=_umtx_op_wait wake=sceKernelSyncOnAddress:00000006006CFD18 host_managed=0 host_tid=0
[LOADER][TRACE] guest_thread.snapshot handle=0x00000211CDA75AE0 name='AssetGarbageCollectorHelper' state=Blocked executor=False imports=296 nid=04AjkP0jO9U ret=0x000000080A821799 block=_umtx_op_wait wake=sceKernelSyncOnAddress:00000006006CFE68 host_managed=0 host_tid=0
[LOADER][TRACE] guest_thread.snapshot handle=0x00000211CDA73AC0 name='AssetGarbageCollectorHelper' state=Blocked executor=False imports=297 nid=04AjkP0jO9U ret=0x000000080A821799 block=_umtx_op_wait wake=sceKernelSyncOnAddress:00000006006CFFB8 host_managed=0 host_tid=0
[LOADER][TRACE] guest_thread.snapshot handle=0x00000211CDA72AB0 name='AssetGarbageCollectorHelper' state=Blocked executor=False imports=296 nid=04AjkP0jO9U ret=0x000000080A821799 block=_umtx_op_wait wake=sceKernelSyncOnAddress:00000006006D0108 host_managed=0 host_tid=0
[LOADER][TRACE] guest_thread.snapshot handle=0x00000211CDA76AF0 name='AssetGarbageCollectorHelper' state=Blocked executor=False imports=297 nid=04AjkP0jO9U ret=0x000000080A821799 block=_umtx_op_wait wake=sceKernelSyncOnAddress:00000006006D0258 host_managed=0 host_tid=0
[LOADER][TRACE] guest_thread.snapshot handle=0x00000211CDA74AD0 name='AssetGarbageCollectorHelper' state=Blocked executor=False imports=296 nid=04AjkP0jO9U ret=0x000000080A821799 block=_umtx_op_wait wake=sceKernelSyncOnAddress:00000006006D03A8 host_managed=0 host_tid=0
[LOADER][TRACE] guest_thread.snapshot handle=0x00000211CDA77B00 name='AssetGarbageCollectorHelper' state=Blocked executor=False imports=297 nid=04AjkP0jO9U ret=0x000000080A821799 block=_umtx_op_wait wake=sceKernelSyncOnAddress:00000006006D04F8 host_managed=0 host_tid=0
[LOADER][TRACE] guest_thread.snapshot handle=0x00000211CDA78B10 name='AssetGarbageCollectorHelper' state=Blocked executor=False imports=296 nid=04AjkP0jO9U ret=0x000000080A821799 block=_umtx_op_wait wake=sceKernelSyncOnAddress:00000006006D0648 host_managed=0 host_tid=0
[LOADER][TRACE] guest_thread.snapshot handle=0x00000211CCBDA080 name='AssetGarbageCollectorHelper' state=Blocked executor=False imports=296 nid=04AjkP0jO9U ret=0x000000080A821799 block=_umtx_op_wait wake=sceKernelSyncOnAddress:00000006006D0798 host_managed=0 host_tid=0
[LOADER][TRACE] guest_thread.snapshot handle=0x00000211CCBDB090 name='Thread-211CCBDB090' state=Blocked executor=False imports=40 nid=Zxa0VhQVTsk ret=0x0000000804FFBA0E block=sceKernelWaitSema wake=sceKernelWaitSema:00000002 host_managed=0 host_tid=0
[LOADER][TRACE] guest_thread.snapshot handle=0x00000211CDA6EA70 name='AssetGarbageCollectorHelper' state=Blocked executor=False imports=307 nid=04AjkP0jO9U ret=0x000000080A821799 block=_umtx_op_wait wake=sceKernelSyncOnAddress:00000006006CF7D8 host_managed=0 host_tid=0
[LOADER][TRACE] guest_thread.snapshot handle=0x00000211CDA6BA40 name='AssetGarbageCollectorHelper' state=Blocked executor=False imports=306 nid=04AjkP0jO9U ret=0x000000080A821799 block=_umtx_op_wait wake=sceKernelSyncOnAddress:00000006006CF928 host_managed=0 host_tid=0
[LOADER][TRACE] guest_thread.snapshot handle=0x00000211CDA6CA50 name='AssetGarbageCollectorHelper' state=Blocked executor=False imports=307 nid=04AjkP0jO9U ret=0x000000080A821799 block=_umtx_op_wait wake=sceKernelSyncOnAddress:00000006006CFA78 host_managed=0 host_tid=0
[LOADER][TRACE] guest_thread.snapshot handle=0x00000211CDA71AA0 name='AssetGarbageCollectorHelper' state=Blocked executor=False imports=306 nid=04AjkP0jO9U ret=0x000000080A821799 block=_umtx_op_wait wake=sceKernelSyncOnAddress:00000006006CFBC8 host_managed=0 host_tid=0
[LOADER][TRACE] guest_thread.snapshot handle=0x00000211CDA70A90 name='AssetGarbageCollectorHelper' state=Blocked executor=False imports=307 nid=04AjkP0jO9U ret=0x000000080A821799 block=_umtx_op_wait wake=sceKernelSyncOnAddress:00000006006CFD18 host_managed=0 host_tid=0
[LOADER][TRACE] guest_thread.snapshot handle=0x00000211CDA75AE0 name='AssetGarbageCollectorHelper' state=Blocked executor=False imports=306 nid=04AjkP0jO9U ret=0x000000080A821799 block=_umtx_op_wait wake=sceKernelSyncOnAddress:00000006006CFE68 host_managed=0 host_tid=0
[LOADER][TRACE] guest_thread.snapshot handle=0x00000211CDA73AC0 name='AssetGarbageCollectorHelper' state=Blocked executor=False imports=307 nid=04AjkP0jO9U ret=0x000000080A821799 block=_umtx_op_wait wake=sceKernelSyncOnAddress:00000006006CFFB8 host_managed=0 host_tid=0
[LOADER][TRACE] guest_thread.snapshot handle=0x00000211CDA72AB0 name='AssetGarbageCollectorHelper' state=Blocked executor=False imports=306 nid=04AjkP0jO9U ret=0x000000080A821799 block=_umtx_op_wait wake=sceKernelSyncOnAddress:00000006006D0108 host_managed=0 host_tid=0
[LOADER][TRACE] guest_thread.snapshot handle=0x00000211CDA76AF0 name='AssetGarbageCollectorHelper' state=Blocked executor=False imports=307 nid=04AjkP0jO9U ret=0x000000080A821799 block=_umtx_op_wait wake=sceKernelSyncOnAddress:00000006006D0258 host_managed=0 host_tid=0
[LOADER][TRACE] guest_thread.snapshot handle=0x00000211CDA74AD0 name='AssetGarbageCollectorHelper' state=Blocked executor=False imports=306 nid=04AjkP0jO9U ret=0x000000080A821799 block=_umtx_op_wait wake=sceKernelSyncOnAddress:00000006006D03A8 host_managed=0 host_tid=0
[LOADER][TRACE] guest_thread.snapshot handle=0x00000211CDA77B00 name='AssetGarbageCollectorHelper' state=Blocked executor=False imports=307 nid=04AjkP0jO9U ret=0x000000080A821799 block=_umtx_op_wait wake=sceKernelSyncOnAddress:00000006006D04F8 host_managed=0 host_tid=0
[LOADER][TRACE] guest_thread.snapshot handle=0x00000211CDA78B10 name='AssetGarbageCollectorHelper' state=Blocked executor=False imports=306 nid=04AjkP0jO9U ret=0x000000080A821799 block=_umtx_op_wait wake=sceKernelSyncOnAddress:00000006006D0648 host_managed=0 host_tid=0
[LOADER][TRACE] guest_thread.snapshot handle=0x00000211CCBDA080 name='AssetGarbageCollectorHelper' state=Blocked executor=False imports=306 nid=04AjkP0jO9U ret=0x000000080A821799 block=_umtx_op_wait wake=sceKernelSyncOnAddress:00000006006D0798 host_managed=0 host_tid=0
[LOADER][TRACE] guest_thread.snapshot handle=0x00000211CCBDB090 name='Thread-211CCBDB090' state=Blocked executor=False imports=40 nid=Zxa0VhQVTsk ret=0x0000000804FFBA0E block=sceKernelWaitSema wake=sceKernelWaitSema:00000002 host_managed=0 host_tid=0
[LOADER][TRACE] guest_thread.snapshot handle=0x00000211CDA6EA70 name='AssetGarbageCollectorHelper' state=Blocked executor=False imports=317 nid=04AjkP0jO9U ret=0x000000080A821799 block=_umtx_op_wait wake=sceKernelSyncOnAddress:00000006006CF7D8 host_managed=0 host_tid=0
[LOADER][TRACE] guest_thread.snapshot handle=0x00000211CDA6BA40 name='AssetGarbageCollectorHelper' state=Blocked executor=False imports=316 nid=04AjkP0jO9U ret=0x000000080A821799 block=_umtx_op_wait wake=sceKernelSyncOnAddress:00000006006CF928 host_managed=0 host_tid=0
[LOADER][TRACE] guest_thread.snapshot handle=0x00000211CDA6CA50 name='AssetGarbageCollectorHelper' state=Blocked executor=False imports=317 nid=04AjkP0jO9U ret=0x000000080A821799 block=_umtx_op_wait wake=sceKernelSyncOnAddress:00000006006CFA78 host_managed=0 host_tid=0
[LOADER][TRACE] guest_thread.snapshot handle=0x00000211CDA71AA0 name='AssetGarbageCollectorHelper' state=Blocked executor=False imports=316 nid=04AjkP0jO9U ret=0x000000080A821799 block=_umtx_op_wait wake=sceKernelSyncOnAddress:00000006006CFBC8 host_managed=0 host_tid=0
[LOADER][TRACE] guest_thread.snapshot handle=0x00000211CDA70A90 name='AssetGarbageCollectorHelper' state=Blocked executor=False imports=317 nid=04AjkP0jO9U ret=0x000000080A821799 block=_umtx_op_wait wake=sceKernelSyncOnAddress:00000006006CFD18 host_managed=0 host_tid=0
[LOADER][TRACE] guest_thread.snapshot handle=0x00000211CDA75AE0 name='AssetGarbageCollectorHelper' state=Blocked executor=False imports=316 nid=04AjkP0jO9U ret=0x000000080A821799 block=_umtx_op_wait wake=sceKernelSyncOnAddress:00000006006CFE68 host_managed=0 host_tid=0
[LOADER][TRACE] guest_thread.snapshot handle=0x00000211CDA73AC0 name='AssetGarbageCollectorHelper' state=Blocked executor=False imports=317 nid=04AjkP0jO9U ret=0x000000080A821799 block=_umtx_op_wait wake=sceKernelSyncOnAddress:00000006006CFFB8 host_managed=0 host_tid=0
[LOADER][TRACE] guest_thread.snapshot handle=0x00000211CDA72AB0 name='AssetGarbageCollectorHelper' state=Blocked executor=False imports=316 nid=04AjkP0jO9U ret=0x000000080A821799 block=_umtx_op_wait wake=sceKernelSyncOnAddress:00000006006D0108 host_managed=0 host_tid=0
[LOADER][TRACE] guest_thread.snapshot handle=0x00000211CDA76AF0 name='AssetGarbageCollectorHelper' state=Blocked executor=False imports=317 nid=04AjkP0jO9U ret=0x000000080A821799 block=_umtx_op_wait wake=sceKernelSyncOnAddress:00000006006D0258 host_managed=0 host_tid=0
[LOADER][TRACE] guest_thread.snapshot handle=0x00000211CDA74AD0 name='AssetGarbageCollectorHelper' state=Blocked executor=False imports=316 nid=04AjkP0jO9U ret=0x000000080A821799 block=_umtx_op_wait wake=sceKernelSyncOnAddress:00000006006D03A8 host_managed=0 host_tid=0
[LOADER][TRACE] guest_thread.snapshot handle=0x00000211CDA77B00 name='AssetGarbageCollectorHelper' state=Blocked executor=False imports=317 nid=04AjkP0jO9U ret=0x000000080A821799 block=_umtx_op_wait wake=sceKernelSyncOnAddress:00000006006D04F8 host_managed=0 host_tid=0
[LOADER][TRACE] guest_thread.snapshot handle=0x00000211CDA78B10 name='AssetGarbageCollectorHelper' state=Blocked executor=False imports=316 nid=04AjkP0jO9U ret=0x000000080A821799 block=_umtx_op_wait wake=sceKernelSyncOnAddress:00000006006D0648 host_managed=0 host_tid=0
[LOADER][TRACE] guest_thread.snapshot handle=0x00000211CCBDA080 name='AssetGarbageCollectorHelper' state=Blocked executor=False imports=316 nid=04AjkP0jO9U ret=0x000000080A821799 block=_umtx_op_wait wake=sceKernelSyncOnAddress:00000006006D0798 host_managed=0 host_tid=0
[LOADER][TRACE] guest_thread.snapshot handle=0x00000211CCBDB090 name='Thread-211CCBDB090' state=Blocked executor=False imports=40 nid=Zxa0VhQVTsk ret=0x0000000804FFBA0E block=sceKernelWaitSema wake=sceKernelWaitSema:00000002 host_managed=0 host_tid=0
[LOADER][ERROR] --- periodic snapshot ---
[LOADER][ERROR] Stall snapshot: rip=0x00006FFFFD0008C0 rsp=0x00007FFFF01FB8C8 rbp=0x00007FFFF01FB940 rax=0x00000211D23D0000 rbx=0x0000000100000BA0 rcx=0x00000000FFFFFFFF rdx=0x0000000000000000 rsi=0x0000000100000BA8 rdi=0x0000000100000BB0
[LOADER][ERROR] Stall import-stub: rip=0x00006FFFFD0008C0 nid=Op8TBGY5KHg -> libKernel:pthread_cond_wait
[LOADER][ERROR] Stall bytes @rip: 48 B8 00 00 3D D2 11 02 00 00 FF E0 90 90 90 90
[LOADER][ERROR] Stall stack: [rsp]=0x0000000804F3A074 [rsp+8]=0xFFFFFFFFFFFFFFFF
[LOADER][ERROR] Live hardware context (main thread 35592):
[LOADER][ERROR]   RIP=0x00007FFDBD3EAEE4 RSP=0x000000161CF7AB08 RBP=0x0000000000000001
[LOADER][ERROR]   RAX=0x00000000000014E1 RBX=0x000000161CF7ABD0 RCX=0x0000000000000001 RDX=0x0000020603666500
[LOADER][ERROR]   RSI=0x000000161CF7AC0C RDI=0x0000000000000002 R8=0x00000000FFFFFFFF R9=0x0000000000005DFF
[LOADER][ERROR]   R10=0x0000000000000001 R11=0x0000000000000001 R12=0x0000020603666500 R13=0x00000000FFFFFFFF R14=0x00000000023E8638 R15=0x000000161CF7AD40
[LOADER][ERROR]   RIP location: win32u.dll+0xAEE4
[LOADER][ERROR]   Live bytes @[RIP-32..RIP+16]: C3 CD 2E C3 0F 1F 84 00 00 00 00 00 4C 8B D1 B8 E1 14 00 00 F6 04 25 08 03 FE 7F 01 75 03 0F 05 C3 CD 2E C3 0F 1F 84 00 00 00 00 00 4C 8B D1 B8
[LOADER][ERROR]   Live bytes @RIP: C3 CD 2E C3 0F 1F 84 00 00 00 00 00 4C 8B D1 B8
[LOADER][ERROR]   Live stack frames (host code pointers):
[LOADER][ERROR]     [rsp+0x00] = 0x00007FFDBE586CB8 (combase.dll+0x16CB8)
[LOADER][ERROR]     [rsp+0x10] = 0x000000161CF7ABD0 (0x000000161CF7ABD0)
[LOADER][ERROR]     [rsp+0x18] = 0x000000161CF7ABD0 (0x000000161CF7ABD0)
[LOADER][ERROR]     [rsp+0x30] = 0x00007FFDBE5876B6 (combase.dll+0x176B6)
[LOADER][ERROR]     [rsp+0x40] = 0x00007FFCBC7F5819 (coreclr.dll+0x85819)
[LOADER][ERROR]     [rsp+0x48] = 0x00007FFC5CB84410 (0x00007FFC5CB84410)
[LOADER][ERROR]     [rsp+0x58] = 0x000000161CF7ABD0 (0x000000161CF7ABD0)
[LOADER][ERROR]     [rsp+0x60] = 0x00007FFDBE587691 (combase.dll+0x17691)
[LOADER][ERROR]     [rsp+0x70] = 0x000000161CF7AD40 (0x000000161CF7AD40)
[LOADER][ERROR]     [rsp+0x90] = 0x00007FFDBE585CF5 (combase.dll+0x15CF5)
[LOADER][ERROR]     [rsp+0xA0] = 0x0000020603666500 (0x0000020603666500)
[LOADER][ERROR]     [rsp+0xC8] = 0x00007FFDBE7E2150 (combase.dll+0x272150)
[LOADER][ERROR]     [rsp+0xE8] = 0x00000001023E862E (0x00000001023E862E)
[LOADER][ERROR] Stall guest-thread: handle=0x00000211CDA6EA70 name='AssetGarbageCollectorHelper' state=Blocked imports=320 nid=04AjkP0jO9U ret=0x000000080A821799 rdi=0x00000006006CF7D8 rsi=0x0000000000000002 rdx=0x0000000000000000 block=_umtx_op_wait
[LOADER][ERROR] Stall guest-thread: handle=0x00000211CDA6BA40 name='AssetGarbageCollectorHelper' state=Blocked imports=319 nid=04AjkP0jO9U ret=0x000000080A821799 rdi=0x00000006006CF928 rsi=0x0000000000000002 rdx=0x0000000000000000 block=_umtx_op_wait
[LOADER][ERROR] Stall guest-thread: handle=0x00000211CDA6CA50 name='AssetGarbageCollectorHelper' state=Blocked imports=320 nid=04AjkP0jO9U ret=0x000000080A821799 rdi=0x00000006006CFA78 rsi=0x0000000000000002 rdx=0x0000000000000000 block=_umtx_op_wait
[LOADER][ERROR] Stall guest-thread: handle=0x00000211CDA71AA0 name='AssetGarbageCollectorHelper' state=Blocked imports=319 nid=04AjkP0jO9U ret=0x000000080A821799 rdi=0x00000006006CFBC8 rsi=0x0000000000000002 rdx=0x0000000000000000 block=_umtx_op_wait
[LOADER][ERROR] Stall guest-thread: handle=0x00000211CDA70A90 name='AssetGarbageCollectorHelper' state=Blocked imports=320 nid=04AjkP0jO9U ret=0x000000080A821799 rdi=0x00000006006CFD18 rsi=0x0000000000000002 rdx=0x0000000000000000 block=_umtx_op_wait
[LOADER][ERROR] Stall guest-thread: handle=0x00000211CDA75AE0 name='AssetGarbageCollectorHelper' state=Blocked imports=319 nid=04AjkP0jO9U ret=0x000000080A821799 rdi=0x00000006006CFE68 rsi=0x0000000000000002 rdx=0x0000000000000000 block=_umtx_op_wait
[LOADER][ERROR] Stall guest-thread: handle=0x00000211CDA73AC0 name='AssetGarbageCollectorHelper' state=Blocked imports=320 nid=04AjkP0jO9U ret=0x000000080A821799 rdi=0x00000006006CFFB8 rsi=0x0000000000000002 rdx=0x0000000000000000 block=_umtx_op_wait
[LOADER][ERROR] Stall guest-thread: handle=0x00000211CDA72AB0 name='AssetGarbageCollectorHelper' state=Blocked imports=319 nid=04AjkP0jO9U ret=0x000000080A821799 rdi=0x00000006006D0108 rsi=0x0000000000000002 rdx=0x0000000000000000 block=_umtx_op_wait
[LOADER][ERROR] Stall guest-thread: handle=0x00000211CDA76AF0 name='AssetGarbageCollectorHelper' state=Blocked imports=320 nid=04AjkP0jO9U ret=0x000000080A821799 rdi=0x00000006006D0258 rsi=0x0000000000000002 rdx=0x0000000000000000 block=_umtx_op_wait
[LOADER][ERROR] Stall guest-thread: handle=0x00000211CDA74AD0 name='AssetGarbageCollectorHelper' state=Blocked imports=319 nid=04AjkP0jO9U ret=0x000000080A821799 rdi=0x00000006006D03A8 rsi=0x0000000000000002 rdx=0x0000000000000000 block=_umtx_op_wait
[LOADER][ERROR] Stall guest-thread: handle=0x00000211CDA77B00 name='AssetGarbageCollectorHelper' state=Blocked imports=320 nid=04AjkP0jO9U ret=0x000000080A821799 rdi=0x00000006006D04F8 rsi=0x0000000000000002 rdx=0x0000000000000000 block=_umtx_op_wait
[LOADER][ERROR] Stall guest-thread: handle=0x00000211CDA78B10 name='AssetGarbageCollectorHelper' state=Blocked imports=319 nid=04AjkP0jO9U ret=0x000000080A821799 rdi=0x00000006006D0648 rsi=0x0000000000000002 rdx=0x0000000000000000 block=_umtx_op_wait
[LOADER][ERROR] Stall guest-thread: handle=0x00000211CCBDA080 name='AssetGarbageCollectorHelper' state=Blocked imports=320 nid=04AjkP0jO9U ret=0x000000080A821799 rdi=0x00000006006D0798 rsi=0x0000000000000002 rdx=0x0000000000000000 block=_umtx_op_wait
[LOADER][ERROR] Stall guest-thread: handle=0x00000211CCBDB090 name='Thread-211CCBDB090' state=Blocked imports=40 nid=Zxa0VhQVTsk ret=0x0000000804FFBA0E rdi=0x0000000000000002 rsi=0x0000000000000001 rdx=0x0000000000000000 block=sceKernelWaitSema
[LOADER][TRACE] guest_thread.snapshot handle=0x00000211CDA6EA70 name='AssetGarbageCollectorHelper' state=Blocked executor=False imports=327 nid=04AjkP0jO9U ret=0x000000080A821799 block=_umtx_op_wait wake=sceKernelSyncOnAddress:00000006006CF7D8 host_managed=0 host_tid=0
[LOADER][TRACE] guest_thread.snapshot handle=0x00000211CDA6BA40 name='AssetGarbageCollectorHelper' state=Blocked executor=False imports=326 nid=04AjkP0jO9U ret=0x000000080A821799 block=_umtx_op_wait wake=sceKernelSyncOnAddress:00000006006CF928 host_managed=0 host_tid=0
[LOADER][TRACE] guest_thread.snapshot handle=0x00000211CDA6CA50 name='AssetGarbageCollectorHelper' state=Blocked executor=False imports=327 nid=04AjkP0jO9U ret=0x000000080A821799 block=_umtx_op_wait wake=sceKernelSyncOnAddress:00000006006CFA78 host_managed=0 host_tid=0
[LOADER][TRACE] guest_thread.snapshot handle=0x00000211CDA71AA0 name='AssetGarbageCollectorHelper' state=Blocked executor=False imports=326 nid=04AjkP0jO9U ret=0x000000080A821799 block=_umtx_op_wait wake=sceKernelSyncOnAddress:00000006006CFBC8 host_managed=0 host_tid=0
[LOADER][TRACE] guest_thread.snapshot handle=0x00000211CDA70A90 name='AssetGarbageCollectorHelper' state=Blocked executor=False imports=327 nid=04AjkP0jO9U ret=0x000000080A821799 block=_umtx_op_wait wake=sceKernelSyncOnAddress:00000006006CFD18 host_managed=0 host_tid=0
[LOADER][TRACE] guest_thread.snapshot handle=0x00000211CDA75AE0 name='AssetGarbageCollectorHelper' state=Blocked executor=False imports=326 nid=04AjkP0jO9U ret=0x000000080A821799 block=_umtx_op_wait wake=sceKernelSyncOnAddress:00000006006CFE68 host_managed=0 host_tid=0
[LOADER][TRACE] guest_thread.snapshot handle=0x00000211CDA73AC0 name='AssetGarbageCollectorHelper' state=Blocked executor=False imports=327 nid=04AjkP0jO9U ret=0x000000080A821799 block=_umtx_op_wait wake=sceKernelSyncOnAddress:00000006006CFFB8 host_managed=0 host_tid=0
[LOADER][TRACE] guest_thread.snapshot handle=0x00000211CDA72AB0 name='AssetGarbageCollectorHelper' state=Blocked executor=False imports=326 nid=04AjkP0jO9U ret=0x000000080A821799 block=_umtx_op_wait wake=sceKernelSyncOnAddress:00000006006D0108 host_managed=0 host_tid=0
[LOADER][TRACE] guest_thread.snapshot handle=0x00000211CDA76AF0 name='AssetGarbageCollectorHelper' state=Blocked executor=False imports=327 nid=04AjkP0jO9U ret=0x000000080A821799 block=_umtx_op_wait wake=sceKernelSyncOnAddress:00000006006D0258 host_managed=0 host_tid=0
[LOADER][TRACE] guest_thread.snapshot handle=0x00000211CDA74AD0 name='AssetGarbageCollectorHelper' state=Blocked executor=False imports=326 nid=04AjkP0jO9U ret=0x000000080A821799 block=_umtx_op_wait wake=sceKernelSyncOnAddress:00000006006D03A8 host_managed=0 host_tid=0
[LOADER][TRACE] guest_thread.snapshot handle=0x00000211CDA77B00 name='AssetGarbageCollectorHelper' state=Blocked executor=False imports=327 nid=04AjkP0jO9U ret=0x000000080A821799 block=_umtx_op_wait wake=sceKernelSyncOnAddress:00000006006D04F8 host_managed=0 host_tid=0
[LOADER][TRACE] guest_thread.snapshot handle=0x00000211CDA78B10 name='AssetGarbageCollectorHelper' state=Blocked executor=False imports=326 nid=04AjkP0jO9U ret=0x000000080A821799 block=_umtx_op_wait wake=sceKernelSyncOnAddress:00000006006D0648 host_managed=0 host_tid=0
[LOADER][TRACE] guest_thread.snapshot handle=0x00000211CCBDA080 name='AssetGarbageCollectorHelper' state=Blocked executor=False imports=326 nid=04AjkP0jO9U ret=0x000000080A821799 block=_umtx_op_wait wake=sceKernelSyncOnAddress:00000006006D0798 host_managed=0 host_tid=0
[LOADER][TRACE] guest_thread.snapshot handle=0x00000211CCBDB090 name='Thread-211CCBDB090' state=Blocked executor=False imports=40 nid=Zxa0VhQVTsk ret=0x0000000804FFBA0E block=sceKernelWaitSema wake=sceKernelWaitSema:00000002 host_managed=0 host_tid=0
[LOADER][TRACE] guest_thread.snapshot handle=0x00000211CDA6EA70 name='AssetGarbageCollectorHelper' state=Blocked executor=False imports=337 nid=04AjkP0jO9U ret=0x000000080A821799 block=_umtx_op_wait wake=sceKernelSyncOnAddress:00000006006CF7D8 host_managed=0 host_tid=0
[LOADER][TRACE] guest_thread.snapshot handle=0x00000211CDA6BA40 name='AssetGarbageCollectorHelper' state=Blocked executor=False imports=336 nid=04AjkP0jO9U ret=0x000000080A821799 block=_umtx_op_wait wake=sceKernelSyncOnAddress:00000006006CF928 host_managed=0 host_tid=0
[LOADER][TRACE] guest_thread.snapshot handle=0x00000211CDA6CA50 name='AssetGarbageCollectorHelper' state=Blocked executor=False imports=337 nid=04AjkP0jO9U ret=0x000000080A821799 block=_umtx_op_wait wake=sceKernelSyncOnAddress:00000006006CFA78 host_managed=0 host_tid=0
[LOADER][TRACE] guest_thread.snapshot handle=0x00000211CDA71AA0 name='AssetGarbageCollectorHelper' state=Blocked executor=False imports=336 nid=04AjkP0jO9U ret=0x000000080A821799 block=_umtx_op_wait wake=sceKernelSyncOnAddress:00000006006CFBC8 host_managed=0 host_tid=0
[LOADER][TRACE] guest_thread.snapshot handle=0x00000211CDA70A90 name='AssetGarbageCollectorHelper' state=Blocked executor=False imports=337 nid=04AjkP0jO9U ret=0x000000080A821799 block=_umtx_op_wait wake=sceKernelSyncOnAddress:00000006006CFD18 host_managed=0 host_tid=0
[LOADER][TRACE] guest_thread.snapshot handle=0x00000211CDA75AE0 name='AssetGarbageCollectorHelper' state=Blocked executor=False imports=336 nid=04AjkP0jO9U ret=0x000000080A821799 block=_umtx_op_wait wake=sceKernelSyncOnAddress:00000006006CFE68 host_managed=0 host_tid=0
[LOADER][TRACE] guest_thread.snapshot handle=0x00000211CDA73AC0 name='AssetGarbageCollectorHelper' state=Blocked executor=False imports=337 nid=04AjkP0jO9U ret=0x000000080A821799 block=_umtx_op_wait wake=sceKernelSyncOnAddress:00000006006CFFB8 host_managed=0 host_tid=0
[LOADER][TRACE] guest_thread.snapshot handle=0x00000211CDA72AB0 name='AssetGarbageCollectorHelper' state=Blocked executor=False imports=336 nid=04AjkP0jO9U ret=0x000000080A821799 block=_umtx_op_wait wake=sceKernelSyncOnAddress:00000006006D0108 host_managed=0 host_tid=0
[LOADER][TRACE] guest_thread.snapshot handle=0x00000211CDA76AF0 name='AssetGarbageCollectorHelper' state=Blocked executor=False imports=337 nid=04AjkP0jO9U ret=0x000000080A821799 block=_umtx_op_wait wake=sceKernelSyncOnAddress:00000006006D0258 host_managed=0 host_tid=0
[LOADER][TRACE] guest_thread.snapshot handle=0x00000211CDA74AD0 name='AssetGarbageCollectorHelper' state=Blocked executor=False imports=336 nid=04AjkP0jO9U ret=0x000000080A821799 block=_umtx_op_wait wake=sceKernelSyncOnAddress:00000006006D03A8 host_managed=0 host_tid=0
[LOADER][TRACE] guest_thread.snapshot handle=0x00000211CDA77B00 name='AssetGarbageCollectorHelper' state=Blocked executor=False imports=337 nid=04AjkP0jO9U ret=0x000000080A821799 block=_umtx_op_wait wake=sceKernelSyncOnAddress:00000006006D04F8 host_managed=0 host_tid=0
[LOADER][TRACE] guest_thread.snapshot handle=0x00000211CDA78B10 name='AssetGarbageCollectorHelper' state=Blocked executor=False imports=336 nid=04AjkP0jO9U ret=0x000000080A821799 block=_umtx_op_wait wake=sceKernelSyncOnAddress:00000006006D0648 host_managed=0 host_tid=0
[LOADER][TRACE] guest_thread.snapshot handle=0x00000211CCBDA080 name='AssetGarbageCollectorHelper' state=Blocked executor=False imports=336 nid=04AjkP0jO9U ret=0x000000080A821799 block=_umtx_op_wait wake=sceKernelSyncOnAddress:00000006006D0798 host_managed=0 host_tid=0
[LOADER][TRACE] guest_thread.snapshot handle=0x00000211CCBDB090 name='Thread-211CCBDB090' state=Blocked executor=False imports=40 nid=Zxa0VhQVTsk ret=0x0000000804FFBA0E block=sceKernelWaitSema wake=sceKernelWaitSema:00000002 host_managed=0 host_tid=0
[LOADER][TRACE] guest_thread.snapshot handle=0x00000211CDA6EA70 name='AssetGarbageCollectorHelper' state=Blocked executor=False imports=347 nid=04AjkP0jO9U ret=0x000000080A821799 block=_umtx_op_wait wake=sceKernelSyncOnAddress:00000006006CF7D8 host_managed=0 host_tid=0
[LOADER][TRACE] guest_thread.snapshot handle=0x00000211CDA6BA40 name='AssetGarbageCollectorHelper' state=Blocked executor=False imports=346 nid=04AjkP0jO9U ret=0x000000080A821799 block=_umtx_op_wait wake=sceKernelSyncOnAddress:00000006006CF928 host_managed=0 host_tid=0
[LOADER][TRACE] guest_thread.snapshot handle=0x00000211CDA6CA50 name='AssetGarbageCollectorHelper' state=Blocked executor=False imports=347 nid=04AjkP0jO9U ret=0x000000080A821799 block=_umtx_op_wait wake=sceKernelSyncOnAddress:00000006006CFA78 host_managed=0 host_tid=0
[LOADER][TRACE] guest_thread.snapshot handle=0x00000211CDA71AA0 name='AssetGarbageCollectorHelper' state=Blocked executor=False imports=346 nid=04AjkP0jO9U ret=0x000000080A821799 block=_umtx_op_wait wake=sceKernelSyncOnAddress:00000006006CFBC8 host_managed=0 host_tid=0
[LOADER][TRACE] guest_thread.snapshot handle=0x00000211CDA70A90 name='AssetGarbageCollectorHelper' state=Blocked executor=False imports=347 nid=04AjkP0jO9U ret=0x000000080A821799 block=_umtx_op_wait wake=sceKernelSyncOnAddress:00000006006CFD18 host_managed=0 host_tid=0
[LOADER][TRACE] guest_thread.snapshot handle=0x00000211CDA75AE0 name='AssetGarbageCollectorHelper' state=Blocked executor=False imports=346 nid=04AjkP0jO9U ret=0x000000080A821799 block=_umtx_op_wait wake=sceKernelSyncOnAddress:00000006006CFE68 host_managed=0 host_tid=0
[LOADER][TRACE] guest_thread.snapshot handle=0x00000211CDA73AC0 name='AssetGarbageCollectorHelper' state=Blocked executor=False imports=347 nid=04AjkP0jO9U ret=0x000000080A821799 block=_umtx_op_wait wake=sceKernelSyncOnAddress:00000006006CFFB8 host_managed=0 host_tid=0
[LOADER][TRACE] guest_thread.snapshot handle=0x00000211CDA72AB0 name='AssetGarbageCollectorHelper' state=Blocked executor=False imports=346 nid=04AjkP0jO9U ret=0x000000080A821799 block=_umtx_op_wait wake=sceKernelSyncOnAddress:00000006006D0108 host_managed=0 host_tid=0
[LOADER][TRACE] guest_thread.snapshot handle=0x00000211CDA76AF0 name='AssetGarbageCollectorHelper' state=Blocked executor=False imports=347 nid=04AjkP0jO9U ret=0x000000080A821799 block=_umtx_op_wait wake=sceKernelSyncOnAddress:00000006006D0258 host_managed=0 host_tid=0
[LOADER][TRACE] guest_thread.snapshot handle=0x00000211CDA74AD0 name='AssetGarbageCollectorHelper' state=Blocked executor=False imports=346 nid=04AjkP0jO9U ret=0x000000080A821799 block=_umtx_op_wait wake=sceKernelSyncOnAddress:00000006006D03A8 host_managed=0 host_tid=0
[LOADER][TRACE] guest_thread.snapshot handle=0x00000211CDA77B00 name='AssetGarbageCollectorHelper' state=Blocked executor=False imports=347 nid=04AjkP0jO9U ret=0x000000080A821799 block=_umtx_op_wait wake=sceKernelSyncOnAddress:00000006006D04F8 host_managed=0 host_tid=0
[LOADER][TRACE] guest_thread.snapshot handle=0x00000211CDA78B10 name='AssetGarbageCollectorHelper' state=Blocked executor=False imports=346 nid=04AjkP0jO9U ret=0x000000080A821799 block=_umtx_op_wait wake=sceKernelSyncOnAddress:00000006006D0648 host_managed=0 host_tid=0
[LOADER][TRACE] guest_thread.snapshot handle=0x00000211CCBDA080 name='AssetGarbageCollectorHelper' state=Blocked executor=False imports=346 nid=04AjkP0jO9U ret=0x000000080A821799 block=_umtx_op_wait wake=sceKernelSyncOnAddress:00000006006D0798 host_managed=0 host_tid=0
[LOADER][TRACE] guest_thread.snapshot handle=0x00000211CCBDB090 name='Thread-211CCBDB090' state=Blocked executor=False imports=40 nid=Zxa0VhQVTsk ret=0x0000000804FFBA0E block=sceKernelWaitSema wake=sceKernelWaitSema:00000002 host_managed=0 host_tid=0
