[DEBUG] Log file: C:\Users\chayt\Downloads\SharpEmu-Source\artifacts\boot-investigation\play.log
[DEBUG] SharpEmu starting with 3 args
[INFO][SharpEmu.CLI] Program.cs:267 SharpEmu UNOFFICIAL — https://github.com/sharpemu/sharpemu

Local build (not produced by CI).
[INFO][SharpEmu.CLI] Program.cs:268 Host hardware: CPU: AMD Ryzen 7 260 w/ Radeon 780M Graphics; GPU: NVIDIA GeForce RTX 5060 Laptop GPU; RAM: 23,868 MB (23.3 GB).
[DEBUG] Full path: C:\Users\chayt\Downloads\PSX\eboot.bin
[DEBUG] Creating runtime...
[LOADER][INFO] Kernel TSC frequency: 3792953464 Hz (calibrated-rdtsc)
[HLE] Warmed 3795 type initializers (0 threw) + JIT-compiled 24506 methods (149 skipped) across 11 HLE assemblies, plus 3311 framework type initializers.
[INFO][Aerolib] Aerolib.cs:150 Loaded 154458 NID entries from binary resource
[DEBUG] Running: C:\Users\chayt\Downloads\PSX\eboot.bin
[RUNTIME] Loading: C:\Users\chayt\Downloads\PSX\eboot.bin
[LOADER][INFO] ampr.app0_index_cache_hit root=C:\Users\chayt\Downloads\PSX files=72 ids=288 elapsed_ms=8.4
[LOADER] Loading param.json at C:\Users\chayt\Downloads\PSX/sce_sys/param.json
[LOADER] Title: Zombie Cure Lab, TitleId: PPSA22623, Version: 01.000.004
[LOADER][TLS] load_start clear=True next=1 assigned=1 has_pt_tls=True
Total image size needed: 0x208BC50 (34126928 bytes)
[LOADER] Segment 0: VAddr=0x0000000800000000, FileSize=0x189BA8C, MemSize=0x189BA8C, Align=0x4000
[LOADER] Segment 1: VAddr=0x000000080189C000, FileSize=0x32CC28, MemSize=0x32CC28, Align=0x4000
[LOADER] Segment 3: VAddr=0x0000000801BCC000, FileSize=0x9BD40, MemSize=0x9BD40, Align=0x4000
[LOADER] Segment 7: VAddr=0x0000000801C68000, FileSize=0x1B65A8, MemSize=0x2F5C70, Align=0x4000
[LOADER] Segment 8: VAddr=0x0000000801F5DC70, FileSize=0x12DFE0, MemSize=0x12DFE0, Align=0x4000
[LOADER][TLS] Module 1 TLS template: memsz=0xC0 filesz=0x0 align=0x8 static_offset=0xC0 total_static=0xC0
[LOADER] TryLoadTableBytes: trying location=0x208B140, size=0xB10, imageBase=0x800000000
[LOADER] TryLoadTableBytes: trying guest address 0x80208B140
[LOADER] TryLoadTableBytes: loaded from guest memory at 0x80208B140
[LOADER] Dynamic Info: StrTab=0x1F5DC70, StrTabSize=0x2B7D
[LOADER] Dynamic Info: SymTab=0x1F607F0, SymTabSize=0x3960
[LOADER] Dynamic Info: Rela=0x1F679F0, RelaSize=0x122400
[LOADER] Dynamic Info: JmpRel=0x1F64150, JmpRelSize=0x38A0
[LOADER] Dynamic Info: PltGot=0x1C65EF0
[LOADER] TLS module id: 1
[LOADER] HasImportMetadata: True
[LOADER] TryLoadTableBytes: trying location=0x1F679F0, size=0x122400, imageBase=0x800000000
[LOADER] TryLoadTableBytes: trying guest address 0x801F679F0
[LOADER] TryLoadTableBytes: loaded from guest memory at 0x801F679F0
[LOADER] TryLoadTableBytes: trying location=0x1F64150, size=0x38A0, imageBase=0x800000000
[LOADER] TryLoadTableBytes: trying guest address 0x801F64150
[LOADER] TryLoadTableBytes: loaded from guest memory at 0x801F64150
[LOADER] ImageBase runtime: 0x0000000800000000
[LOADER] Processing 50140 relocations...
[LOADER] TryLoadTableBytes: trying location=0x1F5DC70, size=0x2B7D, imageBase=0x800000000
[LOADER] TryLoadTableBytes: trying guest address 0x801F5DC70
[LOADER] TryLoadTableBytes: loaded from guest memory at 0x801F5DC70
[LOADER] TryLoadTableBytes: trying location=0x1F607F0, size=0x3960, imageBase=0x800000000
[LOADER] TryLoadTableBytes: trying guest address 0x801F607F0
[LOADER] TryLoadTableBytes: loaded from guest memory at 0x801F607F0
[LOADER] Found 609 unique NIDs, 50140 descriptors
[LOADER] CreateImportStubMapping: nids=609, required=0x2610, map_size=0x3000
[LOADER] Created 609 import stubs
[LOADER] TryLoadTableBytes: trying location=0x208B140, size=0xB10, imageBase=0x800000000
[LOADER] TryLoadTableBytes: trying guest address 0x80208B140
[LOADER] TryLoadTableBytes: loaded from guest memory at 0x80208B140
[LOADER] TryLoadTableBytes: trying location=0x1F5DC70, size=0x2B7D, imageBase=0x800000000
[LOADER] TryLoadTableBytes: trying guest address 0x801F5DC70
[LOADER] TryLoadTableBytes: loaded from guest memory at 0x801F5DC70
[LOADER] TryLoadTableBytes: trying location=0x1F607F0, size=0x3960, imageBase=0x800000000
[LOADER] TryLoadTableBytes: trying guest address 0x801F607F0
[LOADER] TryLoadTableBytes: loaded from guest memory at 0x801F607F0
[LOADER] Runtime symbol index populated: section=0, dynamic=1, total=2
[LOADER] TryLoadTableBytes: trying location=0x208B140, size=0xB10, imageBase=0x800000000
[LOADER] TryLoadTableBytes: trying guest address 0x80208B140
[LOADER] TryLoadTableBytes: loaded from guest memory at 0x80208B140
[LOADER][TEST] ResolveMappedAddressOrFallback addr=0x10 imageBase=0x0000000800000000
[LOADER][TEST] -> resolved raw 0x0000000800000010
[LOADER][TEST] ResolveMappedAddressOrFallback addr=0x10 imageBase=0x0000000800000000
[LOADER][TEST] -> resolved raw 0x0000000800000010
[LOADER] Initializers discovered: preinit=0, init=1
[LOADER] ELF e_entry: 0x0000000000000070
[LOADER] Generation: Gen5 (PS5)
[LOADER] Using image base: 0x0000000800000000
[LOADER] Final entry point: 0x0000000800000070
[LOADER] ProcParam: 0x0000000801C67CE0
[LOADER] PH[0]: type=Load, vaddr=0x0000000000000000 -> 0x0000000800000000, memsz=0x189BA8C
[LOADER] PH[1]: type=Load, vaddr=0x000000000189C000 -> 0x000000080189C000, memsz=0x32CC28
[LOADER] PH[2]: type=GnuEhFrame, vaddr=0x000000000189C000 -> 0x000000080189C000, memsz=0x483EC
[LOADER][TLS] load_done assigned=1 next=2
[RUNTIME] Registered module handle=1 name=eboot.bin base=0x0000000800000000 size=0x000000000208BC50
[RUNTIME] Entry: 0x0000000800000070
[RUNTIME] Module search directories: C:\Users\chayt\Downloads\PSX\sce_module, C:\Users\chayt\Downloads\PSX\Media\Modules, C:\Users\chayt\Downloads\PSX, C:\Users\chayt\Downloads\PSX\Media\Plugins
[RUNTIME] Loading 10 module(s)...
[LOADER][TLS] load_start clear=False next=2 assigned=2 has_pt_tls=True
Total image size needed: 0x1D2938 (1911096 bytes)
[LOADER] Segment 0: VAddr=0x0000000804000000, FileSize=0x115BF0, MemSize=0x115BF0, Align=0x4000
[LOADER] Segment 1: VAddr=0x0000000804118000, FileSize=0x73410, MemSize=0x73410, Align=0x4000
[LOADER] Segment 3: VAddr=0x000000080418C000, FileSize=0x6830, MemSize=0x6830, Align=0x4000
[LOADER] Segment 7: VAddr=0x0000000804194000, FileSize=0x3C78, MemSize=0x9000, Align=0x4000
[LOADER] Segment 8: VAddr=0x000000080419D000, FileSize=0x35938, MemSize=0x35938, Align=0x4000
[LOADER][TLS] Module 2 TLS template: memsz=0x468 filesz=0x180 align=0x10 static_offset=0x530 total_static=0x530
[LOADER] TryLoadTableBytes: trying location=0x1D2688, size=0x2B0, imageBase=0x804000000
[LOADER] TryLoadTableBytes: trying guest address 0x8041D2688
[LOADER] TryLoadTableBytes: loaded from guest memory at 0x8041D2688
[LOADER] Dynamic Info: StrTab=0x19D000, StrTabSize=0xBEC3
[LOADER] Dynamic Info: SymTab=0x1A8EC8, SymTabSize=0x11CE8
[LOADER] Dynamic Info: Rela=0x1BB678, RelaSize=0x110E8
[LOADER] Dynamic Info: JmpRel=0x1BABB0, JmpRelSize=0xAC8
[LOADER] Dynamic Info: PltGot=0x192260
[LOADER] TLS module id: 2
[LOADER] HasImportMetadata: True
[LOADER] TryLoadTableBytes: trying location=0x1BB678, size=0x110E8, imageBase=0x804000000
[LOADER] TryLoadTableBytes: trying guest address 0x8041BB678
[LOADER] TryLoadTableBytes: loaded from guest memory at 0x8041BB678
[LOADER] TryLoadTableBytes: trying location=0x1BABB0, size=0xAC8, imageBase=0x804000000
[LOADER] TryLoadTableBytes: trying guest address 0x8041BABB0
[LOADER] TryLoadTableBytes: loaded from guest memory at 0x8041BABB0
[LOADER] ImageBase runtime: 0x0000000804000000
[LOADER] Processing 3026 relocations...
[LOADER] TryLoadTableBytes: trying location=0x19D000, size=0xBEC3, imageBase=0x804000000
[LOADER] TryLoadTableBytes: trying guest address 0x80419D000
[LOADER] TryLoadTableBytes: loaded from guest memory at 0x80419D000
[LOADER] TryLoadTableBytes: trying location=0x1A8EC8, size=0x11CE8, imageBase=0x804000000
[LOADER] TryLoadTableBytes: trying guest address 0x8041A8EC8
[LOADER] TryLoadTableBytes: loaded from guest memory at 0x8041A8EC8
[LOADER] Found 117 unique NIDs, 3026 descriptors
[LOADER] CreateImportStubMapping: nids=117, required=0x750, map_size=0x1000
[LOADER] Created 117 import stubs
[LOADER][TLS] Patching DTPMOD64 at 0x8041921E0 with module id 0x2
[LOADER][TLS] Patching DTPMOD64 at 0x804192220 with module id 0x2
[LOADER][TLS] Patching DTPMOD64 at 0x804192230 with module id 0x2
[LOADER] TryLoadTableBytes: trying location=0x1D2688, size=0x2B0, imageBase=0x804000000
[LOADER] TryLoadTableBytes: trying guest address 0x8041D2688
[LOADER] TryLoadTableBytes: loaded from guest memory at 0x8041D2688
[LOADER] TryLoadTableBytes: trying location=0x19D000, size=0xBEC3, imageBase=0x804000000
[LOADER] TryLoadTableBytes: trying guest address 0x80419D000
[LOADER] TryLoadTableBytes: loaded from guest memory at 0x80419D000
[LOADER] TryLoadTableBytes: trying location=0x1A8EC8, size=0x11CE8, imageBase=0x804000000
[LOADER] TryLoadTableBytes: trying guest address 0x8041A8EC8
[LOADER] TryLoadTableBytes: loaded from guest memory at 0x8041A8EC8
[LOADER] Runtime symbol index populated: section=0, dynamic=2920, total=5840
[LOADER] TryLoadTableBytes: trying location=0x1D2688, size=0x2B0, imageBase=0x804000000
[LOADER] TryLoadTableBytes: trying guest address 0x8041D2688
[LOADER] TryLoadTableBytes: loaded from guest memory at 0x8041D2688
[LOADER][TEST] ResolveMappedAddressOrFallback addr=0x10 imageBase=0x0000000804000000
[LOADER][TEST] -> resolved raw 0x0000000804000010
[LOADER] TryLoadTableBytes: trying location=0x192808, size=0x8, imageBase=0x804000000
[LOADER] TryLoadTableBytes: trying guest address 0x804192808
[LOADER] TryLoadTableBytes: loaded from guest memory at 0x804192808
[LOADER][TEST] ResolveMappedAddressOrFallback addr=0x804000100 imageBase=0x0000000804000000
[LOADER][TEST] -> resolved raw 0x0000000804000100
[LOADER][TEST] ResolveMappedAddressOrFallback addr=0x10 imageBase=0x0000000804000000
[LOADER][TEST] -> resolved raw 0x0000000804000010
[LOADER] Initializers discovered: preinit=1, init=1
[LOADER] ELF e_entry: 0x0000000000000000
[LOADER] Generation: Gen5 (PS5)
[LOADER] Using image base: 0x0000000804000000
[LOADER] Final entry point: 0x0000000804000000
[LOADER] PH[0]: type=Load, vaddr=0x0000000000000000 -> 0x0000000804000000, memsz=0x115BF0
[LOADER] PH[1]: type=Load, vaddr=0x0000000000118000 -> 0x0000000804118000, memsz=0x73410
[LOADER] PH[2]: type=GnuEhFrame, vaddr=0x0000000000118000 -> 0x0000000804118000, memsz=0x9BEC
[LOADER][TLS] load_done assigned=2 next=3
[RUNTIME] Registered module handle=2 name=libc.prx base=0x0000000804000000 size=0x00000000001D2938
[RUNTIME] Loaded module libc.prx: entry=0x0000000804000000, imports=117, symbols=5840
[LOADER][TLS] load_start clear=False next=3 assigned=0 has_pt_tls=False
Total image size needed: 0x782120 (7872800 bytes)
[LOADER] Segment 0: VAddr=0x00000008043D3000, FileSize=0x3F3240, MemSize=0x3F3240, Align=0x4000
[LOADER] WARNING: Segment 0 ELF alignment mismatch! VAddr=0x8043D3000, Offset=0x4000, Align=0x4000, VAddr%Align=0x3000, Offset%Align=0x0
[LOADER] Segment 1: VAddr=0x00000008047C7000, FileSize=0x189C8C, MemSize=0x189C8C, Align=0x4000
[LOADER] WARNING: Segment 1 ELF alignment mismatch! VAddr=0x8047C7000, Offset=0x3F8000, Align=0x4000, VAddr%Align=0x3000, Offset%Align=0x0
[LOADER] Segment 3: VAddr=0x0000000804953000, FileSize=0x2488, MemSize=0x2488, Align=0x4000
[LOADER] WARNING: Segment 3 ELF alignment mismatch! VAddr=0x804953000, Offset=0x584000, Align=0x4000, VAddr%Align=0x3000, Offset%Align=0x0
[LOADER] Segment 7: VAddr=0x0000000804957000, FileSize=0xD8, MemSize=0x1880, Align=0x4000
[LOADER] WARNING: Segment 7 ELF alignment mismatch! VAddr=0x804957000, Offset=0x588000, Align=0x4000, VAddr%Align=0x3000, Offset%Align=0x0
[LOADER] Segment 8: VAddr=0x0000000804958880, FileSize=0x1FC8A0, MemSize=0x1FC8A0, Align=0x4000
[LOADER] WARNING: Segment 8 ELF alignment mismatch! VAddr=0x804958880, Offset=0x589880, Align=0x4000, VAddr%Align=0x880, Offset%Align=0x1880
[LOADER] TryLoadTableBytes: trying location=0x781DE0, size=0x340, imageBase=0x8043D3000
[LOADER] TryLoadTableBytes: trying guest address 0x804B54DE0
[LOADER] TryLoadTableBytes: loaded from guest memory at 0x804B54DE0
[LOADER] Dynamic Info: StrTab=0x585880, StrTabSize=0xA7BA6
[LOADER] Dynamic Info: SymTab=0x62D428, SymTabSize=0xFB7F0
[LOADER] Dynamic Info: Rela=0x7294B8, RelaSize=0x4BA8
[LOADER] Dynamic Info: JmpRel=0x728C18, JmpRelSize=0x8A0
[LOADER] Dynamic Info: PltGot=0x5820A8
[LOADER] TLS module id: 0
[LOADER] HasImportMetadata: True
[LOADER] TryLoadTableBytes: trying location=0x7294B8, size=0x4BA8, imageBase=0x8043D3000
[LOADER] TryLoadTableBytes: trying guest address 0x804AFC4B8
[LOADER] TryLoadTableBytes: loaded from guest memory at 0x804AFC4B8
[LOADER] TryLoadTableBytes: trying location=0x728C18, size=0x8A0, imageBase=0x8043D3000
[LOADER] TryLoadTableBytes: trying guest address 0x804AFBC18
[LOADER] TryLoadTableBytes: loaded from guest memory at 0x804AFBC18
[LOADER] ImageBase runtime: 0x00000008043D3000
[LOADER] Processing 899 relocations...
[LOADER] TryLoadTableBytes: trying location=0x585880, size=0xA7BA6, imageBase=0x8043D3000
[LOADER] TryLoadTableBytes: trying guest address 0x804958880
[LOADER] TryLoadTableBytes: loaded from guest memory at 0x804958880
[LOADER] TryLoadTableBytes: trying location=0x62D428, size=0xFB7F0, imageBase=0x8043D3000
[LOADER] TryLoadTableBytes: trying guest address 0x804A00428
[LOADER] TryLoadTableBytes: loaded from guest memory at 0x804A00428
[LOADER] Found 95 unique NIDs, 899 descriptors
[LOADER] CreateImportStubMapping: nids=95, required=0x5F0, map_size=0x1000
[LOADER] Created 95 import stubs
[LOADER] TryLoadTableBytes: trying location=0x781DE0, size=0x340, imageBase=0x8043D3000
[LOADER] TryLoadTableBytes: trying guest address 0x804B54DE0
[LOADER] TryLoadTableBytes: loaded from guest memory at 0x804B54DE0
[LOADER] TryLoadTableBytes: trying location=0x585880, size=0xA7BA6, imageBase=0x8043D3000
[LOADER] TryLoadTableBytes: trying guest address 0x804958880
[LOADER] TryLoadTableBytes: loaded from guest memory at 0x804958880
[LOADER] TryLoadTableBytes: trying location=0x62D428, size=0xFB7F0, imageBase=0x8043D3000
[LOADER] TryLoadTableBytes: trying guest address 0x804A00428
[LOADER] TryLoadTableBytes: loaded from guest memory at 0x804A00428
[LOADER] Runtime symbol index populated: section=0, dynamic=42826, total=85652
[LOADER] TryLoadTableBytes: trying location=0x781DE0, size=0x340, imageBase=0x8043D3000
[LOADER] TryLoadTableBytes: trying guest address 0x804B54DE0
[LOADER] TryLoadTableBytes: loaded from guest memory at 0x804B54DE0
[LOADER][TEST] ResolveMappedAddressOrFallback addr=0x10 imageBase=0x00000008043D3000
[LOADER][TEST] -> resolved raw 0x00000008043D3010
[LOADER][TEST] ResolveMappedAddressOrFallback addr=0x10 imageBase=0x00000008043D3000
[LOADER][TEST] -> resolved raw 0x00000008043D3010
[LOADER] Initializers discovered: preinit=0, init=1
[LOADER] ELF e_entry: 0x0000000000000000
[LOADER] Generation: Gen5 (PS5)
[LOADER] Using image base: 0x00000008043D3000
[LOADER] Final entry point: 0x00000008043D3000
[LOADER] PH[0]: type=Load, vaddr=0x0000000000000000 -> 0x00000008043D3000, memsz=0x3F3240
[LOADER] PH[1]: type=Load, vaddr=0x00000000003F4000 -> 0x00000008047C7000, memsz=0x189C8C
[LOADER] PH[2]: type=GnuEhFrame, vaddr=0x00000000003F4000 -> 0x00000008047C7000, memsz=0x54BE4
[LOADER][TLS] load_done assigned=0 next=3
[RUNTIME] Registered module handle=3 name=libSceNpCppWebApi.prx base=0x00000008043D3000 size=0x0000000000782120
[RUNTIME] Loaded module libSceNpCppWebApi.prx: entry=0x00000008043D3000, imports=95, symbols=85652
[LOADER][TLS] load_start clear=False next=3 assigned=3 has_pt_tls=True
Total image size needed: 0x58CA4F0 (93103344 bytes)
[LOADER] Segment 0: VAddr=0x0000000804D56000, FileSize=0x35BAFB1, MemSize=0x35BAFB1, Align=0x4000
[LOADER] WARNING: Segment 0 ELF alignment mismatch! VAddr=0x804D56000, Offset=0x4000, Align=0x4000, VAddr%Align=0x2000, Offset%Align=0x0
[LOADER] Segment 1: VAddr=0x0000000808312000, FileSize=0x1002C18, MemSize=0x1002C18, Align=0x4000
[LOADER] WARNING: Segment 1 ELF alignment mismatch! VAddr=0x808312000, Offset=0x35C0000, Align=0x4000, VAddr%Align=0x2000, Offset%Align=0x0
[LOADER] Segment 3: VAddr=0x0000000809316000, FileSize=0x28ECB8, MemSize=0x28ECB8, Align=0x4000
[LOADER] WARNING: Segment 3 ELF alignment mismatch! VAddr=0x809316000, Offset=0x45C4000, Align=0x4000, VAddr%Align=0x2000, Offset%Align=0x0
[LOADER] Segment 7: VAddr=0x00000008095A6000, FileSize=0x32ED3C, MemSize=0x55D8D8, Align=0x4000
[LOADER] WARNING: Segment 7 ELF alignment mismatch! VAddr=0x8095A6000, Offset=0x4854000, Align=0x4000, VAddr%Align=0x2000, Offset%Align=0x0
[LOADER] Segment 8: VAddr=0x0000000809B038E0, FileSize=0xB1CC10, MemSize=0xB1CC10, Align=0x4000
[LOADER] WARNING: Segment 8 ELF alignment mismatch! VAddr=0x809B038E0, Offset=0x4B858E0, Align=0x4000, VAddr%Align=0x38E0, Offset%Align=0x18E0
[LOADER][TLS] Module 3 TLS template: memsz=0x150 filesz=0x0 align=0x10 static_offset=0x680 total_static=0x680
[LOADER] TryLoadTableBytes: trying location=0x58CA0D0, size=0x420, imageBase=0x804D56000
[LOADER] TryLoadTableBytes: trying guest address 0x80A6200D0
[LOADER] TryLoadTableBytes: loaded from guest memory at 0x80A6200D0
[LOADER] Dynamic Info: StrTab=0x4DAD8E0, StrTabSize=0x2E54
[LOADER] Dynamic Info: SymTab=0x4DB0738, SymTabSize=0x4308
[LOADER] Dynamic Info: Rela=0x4DB6390, RelaSize=0xB126B8
[LOADER] Dynamic Info: JmpRel=0x4DB4A40, JmpRelSize=0x1950
[LOADER] Dynamic Info: PltGot=0x484E388
[LOADER] TLS module id: 3
[LOADER] HasImportMetadata: True
[LOADER] TryLoadTableBytes: trying location=0x4DB6390, size=0xB126B8, imageBase=0x804D56000
[LOADER] TryLoadTableBytes: trying guest address 0x809B0C390
[LOADER] TryLoadTableBytes: loaded from guest memory at 0x809B0C390
[LOADER] TryLoadTableBytes: trying location=0x4DB4A40, size=0x1950, imageBase=0x804D56000
[LOADER] TryLoadTableBytes: trying guest address 0x809B0AA40
[LOADER] TryLoadTableBytes: loaded from guest memory at 0x809B0AA40
[LOADER] ImageBase runtime: 0x0000000804D56000
[LOADER] Processing 484011 relocations...
[LOADER] TryLoadTableBytes: trying location=0x4DAD8E0, size=0x2E54, imageBase=0x804D56000
[LOADER] TryLoadTableBytes: trying guest address 0x809B038E0
[LOADER] TryLoadTableBytes: loaded from guest memory at 0x809B038E0
[LOADER] TryLoadTableBytes: trying location=0x4DB0738, size=0x4308, imageBase=0x804D56000
[LOADER] TryLoadTableBytes: trying guest address 0x809B06738
[LOADER] TryLoadTableBytes: loaded from guest memory at 0x809B06738
[LOADER] Found 294 unique NIDs, 484011 descriptors
[LOADER] CreateImportStubMapping: nids=294, required=0x1260, map_size=0x2000
[LOADER] Created 294 import stubs
[LOADER][TLS] Patching DTPMOD64 at 0x8095A4268 with module id 0x3
[LOADER] TryLoadTableBytes: trying location=0x58CA0D0, size=0x420, imageBase=0x804D56000
[LOADER] TryLoadTableBytes: trying guest address 0x80A6200D0
[LOADER] TryLoadTableBytes: loaded from guest memory at 0x80A6200D0
[LOADER] TryLoadTableBytes: trying location=0x4DAD8E0, size=0x2E54, imageBase=0x804D56000
[LOADER] TryLoadTableBytes: trying guest address 0x809B038E0
[LOADER] TryLoadTableBytes: loaded from guest memory at 0x809B038E0
[LOADER] TryLoadTableBytes: trying location=0x4DB0738, size=0x4308, imageBase=0x804D56000
[LOADER] TryLoadTableBytes: trying guest address 0x809B06738
[LOADER] TryLoadTableBytes: loaded from guest memory at 0x809B06738
[LOADER] Runtime symbol index populated: section=0, dynamic=420, total=840
[LOADER] TryLoadTableBytes: trying location=0x58CA0D0, size=0x420, imageBase=0x804D56000
[LOADER] TryLoadTableBytes: trying guest address 0x80A6200D0
[LOADER] TryLoadTableBytes: loaded from guest memory at 0x80A6200D0
[LOADER][TEST] ResolveMappedAddressOrFallback addr=0x10 imageBase=0x0000000804D56000
[LOADER][TEST] -> resolved raw 0x0000000804D56010
[LOADER][TEST] ResolveMappedAddressOrFallback addr=0x10 imageBase=0x0000000804D56000
[LOADER][TEST] -> resolved raw 0x0000000804D56010
[LOADER] Initializers discovered: preinit=0, init=1
[LOADER] ELF e_entry: 0x0000000000000000
[LOADER] Generation: Gen5 (PS5)
[LOADER] Using image base: 0x0000000804D56000
[LOADER] Final entry point: 0x0000000804D56000
[LOADER] PH[0]: type=Load, vaddr=0x0000000000000000 -> 0x0000000804D56000, memsz=0x35BAFB1
[LOADER] PH[1]: type=Load, vaddr=0x00000000035BC000 -> 0x0000000808312000, memsz=0x1002C18
[LOADER] PH[2]: type=GnuEhFrame, vaddr=0x00000000035BC000 -> 0x0000000808312000, memsz=0x1D18EC
[LOADER][TLS] load_done assigned=3 next=4
[RUNTIME] Registered module handle=4 name=Il2CppUserAssemblies.prx base=0x0000000804D56000 size=0x00000000058CA4F0
[RUNTIME] Loaded module Il2CppUserAssemblies.prx: entry=0x0000000804D56000, imports=294, symbols=840
[LOADER][TLS] load_start clear=False next=4 assigned=0 has_pt_tls=False
Total image size needed: 0xC818 (51224 bytes)
[LOADER] Segment 0: VAddr=0x000000080A821000, FileSize=0x4000, MemSize=0x4000, Align=0x4000
[LOADER] WARNING: Segment 0 ELF alignment mismatch! VAddr=0x80A821000, Offset=0x4000, Align=0x4000, VAddr%Align=0x1000, Offset%Align=0x0
[LOADER] Segment 1: VAddr=0x000000080A825000, FileSize=0x205, MemSize=0x205, Align=0x4000
[LOADER] WARNING: Segment 1 ELF alignment mismatch! VAddr=0x80A825000, Offset=0x8000, Align=0x4000, VAddr%Align=0x1000, Offset%Align=0x0
[LOADER] Segment 3: VAddr=0x000000080A829000, FileSize=0xC0, MemSize=0x4000, Align=0x4000
[LOADER] WARNING: Segment 3 ELF alignment mismatch! VAddr=0x80A829000, Offset=0xC000, Align=0x4000, VAddr%Align=0x1000, Offset%Align=0x0
[LOADER] Segment 7: VAddr=0x000000080A82D000, FileSize=0x11, MemSize=0x30, Align=0x4000
[LOADER] WARNING: Segment 7 ELF alignment mismatch! VAddr=0x80A82D000, Offset=0x10000, Align=0x4000, VAddr%Align=0x1000, Offset%Align=0x0
[LOADER] Segment 8: VAddr=0x000000080A82D030, FileSize=0x7E8, MemSize=0x7E8, Align=0x4000
[LOADER] WARNING: Segment 8 ELF alignment mismatch! VAddr=0x80A82D030, Offset=0x10030, Align=0x4000, VAddr%Align=0x1030, Offset%Align=0x30
[LOADER] TryLoadTableBytes: trying location=0xC598, size=0x280, imageBase=0x80A821000
[LOADER] TryLoadTableBytes: trying guest address 0x80A82D598
[LOADER] TryLoadTableBytes: loaded from guest memory at 0x80A82D598
[LOADER] Dynamic Info: StrTab=0xC030, StrTabSize=0x1BB
[LOADER] Dynamic Info: SymTab=0xC1F0, SymTabSize=0x1B0
[LOADER] Dynamic Info: Rela=0xC478, RelaSize=0x60
[LOADER] Dynamic Info: JmpRel=0xC3A0, JmpRelSize=0xD8
[LOADER] Dynamic Info: PltGot=0x8020
[LOADER] TLS module id: 0
[LOADER] HasImportMetadata: True
[LOADER] TryLoadTableBytes: trying location=0xC478, size=0x60, imageBase=0x80A821000
[LOADER] TryLoadTableBytes: trying guest address 0x80A82D478
[LOADER] TryLoadTableBytes: loaded from guest memory at 0x80A82D478
[LOADER] TryLoadTableBytes: trying location=0xC3A0, size=0xD8, imageBase=0x80A821000
[LOADER] TryLoadTableBytes: trying guest address 0x80A82D3A0
[LOADER] TryLoadTableBytes: loaded from guest memory at 0x80A82D3A0
[LOADER] ImageBase runtime: 0x000000080A821000
[LOADER] Processing 13 relocations...
[LOADER] TryLoadTableBytes: trying location=0xC030, size=0x1BB, imageBase=0x80A821000
[LOADER] TryLoadTableBytes: trying guest address 0x80A82D030
[LOADER] TryLoadTableBytes: loaded from guest memory at 0x80A82D030
[LOADER] TryLoadTableBytes: trying location=0xC1F0, size=0x1B0, imageBase=0x80A821000
[LOADER] TryLoadTableBytes: trying guest address 0x80A82D1F0
[LOADER] TryLoadTableBytes: loaded from guest memory at 0x80A82D1F0
[LOADER] Found 10 unique NIDs, 13 descriptors
[LOADER] CreateImportStubMapping: nids=10, required=0xA0, map_size=0x1000
[LOADER] Created 10 import stubs
[LOADER] TryLoadTableBytes: trying location=0xC598, size=0x280, imageBase=0x80A821000
[LOADER] TryLoadTableBytes: trying guest address 0x80A82D598
[LOADER] TryLoadTableBytes: loaded from guest memory at 0x80A82D598
[LOADER] TryLoadTableBytes: trying location=0xC030, size=0x1BB, imageBase=0x80A821000
[LOADER] TryLoadTableBytes: trying guest address 0x80A82D030
[LOADER] TryLoadTableBytes: loaded from guest memory at 0x80A82D030
[LOADER] TryLoadTableBytes: trying location=0xC1F0, size=0x1B0, imageBase=0x80A821000
[LOADER] TryLoadTableBytes: trying guest address 0x80A82D1F0
[LOADER] TryLoadTableBytes: loaded from guest memory at 0x80A82D1F0
[LOADER] Runtime symbol index populated: section=0, dynamic=7, total=14
[LOADER] TryLoadTableBytes: trying location=0xC598, size=0x280, imageBase=0x80A821000
[LOADER] TryLoadTableBytes: trying guest address 0x80A82D598
[LOADER] TryLoadTableBytes: loaded from guest memory at 0x80A82D598
[LOADER][TEST] ResolveMappedAddressOrFallback addr=0x10 imageBase=0x000000080A821000
[LOADER][TEST] -> resolved raw 0x000000080A821010
[LOADER][TEST] ResolveMappedAddressOrFallback addr=0x10 imageBase=0x000000080A821000
[LOADER][TEST] -> resolved raw 0x000000080A821010
[LOADER] Initializers discovered: preinit=0, init=1
[LOADER] ELF e_entry: 0x0000000000000000
[LOADER] Generation: Gen5 (PS5)
[LOADER] Using image base: 0x000000080A821000
[LOADER] Final entry point: 0x000000080A821000
[LOADER] PH[0]: type=Load, vaddr=0x0000000000000000 -> 0x000000080A821000, memsz=0x4000
[LOADER] PH[1]: type=Load, vaddr=0x0000000000004000 -> 0x000000080A825000, memsz=0x205
[LOADER] PH[2]: type=GnuEhFrame, vaddr=0x0000000000004000 -> 0x000000080A825000, memsz=0x64
[LOADER][TLS] load_done assigned=0 next=4
[RUNTIME] Registered module handle=5 name=PS5Util.prx base=0x000000080A821000 size=0x000000000000C818
[RUNTIME] Loaded module PS5Util.prx: entry=0x000000080A821000, imports=10, symbols=14
[LOADER][TLS] load_start clear=False next=4 assigned=0 has_pt_tls=False
Total image size needed: 0x1E7658 (1996376 bytes)
[LOADER] Segment 0: VAddr=0x000000080AA2E000, FileSize=0x12A080, MemSize=0x12A080, Align=0x4000
[LOADER] WARNING: Segment 0 ELF alignment mismatch! VAddr=0x80AA2E000, Offset=0x4000, Align=0x4000, VAddr%Align=0x2000, Offset%Align=0x0
[LOADER] Segment 1: VAddr=0x000000080AB5A000, FileSize=0x4E420, MemSize=0x4E420, Align=0x4000
[LOADER] WARNING: Segment 1 ELF alignment mismatch! VAddr=0x80AB5A000, Offset=0x130000, Align=0x4000, VAddr%Align=0x2000, Offset%Align=0x0
[LOADER] Segment 3: VAddr=0x000000080ABAA000, FileSize=0x3AF8, MemSize=0x3AF8, Align=0x4000
[LOADER] WARNING: Segment 3 ELF alignment mismatch! VAddr=0x80ABAA000, Offset=0x180000, Align=0x4000, VAddr%Align=0x2000, Offset%Align=0x0
[LOADER] Segment 7: VAddr=0x000000080ABAE000, FileSize=0xCBF8, MemSize=0x4CA50, Align=0x4000
[LOADER] WARNING: Segment 7 ELF alignment mismatch! VAddr=0x80ABAE000, Offset=0x184000, Align=0x4000, VAddr%Align=0x2000, Offset%Align=0x0
[LOADER] Segment 8: VAddr=0x000000080ABFAA50, FileSize=0x1AC08, MemSize=0x1AC08, Align=0x4000
[LOADER] WARNING: Segment 8 ELF alignment mismatch! VAddr=0x80ABFAA50, Offset=0x194A50, Align=0x4000, VAddr%Align=0x2A50, Offset%Align=0xA50
[LOADER] TryLoadTableBytes: trying location=0x1E7258, size=0x400, imageBase=0x80AA2E000
[LOADER] TryLoadTableBytes: trying guest address 0x80AC15258
[LOADER] TryLoadTableBytes: loaded from guest memory at 0x80AC15258
[LOADER] Dynamic Info: StrTab=0x1CCA50, StrTabSize=0x504C
[LOADER] Dynamic Info: SymTab=0x1D1AA0, SymTabSize=0x7638
[LOADER] Dynamic Info: Rela=0x1D9E58, RelaSize=0xAC68
[LOADER] Dynamic Info: JmpRel=0x1D90D8, JmpRelSize=0xD80
[LOADER] Dynamic Info: PltGot=0x17F5C8
[LOADER] TLS module id: 0
[LOADER] HasImportMetadata: True
[LOADER] TryLoadTableBytes: trying location=0x1D9E58, size=0xAC68, imageBase=0x80AA2E000
[LOADER] TryLoadTableBytes: trying guest address 0x80AC07E58
[LOADER] TryLoadTableBytes: loaded from guest memory at 0x80AC07E58
[LOADER] TryLoadTableBytes: trying location=0x1D90D8, size=0xD80, imageBase=0x80AA2E000
[LOADER] TryLoadTableBytes: trying guest address 0x80AC070D8
[LOADER] TryLoadTableBytes: loaded from guest memory at 0x80AC070D8
[LOADER] ImageBase runtime: 0x000000080AA2E000
[LOADER] Processing 1983 relocations...
[LOADER] TryLoadTableBytes: trying location=0x1CCA50, size=0x504C, imageBase=0x80AA2E000
[LOADER] TryLoadTableBytes: trying guest address 0x80ABFAA50
[LOADER] TryLoadTableBytes: loaded from guest memory at 0x80ABFAA50
[LOADER] TryLoadTableBytes: trying location=0x1D1AA0, size=0x7638, imageBase=0x80AA2E000
[LOADER] TryLoadTableBytes: trying guest address 0x80ABFFAA0
[LOADER] TryLoadTableBytes: loaded from guest memory at 0x80ABFFAA0
[LOADER] Found 148 unique NIDs, 1983 descriptors
[LOADER] CreateImportStubMapping: nids=148, required=0x940, map_size=0x1000
[LOADER] Created 148 import stubs
[LOADER] TryLoadTableBytes: trying location=0x1E7258, size=0x400, imageBase=0x80AA2E000
[LOADER] TryLoadTableBytes: trying guest address 0x80AC15258
[LOADER] TryLoadTableBytes: loaded from guest memory at 0x80AC15258
[LOADER] TryLoadTableBytes: trying location=0x1CCA50, size=0x504C, imageBase=0x80AA2E000
[LOADER] TryLoadTableBytes: trying guest address 0x80ABFAA50
[LOADER] TryLoadTableBytes: loaded from guest memory at 0x80ABFAA50
[LOADER] TryLoadTableBytes: trying location=0x1D1AA0, size=0x7638, imageBase=0x80AA2E000
[LOADER] TryLoadTableBytes: trying guest address 0x80ABFFAA0
[LOADER] TryLoadTableBytes: loaded from guest memory at 0x80ABFFAA0
[LOADER] Runtime symbol index populated: section=0, dynamic=1112, total=2224
[LOADER] TryLoadTableBytes: trying location=0x1E7258, size=0x400, imageBase=0x80AA2E000
[LOADER] TryLoadTableBytes: trying guest address 0x80AC15258
[LOADER] TryLoadTableBytes: loaded from guest memory at 0x80AC15258
[LOADER][TEST] ResolveMappedAddressOrFallback addr=0x10 imageBase=0x000000080AA2E000
[LOADER][TEST] -> resolved raw 0x000000080AA2E010
[LOADER][TEST] ResolveMappedAddressOrFallback addr=0x10 imageBase=0x000000080AA2E000
[LOADER][TEST] -> resolved raw 0x000000080AA2E010
[LOADER] Initializers discovered: preinit=0, init=1
[LOADER] ELF e_entry: 0x0000000000000000
[LOADER] Generation: Gen5 (PS5)
[LOADER] Using image base: 0x000000080AA2E000
[LOADER] Final entry point: 0x000000080AA2E000
[LOADER] PH[0]: type=Load, vaddr=0x0000000000000000 -> 0x000000080AA2E000, memsz=0x12A080
[LOADER] PH[1]: type=Load, vaddr=0x000000000012C000 -> 0x000000080AB5A000, memsz=0x4E420
[LOADER] PH[2]: type=GnuEhFrame, vaddr=0x000000000012C000 -> 0x000000080AB5A000, memsz=0x6EFC
[LOADER][TLS] load_done assigned=0 next=4
[RUNTIME] Installed FMOD compatibility hook: uPLTdl3psGk -> 0x000000080AB37030
[RUNTIME] Registered module handle=6 name=libfmod.prx base=0x000000080AA2E000 size=0x00000000001E7658
[RUNTIME] Loaded module libfmod.prx: entry=0x000000080AA2E000, imports=148, symbols=2224
[LOADER][TLS] load_start clear=False next=4 assigned=0 has_pt_tls=False
Total image size needed: 0x17F490 (1569936 bytes)
[LOADER] Segment 0: VAddr=0x000000080AE16000, FileSize=0x11E790, MemSize=0x11E790, Align=0x4000
[LOADER] WARNING: Segment 0 ELF alignment mismatch! VAddr=0x80AE16000, Offset=0x4000, Align=0x4000, VAddr%Align=0x2000, Offset%Align=0x0
[LOADER] Segment 1: VAddr=0x000000080AF36000, FileSize=0x3882C, MemSize=0x3882C, Align=0x4000
[LOADER] WARNING: Segment 1 ELF alignment mismatch! VAddr=0x80AF36000, Offset=0x124000, Align=0x4000, VAddr%Align=0x2000, Offset%Align=0x0
[LOADER] Segment 3: VAddr=0x000000080AF72000, FileSize=0x7798, MemSize=0x7798, Align=0x4000
[LOADER] WARNING: Segment 3 ELF alignment mismatch! VAddr=0x80AF72000, Offset=0x160000, Align=0x4000, VAddr%Align=0x2000, Offset%Align=0x0
[LOADER] Segment 7: VAddr=0x000000080AF7A000, FileSize=0x38, MemSize=0x1220, Align=0x4000
[LOADER] WARNING: Segment 7 ELF alignment mismatch! VAddr=0x80AF7A000, Offset=0x168000, Align=0x4000, VAddr%Align=0x2000, Offset%Align=0x0
[LOADER] Segment 8: VAddr=0x000000080AF7B220, FileSize=0x1A270, MemSize=0x1A270, Align=0x4000
[LOADER] WARNING: Segment 8 ELF alignment mismatch! VAddr=0x80AF7B220, Offset=0x169220, Align=0x4000, VAddr%Align=0x3220, Offset%Align=0x1220
[LOADER] TryLoadTableBytes: trying location=0x17F210, size=0x280, imageBase=0x80AE16000
[LOADER] TryLoadTableBytes: trying guest address 0x80AF95210
[LOADER] TryLoadTableBytes: loaded from guest memory at 0x80AF95210
[LOADER] Dynamic Info: StrTab=0x165220, StrTabSize=0x2553
[LOADER] Dynamic Info: SymTab=0x167778, SymTabSize=0x36F0
[LOADER] Dynamic Info: Rela=0x16BFC0, RelaSize=0x11FD0
[LOADER] Dynamic Info: JmpRel=0x16AE68, JmpRelSize=0x1158
[LOADER] Dynamic Info: PltGot=0x163160
[LOADER] TLS module id: 0
[LOADER] HasImportMetadata: True
[LOADER] TryLoadTableBytes: trying location=0x16BFC0, size=0x11FD0, imageBase=0x80AE16000
[LOADER] TryLoadTableBytes: trying guest address 0x80AF81FC0
[LOADER] TryLoadTableBytes: loaded from guest memory at 0x80AF81FC0
[LOADER] TryLoadTableBytes: trying location=0x16AE68, size=0x1158, imageBase=0x80AE16000
[LOADER] TryLoadTableBytes: trying guest address 0x80AF80E68
[LOADER] TryLoadTableBytes: loaded from guest memory at 0x80AF80E68
[LOADER] ImageBase runtime: 0x000000080AE16000
[LOADER] Processing 3255 relocations...
[LOADER] TryLoadTableBytes: trying location=0x165220, size=0x2553, imageBase=0x80AE16000
[LOADER] TryLoadTableBytes: trying guest address 0x80AF7B220
[LOADER] TryLoadTableBytes: loaded from guest memory at 0x80AF7B220
[LOADER] TryLoadTableBytes: trying location=0x167778, size=0x36F0, imageBase=0x80AE16000
[LOADER] TryLoadTableBytes: trying guest address 0x80AF7D778
[LOADER] TryLoadTableBytes: loaded from guest memory at 0x80AF7D778
[LOADER] Found 188 unique NIDs, 3255 descriptors
[LOADER] CreateImportStubMapping: nids=188, required=0xBC0, map_size=0x1000
[LOADER] Created 188 import stubs
[LOADER] TryLoadTableBytes: trying location=0x17F210, size=0x280, imageBase=0x80AE16000
[LOADER] TryLoadTableBytes: trying guest address 0x80AF95210
[LOADER] TryLoadTableBytes: loaded from guest memory at 0x80AF95210
[LOADER] TryLoadTableBytes: trying location=0x165220, size=0x2553, imageBase=0x80AE16000
[LOADER] TryLoadTableBytes: trying guest address 0x80AF7B220
[LOADER] TryLoadTableBytes: loaded from guest memory at 0x80AF7B220
[LOADER] TryLoadTableBytes: trying location=0x167778, size=0x36F0, imageBase=0x80AE16000
[LOADER] TryLoadTableBytes: trying guest address 0x80AF7D778
[LOADER] TryLoadTableBytes: loaded from guest memory at 0x80AF7D778
[LOADER] Runtime symbol index populated: section=0, dynamic=397, total=794
[LOADER] TryLoadTableBytes: trying location=0x17F210, size=0x280, imageBase=0x80AE16000
[LOADER] TryLoadTableBytes: trying guest address 0x80AF95210
[LOADER] TryLoadTableBytes: loaded from guest memory at 0x80AF95210
[LOADER][TEST] ResolveMappedAddressOrFallback addr=0x10 imageBase=0x000000080AE16000
[LOADER][TEST] -> resolved raw 0x000000080AE16010
[LOADER][TEST] ResolveMappedAddressOrFallback addr=0x10 imageBase=0x000000080AE16000
[LOADER][TEST] -> resolved raw 0x000000080AE16010
[LOADER] Initializers discovered: preinit=0, init=1
[LOADER] ELF e_entry: 0x0000000000000000
[LOADER] Generation: Gen5 (PS5)
[LOADER] Using image base: 0x000000080AE16000
[LOADER] Final entry point: 0x000000080AE16000
[LOADER] PH[0]: type=Load, vaddr=0x0000000000000000 -> 0x000000080AE16000, memsz=0x11E790
[LOADER] PH[1]: type=Load, vaddr=0x0000000000120000 -> 0x000000080AF36000, memsz=0x3882C
[LOADER] PH[2]: type=GnuEhFrame, vaddr=0x0000000000120000 -> 0x000000080AF36000, memsz=0x96AC
[LOADER][TLS] load_done assigned=0 next=4
[RUNTIME] Registered module handle=7 name=libfmodstudio.prx base=0x000000080AE16000 size=0x000000000017F490
[RUNTIME] Loaded module libfmodstudio.prx: entry=0x000000080AE16000, imports=188, symbols=794
[LOADER][TLS] load_start clear=False next=4 assigned=0 has_pt_tls=False
Total image size needed: 0x9A5D8 (632280 bytes)
[LOADER] Segment 0: VAddr=0x000000080B196000, FileSize=0x63590, MemSize=0x63590, Align=0x4000
[LOADER] WARNING: Segment 0 ELF alignment mismatch! VAddr=0x80B196000, Offset=0x4000, Align=0x4000, VAddr%Align=0x2000, Offset%Align=0x0
[LOADER] Segment 1: VAddr=0x000000080B1FA000, FileSize=0x299A4, MemSize=0x299A4, Align=0x4000
[LOADER] WARNING: Segment 1 ELF alignment mismatch! VAddr=0x80B1FA000, Offset=0x68000, Align=0x4000, VAddr%Align=0x2000, Offset%Align=0x0
[LOADER] Segment 3: VAddr=0x000000080B226000, FileSize=0x1C60, MemSize=0x1C60, Align=0x4000
[LOADER] WARNING: Segment 3 ELF alignment mismatch! VAddr=0x80B226000, Offset=0x94000, Align=0x4000, VAddr%Align=0x2000, Offset%Align=0x0
[LOADER] Segment 7: VAddr=0x000000080B22A000, FileSize=0x3B0, MemSize=0xB88, Align=0x4000
[LOADER] WARNING: Segment 7 ELF alignment mismatch! VAddr=0x80B22A000, Offset=0x98000, Align=0x4000, VAddr%Align=0x2000, Offset%Align=0x0
[LOADER] Segment 8: VAddr=0x000000080B22AB90, FileSize=0x5A48, MemSize=0x5A48, Align=0x4000
[LOADER] WARNING: Segment 8 ELF alignment mismatch! VAddr=0x80B22AB90, Offset=0x98B90, Align=0x4000, VAddr%Align=0x2B90, Offset%Align=0xB90
[LOADER] TryLoadTableBytes: trying location=0x9A398, size=0x240, imageBase=0x80B196000
[LOADER] TryLoadTableBytes: trying guest address 0x80B230398
[LOADER] TryLoadTableBytes: loaded from guest memory at 0x80B230398
[LOADER] Dynamic Info: StrTab=0x94B90, StrTabSize=0x6C1
[LOADER] Dynamic Info: SymTab=0x95258, SymTabSize=0x930
[LOADER] Dynamic Info: Rela=0x962F0, RelaSize=0x3D68
[LOADER] Dynamic Info: JmpRel=0x95B88, JmpRelSize=0x768
[LOADER] Dynamic Info: PltGot=0x91988
[LOADER] TLS module id: 0
[LOADER] HasImportMetadata: True
[LOADER] TryLoadTableBytes: trying location=0x962F0, size=0x3D68, imageBase=0x80B196000
[LOADER] TryLoadTableBytes: trying guest address 0x80B22C2F0
[LOADER] TryLoadTableBytes: loaded from guest memory at 0x80B22C2F0
[LOADER] TryLoadTableBytes: trying location=0x95B88, size=0x768, imageBase=0x80B196000
[LOADER] TryLoadTableBytes: trying guest address 0x80B22BB88
[LOADER] TryLoadTableBytes: loaded from guest memory at 0x80B22BB88
[LOADER] ImageBase runtime: 0x000000080B196000
[LOADER] Processing 734 relocations...
[LOADER] TryLoadTableBytes: trying location=0x94B90, size=0x6C1, imageBase=0x80B196000
[LOADER] TryLoadTableBytes: trying guest address 0x80B22AB90
[LOADER] TryLoadTableBytes: loaded from guest memory at 0x80B22AB90
[LOADER] TryLoadTableBytes: trying location=0x95258, size=0x930, imageBase=0x80B196000
[LOADER] TryLoadTableBytes: trying guest address 0x80B22B258
[LOADER] TryLoadTableBytes: loaded from guest memory at 0x80B22B258
[LOADER] Found 93 unique NIDs, 734 descriptors
[LOADER] CreateImportStubMapping: nids=93, required=0x5D0, map_size=0x1000
[LOADER] Created 93 import stubs
[LOADER] TryLoadTableBytes: trying location=0x9A398, size=0x240, imageBase=0x80B196000
[LOADER] TryLoadTableBytes: trying guest address 0x80B230398
[LOADER] TryLoadTableBytes: loaded from guest memory at 0x80B230398
[LOADER] TryLoadTableBytes: trying location=0x94B90, size=0x6C1, imageBase=0x80B196000
[LOADER] TryLoadTableBytes: trying guest address 0x80B22AB90
[LOADER] TryLoadTableBytes: loaded from guest memory at 0x80B22AB90
[LOADER] TryLoadTableBytes: trying location=0x95258, size=0x930, imageBase=0x80B196000
[LOADER] TryLoadTableBytes: trying guest address 0x80B22B258
[LOADER] TryLoadTableBytes: loaded from guest memory at 0x80B22B258
[LOADER] Runtime symbol index populated: section=0, dynamic=4, total=8
[LOADER] TryLoadTableBytes: trying location=0x9A398, size=0x240, imageBase=0x80B196000
[LOADER] TryLoadTableBytes: trying guest address 0x80B230398
[LOADER] TryLoadTableBytes: loaded from guest memory at 0x80B230398
[LOADER][TEST] ResolveMappedAddressOrFallback addr=0x10 imageBase=0x000000080B196000
[LOADER][TEST] -> resolved raw 0x000000080B196010
[LOADER][TEST] ResolveMappedAddressOrFallback addr=0x10 imageBase=0x000000080B196000
[LOADER][TEST] -> resolved raw 0x000000080B196010
[LOADER] Initializers discovered: preinit=0, init=1
[LOADER] ELF e_entry: 0x0000000000000000
[LOADER] Generation: Gen5 (PS5)
[LOADER] Using image base: 0x000000080B196000
[LOADER] Final entry point: 0x000000080B196000
[LOADER] PH[0]: type=Load, vaddr=0x0000000000000000 -> 0x000000080B196000, memsz=0x63590
[LOADER] PH[1]: type=Load, vaddr=0x0000000000064000 -> 0x000000080B1FA000, memsz=0x299A4
[LOADER] PH[2]: type=GnuEhFrame, vaddr=0x0000000000064000 -> 0x000000080B1FA000, memsz=0x230C
[LOADER][TLS] load_done assigned=0 next=4
[RUNTIME] Registered module handle=8 name=libresonanceaudio.prx base=0x000000080B196000 size=0x000000000009A5D8
[RUNTIME] Loaded module libresonanceaudio.prx: entry=0x000000080B196000, imports=93, symbols=8
[LOADER][TLS] load_start clear=False next=4 assigned=0 has_pt_tls=False
Total image size needed: 0xC9F8 (51704 bytes)
[LOADER] Segment 0: VAddr=0x000000080B431000, FileSize=0x6E0, MemSize=0x6E0, Align=0x4000
[LOADER] WARNING: Segment 0 ELF alignment mismatch! VAddr=0x80B431000, Offset=0x4000, Align=0x4000, VAddr%Align=0x1000, Offset%Align=0x0
[LOADER] Segment 1: VAddr=0x000000080B435000, FileSize=0x14C, MemSize=0x14C, Align=0x4000
[LOADER] WARNING: Segment 1 ELF alignment mismatch! VAddr=0x80B435000, Offset=0x8000, Align=0x4000, VAddr%Align=0x1000, Offset%Align=0x0
[LOADER] Segment 3: VAddr=0x000000080B439000, FileSize=0x90, MemSize=0x90, Align=0x4000
[LOADER] WARNING: Segment 3 ELF alignment mismatch! VAddr=0x80B439000, Offset=0xC000, Align=0x4000, VAddr%Align=0x1000, Offset%Align=0x0
[LOADER] Segment 7: VAddr=0x000000080B43D000, FileSize=0x102, MemSize=0x148, Align=0x4000
[LOADER] WARNING: Segment 7 ELF alignment mismatch! VAddr=0x80B43D000, Offset=0x10000, Align=0x4000, VAddr%Align=0x1000, Offset%Align=0x0
[LOADER] Segment 8: VAddr=0x000000080B43D150, FileSize=0x8A8, MemSize=0x8A8, Align=0x4000
[LOADER] WARNING: Segment 8 ELF alignment mismatch! VAddr=0x80B43D150, Offset=0x10150, Align=0x4000, VAddr%Align=0x1150, Offset%Align=0x150
[LOADER] TryLoadTableBytes: trying location=0xC7B8, size=0x240, imageBase=0x80B431000
[LOADER] TryLoadTableBytes: trying guest address 0x80B43D7B8
[LOADER] TryLoadTableBytes: loaded from guest memory at 0x80B43D7B8
[LOADER] Dynamic Info: StrTab=0xC150, StrTabSize=0x24A
[LOADER] Dynamic Info: SymTab=0xC3A0, SymTabSize=0x270
[LOADER] Dynamic Info: Rela=0xC640, RelaSize=0x78
[LOADER] Dynamic Info: JmpRel=0xC610, JmpRelSize=0x30
[LOADER] Dynamic Info: PltGot=0x8028
[LOADER] TLS module id: 0
[LOADER] HasImportMetadata: True
[LOADER] TryLoadTableBytes: trying location=0xC640, size=0x78, imageBase=0x80B431000
[LOADER] TryLoadTableBytes: trying guest address 0x80B43D640
[LOADER] TryLoadTableBytes: loaded from guest memory at 0x80B43D640
[LOADER] TryLoadTableBytes: trying location=0xC610, size=0x30, imageBase=0x80B431000
[LOADER] TryLoadTableBytes: trying guest address 0x80B43D610
[LOADER] TryLoadTableBytes: loaded from guest memory at 0x80B43D610
[LOADER] ImageBase runtime: 0x000000080B431000
[LOADER] Processing 7 relocations...
[LOADER] TryLoadTableBytes: trying location=0xC150, size=0x24A, imageBase=0x80B431000
[LOADER] TryLoadTableBytes: trying guest address 0x80B43D150
[LOADER] TryLoadTableBytes: loaded from guest memory at 0x80B43D150
[LOADER] TryLoadTableBytes: trying location=0xC3A0, size=0x270, imageBase=0x80B431000
[LOADER] TryLoadTableBytes: trying guest address 0x80B43D3A0
[LOADER] TryLoadTableBytes: loaded from guest memory at 0x80B43D3A0
[LOADER] Found 4 unique NIDs, 7 descriptors
[LOADER] CreateImportStubMapping: nids=4, required=0x40, map_size=0x1000
[LOADER] Created 4 import stubs
[LOADER] TryLoadTableBytes: trying location=0xC7B8, size=0x240, imageBase=0x80B431000
[LOADER] TryLoadTableBytes: trying guest address 0x80B43D7B8
[LOADER] TryLoadTableBytes: loaded from guest memory at 0x80B43D7B8
[LOADER] TryLoadTableBytes: trying location=0xC150, size=0x24A, imageBase=0x80B431000
[LOADER] TryLoadTableBytes: trying guest address 0x80B43D150
[LOADER] TryLoadTableBytes: loaded from guest memory at 0x80B43D150
[LOADER] TryLoadTableBytes: trying location=0xC3A0, size=0x270, imageBase=0x80B431000
[LOADER] TryLoadTableBytes: trying guest address 0x80B43D3A0
[LOADER] TryLoadTableBytes: loaded from guest memory at 0x80B43D3A0
[LOADER] Runtime symbol index populated: section=0, dynamic=21, total=42
[LOADER] TryLoadTableBytes: trying location=0xC7B8, size=0x240, imageBase=0x80B431000
[LOADER] TryLoadTableBytes: trying guest address 0x80B43D7B8
[LOADER] TryLoadTableBytes: loaded from guest memory at 0x80B43D7B8
[LOADER][TEST] ResolveMappedAddressOrFallback addr=0x10 imageBase=0x000000080B431000
[LOADER][TEST] -> resolved raw 0x000000080B431010
[LOADER][TEST] ResolveMappedAddressOrFallback addr=0x10 imageBase=0x000000080B431000
[LOADER][TEST] -> resolved raw 0x000000080B431010
[LOADER] Initializers discovered: preinit=0, init=1
[LOADER] ELF e_entry: 0x0000000000000000
[LOADER] Generation: Gen5 (PS5)
[LOADER] Using image base: 0x000000080B431000
[LOADER] Final entry point: 0x000000080B431000
[LOADER] PH[0]: type=Load, vaddr=0x0000000000000000 -> 0x000000080B431000, memsz=0x6E0
[LOADER] PH[1]: type=Load, vaddr=0x0000000000004000 -> 0x000000080B435000, memsz=0x14C
[LOADER] PH[2]: type=GnuEhFrame, vaddr=0x0000000000004000 -> 0x000000080B435000, memsz=0x3C
[LOADER][TLS] load_done assigned=0 next=4
[RUNTIME] Registered module handle=9 name=lib_burst_generated.prx base=0x000000080B431000 size=0x000000000000C9F8
[RUNTIME] Loaded module lib_burst_generated.prx: entry=0x000000080B431000, imports=4, symbols=42
[LOADER][TLS] load_start clear=False next=4 assigned=0 has_pt_tls=False
Total image size needed: 0x7C910 (510224 bytes)
[LOADER] Segment 0: VAddr=0x000000080B63E000, FileSize=0x3B000, MemSize=0x3B000, Align=0x4000
[LOADER] WARNING: Segment 0 ELF alignment mismatch! VAddr=0x80B63E000, Offset=0x4000, Align=0x4000, VAddr%Align=0x2000, Offset%Align=0x0
[LOADER] Segment 1: VAddr=0x000000080B67A000, FileSize=0x8510, MemSize=0x8510, Align=0x4000
[LOADER] WARNING: Segment 1 ELF alignment mismatch! VAddr=0x80B67A000, Offset=0x40000, Align=0x4000, VAddr%Align=0x2000, Offset%Align=0x0
[LOADER] Segment 3: VAddr=0x000000080B686000, FileSize=0x50A0, MemSize=0x50A0, Align=0x4000
[LOADER] WARNING: Segment 3 ELF alignment mismatch! VAddr=0x80B686000, Offset=0x4C000, Align=0x4000, VAddr%Align=0x2000, Offset%Align=0x0
[LOADER] Segment 7: VAddr=0x000000080B68E000, FileSize=0x19C, MemSize=0x380, Align=0x4000
[LOADER] WARNING: Segment 7 ELF alignment mismatch! VAddr=0x80B68E000, Offset=0x54000, Align=0x4000, VAddr%Align=0x2000, Offset%Align=0x0
[LOADER] Segment 8: VAddr=0x000000080B68E380, FileSize=0x2C590, MemSize=0x2C590, Align=0x4000
[LOADER] WARNING: Segment 8 ELF alignment mismatch! VAddr=0x80B68E380, Offset=0x54380, Align=0x4000, VAddr%Align=0x2380, Offset%Align=0x380
[LOADER] TryLoadTableBytes: trying location=0x7C190, size=0x780, imageBase=0x80B63E000
[LOADER] TryLoadTableBytes: trying guest address 0x80B6BA190
[LOADER] TryLoadTableBytes: loaded from guest memory at 0x80B6BA190
[LOADER] Dynamic Info: StrTab=0x50380, StrTabSize=0x9CB9
[LOADER] Dynamic Info: SymTab=0x5A040, SymTabSize=0xE568
[LOADER] Dynamic Info: Rela=0x76A20, RelaSize=0xAC8
[LOADER] Dynamic Info: JmpRel=0x685A8, JmpRelSize=0xE478
[LOADER] Dynamic Info: PltGot=0x483E0
[LOADER] TLS module id: 0
[LOADER] HasImportMetadata: True
[LOADER] TryLoadTableBytes: trying location=0x76A20, size=0xAC8, imageBase=0x80B63E000
[LOADER] TryLoadTableBytes: trying guest address 0x80B6B4A20
[LOADER] TryLoadTableBytes: loaded from guest memory at 0x80B6B4A20
[LOADER] TryLoadTableBytes: trying location=0x685A8, size=0xE478, imageBase=0x80B63E000
[LOADER] TryLoadTableBytes: trying guest address 0x80B6A65A8
[LOADER] TryLoadTableBytes: loaded from guest memory at 0x80B6A65A8
[LOADER] ImageBase runtime: 0x000000080B63E000
[LOADER] Processing 2552 relocations...
[LOADER] TryLoadTableBytes: trying location=0x50380, size=0x9CB9, imageBase=0x80B63E000
[LOADER] TryLoadTableBytes: trying guest address 0x80B68E380
[LOADER] TryLoadTableBytes: loaded from guest memory at 0x80B68E380
[LOADER] TryLoadTableBytes: trying location=0x5A040, size=0xE568, imageBase=0x80B63E000
[LOADER] TryLoadTableBytes: trying guest address 0x80B698040
[LOADER] TryLoadTableBytes: loaded from guest memory at 0x80B698040
[LOADER] Found 2439 unique NIDs, 2552 descriptors
[LOADER] CreateImportStubMapping: nids=2439, required=0x9870, map_size=0xA000
[LOADER] Created 2439 import stubs
[LOADER] TryLoadTableBytes: trying location=0x7C190, size=0x780, imageBase=0x80B63E000
[LOADER] TryLoadTableBytes: trying guest address 0x80B6BA190
[LOADER] TryLoadTableBytes: loaded from guest memory at 0x80B6BA190
[LOADER] TryLoadTableBytes: trying location=0x50380, size=0x9CB9, imageBase=0x80B63E000
[LOADER] TryLoadTableBytes: trying guest address 0x80B68E380
[LOADER] TryLoadTableBytes: loaded from guest memory at 0x80B68E380
[LOADER] TryLoadTableBytes: trying location=0x5A040, size=0xE568, imageBase=0x80B63E000
[LOADER] TryLoadTableBytes: trying guest address 0x80B698040
[LOADER] TryLoadTableBytes: loaded from guest memory at 0x80B698040
[LOADER] Runtime symbol index populated: section=0, dynamic=7, total=14
[LOADER] TryLoadTableBytes: trying location=0x7C190, size=0x780, imageBase=0x80B63E000
[LOADER] TryLoadTableBytes: trying guest address 0x80B6BA190
[LOADER] TryLoadTableBytes: loaded from guest memory at 0x80B6BA190
[LOADER][TEST] ResolveMappedAddressOrFallback addr=0x10 imageBase=0x000000080B63E000
[LOADER][TEST] -> resolved raw 0x000000080B63E010
[LOADER][TEST] ResolveMappedAddressOrFallback addr=0x10 imageBase=0x000000080B63E000
[LOADER][TEST] -> resolved raw 0x000000080B63E010
[LOADER] Initializers discovered: preinit=0, init=1
[LOADER] ELF e_entry: 0x0000000000000000
[LOADER] Generation: Gen5 (PS5)
[LOADER] Using image base: 0x000000080B63E000
[LOADER] Final entry point: 0x000000080B63E000
[LOADER] PH[0]: type=Load, vaddr=0x0000000000000000 -> 0x000000080B63E000, memsz=0x3B000
[LOADER] PH[1]: type=Load, vaddr=0x000000000003C000 -> 0x000000080B67A000, memsz=0x8510
[LOADER] PH[2]: type=GnuEhFrame, vaddr=0x000000000003C000 -> 0x000000080B67A000, memsz=0x133C
[LOADER][TLS] load_done assigned=0 next=4
[RUNTIME] Registered module handle=10 name=PSN.prx base=0x000000080B63E000 size=0x000000000007C910
[RUNTIME] Loaded module PSN.prx: entry=0x000000080B63E000, imports=2439, symbols=14
[LOADER][TLS] load_start clear=False next=4 assigned=0 has_pt_tls=False
Total image size needed: 0x2C01C8 (2884040 bytes)
[LOADER] Segment 0: VAddr=0x000000080B8BB000, FileSize=0x3D20, MemSize=0x3D20, Align=0x4000
[LOADER] WARNING: Segment 0 ELF alignment mismatch! VAddr=0x80B8BB000, Offset=0x4000, Align=0x4000, VAddr%Align=0x3000, Offset%Align=0x0
[LOADER] Segment 1: VAddr=0x000000080B8BF000, FileSize=0x19A5, MemSize=0x19A5, Align=0x4000
[LOADER] WARNING: Segment 1 ELF alignment mismatch! VAddr=0x80B8BF000, Offset=0x8000, Align=0x4000, VAddr%Align=0x3000, Offset%Align=0x0
[LOADER] Segment 3: VAddr=0x000000080B8C3000, FileSize=0x230, MemSize=0x230, Align=0x4000
[LOADER] WARNING: Segment 3 ELF alignment mismatch! VAddr=0x80B8C3000, Offset=0xC000, Align=0x4000, VAddr%Align=0x3000, Offset%Align=0x0
[LOADER] Segment 7: VAddr=0x000000080B8C7000, FileSize=0x11, MemSize=0x2B2748, Align=0x4000
[LOADER] WARNING: Segment 7 ELF alignment mismatch! VAddr=0x80B8C7000, Offset=0x10000, Align=0x4000, VAddr%Align=0x3000, Offset%Align=0x0
[LOADER] Segment 8: VAddr=0x000000080BB79750, FileSize=0x1A78, MemSize=0x1A78, Align=0x4000
[LOADER] WARNING: Segment 8 ELF alignment mismatch! VAddr=0x80BB79750, Offset=0x12750, Align=0x4000, VAddr%Align=0x1750, Offset%Align=0x2750
[LOADER] TryLoadTableBytes: trying location=0x2BFE48, size=0x380, imageBase=0x80B8BB000
[LOADER] TryLoadTableBytes: trying guest address 0x80BB7AE48
[LOADER] TryLoadTableBytes: loaded from guest memory at 0x80BB7AE48
[LOADER] Dynamic Info: StrTab=0x2BE750, StrTabSize=0x6A3
[LOADER] Dynamic Info: SymTab=0x2BEDF8, SymTabSize=0x7E0
[LOADER] Dynamic Info: Rela=0x2BFAD0, RelaSize=0xA8
[LOADER] Dynamic Info: JmpRel=0x2BF5D8, JmpRelSize=0x4F8
[LOADER] Dynamic Info: PltGot=0x8028
[LOADER] TLS module id: 0
[LOADER] HasImportMetadata: True
[LOADER] TryLoadTableBytes: trying location=0x2BFAD0, size=0xA8, imageBase=0x80B8BB000
[LOADER] TryLoadTableBytes: trying guest address 0x80BB7AAD0
[LOADER] TryLoadTableBytes: loaded from guest memory at 0x80BB7AAD0
[LOADER] TryLoadTableBytes: trying location=0x2BF5D8, size=0x4F8, imageBase=0x80B8BB000
[LOADER] TryLoadTableBytes: trying guest address 0x80BB7A5D8
[LOADER] TryLoadTableBytes: loaded from guest memory at 0x80BB7A5D8
[LOADER] ImageBase runtime: 0x000000080B8BB000
[LOADER] Processing 60 relocations...
[LOADER] TryLoadTableBytes: trying location=0x2BE750, size=0x6A3, imageBase=0x80B8BB000
[LOADER] TryLoadTableBytes: trying guest address 0x80BB79750
[LOADER] TryLoadTableBytes: loaded from guest memory at 0x80BB79750
[LOADER] TryLoadTableBytes: trying location=0x2BEDF8, size=0x7E0, imageBase=0x80B8BB000
[LOADER] TryLoadTableBytes: trying guest address 0x80BB79DF8
[LOADER] TryLoadTableBytes: loaded from guest memory at 0x80BB79DF8
[LOADER] Found 55 unique NIDs, 60 descriptors
[LOADER] CreateImportStubMapping: nids=55, required=0x370, map_size=0x1000
[LOADER] Created 55 import stubs
[LOADER] TryLoadTableBytes: trying location=0x2BFE48, size=0x380, imageBase=0x80B8BB000
[LOADER] TryLoadTableBytes: trying guest address 0x80BB7AE48
[LOADER] TryLoadTableBytes: loaded from guest memory at 0x80BB7AE48
[LOADER] TryLoadTableBytes: trying location=0x2BE750, size=0x6A3, imageBase=0x80B8BB000
[LOADER] TryLoadTableBytes: trying guest address 0x80BB79750
[LOADER] TryLoadTableBytes: loaded from guest memory at 0x80BB79750
[LOADER] TryLoadTableBytes: trying location=0x2BEDF8, size=0x7E0, imageBase=0x80B8BB000
[LOADER] TryLoadTableBytes: trying guest address 0x80BB79DF8
[LOADER] TryLoadTableBytes: loaded from guest memory at 0x80BB79DF8
[LOADER] Runtime symbol index populated: section=0, dynamic=28, total=56
[LOADER] TryLoadTableBytes: trying location=0x2BFE48, size=0x380, imageBase=0x80B8BB000
[LOADER] TryLoadTableBytes: trying guest address 0x80BB7AE48
[LOADER] TryLoadTableBytes: loaded from guest memory at 0x80BB7AE48
[LOADER][TEST] ResolveMappedAddressOrFallback addr=0x10 imageBase=0x000000080B8BB000
[LOADER][TEST] -> resolved raw 0x000000080B8BB010
[LOADER][TEST] ResolveMappedAddressOrFallback addr=0x10 imageBase=0x000000080B8BB000
[LOADER][TEST] -> resolved raw 0x000000080B8BB010
[LOADER] Initializers discovered: preinit=0, init=1
[LOADER] ELF e_entry: 0x0000000000000000
[LOADER] Generation: Gen5 (PS5)
[LOADER] Using image base: 0x000000080B8BB000
[LOADER] Final entry point: 0x000000080B8BB000
[LOADER] PH[0]: type=Load, vaddr=0x0000000000000000 -> 0x000000080B8BB000, memsz=0x3D20
[LOADER] PH[1]: type=Load, vaddr=0x0000000000004000 -> 0x000000080B8BF000, memsz=0x19A5
[LOADER] PH[2]: type=GnuEhFrame, vaddr=0x0000000000004000 -> 0x000000080B8BF000, memsz=0x424
[LOADER][TLS] load_done assigned=0 next=4
[RUNTIME] Registered module handle=11 name=SaveData.prx base=0x000000080B8BB000 size=0x00000000002C01C8
[RUNTIME] Loaded module SaveData.prx: entry=0x000000080B8BB000, imports=55, symbols=56
[RUNTIME] Module preload summary: loaded=10, failed=0, merged_imports=3443, merged_symbols=95467
[RUNTIME] Imported data rebind: rebound=56, unresolved=0
[RUNTIME] Starting module libc.prx: dt_init=0x0000000804000010
[DISPATCHER] === DispatchModuleInitializer START ===
[DISPATCHER] moduleInit=0x0000000804000010, generation=Gen5, module=libc.prx
[DISPATCHER] DispatchEntryCore STARTING...
[LOADER][INFO] VEH trampoline built: bytes=709 native_worker_abort=True
[LOADER][INFO] Raw exception handler installed: 0x000001D04E55F4B0
[LOADER][INFO] Guest image CPU write tracking: disabled
[LOADER][INFO] VEH trampoline built: bytes=709 native_worker_abort=True
[LOADER][INFO] Exception handler installed: 0x000001D04E55D1D0
[LOADER][INFO] VEH trampoline built: bytes=709 native_worker_abort=True
[LOADER][INFO] Native guest workers prewarmed: 4/4 max_concurrent=2
[LOADER][INFO] === Execute START ===
[LOADER][INFO] EntryPoint: 0x0000000804000010, ImportStubs: 4053
[LOADER][INFO] RuntimeSymbols: 95473
[LOADER][INFO] ExportCheck fputs: libc:fputs
[LOADER][INFO] ExportCheck map_direct: libKernel:sceKernelMapDirectMemory
[LOADER][INFO] Setting up 4053 import stubs...
[LOADER][INFO] LLE redirect: 0x0000700000000010 QI-x0SL8jhw -> QI-x0SL8jhw@0x000000080403E3E0
[LOADER][INFO] LLE redirect: 0x0000700000000020 EH-x713A99c -> EH-x713A99c@0x0000000804041130
[LOADER][INFO] LLE redirect: 0x0000700000000030 gQX+4GDQjpM -> gQX+4GDQjpM@0x0000000804006020
[LOADER][INFO] LLE redirect: 0x0000700000000040 Y7aJ1uydPMo -> Y7aJ1uydPMo@0x0000000804006050
[LOADER][INFO] LLE redirect: 0x0000700000000050 tIhsqj0qsFE -> tIhsqj0qsFE@0x0000000804006030
[LOADER][INFO] LLE redirect: 0x0000700000000060 lKEN2IebgJ0 -> lKEN2IebgJ0@0x0000000804054900
[LOADER][INFO] LLE redirect: 0x0000700000000070 zr094EQ39Ww -> zr094EQ39Ww@0x0000000804035940
[LOADER][INFO] LLE redirect: 0x0000700000000080 ZE6RNL+eLbk -> ZE6RNL+eLbk@0x000000080404FE40
[LOADER][INFO] LLE redirect: 0x0000700000000090 weDug8QD-lE -> weDug8QD-lE@0x0000000804040AA0
[LOADER][INFO] LLE redirect: 0x00007000000000A0 GZWjF-YIFFk -> GZWjF-YIFFk@0x0000000804040170
[LOADER][INFO] LLE redirect: 0x00007000000000B0 H8AprKeZtNg -> H8AprKeZtNg@0x0000000804194480
[LOADER][INFO] LLE redirect: 0x00007000000000C0 c+4r-T-tEIc -> c+4r-T-tEIc@0x000000080404C430
[LOADER][INFO] LLE redirect: 0x00007000000000D0 2sWzhYqFH4E -> 2sWzhYqFH4E@0x00000008041942B8
[LOADER][INFO] LLE redirect: 0x00007000000000E0 8zTFvBIAIN8 -> 8zTFvBIAIN8@0x0000000804010360
[LOADER][INFO] LLE redirect: 0x0000700000000170 DfivPArhucg -> DfivPArhucg@0x0000000804032F00
[LOADER][INFO] LLE redirect: 0x0000700000000180 tQIo+GIPklo -> tQIo+GIPklo@0x0000000804016560
[LOADER][INFO] LLE redirect: 0x00007000000001C0 eT2UsmTewbU -> eT2UsmTewbU@0x0000000804016430
[LOADER][INFO] LLE redirect: 0x00007000000001D0 gNQ1V2vfXDE -> gNQ1V2vfXDE@0x00000008040548B0
[LOADER][INFO] LLE redirect: 0x00007000000001E0 Ujf3KzMvRmI -> Ujf3KzMvRmI@0x0000000804006070
[LOADER][INFO] LLE redirect: 0x00007000000001F0 OGybVuPAhAY -> OGybVuPAhAY@0x0000000804006090
[LOADER][INFO] LLE redirect: 0x0000700000000230 ozMAr28BwSY -> ozMAr28BwSY@0x0000000804016640
[LOADER][INFO] LLE redirect: 0x00007000000002B0 1Pk0qZQGeWo -> 1Pk0qZQGeWo@0x000000080405A5D0
[LOADER][INFO] LLE redirect: 0x00007000000002D0 zlfEH8FmyUA -> zlfEH8FmyUA@0x000000080403DEB0
[LOADER][INFO] LLE redirect: 0x00007000000002E0 xEszJVGpybs -> xEszJVGpybs@0x000000080405B3B0
[LOADER][INFO] LLE redirect: 0x00007000000002F0 5TjaJwkLWxE -> 5TjaJwkLWxE@0x0000000804032F40
[LOADER][INFO] LLE redirect: 0x0000700000000300 JBcgYuW8lPU -> JBcgYuW8lPU@0x000000080403E160
[LOADER][INFO] LLE redirect: 0x0000700000000320 YQ0navp+YIc -> YQ0navp+YIc@0x0000000804036360
[LOADER][INFO] LLE redirect: 0x0000700000000330 JrwFIMzKNr0 -> JrwFIMzKNr0@0x0000000804049760
[LOADER][INFO] LLE redirect: 0x0000700000000340 lA94ZgT+vMM -> lA94ZgT+vMM@0x0000000804046E60
[LOADER][INFO] LLE redirect: 0x0000700000000350 wLlFkwG9UcQ -> wLlFkwG9UcQ@0x000000080406EEF0
[LOADER][INFO] LLE redirect: 0x0000700000000430 mXlxhmLNMPg -> mXlxhmLNMPg@0x000000080403DA80
[LOADER][INFO] LLE redirect: 0x0000700000000440 AEJdIVZTEmo -> AEJdIVZTEmo@0x0000000804063320
[LOADER][INFO] LLE redirect: 0x0000700000000490 1mecP7RgI2A -> 1mecP7RgI2A@0x000000080406ECA0
[LOADER][INFO] LLE redirect: 0x00007000000004D0 0WMHDb5Dt94 -> 0WMHDb5Dt94@0x000000080404C080
[LOADER][INFO] LLE redirect: 0x00007000000004E0 g7zzzLDYGw0 -> g7zzzLDYGw0@0x000000080406E5C0
[LOADER][INFO] LLE redirect: 0x00007000000004F0 MELi-cKqWq0 -> MELi-cKqWq0@0x00000008040169C0
[LOADER][INFO] LLE redirect: 0x0000700000000500 3+UPM-9E6xY -> 3+UPM-9E6xY@0x000000080404C220
[LOADER][INFO] LLE redirect: 0x0000700000000510 rDMyAf1Jhug -> rDMyAf1Jhug@0x000000080404D850
[LOADER][INFO] LLE redirect: 0x0000700000000530 T7uyNqP7vQA -> T7uyNqP7vQA@0x000000080404F940
[LOADER][INFO] LLE redirect: 0x0000700000000540 HUbZmOnT-Dg -> HUbZmOnT-Dg@0x0000000804041CF0
[LOADER][INFO] LLE redirect: 0x00007000000006A0 2X5agFjKxMc -> 2X5agFjKxMc@0x0000000804006040
[LOADER][INFO] LLE redirect: 0x00007000000008E0 pXvbDfchu6k -> pXvbDfchu6k@0x000000080406E700
[LOADER][INFO] LLE redirect: 0x0000700000000980 NU-T4QowTNA -> NU-T4QowTNA@0x0000000804016480
[LOADER][INFO] LLE redirect: 0x00007000000009E0 2vDqwBlpF-o -> 2vDqwBlpF-o@0x000000080405C470
[LOADER][INFO] LLE redirect: 0x0000700000000A00 QZP6I9ZZxpE -> QZP6I9ZZxpE@0x000000080406EBC0
[LOADER][INFO] LLE redirect: 0x0000700000000D50 oVkZ8W8-Q8A -> oVkZ8W8-Q8A@0x000000080406D990
[LOADER][INFO] LLE redirect: 0x0000700000000E80 M4YYbSFfJ8g -> M4YYbSFfJ8g@0x0000000804FB8030
[LOADER][INFO] LLE redirect: 0x0000700000000EB0 35NoyMOtYpE -> 35NoyMOtYpE@0x0000000804FB7FD0
[LOADER][INFO] Setup 4053/4053 import stubs (direct bridge, lle_redirects=2744)
[LOADER][INFO] TLS handler at 0x0000000803000000
[LOADER][INFO] Patched 0 TLS loads, 164 TLS stores, 0 stack-canary accesses, 0 SSE4a EXTRQ blends
[LOADER][INFO] Patched 369 TLS loads, 0 TLS stores, 0 stack-canary accesses, 0 SSE4a EXTRQ blends (lazy-commit rescan 0x0000000800000000-0x0000000808000000)
[LOADER][INFO] ExecuteEntry starting at 0x0000000804000010
[LOADER][INFO] RSP=0x00007FFFF01FFFD8, RDI=0x0000000000000000
[LOADER][INFO] StackTop: 0x00007FFFF01FFFD8
[LOADER][INFO] Calling guest entry...
[LOADER][INFO] Guest returned: 0
[LOADER][INFO] === Execute END (LastError: null) ===
[RUNTIME] Starting module libSceNpCppWebApi.prx: dt_init=0x00000008043D3010
[DISPATCHER] === DispatchModuleInitializer START ===
[DISPATCHER] moduleInit=0x00000008043D3010, generation=Gen5, module=libSceNpCppWebApi.prx
[DISPATCHER] DispatchEntryCore STARTING...
[LOADER][INFO] === Execute START ===
[LOADER][INFO] EntryPoint: 0x00000008043D3010, ImportStubs: 4053
[LOADER][INFO] RuntimeSymbols: 95473
[LOADER][INFO] ExportCheck fputs: libc:fputs
[LOADER][INFO] ExportCheck map_direct: libKernel:sceKernelMapDirectMemory
[LOADER][INFO] Setting up 4053 import stubs...
[LOADER][INFO] LLE redirect: 0x0000700000000010 QI-x0SL8jhw -> QI-x0SL8jhw@0x000000080403E3E0
[LOADER][INFO] LLE redirect: 0x0000700000000020 EH-x713A99c -> EH-x713A99c@0x0000000804041130
[LOADER][INFO] LLE redirect: 0x0000700000000030 gQX+4GDQjpM -> gQX+4GDQjpM@0x0000000804006020
[LOADER][INFO] LLE redirect: 0x0000700000000040 Y7aJ1uydPMo -> Y7aJ1uydPMo@0x0000000804006050
[LOADER][INFO] LLE redirect: 0x0000700000000050 tIhsqj0qsFE -> tIhsqj0qsFE@0x0000000804006030
[LOADER][INFO] LLE redirect: 0x0000700000000060 lKEN2IebgJ0 -> lKEN2IebgJ0@0x0000000804054900
[LOADER][INFO] LLE redirect: 0x0000700000000070 zr094EQ39Ww -> zr094EQ39Ww@0x0000000804035940
[LOADER][INFO] LLE redirect: 0x0000700000000080 ZE6RNL+eLbk -> ZE6RNL+eLbk@0x000000080404FE40
[LOADER][INFO] LLE redirect: 0x0000700000000090 weDug8QD-lE -> weDug8QD-lE@0x0000000804040AA0
[LOADER][INFO] LLE redirect: 0x00007000000000A0 GZWjF-YIFFk -> GZWjF-YIFFk@0x0000000804040170
[LOADER][INFO] LLE redirect: 0x00007000000000B0 H8AprKeZtNg -> H8AprKeZtNg@0x0000000804194480
[LOADER][INFO] LLE redirect: 0x00007000000000C0 c+4r-T-tEIc -> c+4r-T-tEIc@0x000000080404C430
[LOADER][INFO] LLE redirect: 0x00007000000000D0 2sWzhYqFH4E -> 2sWzhYqFH4E@0x00000008041942B8
[LOADER][INFO] LLE redirect: 0x00007000000000E0 8zTFvBIAIN8 -> 8zTFvBIAIN8@0x0000000804010360
[LOADER][INFO] LLE redirect: 0x0000700000000170 DfivPArhucg -> DfivPArhucg@0x0000000804032F00
[LOADER][INFO] LLE redirect: 0x0000700000000180 tQIo+GIPklo -> tQIo+GIPklo@0x0000000804016560
[LOADER][INFO] LLE redirect: 0x00007000000001C0 eT2UsmTewbU -> eT2UsmTewbU@0x0000000804016430
[LOADER][INFO] LLE redirect: 0x00007000000001D0 gNQ1V2vfXDE -> gNQ1V2vfXDE@0x00000008040548B0
[LOADER][INFO] LLE redirect: 0x00007000000001E0 Ujf3KzMvRmI -> Ujf3KzMvRmI@0x0000000804006070
[LOADER][INFO] LLE redirect: 0x00007000000001F0 OGybVuPAhAY -> OGybVuPAhAY@0x0000000804006090
[LOADER][INFO] LLE redirect: 0x0000700000000230 ozMAr28BwSY -> ozMAr28BwSY@0x0000000804016640
[LOADER][INFO] LLE redirect: 0x00007000000002B0 1Pk0qZQGeWo -> 1Pk0qZQGeWo@0x000000080405A5D0
[LOADER][INFO] LLE redirect: 0x00007000000002D0 zlfEH8FmyUA -> zlfEH8FmyUA@0x000000080403DEB0
[LOADER][INFO] LLE redirect: 0x00007000000002E0 xEszJVGpybs -> xEszJVGpybs@0x000000080405B3B0
[LOADER][INFO] LLE redirect: 0x00007000000002F0 5TjaJwkLWxE -> 5TjaJwkLWxE@0x0000000804032F40
[LOADER][INFO] LLE redirect: 0x0000700000000300 JBcgYuW8lPU -> JBcgYuW8lPU@0x000000080403E160
[LOADER][INFO] LLE redirect: 0x0000700000000320 YQ0navp+YIc -> YQ0navp+YIc@0x0000000804036360
[LOADER][INFO] LLE redirect: 0x0000700000000330 JrwFIMzKNr0 -> JrwFIMzKNr0@0x0000000804049760
[LOADER][INFO] LLE redirect: 0x0000700000000340 lA94ZgT+vMM -> lA94ZgT+vMM@0x0000000804046E60
[LOADER][INFO] LLE redirect: 0x0000700000000350 wLlFkwG9UcQ -> wLlFkwG9UcQ@0x000000080406EEF0
[LOADER][INFO] LLE redirect: 0x0000700000000430 mXlxhmLNMPg -> mXlxhmLNMPg@0x000000080403DA80
[LOADER][INFO] LLE redirect: 0x0000700000000440 AEJdIVZTEmo -> AEJdIVZTEmo@0x0000000804063320
[LOADER][INFO] LLE redirect: 0x0000700000000490 1mecP7RgI2A -> 1mecP7RgI2A@0x000000080406ECA0
[LOADER][INFO] LLE redirect: 0x00007000000004D0 0WMHDb5Dt94 -> 0WMHDb5Dt94@0x000000080404C080
[LOADER][INFO] LLE redirect: 0x00007000000004E0 g7zzzLDYGw0 -> g7zzzLDYGw0@0x000000080406E5C0
[LOADER][INFO] LLE redirect: 0x00007000000004F0 MELi-cKqWq0 -> MELi-cKqWq0@0x00000008040169C0
[LOADER][INFO] LLE redirect: 0x0000700000000500 3+UPM-9E6xY -> 3+UPM-9E6xY@0x000000080404C220
[LOADER][INFO] LLE redirect: 0x0000700000000510 rDMyAf1Jhug -> rDMyAf1Jhug@0x000000080404D850
[LOADER][INFO] LLE redirect: 0x0000700000000530 T7uyNqP7vQA -> T7uyNqP7vQA@0x000000080404F940
[LOADER][INFO] LLE redirect: 0x0000700000000540 HUbZmOnT-Dg -> HUbZmOnT-Dg@0x0000000804041CF0
[LOADER][INFO] LLE redirect: 0x00007000000006A0 2X5agFjKxMc -> 2X5agFjKxMc@0x0000000804006040
[LOADER][INFO] LLE redirect: 0x00007000000008E0 pXvbDfchu6k -> pXvbDfchu6k@0x000000080406E700
[LOADER][INFO] LLE redirect: 0x0000700000000980 NU-T4QowTNA -> NU-T4QowTNA@0x0000000804016480
[LOADER][INFO] LLE redirect: 0x00007000000009E0 2vDqwBlpF-o -> 2vDqwBlpF-o@0x000000080405C470
[LOADER][INFO] LLE redirect: 0x0000700000000A00 QZP6I9ZZxpE -> QZP6I9ZZxpE@0x000000080406EBC0
[LOADER][INFO] LLE redirect: 0x0000700000000D50 oVkZ8W8-Q8A -> oVkZ8W8-Q8A@0x000000080406D990
[LOADER][INFO] LLE redirect: 0x0000700000000E80 M4YYbSFfJ8g -> M4YYbSFfJ8g@0x0000000804FB8030
[LOADER][INFO] LLE redirect: 0x0000700000000EB0 35NoyMOtYpE -> 35NoyMOtYpE@0x0000000804FB7FD0
[LOADER][INFO] Setup 4053/4053 import stubs (direct bridge, lle_redirects=2744)
[LOADER][INFO] TLS handler at 0x00000008033D0000
[LOADER][INFO] Patched 0 TLS loads, 0 TLS stores, 0 stack-canary accesses, 0 SSE4a EXTRQ blends
[LOADER][INFO] ExecuteEntry starting at 0x00000008043D3010
[LOADER][INFO] RSP=0x00007FFFF01FFFD8, RDI=0x0000000000000000
[LOADER][INFO] StackTop: 0x00007FFFF01FFFD8
[LOADER][INFO] Calling guest entry...
[LOADER][INFO] Guest returned: 0
[LOADER][INFO] === Execute END (LastError: null) ===
[RUNTIME] Starting module Il2CppUserAssemblies.prx: dt_init=0x0000000804D56010
[DISPATCHER] === DispatchModuleInitializer START ===
[DISPATCHER] moduleInit=0x0000000804D56010, generation=Gen5, module=Il2CppUserAssemblies.prx
[DISPATCHER] DispatchEntryCore STARTING...
[LOADER][INFO] === Execute START ===
[LOADER][INFO] EntryPoint: 0x0000000804D56010, ImportStubs: 4053
[LOADER][INFO] RuntimeSymbols: 95473
[LOADER][INFO] ExportCheck fputs: libc:fputs
[LOADER][INFO] ExportCheck map_direct: libKernel:sceKernelMapDirectMemory
[LOADER][INFO] Setting up 4053 import stubs...
[LOADER][INFO] LLE redirect: 0x0000700000000010 QI-x0SL8jhw -> QI-x0SL8jhw@0x000000080403E3E0
[LOADER][INFO] LLE redirect: 0x0000700000000020 EH-x713A99c -> EH-x713A99c@0x0000000804041130
[LOADER][INFO] LLE redirect: 0x0000700000000030 gQX+4GDQjpM -> gQX+4GDQjpM@0x0000000804006020
[LOADER][INFO] LLE redirect: 0x0000700000000040 Y7aJ1uydPMo -> Y7aJ1uydPMo@0x0000000804006050
[LOADER][INFO] LLE redirect: 0x0000700000000050 tIhsqj0qsFE -> tIhsqj0qsFE@0x0000000804006030
[LOADER][INFO] LLE redirect: 0x0000700000000060 lKEN2IebgJ0 -> lKEN2IebgJ0@0x0000000804054900
[LOADER][INFO] LLE redirect: 0x0000700000000070 zr094EQ39Ww -> zr094EQ39Ww@0x0000000804035940
[LOADER][INFO] LLE redirect: 0x0000700000000080 ZE6RNL+eLbk -> ZE6RNL+eLbk@0x000000080404FE40
[LOADER][INFO] LLE redirect: 0x0000700000000090 weDug8QD-lE -> weDug8QD-lE@0x0000000804040AA0
[LOADER][INFO] LLE redirect: 0x00007000000000A0 GZWjF-YIFFk -> GZWjF-YIFFk@0x0000000804040170
[LOADER][INFO] LLE redirect: 0x00007000000000B0 H8AprKeZtNg -> H8AprKeZtNg@0x0000000804194480
[LOADER][INFO] LLE redirect: 0x00007000000000C0 c+4r-T-tEIc -> c+4r-T-tEIc@0x000000080404C430
[LOADER][INFO] LLE redirect: 0x00007000000000D0 2sWzhYqFH4E -> 2sWzhYqFH4E@0x00000008041942B8
[LOADER][INFO] LLE redirect: 0x00007000000000E0 8zTFvBIAIN8 -> 8zTFvBIAIN8@0x0000000804010360
[LOADER][INFO] LLE redirect: 0x0000700000000170 DfivPArhucg -> DfivPArhucg@0x0000000804032F00
[LOADER][INFO] LLE redirect: 0x0000700000000180 tQIo+GIPklo -> tQIo+GIPklo@0x0000000804016560
[LOADER][INFO] LLE redirect: 0x00007000000001C0 eT2UsmTewbU -> eT2UsmTewbU@0x0000000804016430
[LOADER][INFO] LLE redirect: 0x00007000000001D0 gNQ1V2vfXDE -> gNQ1V2vfXDE@0x00000008040548B0
[LOADER][INFO] LLE redirect: 0x00007000000001E0 Ujf3KzMvRmI -> Ujf3KzMvRmI@0x0000000804006070
[LOADER][INFO] LLE redirect: 0x00007000000001F0 OGybVuPAhAY -> OGybVuPAhAY@0x0000000804006090
[LOADER][INFO] LLE redirect: 0x0000700000000230 ozMAr28BwSY -> ozMAr28BwSY@0x0000000804016640
[LOADER][INFO] LLE redirect: 0x00007000000002B0 1Pk0qZQGeWo -> 1Pk0qZQGeWo@0x000000080405A5D0
[LOADER][INFO] LLE redirect: 0x00007000000002D0 zlfEH8FmyUA -> zlfEH8FmyUA@0x000000080403DEB0
[LOADER][INFO] LLE redirect: 0x00007000000002E0 xEszJVGpybs -> xEszJVGpybs@0x000000080405B3B0
[LOADER][INFO] LLE redirect: 0x00007000000002F0 5TjaJwkLWxE -> 5TjaJwkLWxE@0x0000000804032F40
[LOADER][INFO] LLE redirect: 0x0000700000000300 JBcgYuW8lPU -> JBcgYuW8lPU@0x000000080403E160
[LOADER][INFO] LLE redirect: 0x0000700000000320 YQ0navp+YIc -> YQ0navp+YIc@0x0000000804036360
[LOADER][INFO] LLE redirect: 0x0000700000000330 JrwFIMzKNr0 -> JrwFIMzKNr0@0x0000000804049760
[LOADER][INFO] LLE redirect: 0x0000700000000340 lA94ZgT+vMM -> lA94ZgT+vMM@0x0000000804046E60
[LOADER][INFO] LLE redirect: 0x0000700000000350 wLlFkwG9UcQ -> wLlFkwG9UcQ@0x000000080406EEF0
[LOADER][INFO] LLE redirect: 0x0000700000000430 mXlxhmLNMPg -> mXlxhmLNMPg@0x000000080403DA80
[LOADER][INFO] LLE redirect: 0x0000700000000440 AEJdIVZTEmo -> AEJdIVZTEmo@0x0000000804063320
[LOADER][INFO] LLE redirect: 0x0000700000000490 1mecP7RgI2A -> 1mecP7RgI2A@0x000000080406ECA0
[LOADER][INFO] LLE redirect: 0x00007000000004D0 0WMHDb5Dt94 -> 0WMHDb5Dt94@0x000000080404C080
[LOADER][INFO] LLE redirect: 0x00007000000004E0 g7zzzLDYGw0 -> g7zzzLDYGw0@0x000000080406E5C0
[LOADER][INFO] LLE redirect: 0x00007000000004F0 MELi-cKqWq0 -> MELi-cKqWq0@0x00000008040169C0
[LOADER][INFO] LLE redirect: 0x0000700000000500 3+UPM-9E6xY -> 3+UPM-9E6xY@0x000000080404C220
[LOADER][INFO] LLE redirect: 0x0000700000000510 rDMyAf1Jhug -> rDMyAf1Jhug@0x000000080404D850
[LOADER][INFO] LLE redirect: 0x0000700000000530 T7uyNqP7vQA -> T7uyNqP7vQA@0x000000080404F940
[LOADER][INFO] LLE redirect: 0x0000700000000540 HUbZmOnT-Dg -> HUbZmOnT-Dg@0x0000000804041CF0
[LOADER][INFO] LLE redirect: 0x00007000000006A0 2X5agFjKxMc -> 2X5agFjKxMc@0x0000000804006040
[LOADER][INFO] LLE redirect: 0x00007000000008E0 pXvbDfchu6k -> pXvbDfchu6k@0x000000080406E700
[LOADER][INFO] LLE redirect: 0x0000700000000980 NU-T4QowTNA -> NU-T4QowTNA@0x0000000804016480
[LOADER][INFO] LLE redirect: 0x00007000000009E0 2vDqwBlpF-o -> 2vDqwBlpF-o@0x000000080405C470
[LOADER][INFO] LLE redirect: 0x0000700000000A00 QZP6I9ZZxpE -> QZP6I9ZZxpE@0x000000080406EBC0
[LOADER][INFO] LLE redirect: 0x0000700000000D50 oVkZ8W8-Q8A -> oVkZ8W8-Q8A@0x000000080406D990
[LOADER][INFO] LLE redirect: 0x0000700000000E80 M4YYbSFfJ8g -> M4YYbSFfJ8g@0x0000000804FB8030
[LOADER][INFO] LLE redirect: 0x0000700000000EB0 35NoyMOtYpE -> 35NoyMOtYpE@0x0000000804FB7FD0
[LOADER][INFO] Setup 4053/4053 import stubs (direct bridge, lle_redirects=2744)
[LOADER][INFO] TLS handler at 0x0000000803D50000
[LOADER][INFO] Patched 0 TLS loads, 0 TLS stores, 0 stack-canary accesses, 0 SSE4a EXTRQ blends
[LOADER][INFO] ExecuteEntry starting at 0x0000000804D56010
[LOADER][INFO] RSP=0x00007FFFF01FFFD8, RDI=0x0000000000000000
[LOADER][INFO] StackTop: 0x00007FFFF01FFFD8
[LOADER][INFO] Calling guest entry...
[LOADER][INFO] Guest returned: 0
[LOADER][INFO] === Execute END (LastError: null) ===
[RUNTIME] Starting module PS5Util.prx: dt_init=0x000000080A821010
[DISPATCHER] === DispatchModuleInitializer START ===
[DISPATCHER] moduleInit=0x000000080A821010, generation=Gen5, module=PS5Util.prx
[DISPATCHER] DispatchEntryCore STARTING...
[LOADER][INFO] === Execute START ===
[LOADER][INFO] EntryPoint: 0x000000080A821010, ImportStubs: 4053
[LOADER][INFO] RuntimeSymbols: 95473
[LOADER][INFO] ExportCheck fputs: libc:fputs
[LOADER][INFO] ExportCheck map_direct: libKernel:sceKernelMapDirectMemory
[LOADER][INFO] Setting up 4053 import stubs...
[LOADER][INFO] LLE redirect: 0x0000700000000010 QI-x0SL8jhw -> QI-x0SL8jhw@0x000000080403E3E0
[LOADER][INFO] LLE redirect: 0x0000700000000020 EH-x713A99c -> EH-x713A99c@0x0000000804041130
[LOADER][INFO] LLE redirect: 0x0000700000000030 gQX+4GDQjpM -> gQX+4GDQjpM@0x0000000804006020
[LOADER][INFO] LLE redirect: 0x0000700000000040 Y7aJ1uydPMo -> Y7aJ1uydPMo@0x0000000804006050
[LOADER][INFO] LLE redirect: 0x0000700000000050 tIhsqj0qsFE -> tIhsqj0qsFE@0x0000000804006030
[LOADER][INFO] LLE redirect: 0x0000700000000060 lKEN2IebgJ0 -> lKEN2IebgJ0@0x0000000804054900
[LOADER][INFO] LLE redirect: 0x0000700000000070 zr094EQ39Ww -> zr094EQ39Ww@0x0000000804035940
[LOADER][INFO] LLE redirect: 0x0000700000000080 ZE6RNL+eLbk -> ZE6RNL+eLbk@0x000000080404FE40
[LOADER][INFO] LLE redirect: 0x0000700000000090 weDug8QD-lE -> weDug8QD-lE@0x0000000804040AA0
[LOADER][INFO] LLE redirect: 0x00007000000000A0 GZWjF-YIFFk -> GZWjF-YIFFk@0x0000000804040170
[LOADER][INFO] LLE redirect: 0x00007000000000B0 H8AprKeZtNg -> H8AprKeZtNg@0x0000000804194480
[LOADER][INFO] LLE redirect: 0x00007000000000C0 c+4r-T-tEIc -> c+4r-T-tEIc@0x000000080404C430
[LOADER][INFO] LLE redirect: 0x00007000000000D0 2sWzhYqFH4E -> 2sWzhYqFH4E@0x00000008041942B8
[LOADER][INFO] LLE redirect: 0x00007000000000E0 8zTFvBIAIN8 -> 8zTFvBIAIN8@0x0000000804010360
[LOADER][INFO] LLE redirect: 0x0000700000000170 DfivPArhucg -> DfivPArhucg@0x0000000804032F00
[LOADER][INFO] LLE redirect: 0x0000700000000180 tQIo+GIPklo -> tQIo+GIPklo@0x0000000804016560
[LOADER][INFO] LLE redirect: 0x00007000000001C0 eT2UsmTewbU -> eT2UsmTewbU@0x0000000804016430
[LOADER][INFO] LLE redirect: 0x00007000000001D0 gNQ1V2vfXDE -> gNQ1V2vfXDE@0x00000008040548B0
[LOADER][INFO] LLE redirect: 0x00007000000001E0 Ujf3KzMvRmI -> Ujf3KzMvRmI@0x0000000804006070
[LOADER][INFO] LLE redirect: 0x00007000000001F0 OGybVuPAhAY -> OGybVuPAhAY@0x0000000804006090
[LOADER][INFO] LLE redirect: 0x0000700000000230 ozMAr28BwSY -> ozMAr28BwSY@0x0000000804016640
[LOADER][INFO] LLE redirect: 0x00007000000002B0 1Pk0qZQGeWo -> 1Pk0qZQGeWo@0x000000080405A5D0
[LOADER][INFO] LLE redirect: 0x00007000000002D0 zlfEH8FmyUA -> zlfEH8FmyUA@0x000000080403DEB0
[LOADER][INFO] LLE redirect: 0x00007000000002E0 xEszJVGpybs -> xEszJVGpybs@0x000000080405B3B0
[LOADER][INFO] LLE redirect: 0x00007000000002F0 5TjaJwkLWxE -> 5TjaJwkLWxE@0x0000000804032F40
[LOADER][INFO] LLE redirect: 0x0000700000000300 JBcgYuW8lPU -> JBcgYuW8lPU@0x000000080403E160
[LOADER][INFO] LLE redirect: 0x0000700000000320 YQ0navp+YIc -> YQ0navp+YIc@0x0000000804036360
[LOADER][INFO] LLE redirect: 0x0000700000000330 JrwFIMzKNr0 -> JrwFIMzKNr0@0x0000000804049760
[LOADER][INFO] LLE redirect: 0x0000700000000340 lA94ZgT+vMM -> lA94ZgT+vMM@0x0000000804046E60
[LOADER][INFO] LLE redirect: 0x0000700000000350 wLlFkwG9UcQ -> wLlFkwG9UcQ@0x000000080406EEF0
[LOADER][INFO] LLE redirect: 0x0000700000000430 mXlxhmLNMPg -> mXlxhmLNMPg@0x000000080403DA80
[LOADER][INFO] LLE redirect: 0x0000700000000440 AEJdIVZTEmo -> AEJdIVZTEmo@0x0000000804063320
[LOADER][INFO] LLE redirect: 0x0000700000000490 1mecP7RgI2A -> 1mecP7RgI2A@0x000000080406ECA0
[LOADER][INFO] LLE redirect: 0x00007000000004D0 0WMHDb5Dt94 -> 0WMHDb5Dt94@0x000000080404C080
[LOADER][INFO] LLE redirect: 0x00007000000004E0 g7zzzLDYGw0 -> g7zzzLDYGw0@0x000000080406E5C0
[LOADER][INFO] LLE redirect: 0x00007000000004F0 MELi-cKqWq0 -> MELi-cKqWq0@0x00000008040169C0
[LOADER][INFO] LLE redirect: 0x0000700000000500 3+UPM-9E6xY -> 3+UPM-9E6xY@0x000000080404C220
[LOADER][INFO] LLE redirect: 0x0000700000000510 rDMyAf1Jhug -> rDMyAf1Jhug@0x000000080404D850
[LOADER][INFO] LLE redirect: 0x0000700000000530 T7uyNqP7vQA -> T7uyNqP7vQA@0x000000080404F940
[LOADER][INFO] LLE redirect: 0x0000700000000540 HUbZmOnT-Dg -> HUbZmOnT-Dg@0x0000000804041CF0
[LOADER][INFO] LLE redirect: 0x00007000000006A0 2X5agFjKxMc -> 2X5agFjKxMc@0x0000000804006040
[LOADER][INFO] LLE redirect: 0x00007000000008E0 pXvbDfchu6k -> pXvbDfchu6k@0x000000080406E700
[LOADER][INFO] LLE redirect: 0x0000700000000980 NU-T4QowTNA -> NU-T4QowTNA@0x0000000804016480
[LOADER][INFO] LLE redirect: 0x00007000000009E0 2vDqwBlpF-o -> 2vDqwBlpF-o@0x000000080405C470
[LOADER][INFO] LLE redirect: 0x0000700000000A00 QZP6I9ZZxpE -> QZP6I9ZZxpE@0x000000080406EBC0
[LOADER][INFO] LLE redirect: 0x0000700000000D50 oVkZ8W8-Q8A -> oVkZ8W8-Q8A@0x000000080406D990
[LOADER][INFO] LLE redirect: 0x0000700000000E80 M4YYbSFfJ8g -> M4YYbSFfJ8g@0x0000000804FB8030
[LOADER][INFO] LLE redirect: 0x0000700000000EB0 35NoyMOtYpE -> 35NoyMOtYpE@0x0000000804FB7FD0
[LOADER][INFO] Setup 4053/4053 import stubs (direct bridge, lle_redirects=2744)
[LOADER][INFO] TLS handler at 0x000000080B820000
[LOADER][INFO] Patched 0 TLS loads, 0 TLS stores, 0 stack-canary accesses, 0 SSE4a EXTRQ blends
[LOADER][INFO] ExecuteEntry starting at 0x000000080A821010
[LOADER][INFO] RSP=0x00007FFFF01FFFD8, RDI=0x0000000000000000
[LOADER][INFO] StackTop: 0x00007FFFF01FFFD8
[LOADER][INFO] Calling guest entry...
[LOADER][INFO] Guest returned: 0
[LOADER][INFO] === Execute END (LastError: null) ===
[RUNTIME] Starting module libfmod.prx: dt_init=0x000000080AA2E010
[DISPATCHER] === DispatchModuleInitializer START ===
[DISPATCHER] moduleInit=0x000000080AA2E010, generation=Gen5, module=libfmod.prx
[DISPATCHER] DispatchEntryCore STARTING...
[LOADER][INFO] === Execute START ===
[LOADER][INFO] EntryPoint: 0x000000080AA2E010, ImportStubs: 4053
[LOADER][INFO] RuntimeSymbols: 95473
[LOADER][INFO] ExportCheck fputs: libc:fputs
[LOADER][INFO] ExportCheck map_direct: libKernel:sceKernelMapDirectMemory
[LOADER][INFO] Setting up 4053 import stubs...
[LOADER][INFO] LLE redirect: 0x0000700000000010 QI-x0SL8jhw -> QI-x0SL8jhw@0x000000080403E3E0
[LOADER][INFO] LLE redirect: 0x0000700000000020 EH-x713A99c -> EH-x713A99c@0x0000000804041130
[LOADER][INFO] LLE redirect: 0x0000700000000030 gQX+4GDQjpM -> gQX+4GDQjpM@0x0000000804006020
[LOADER][INFO] LLE redirect: 0x0000700000000040 Y7aJ1uydPMo -> Y7aJ1uydPMo@0x0000000804006050
[LOADER][INFO] LLE redirect: 0x0000700000000050 tIhsqj0qsFE -> tIhsqj0qsFE@0x0000000804006030
[LOADER][INFO] LLE redirect: 0x0000700000000060 lKEN2IebgJ0 -> lKEN2IebgJ0@0x0000000804054900
[LOADER][INFO] LLE redirect: 0x0000700000000070 zr094EQ39Ww -> zr094EQ39Ww@0x0000000804035940
[LOADER][INFO] LLE redirect: 0x0000700000000080 ZE6RNL+eLbk -> ZE6RNL+eLbk@0x000000080404FE40
[LOADER][INFO] LLE redirect: 0x0000700000000090 weDug8QD-lE -> weDug8QD-lE@0x0000000804040AA0
[LOADER][INFO] LLE redirect: 0x00007000000000A0 GZWjF-YIFFk -> GZWjF-YIFFk@0x0000000804040170
[LOADER][INFO] LLE redirect: 0x00007000000000B0 H8AprKeZtNg -> H8AprKeZtNg@0x0000000804194480
[LOADER][INFO] LLE redirect: 0x00007000000000C0 c+4r-T-tEIc -> c+4r-T-tEIc@0x000000080404C430
[LOADER][INFO] LLE redirect: 0x00007000000000D0 2sWzhYqFH4E -> 2sWzhYqFH4E@0x00000008041942B8
[LOADER][INFO] LLE redirect: 0x00007000000000E0 8zTFvBIAIN8 -> 8zTFvBIAIN8@0x0000000804010360
[LOADER][INFO] LLE redirect: 0x0000700000000170 DfivPArhucg -> DfivPArhucg@0x0000000804032F00
[LOADER][INFO] LLE redirect: 0x0000700000000180 tQIo+GIPklo -> tQIo+GIPklo@0x0000000804016560
[LOADER][INFO] LLE redirect: 0x00007000000001C0 eT2UsmTewbU -> eT2UsmTewbU@0x0000000804016430
[LOADER][INFO] LLE redirect: 0x00007000000001D0 gNQ1V2vfXDE -> gNQ1V2vfXDE@0x00000008040548B0
[LOADER][INFO] LLE redirect: 0x00007000000001E0 Ujf3KzMvRmI -> Ujf3KzMvRmI@0x0000000804006070
[LOADER][INFO] LLE redirect: 0x00007000000001F0 OGybVuPAhAY -> OGybVuPAhAY@0x0000000804006090
[LOADER][INFO] LLE redirect: 0x0000700000000230 ozMAr28BwSY -> ozMAr28BwSY@0x0000000804016640
[LOADER][INFO] LLE redirect: 0x00007000000002B0 1Pk0qZQGeWo -> 1Pk0qZQGeWo@0x000000080405A5D0
[LOADER][INFO] LLE redirect: 0x00007000000002D0 zlfEH8FmyUA -> zlfEH8FmyUA@0x000000080403DEB0
[LOADER][INFO] LLE redirect: 0x00007000000002E0 xEszJVGpybs -> xEszJVGpybs@0x000000080405B3B0
[LOADER][INFO] LLE redirect: 0x00007000000002F0 5TjaJwkLWxE -> 5TjaJwkLWxE@0x0000000804032F40
[LOADER][INFO] LLE redirect: 0x0000700000000300 JBcgYuW8lPU -> JBcgYuW8lPU@0x000000080403E160
[LOADER][INFO] LLE redirect: 0x0000700000000320 YQ0navp+YIc -> YQ0navp+YIc@0x0000000804036360
[LOADER][INFO] LLE redirect: 0x0000700000000330 JrwFIMzKNr0 -> JrwFIMzKNr0@0x0000000804049760
[LOADER][INFO] LLE redirect: 0x0000700000000340 lA94ZgT+vMM -> lA94ZgT+vMM@0x0000000804046E60
[LOADER][INFO] LLE redirect: 0x0000700000000350 wLlFkwG9UcQ -> wLlFkwG9UcQ@0x000000080406EEF0
[LOADER][INFO] LLE redirect: 0x0000700000000430 mXlxhmLNMPg -> mXlxhmLNMPg@0x000000080403DA80
[LOADER][INFO] LLE redirect: 0x0000700000000440 AEJdIVZTEmo -> AEJdIVZTEmo@0x0000000804063320
[LOADER][INFO] LLE redirect: 0x0000700000000490 1mecP7RgI2A -> 1mecP7RgI2A@0x000000080406ECA0
[LOADER][INFO] LLE redirect: 0x00007000000004D0 0WMHDb5Dt94 -> 0WMHDb5Dt94@0x000000080404C080
[LOADER][INFO] LLE redirect: 0x00007000000004E0 g7zzzLDYGw0 -> g7zzzLDYGw0@0x000000080406E5C0
[LOADER][INFO] LLE redirect: 0x00007000000004F0 MELi-cKqWq0 -> MELi-cKqWq0@0x00000008040169C0
[LOADER][INFO] LLE redirect: 0x0000700000000500 3+UPM-9E6xY -> 3+UPM-9E6xY@0x000000080404C220
[LOADER][INFO] LLE redirect: 0x0000700000000510 rDMyAf1Jhug -> rDMyAf1Jhug@0x000000080404D850
[LOADER][INFO] LLE redirect: 0x0000700000000530 T7uyNqP7vQA -> T7uyNqP7vQA@0x000000080404F940
[LOADER][INFO] LLE redirect: 0x0000700000000540 HUbZmOnT-Dg -> HUbZmOnT-Dg@0x0000000804041CF0
[LOADER][INFO] LLE redirect: 0x00007000000006A0 2X5agFjKxMc -> 2X5agFjKxMc@0x0000000804006040
[LOADER][INFO] LLE redirect: 0x00007000000008E0 pXvbDfchu6k -> pXvbDfchu6k@0x000000080406E700
[LOADER][INFO] LLE redirect: 0x0000700000000980 NU-T4QowTNA -> NU-T4QowTNA@0x0000000804016480
[LOADER][INFO] LLE redirect: 0x00007000000009E0 2vDqwBlpF-o -> 2vDqwBlpF-o@0x000000080405C470
[LOADER][INFO] LLE redirect: 0x0000700000000A00 QZP6I9ZZxpE -> QZP6I9ZZxpE@0x000000080406EBC0
[LOADER][INFO] LLE redirect: 0x0000700000000D50 oVkZ8W8-Q8A -> oVkZ8W8-Q8A@0x000000080406D990
[LOADER][INFO] LLE redirect: 0x0000700000000E80 M4YYbSFfJ8g -> M4YYbSFfJ8g@0x0000000804FB8030
[LOADER][INFO] LLE redirect: 0x0000700000000EB0 35NoyMOtYpE -> 35NoyMOtYpE@0x0000000804FB7FD0
[LOADER][INFO] Setup 4053/4053 import stubs (direct bridge, lle_redirects=2744)
[LOADER][INFO] TLS handler at 0x000000080CA20000
[LOADER][INFO] Patched 0 TLS loads, 0 TLS stores, 0 stack-canary accesses, 0 SSE4a EXTRQ blends
[LOADER][INFO] ExecuteEntry starting at 0x000000080AA2E010
[LOADER][INFO] RSP=0x00007FFFF01FFFD8, RDI=0x0000000000000000
[LOADER][INFO] StackTop: 0x00007FFFF01FFFD8
[LOADER][INFO] Calling guest entry...
[LOADER][INFO] Guest returned: 0
[LOADER][INFO] === Execute END (LastError: null) ===
[RUNTIME] Starting module libfmodstudio.prx: dt_init=0x000000080AE16010
[DISPATCHER] === DispatchModuleInitializer START ===
[DISPATCHER] moduleInit=0x000000080AE16010, generation=Gen5, module=libfmodstudio.prx
[DISPATCHER] DispatchEntryCore STARTING...
[LOADER][INFO] === Execute START ===
[LOADER][INFO] EntryPoint: 0x000000080AE16010, ImportStubs: 4053
[LOADER][INFO] RuntimeSymbols: 95473
[LOADER][INFO] ExportCheck fputs: libc:fputs
[LOADER][INFO] ExportCheck map_direct: libKernel:sceKernelMapDirectMemory
[LOADER][INFO] Setting up 4053 import stubs...
[LOADER][INFO] LLE redirect: 0x0000700000000010 QI-x0SL8jhw -> QI-x0SL8jhw@0x000000080403E3E0
[LOADER][INFO] LLE redirect: 0x0000700000000020 EH-x713A99c -> EH-x713A99c@0x0000000804041130
[LOADER][INFO] LLE redirect: 0x0000700000000030 gQX+4GDQjpM -> gQX+4GDQjpM@0x0000000804006020
[LOADER][INFO] LLE redirect: 0x0000700000000040 Y7aJ1uydPMo -> Y7aJ1uydPMo@0x0000000804006050
[LOADER][INFO] LLE redirect: 0x0000700000000050 tIhsqj0qsFE -> tIhsqj0qsFE@0x0000000804006030
[LOADER][INFO] LLE redirect: 0x0000700000000060 lKEN2IebgJ0 -> lKEN2IebgJ0@0x0000000804054900
[LOADER][INFO] LLE redirect: 0x0000700000000070 zr094EQ39Ww -> zr094EQ39Ww@0x0000000804035940
[LOADER][INFO] LLE redirect: 0x0000700000000080 ZE6RNL+eLbk -> ZE6RNL+eLbk@0x000000080404FE40
[LOADER][INFO] LLE redirect: 0x0000700000000090 weDug8QD-lE -> weDug8QD-lE@0x0000000804040AA0
[LOADER][INFO] LLE redirect: 0x00007000000000A0 GZWjF-YIFFk -> GZWjF-YIFFk@0x0000000804040170
[LOADER][INFO] LLE redirect: 0x00007000000000B0 H8AprKeZtNg -> H8AprKeZtNg@0x0000000804194480
[LOADER][INFO] LLE redirect: 0x00007000000000C0 c+4r-T-tEIc -> c+4r-T-tEIc@0x000000080404C430
[LOADER][INFO] LLE redirect: 0x00007000000000D0 2sWzhYqFH4E -> 2sWzhYqFH4E@0x00000008041942B8
[LOADER][INFO] LLE redirect: 0x00007000000000E0 8zTFvBIAIN8 -> 8zTFvBIAIN8@0x0000000804010360
[LOADER][INFO] LLE redirect: 0x0000700000000170 DfivPArhucg -> DfivPArhucg@0x0000000804032F00
[LOADER][INFO] LLE redirect: 0x0000700000000180 tQIo+GIPklo -> tQIo+GIPklo@0x0000000804016560
[LOADER][INFO] LLE redirect: 0x00007000000001C0 eT2UsmTewbU -> eT2UsmTewbU@0x0000000804016430
[LOADER][INFO] LLE redirect: 0x00007000000001D0 gNQ1V2vfXDE -> gNQ1V2vfXDE@0x00000008040548B0
[LOADER][INFO] LLE redirect: 0x00007000000001E0 Ujf3KzMvRmI -> Ujf3KzMvRmI@0x0000000804006070
[LOADER][INFO] LLE redirect: 0x00007000000001F0 OGybVuPAhAY -> OGybVuPAhAY@0x0000000804006090
[LOADER][INFO] LLE redirect: 0x0000700000000230 ozMAr28BwSY -> ozMAr28BwSY@0x0000000804016640
[LOADER][INFO] LLE redirect: 0x00007000000002B0 1Pk0qZQGeWo -> 1Pk0qZQGeWo@0x000000080405A5D0
[LOADER][INFO] LLE redirect: 0x00007000000002D0 zlfEH8FmyUA -> zlfEH8FmyUA@0x000000080403DEB0
[LOADER][INFO] LLE redirect: 0x00007000000002E0 xEszJVGpybs -> xEszJVGpybs@0x000000080405B3B0
[LOADER][INFO] LLE redirect: 0x00007000000002F0 5TjaJwkLWxE -> 5TjaJwkLWxE@0x0000000804032F40
[LOADER][INFO] LLE redirect: 0x0000700000000300 JBcgYuW8lPU -> JBcgYuW8lPU@0x000000080403E160
[LOADER][INFO] LLE redirect: 0x0000700000000320 YQ0navp+YIc -> YQ0navp+YIc@0x0000000804036360
[LOADER][INFO] LLE redirect: 0x0000700000000330 JrwFIMzKNr0 -> JrwFIMzKNr0@0x0000000804049760
[LOADER][INFO] LLE redirect: 0x0000700000000340 lA94ZgT+vMM -> lA94ZgT+vMM@0x0000000804046E60
[LOADER][INFO] LLE redirect: 0x0000700000000350 wLlFkwG9UcQ -> wLlFkwG9UcQ@0x000000080406EEF0
[LOADER][INFO] LLE redirect: 0x0000700000000430 mXlxhmLNMPg -> mXlxhmLNMPg@0x000000080403DA80
[LOADER][INFO] LLE redirect: 0x0000700000000440 AEJdIVZTEmo -> AEJdIVZTEmo@0x0000000804063320
[LOADER][INFO] LLE redirect: 0x0000700000000490 1mecP7RgI2A -> 1mecP7RgI2A@0x000000080406ECA0
[LOADER][INFO] LLE redirect: 0x00007000000004D0 0WMHDb5Dt94 -> 0WMHDb5Dt94@0x000000080404C080
[LOADER][INFO] LLE redirect: 0x00007000000004E0 g7zzzLDYGw0 -> g7zzzLDYGw0@0x000000080406E5C0
[LOADER][INFO] LLE redirect: 0x00007000000004F0 MELi-cKqWq0 -> MELi-cKqWq0@0x00000008040169C0
[LOADER][INFO] LLE redirect: 0x0000700000000500 3+UPM-9E6xY -> 3+UPM-9E6xY@0x000000080404C220
[LOADER][INFO] LLE redirect: 0x0000700000000510 rDMyAf1Jhug -> rDMyAf1Jhug@0x000000080404D850
[LOADER][INFO] LLE redirect: 0x0000700000000530 T7uyNqP7vQA -> T7uyNqP7vQA@0x000000080404F940
[LOADER][INFO] LLE redirect: 0x0000700000000540 HUbZmOnT-Dg -> HUbZmOnT-Dg@0x0000000804041CF0
[LOADER][INFO] LLE redirect: 0x00007000000006A0 2X5agFjKxMc -> 2X5agFjKxMc@0x0000000804006040
[LOADER][INFO] LLE redirect: 0x00007000000008E0 pXvbDfchu6k -> pXvbDfchu6k@0x000000080406E700
[LOADER][INFO] LLE redirect: 0x0000700000000980 NU-T4QowTNA -> NU-T4QowTNA@0x0000000804016480
[LOADER][INFO] LLE redirect: 0x00007000000009E0 2vDqwBlpF-o -> 2vDqwBlpF-o@0x000000080405C470
[LOADER][INFO] LLE redirect: 0x0000700000000A00 QZP6I9ZZxpE -> QZP6I9ZZxpE@0x000000080406EBC0
[LOADER][INFO] LLE redirect: 0x0000700000000D50 oVkZ8W8-Q8A -> oVkZ8W8-Q8A@0x000000080406D990
[LOADER][INFO] LLE redirect: 0x0000700000000E80 M4YYbSFfJ8g -> M4YYbSFfJ8g@0x0000000804FB8030
[LOADER][INFO] LLE redirect: 0x0000700000000EB0 35NoyMOtYpE -> 35NoyMOtYpE@0x0000000804FB7FD0
[LOADER][INFO] Setup 4053/4053 import stubs (direct bridge, lle_redirects=2744)
[LOADER][INFO] TLS handler at 0x000000080BE10000
[LOADER][INFO] Patched 0 TLS loads, 0 TLS stores, 0 stack-canary accesses, 0 SSE4a EXTRQ blends
[LOADER][INFO] ExecuteEntry starting at 0x000000080AE16010
[LOADER][INFO] RSP=0x00007FFFF01FFFD8, RDI=0x0000000000000000
[LOADER][INFO] StackTop: 0x00007FFFF01FFFD8
[LOADER][INFO] Calling guest entry...
[LOADER][INFO] Guest returned: 0
[LOADER][INFO] === Execute END (LastError: null) ===
[RUNTIME] Dispatching, gen: Gen5
[RUNTIME] About to call DispatchEntry with entryPoint=0x0000000800000070
[DISPATCHER] === DispatchEntry START ===
[DISPATCHER] entryPoint=0x0000000800000070, generation=Gen5
[DISPATCHER] DispatchEntryCore STARTING...
[LOADER][INFO] === Execute START ===
[LOADER][INFO] EntryPoint: 0x0000000800000070, ImportStubs: 4053
[LOADER][INFO] RuntimeSymbols: 95473
[LOADER][INFO] ExportCheck fputs: libc:fputs
[LOADER][INFO] ExportCheck map_direct: libKernel:sceKernelMapDirectMemory
[LOADER][INFO] Setting up 4053 import stubs...
[LOADER][INFO] LLE redirect: 0x0000700000000010 QI-x0SL8jhw -> QI-x0SL8jhw@0x000000080403E3E0
[LOADER][INFO] LLE redirect: 0x0000700000000020 EH-x713A99c -> EH-x713A99c@0x0000000804041130
[LOADER][INFO] LLE redirect: 0x0000700000000030 gQX+4GDQjpM -> gQX+4GDQjpM@0x0000000804006020
[LOADER][INFO] LLE redirect: 0x0000700000000040 Y7aJ1uydPMo -> Y7aJ1uydPMo@0x0000000804006050
[LOADER][INFO] LLE redirect: 0x0000700000000050 tIhsqj0qsFE -> tIhsqj0qsFE@0x0000000804006030
[LOADER][INFO] LLE redirect: 0x0000700000000060 lKEN2IebgJ0 -> lKEN2IebgJ0@0x0000000804054900
[LOADER][INFO] LLE redirect: 0x0000700000000070 zr094EQ39Ww -> zr094EQ39Ww@0x0000000804035940
[LOADER][INFO] LLE redirect: 0x0000700000000080 ZE6RNL+eLbk -> ZE6RNL+eLbk@0x000000080404FE40
[LOADER][INFO] LLE redirect: 0x0000700000000090 weDug8QD-lE -> weDug8QD-lE@0x0000000804040AA0
[LOADER][INFO] LLE redirect: 0x00007000000000A0 GZWjF-YIFFk -> GZWjF-YIFFk@0x0000000804040170
[LOADER][INFO] LLE redirect: 0x00007000000000B0 H8AprKeZtNg -> H8AprKeZtNg@0x0000000804194480
[LOADER][INFO] LLE redirect: 0x00007000000000C0 c+4r-T-tEIc -> c+4r-T-tEIc@0x000000080404C430
[LOADER][INFO] LLE redirect: 0x00007000000000D0 2sWzhYqFH4E -> 2sWzhYqFH4E@0x00000008041942B8
[LOADER][INFO] LLE redirect: 0x00007000000000E0 8zTFvBIAIN8 -> 8zTFvBIAIN8@0x0000000804010360
[LOADER][INFO] LLE redirect: 0x0000700000000170 DfivPArhucg -> DfivPArhucg@0x0000000804032F00
[LOADER][INFO] LLE redirect: 0x0000700000000180 tQIo+GIPklo -> tQIo+GIPklo@0x0000000804016560
[LOADER][INFO] LLE redirect: 0x00007000000001C0 eT2UsmTewbU -> eT2UsmTewbU@0x0000000804016430
[LOADER][INFO] LLE redirect: 0x00007000000001D0 gNQ1V2vfXDE -> gNQ1V2vfXDE@0x00000008040548B0
[LOADER][INFO] LLE redirect: 0x00007000000001E0 Ujf3KzMvRmI -> Ujf3KzMvRmI@0x0000000804006070
[LOADER][INFO] LLE redirect: 0x00007000000001F0 OGybVuPAhAY -> OGybVuPAhAY@0x0000000804006090
[LOADER][INFO] LLE redirect: 0x0000700000000230 ozMAr28BwSY -> ozMAr28BwSY@0x0000000804016640
[LOADER][INFO] LLE redirect: 0x00007000000002B0 1Pk0qZQGeWo -> 1Pk0qZQGeWo@0x000000080405A5D0
[LOADER][INFO] LLE redirect: 0x00007000000002D0 zlfEH8FmyUA -> zlfEH8FmyUA@0x000000080403DEB0
[LOADER][INFO] LLE redirect: 0x00007000000002E0 xEszJVGpybs -> xEszJVGpybs@0x000000080405B3B0
[LOADER][INFO] LLE redirect: 0x00007000000002F0 5TjaJwkLWxE -> 5TjaJwkLWxE@0x0000000804032F40
[LOADER][INFO] LLE redirect: 0x0000700000000300 JBcgYuW8lPU -> JBcgYuW8lPU@0x000000080403E160
[LOADER][INFO] LLE redirect: 0x0000700000000320 YQ0navp+YIc -> YQ0navp+YIc@0x0000000804036360
[LOADER][INFO] LLE redirect: 0x0000700000000330 JrwFIMzKNr0 -> JrwFIMzKNr0@0x0000000804049760
[LOADER][INFO] LLE redirect: 0x0000700000000340 lA94ZgT+vMM -> lA94ZgT+vMM@0x0000000804046E60
[LOADER][INFO] LLE redirect: 0x0000700000000350 wLlFkwG9UcQ -> wLlFkwG9UcQ@0x000000080406EEF0
[LOADER][INFO] LLE redirect: 0x0000700000000430 mXlxhmLNMPg -> mXlxhmLNMPg@0x000000080403DA80
[LOADER][INFO] LLE redirect: 0x0000700000000440 AEJdIVZTEmo -> AEJdIVZTEmo@0x0000000804063320
[LOADER][INFO] LLE redirect: 0x0000700000000490 1mecP7RgI2A -> 1mecP7RgI2A@0x000000080406ECA0
[LOADER][INFO] LLE redirect: 0x00007000000004D0 0WMHDb5Dt94 -> 0WMHDb5Dt94@0x000000080404C080
[LOADER][INFO] LLE redirect: 0x00007000000004E0 g7zzzLDYGw0 -> g7zzzLDYGw0@0x000000080406E5C0
[LOADER][INFO] LLE redirect: 0x00007000000004F0 MELi-cKqWq0 -> MELi-cKqWq0@0x00000008040169C0
[LOADER][INFO] LLE redirect: 0x0000700000000500 3+UPM-9E6xY -> 3+UPM-9E6xY@0x000000080404C220
[LOADER][INFO] LLE redirect: 0x0000700000000510 rDMyAf1Jhug -> rDMyAf1Jhug@0x000000080404D850
[LOADER][INFO] LLE redirect: 0x0000700000000530 T7uyNqP7vQA -> T7uyNqP7vQA@0x000000080404F940
[LOADER][INFO] LLE redirect: 0x0000700000000540 HUbZmOnT-Dg -> HUbZmOnT-Dg@0x0000000804041CF0
[LOADER][INFO] LLE redirect: 0x00007000000006A0 2X5agFjKxMc -> 2X5agFjKxMc@0x0000000804006040
[LOADER][INFO] LLE redirect: 0x00007000000008E0 pXvbDfchu6k -> pXvbDfchu6k@0x000000080406E700
[LOADER][INFO] LLE redirect: 0x0000700000000980 NU-T4QowTNA -> NU-T4QowTNA@0x0000000804016480
[LOADER][INFO] LLE redirect: 0x00007000000009E0 2vDqwBlpF-o -> 2vDqwBlpF-o@0x000000080405C470
[LOADER][INFO] LLE redirect: 0x0000700000000A00 QZP6I9ZZxpE -> QZP6I9ZZxpE@0x000000080406EBC0
[LOADER][INFO] LLE redirect: 0x0000700000000D50 oVkZ8W8-Q8A -> oVkZ8W8-Q8A@0x000000080406D990
[LOADER][INFO] LLE redirect: 0x0000700000000E80 M4YYbSFfJ8g -> M4YYbSFfJ8g@0x0000000804FB8030
[LOADER][INFO] LLE redirect: 0x0000700000000EB0 35NoyMOtYpE -> 35NoyMOtYpE@0x0000000804FB7FD0
[LOADER][INFO] Setup 4053/4053 import stubs (direct bridge, lle_redirects=2744)
[LOADER][INFO] TLS handler at 0x00000007FF000000
[LOADER][INFO] Patched 0 TLS loads, 0 TLS stores, 0 stack-canary accesses, 0 SSE4a EXTRQ blends
[LOADER][INFO] ExecuteEntry starting at 0x0000000800000070
[LOADER][INFO] RSP=0x00007FFFF01FFF98, RDI=0x00007FFFF01FFFA0
[LOADER][INFO] StackTop: 0x00007FFFF01FFF98
[LOADER][INFO] Calling guest entry...
[LOADER][TRACE] bzQExy189ZI#868: rdi=0x00007FFFF01FFFA0 rsi=0x00007FFDD0000000 rdx=0x0000000000000000 ret=0x0000000800000089
[LOADER][TRACE] 8G2LB+A3rzg#869: rdi=0x00007FFDD0000000 rsi=0x00007FFDD0000000 rdx=0x0000000000000000 ret=0x0000000800000091
[LOADER][TRACE] 8G2LB+A3rzg#870: rdi=0x000000080189BA40 rsi=0x00007FFDD0000000 rdx=0x0000000000000000 ret=0x000000080000009D
[LOADER][TRACE] ImportCtx#1020: nid=tsvEmnenz48 ret=0x0000000800000064 rdi=0x0000000800B43280 rsi=0x0000000801EBC408 rdx=0x0000000801DF4000 rcx=0x0000000801EBC408
[LOADER][TRACE] ImportNV#1020: rbx=0x0000000801C67A98 rbp=0x00007FFFF01FFF50 r12=0x000000A2B318ED80 r13=0x000000A2B318EF00 r14=0x0000000000000001 r15=0x00007FFFF01FFFA8
[LOADER][TRACE] ImportStackHead#1020: rsp=0x00007FFFF01FFF38 [0]=0x0000000800000064 [20]=0x00000008000000A2 [40]=0x000000A2B318EF48
[LOADER][TRACE] ImportStack#1020: rsp=0x00007FFFF01FFF38 [0]=0x0000000800000064 [8]=0x00007FFDD0000000 [10]=0x0000000000000001 [18]=0x00007FFFF01FFF80 [20]=0x00000008000000A2 [28]=0x0000000800000070 [30]=0x000000A2B318EE30 [38]=0x000000A2B318EF10 [40]=0x000000A2B318EF48
[LOADER][TRACE] ImportRet#1020: nid=tsvEmnenz48 result=ORBIS_GEN2_OK rax=0x0000000000000000
[LOADER][TRACE] ImportCtx#1023: nid=tsvEmnenz48 ret=0x000000080099FF63 rdi=0x00000008007B0820 rsi=0x0000000801EBC580 rdx=0x0000000801DF4000 rcx=0x0000000000000001
[LOADER][TRACE] ImportNV#1023: rbx=0x0000000801EBC580 rbp=0x00007FFFF01FFF30 r12=0x000000A2B318ED80 r13=0x000000A2B318EF00 r14=0x0000000000000001 r15=0x00007FFFF01FFFA8
[LOADER][TRACE] ImportStackHead#1023: rsp=0x00007FFFF01FFF18 [0]=0x000000080099FF63 [20]=0x0000000800000064 [40]=0x00000008000000A2
[LOADER][TRACE] ImportStack#1023: rsp=0x00007FFFF01FFF18 [0]=0x000000080099FF63 [8]=0x0000000801EBC408 [10]=0x0000000801C67A90 [18]=0x00007FFFF01FFF50 [20]=0x0000000800000064 [28]=0x00007FFDD0000000 [30]=0x0000000000000001 [38]=0x00007FFFF01FFF80 [40]=0x00000008000000A2
[LOADER][TRACE] ImportRet#1023: nid=tsvEmnenz48 result=ORBIS_GEN2_OK rax=0x0000000000000000
[LOADER][TRACE] ImportCtx#1024: nid=tsvEmnenz48 ret=0x000000080099FFF9 rdi=0x0000000800B43280 rsi=0x0000000801EBC690 rdx=0x0000000801DF4000 rcx=0x0000000801EBC690
[LOADER][TRACE] ImportNV#1024: rbx=0x0000000801EBC580 rbp=0x00007FFFF01FFF30 r12=0x000000A2B318ED80 r13=0x000000A2B318EF00 r14=0x0000000000000001 r15=0x00007FFFF01FFFA8
[LOADER][TRACE] ImportStackHead#1024: rsp=0x00007FFFF01FFF18 [0]=0x000000080099FFF9 [20]=0x0000000800000064 [40]=0x00000008000000A2
[LOADER][TRACE] ImportStack#1024: rsp=0x00007FFFF01FFF18 [0]=0x000000080099FFF9 [8]=0x0000000801EBC408 [10]=0x0000000801C67A90 [18]=0x00007FFFF01FFF50 [20]=0x0000000800000064 [28]=0x00007FFDD0000000 [30]=0x0000000000000001 [38]=0x00007FFFF01FFF80 [40]=0x00000008000000A2
[LOADER][TRACE] ImportRet#1024: nid=tsvEmnenz48 result=ORBIS_GEN2_OK rax=0x0000000000000000
[LOADER][TRACE] ImportCtx#1025: nid=tsvEmnenz48 ret=0x00000008009A70C3 rdi=0x000000080047A620 rsi=0x0000000801EBC790 rdx=0x0000000801DF4000 rcx=0x0000000801EBC690
[LOADER][TRACE] ImportNV#1025: rbx=0x000000080047A620 rbp=0x00007FFFF01FFF30 r12=0x000000A2B318ED80 r13=0x000000A2B318EF00 r14=0x0000000801DF4000 r15=0x00007FFFF01FFFA8
[LOADER][TRACE] ImportStackHead#1025: rsp=0x00007FFFF01FFF18 [0]=0x00000008009A70C3 [20]=0x0000000800000064 [40]=0x00000008000000A2
[LOADER][TRACE] ImportStack#1025: rsp=0x00007FFFF01FFF18 [0]=0x00000008009A70C3 [8]=0x0000000801C67A88 [10]=0x0000000000000001 [18]=0x00007FFFF01FFF50 [20]=0x0000000800000064 [28]=0x00007FFDD0000000 [30]=0x0000000000000001 [38]=0x00007FFFF01FFF80 [40]=0x00000008000000A2
[LOADER][TRACE] ImportRet#1025: nid=tsvEmnenz48 result=ORBIS_GEN2_OK rax=0x0000000000000000
[LOADER][TRACE] ImportCtx#1026: nid=tsvEmnenz48 ret=0x00000008009A7100 rdi=0x000000080047A620 rsi=0x0000000801EBC7B0 rdx=0x0000000801DF4000 rcx=0x0000000801EBC690
[LOADER][TRACE] ImportNV#1026: rbx=0x000000080047A620 rbp=0x00007FFFF01FFF30 r12=0x000000A2B318ED80 r13=0x000000A2B318EF00 r14=0x0000000801DF4000 r15=0x00007FFFF01FFFA8
[LOADER][TRACE] ImportStackHead#1026: rsp=0x00007FFFF01FFF18 [0]=0x00000008009A7100 [20]=0x0000000800000064 [40]=0x00000008000000A2
[LOADER][TRACE] ImportStack#1026: rsp=0x00007FFFF01FFF18 [0]=0x00000008009A7100 [8]=0x0000000801C67A88 [10]=0x0000000000000001 [18]=0x00007FFFF01FFF50 [20]=0x0000000800000064 [28]=0x00007FFDD0000000 [30]=0x0000000000000001 [38]=0x00007FFFF01FFF80 [40]=0x00000008000000A2
[LOADER][TRACE] ImportRet#1026: nid=tsvEmnenz48 result=ORBIS_GEN2_OK rax=0x0000000000000000
[LOADER][TRACE] ImportCtx#1027: nid=tsvEmnenz48 ret=0x00000008009A713D rdi=0x000000080047A620 rsi=0x0000000801EBC7D0 rdx=0x0000000801DF4000 rcx=0x0000000801EBC690
[LOADER][TRACE] ImportNV#1027: rbx=0x000000080047A620 rbp=0x00007FFFF01FFF30 r12=0x000000A2B318ED80 r13=0x000000A2B318EF00 r14=0x0000000801DF4000 r15=0x00007FFFF01FFFA8
[LOADER][TRACE] ImportStackHead#1027: rsp=0x00007FFFF01FFF18 [0]=0x00000008009A713D [20]=0x0000000800000064 [40]=0x00000008000000A2
[LOADER][TRACE] ImportStack#1027: rsp=0x00007FFFF01FFF18 [0]=0x00000008009A713D [8]=0x0000000801C67A88 [10]=0x0000000000000001 [18]=0x00007FFFF01FFF50 [20]=0x0000000800000064 [28]=0x00007FFDD0000000 [30]=0x0000000000000001 [38]=0x00007FFFF01FFF80 [40]=0x00000008000000A2
[LOADER][TRACE] ImportRet#1027: nid=tsvEmnenz48 result=ORBIS_GEN2_OK rax=0x0000000000000000
[LOADER][TRACE] ImportCtx#1028: nid=tsvEmnenz48 ret=0x0000000800000064 rdi=0x0000000800B43280 rsi=0x0000000801EBC840 rdx=0x0000000801DF4000 rcx=0x0000000801EBC840
[LOADER][TRACE] ImportNV#1028: rbx=0x0000000801C67A88 rbp=0x00007FFFF01FFF50 r12=0x000000A2B318ED80 r13=0x000000A2B318EF00 r14=0x0000000000000001 r15=0x00007FFFF01FFFA8
[LOADER][TRACE] ImportStackHead#1028: rsp=0x00007FFFF01FFF38 [0]=0x0000000800000064 [20]=0x00000008000000A2 [40]=0x000000A2B318EF48
[LOADER][TRACE] ImportStack#1028: rsp=0x00007FFFF01FFF38 [0]=0x0000000800000064 [8]=0x00007FFDD0000000 [10]=0x0000000000000001 [18]=0x00007FFFF01FFF80 [20]=0x00000008000000A2 [28]=0x0000000800000070 [30]=0x000000A2B318EE30 [38]=0x000000A2B318EF10 [40]=0x000000A2B318EF48
[LOADER][TRACE] ImportRet#1028: nid=tsvEmnenz48 result=ORBIS_GEN2_OK rax=0x0000000000000000
[LOADER][TRACE] ImportCtx#1031: nid=tsvEmnenz48 ret=0x0000000800000064 rdi=0x00000008007B0820 rsi=0x0000000801EBC980 rdx=0x0000000801DF4000 rcx=0x0000000000000018
[LOADER][TRACE] ImportNV#1031: rbx=0x0000000801C67A80 rbp=0x00007FFFF01FFF50 r12=0x000000A2B318ED80 r13=0x000000A2B318EF00 r14=0x0000000000000001 r15=0x00007FFFF01FFFA8
[LOADER][TRACE] ImportStackHead#1031: rsp=0x00007FFFF01FFF38 [0]=0x0000000800000064 [20]=0x00000008000000A2 [40]=0x000000A2B318EF48
[LOADER][TRACE] ImportStack#1031: rsp=0x00007FFFF01FFF38 [0]=0x0000000800000064 [8]=0x00007FFDD0000000 [10]=0x0000000000000001 [18]=0x00007FFFF01FFF80 [20]=0x00000008000000A2 [28]=0x0000000800000070 [30]=0x000000A2B318EE30 [38]=0x000000A2B318EF10 [40]=0x000000A2B318EF48
[LOADER][TRACE] ImportRet#1031: nid=tsvEmnenz48 result=ORBIS_GEN2_OK rax=0x0000000000000000
[LOADER][TRACE] ImportCtx#1032: nid=tsvEmnenz48 ret=0x00000008009B05C3 rdi=0x00000008007E4590 rsi=0x0000000801EDEF20 rdx=0x0000000801DF4000 rcx=0x0000000801A905AF
[LOADER][TRACE] ImportNV#1032: rbx=0x00000008007D8D70 rbp=0x00007FFFF01FFF30 r12=0x000000A2B318ED80 r13=0x000000A2B318EF00 r14=0xFFFFFFFF00000000 r15=0x00007FFFF01FFFA8
[LOADER][TRACE] ImportStackHead#1032: rsp=0x00007FFFF01FFF18 [0]=0x00000008009B05C3 [20]=0x0000000800000064 [40]=0x00000008000000A2
[LOADER][TRACE] ImportStack#1032: rsp=0x00007FFFF01FFF18 [0]=0x00000008009B05C3 [8]=0x0000000801C67A78 [10]=0x0000000000000001 [18]=0x00007FFFF01FFF50 [20]=0x0000000800000064 [28]=0x00007FFDD0000000 [30]=0x0000000000000001 [38]=0x00007FFFF01FFF80 [40]=0x00000008000000A2
[LOADER][TRACE] ImportRet#1032: nid=tsvEmnenz48 result=ORBIS_GEN2_OK rax=0x0000000000000000
[LOADER][TRACE] ImportCtx#1033: nid=tsvEmnenz48 ret=0x0000000800000064 rdi=0x00000008007E4590 rsi=0x0000000801EDF250 rdx=0x0000000801DF4000 rcx=0x0000000801E14738
[LOADER][TRACE] ImportNV#1033: rbx=0x0000000801C67A78 rbp=0x00007FFFF01FFF50 r12=0x000000A2B318ED80 r13=0x000000A2B318EF00 r14=0x0000000000000001 r15=0x00007FFFF01FFFA8
[LOADER][TRACE] ImportStackHead#1033: rsp=0x00007FFFF01FFF38 [0]=0x0000000800000064 [20]=0x00000008000000A2 [40]=0x000000A2B318EF48
[LOADER][TRACE] ImportStack#1033: rsp=0x00007FFFF01FFF38 [0]=0x0000000800000064 [8]=0x00007FFDD0000000 [10]=0x0000000000000001 [18]=0x00007FFFF01FFF80 [20]=0x00000008000000A2 [28]=0x0000000800000070 [30]=0x000000A2B318EE30 [38]=0x000000A2B318EF10 [40]=0x000000A2B318EF48
[LOADER][TRACE] ImportRet#1033: nid=tsvEmnenz48 result=ORBIS_GEN2_OK rax=0x0000000000000000
[LOADER][TRACE] ImportCtx#1034: nid=tsvEmnenz48 ret=0x00000008009B71B4 rdi=0x0000000800B43280 rsi=0x0000000801EBCC98 rdx=0x0000000801DF4000 rcx=0x0000000801EBCC98
[LOADER][TRACE] ImportNV#1034: rbx=0x0000000801C67A70 rbp=0x00007FFFF01FFF30 r12=0x000000A2B318ED80 r13=0x000000A2B318EF00 r14=0x0000000000000001 r15=0x00007FFFF01FFFA8
[LOADER][TRACE] ImportStackHead#1034: rsp=0x00007FFFF01FFF18 [0]=0x00000008009B71B4 [20]=0x0000000800000064 [40]=0x00000008000000A2
[LOADER][TRACE] ImportStack#1034: rsp=0x00007FFFF01FFF18 [0]=0x00000008009B71B4 [8]=0x0000000801C67A70 [10]=0x0000000000000001 [18]=0x00007FFFF01FFF50 [20]=0x0000000800000064 [28]=0x00007FFDD0000000 [30]=0x0000000000000001 [38]=0x00007FFFF01FFF80 [40]=0x00000008000000A2
[LOADER][TRACE] ImportRet#1034: nid=tsvEmnenz48 result=ORBIS_GEN2_OK rax=0x0000000000000000
[LOADER][TRACE] ImportCtx#1035: nid=tsvEmnenz48 ret=0x00000008009B7263 rdi=0x0000000800044F50 rsi=0x0000000801EBCCD0 rdx=0x0000000801DF4000 rcx=0x0000000000000001
[LOADER][TRACE] ImportNV#1035: rbx=0x0000000801EBCCD0 rbp=0x00007FFFF01FFF30 r12=0x000000A2B318ED80 r13=0x000000A2B318EF00 r14=0x0000000801DF4000 r15=0x00007FFFF01FFFA8
[LOADER][TRACE] ImportStackHead#1035: rsp=0x00007FFFF01FFF18 [0]=0x00000008009B7263 [20]=0x0000000800000064 [40]=0x00000008000000A2
[LOADER][TRACE] ImportStack#1035: rsp=0x00007FFFF01FFF18 [0]=0x00000008009B7263 [8]=0x0000000801C67A70 [10]=0x0000000000000001 [18]=0x00007FFFF01FFF50 [20]=0x0000000800000064 [28]=0x00007FFDD0000000 [30]=0x0000000000000001 [38]=0x00007FFFF01FFF80 [40]=0x00000008000000A2
[LOADER][TRACE] ImportRet#1035: nid=tsvEmnenz48 result=ORBIS_GEN2_OK rax=0x0000000000000000
[LOADER][TRACE] ImportCtx#1036: nid=tsvEmnenz48 ret=0x00000008009B72B7 rdi=0x000000080095FBD0 rsi=0x0000000801EBCD20 rdx=0x0000000801DF4000 rcx=0x0000000000000001
[LOADER][TRACE] ImportNV#1036: rbx=0x0000000801EBCCD0 rbp=0x00007FFFF01FFF30 r12=0x000000A2B318ED80 r13=0x000000A2B318EF00 r14=0x0000000801DF4000 r15=0x00007FFFF01FFFA8
[LOADER][TRACE] ImportStackHead#1036: rsp=0x00007FFFF01FFF18 [0]=0x00000008009B72B7 [20]=0x0000000800000064 [40]=0x00000008000000A2
[LOADER][TRACE] ImportStack#1036: rsp=0x00007FFFF01FFF18 [0]=0x00000008009B72B7 [8]=0x0000000801C67A70 [10]=0x0000000000000001 [18]=0x00007FFFF01FFF50 [20]=0x0000000800000064 [28]=0x00007FFDD0000000 [30]=0x0000000000000001 [38]=0x00007FFFF01FFF80 [40]=0x00000008000000A2
[LOADER][TRACE] ImportRet#1036: nid=tsvEmnenz48 result=ORBIS_GEN2_OK rax=0x0000000000000000
[LOADER][TRACE] ImportCtx#1037: nid=tsvEmnenz48 ret=0x00000008009CF938 rdi=0x00000008007E4590 rsi=0x0000000801EBCD90 rdx=0x0000000801DF4000 rcx=0x0000000801A57C10
[LOADER][TRACE] ImportNV#1037: rbx=0x0000000801C67A68 rbp=0x00007FFFF01FFF30 r12=0x000000A2B318ED80 r13=0x000000A2B318EF00 r14=0x0000000000000001 r15=0x00007FFFF01FFFA8
[LOADER][TRACE] ImportStackHead#1037: rsp=0x00007FFFF01FFF28 [0]=0x00000008009CF938 [20]=0x0000000000000001 [40]=0x000000A2B318EE30
[LOADER][TRACE] ImportStack#1037: rsp=0x00007FFFF01FFF28 [0]=0x00000008009CF938 [8]=0x00007FFFF01FFF50 [10]=0x0000000800000064 [18]=0x00007FFDD0000000 [20]=0x0000000000000001 [28]=0x00007FFFF01FFF80 [30]=0x00000008000000A2 [38]=0x0000000800000070 [40]=0x000000A2B318EE30
[LOADER][TRACE] ImportRet#1037: nid=tsvEmnenz48 result=ORBIS_GEN2_OK rax=0x0000000000000000
[LOADER][TRACE] ImportCtx#1038: nid=tsvEmnenz48 ret=0x00000008009D9CCF rdi=0x00000008007CA820 rsi=0x0000000801EBCFC8 rdx=0x0000000801DF4000 rcx=0x0000000801EB4A70
[LOADER][TRACE] ImportNV#1038: rbx=0x0000000801C67A60 rbp=0x00007FFFF01FFF30 r12=0x000000A2B318ED80 r13=0x000000A2B318EF00 r14=0x0000000000000001 r15=0x00007FFFF01FFFA8
[LOADER][TRACE] ImportStackHead#1038: rsp=0x00007FFFF01FFF28 [0]=0x00000008009D9CCF [20]=0x0000000000000001 [40]=0x000000A2B318EE30
[LOADER][TRACE] ImportStack#1038: rsp=0x00007FFFF01FFF28 [0]=0x00000008009D9CCF [8]=0x00007FFFF01FFF50 [10]=0x0000000800000064 [18]=0x00007FFDD0000000 [20]=0x0000000000000001 [28]=0x00007FFFF01FFF80 [30]=0x00000008000000A2 [38]=0x0000000800000070 [40]=0x000000A2B318EE30
[LOADER][TRACE] ImportRet#1038: nid=tsvEmnenz48 result=ORBIS_GEN2_OK rax=0x0000000000000000
[LOADER][WARN] Import#2288 result: ORBIS_GEN2_ERROR_NOT_FOUND (rVjRvHJ0X6c) rdi=0x0000000600100000 rsi=0x0000000000000001 rdx=0x00007FFFF01FFEB8 rcx=0x0000000000000048 ret=0x0000000801373692
[LOADER][WARN] Import#2291 result: ORBIS_GEN2_ERROR_DELETED (BHouLQzh0X0) rdi=0x0000000010000000 rsi=0x0000000000000001 rdx=0x00007FFFF01FFEB8 rcx=0x0000000000000018 ret=0x00000008013736F8
[DEBUG][PRINF] Argument Count = 1
[DEBUG][PRINF] Arg 0 = eboot.bin
********** LAUNCHER CONTROL ************************************
[DEBUG][PRINF] 	File System Root = NONE SPECIFIED
[DEBUG][PRINF] 	Launcher Path = NONE SPECIFIED
[DEBUG][PRINF] 	Launcher Arguments NONE SPECIFIED
**********/LAUNCHER CONTROL ************************************
[LOADER][WARN] Import#4116 result: -1 (wuCroIGjt2g) rdi=0x0000000801B193AA rsi=0x0000000000000000 rdx=0x0000000000000002 rcx=0xC0DEC0DECAFEBA00 ret=0x0000000800A3E5F1
[LOADER][WARN] Import#4117 result: -1 (wuCroIGjt2g) rdi=0x0000000801B40813 rsi=0x0000000000000004 rdx=0x0000000000000002 rcx=0xC0DEC0DECAFEBA00 ret=0x0000000800A3E60B
[LOADER][WARN] Import#5047 result: -1 (wuCroIGjt2g) rdi=0x0000000801B193AA rsi=0x0000000000000000 rdx=0x0000000000000033 rcx=0xC0DEC0DECAFEBA00 ret=0x0000000800A3E5F1
[LOADER][WARN] Import#5048 result: -1 (wuCroIGjt2g) rdi=0x0000000801B40813 rsi=0x0000000000000004 rdx=0x0000000000000033 rcx=0xC0DEC0DECAFEBA00 ret=0x0000000800A3E60B
[LOADER][INFO] Scheduled guest thread 'AssetGarbageCollectorHelper' handle=0x000001D049AD51B0 entry=0x0000000800B68880 arg=0x00000006006CF730 priority=700 host_priority=Normal affinity=0x7F
[LOADER][INFO] Scheduled guest thread 'AssetGarbageCollectorHelper' handle=0x000001D049AD41A0 entry=0x0000000800B68880 arg=0x00000006006CF880 priority=700 host_priority=Normal affinity=0x7F
[LOADER][INFO] Scheduled guest thread 'AssetGarbageCollectorHelper' handle=0x000001D049AD61C0 entry=0x0000000800B68880 arg=0x00000006006CF9D0 priority=700 host_priority=Normal affinity=0x7F
[LOADER][INFO] Scheduled guest thread 'AssetGarbageCollectorHelper' handle=0x000001D049ADA200 entry=0x0000000800B68880 arg=0x00000006006CFB20 priority=700 host_priority=Normal affinity=0x7F
[LOADER][INFO] Scheduled guest thread 'AssetGarbageCollectorHelper' handle=0x000001D049ADB210 entry=0x0000000800B68880 arg=0x00000006006CFC70 priority=700 host_priority=Normal affinity=0x7F
[LOADER][INFO] Scheduled guest thread 'AssetGarbageCollectorHelper' handle=0x000001D049AD91F0 entry=0x0000000800B68880 arg=0x00000006006CFDC0 priority=700 host_priority=Normal affinity=0x7F
[LOADER][INFO] Scheduled guest thread 'AssetGarbageCollectorHelper' handle=0x000001D049AD81E0 entry=0x0000000800B68880 arg=0x00000006006CFF10 priority=700 host_priority=Normal affinity=0x7F
[LOADER][INFO] Scheduled guest thread 'AssetGarbageCollectorHelper' handle=0x000001D049ADD230 entry=0x0000000800B68880 arg=0x00000006006D0060 priority=700 host_priority=Normal affinity=0x7F
[LOADER][INFO] Scheduled guest thread 'AssetGarbageCollectorHelper' handle=0x000001D049ADF250 entry=0x0000000800B68880 arg=0x00000006006D01B0 priority=700 host_priority=Normal affinity=0x7F
[LOADER][INFO] Scheduled guest thread 'AssetGarbageCollectorHelper' handle=0x000001D049ADE240 entry=0x0000000800B68880 arg=0x00000006006D0300 priority=700 host_priority=Normal affinity=0x7F
[LOADER][INFO] Scheduled guest thread 'AssetGarbageCollectorHelper' handle=0x000001D049ADC220 entry=0x0000000800B68880 arg=0x00000006006D0450 priority=700 host_priority=Normal affinity=0x7F
[LOADER][INFO] Scheduled guest thread 'AssetGarbageCollectorHelper' handle=0x000001D049AE0260 entry=0x0000000800B68880 arg=0x00000006006D05A0 priority=700 host_priority=Normal affinity=0x7F
[LOADER][INFO] Scheduled guest thread 'AssetGarbageCollectorHelper' handle=0x000001D04F43BB00 entry=0x0000000800B68880 arg=0x00000006006D06F0 priority=700 host_priority=Normal affinity=0x7F
[LOADER][INFO] Keyboard controls: Arrow keys = D-pad, WASD = left stick, IJKL = right stick, Z/Enter = Cross, X/Esc = Circle, C = Square, V = Triangle, Q = L1, E = R1, R = L2, F = R2, Tab/Backspace = Options. A DualSense or Xbox controller will be used automatically when plugged in.
[LOADER][WARN] Import#9037 result: -2137915385 (xk0AcarP3V4) rdi=0x0000000010000000 rsi=0x0000000000000002 rdx=0x0000000000000000 rcx=0x0000000000000000 ret=0x000000080138E1DF
[LOADER][WARN] Import#9144 result: ORBIS_GEN2_ERROR_NOT_FOUND (1-LFLmRFxxM) rdi=0x00007FFFF01FB430 rsi=0x00000000000001FF rdx=0x0000000000000000 rcx=0x0000000000000001 ret=0x000000080136D9C6
[LOADER][INFO] Scheduled guest thread 'Thread-1D04F438AD0' handle=0x000001D04F438AD0 entry=0x0000000804F40B30 arg=0x00000001014D7960 priority=700 host_priority=Normal affinity=0x3C
[LOADER][INFO] Scheduled guest thread 'Job.Worker 0' handle=0x000001D04F439AE0 entry=0x0000000800B68880 arg=0x00000006006FC580 priority=700 host_priority=Normal affinity=0x7F
[LOADER][INFO] Scheduled guest thread 'Job.Worker 1' handle=0x000001D04F43CB10 entry=0x0000000800B68880 arg=0x00000006006FC5F0 priority=700 host_priority=Normal affinity=0x7F
[LOADER][INFO] Scheduled guest thread 'Job.Worker 2' handle=0x000001D04F43DB20 entry=0x0000000800B68880 arg=0x00000006006FC660 priority=700 host_priority=Normal affinity=0x7F
[LOADER][INFO] Scheduled guest thread 'Job.Worker 3' handle=0x000001D04F43AAF0 entry=0x0000000800B68880 arg=0x00000006006FC6D0 priority=700 host_priority=Normal affinity=0x7F
[LOADER][INFO] Scheduled guest thread 'Job.Worker 4' handle=0x000001D04F441B60 entry=0x0000000800B68880 arg=0x00000006006FC740 priority=700 host_priority=Normal affinity=0x7F
[LOADER][INFO] Scheduled guest thread 'Job.Worker 5' handle=0x000001D04F440B50 entry=0x0000000800B68880 arg=0x00000006006FC7B0 priority=700 host_priority=Normal affinity=0x7F
[LOADER][INFO] Scheduled guest thread 'Job.Worker 6' handle=0x000001D04F43EB30 entry=0x0000000800B68880 arg=0x00000006006FC820 priority=700 host_priority=Normal affinity=0x7F
[LOADER][INFO] Scheduled guest thread 'Job.Worker 7' handle=0x000001D04F442B70 entry=0x0000000800B68880 arg=0x00000006006FC890 priority=700 host_priority=Normal affinity=0x7F
[LOADER][INFO] Scheduled guest thread 'Job.Worker 8' handle=0x000001D04F43FB40 entry=0x0000000800B68880 arg=0x00000006006FC900 priority=700 host_priority=Normal affinity=0x7F
[LOADER][INFO] Scheduled guest thread 'Job.Worker 9' handle=0x000001D04F446BB0 entry=0x0000000800B68880 arg=0x00000006006FC970 priority=700 host_priority=Normal affinity=0x7F
[LOADER][INFO] Scheduled guest thread 'Job.Worker 10' handle=0x000001D04F443B80 entry=0x0000000800B68880 arg=0x00000006006FC9E0 priority=700 host_priority=Normal affinity=0x7F
[LOADER][INFO] Scheduled guest thread 'Job.Worker 11' handle=0x000001D04F444B90 entry=0x0000000800B68880 arg=0x00000006006FCA50 priority=700 host_priority=Normal affinity=0x7F
[LOADER][INFO] Scheduled guest thread 'Job.Worker 12' handle=0x000001D04F445BA0 entry=0x0000000800B68880 arg=0x00000006006FCAC0 priority=700 host_priority=Normal affinity=0x7F
[LOADER][INFO] Scheduled guest thread 'Background Job.Worker 0' handle=0x000001D049AD71D0 entry=0x0000000800B68880 arg=0x00000006006C40B0 priority=700 host_priority=Normal affinity=0x7F
[LOADER][INFO] Scheduled guest thread 'Background Job.Worker 1' handle=0x000001D04E56DBC0 entry=0x0000000800B68880 arg=0x00000006006C4120 priority=700 host_priority=Normal affinity=0x7F
[LOADER][INFO] Scheduled guest thread 'Background Job.Worker 2' handle=0x000001D04E56AB90 entry=0x0000000800B68880 arg=0x00000006006C4190 priority=700 host_priority=Normal affinity=0x7F
[LOADER][INFO] Scheduled guest thread 'Background Job.Worker 3' handle=0x000001D04E56BBA0 entry=0x0000000800B68880 arg=0x00000006006C4200 priority=700 host_priority=Normal affinity=0x7F
[LOADER][INFO] Scheduled guest thread 'Background Job.Worker 4' handle=0x000001D04E56EBD0 entry=0x0000000800B68880 arg=0x00000006006C4270 priority=700 host_priority=Normal affinity=0x7F
[LOADER][INFO] Scheduled guest thread 'Background Job.Worker 5' handle=0x000001D04E56CBB0 entry=0x0000000800B68880 arg=0x00000006006C42E0 priority=700 host_priority=Normal affinity=0x7F
[LOADER][INFO] Scheduled guest thread 'Background Job.Worker 6' handle=0x000001D04E571C00 entry=0x0000000800B68880 arg=0x00000006006C4350 priority=700 host_priority=Normal affinity=0x7F
[LOADER][INFO] Scheduled guest thread 'Background Job.Worker 7' handle=0x000001D04E572C10 entry=0x0000000800B68880 arg=0x00000006006C43C0 priority=700 host_priority=Normal affinity=0x7F
[LOADER][INFO] Scheduled guest thread 'Background Job.Worker 8' handle=0x000001D04E570BF0 entry=0x0000000800B68880 arg=0x00000006006C4430 priority=700 host_priority=Normal affinity=0x7F
[LOADER][INFO] Scheduled guest thread 'Background Job.Worker 9' handle=0x000001D04E56FBE0 entry=0x0000000800B68880 arg=0x00000006006C44A0 priority=700 host_priority=Normal affinity=0x7F
[LOADER][INFO] Scheduled guest thread 'Background Job.Worker 10' handle=0x000001D04E575C40 entry=0x0000000800B68880 arg=0x00000006006C4510 priority=700 host_priority=Normal affinity=0x7F
[LOADER][INFO] Scheduled guest thread 'Background Job.Worker 11' handle=0x000001D04E576C50 entry=0x0000000800B68880 arg=0x00000006006C4580 priority=700 host_priority=Normal affinity=0x7F
[LOADER][INFO] Scheduled guest thread 'Background Job.Worker 12' handle=0x000001D04E573C20 entry=0x0000000800B68880 arg=0x00000006006C45F0 priority=700 host_priority=Normal affinity=0x7F
[LOADER][INFO] Scheduled guest thread 'Background Job.Worker 13' handle=0x000001D04E577C60 entry=0x0000000800B68880 arg=0x00000006006C4660 priority=700 host_priority=Normal affinity=0x7F
[LOADER][INFO] Scheduled guest thread 'Background Job.Worker 14' handle=0x000001D04E574C30 entry=0x0000000800B68880 arg=0x00000006006C46D0 priority=700 host_priority=Normal affinity=0x7F
[LOADER][INFO] Scheduled guest thread 'Background Job.Worker 15' handle=0x000001D04E579C80 entry=0x0000000800B68880 arg=0x00000006006C4740 priority=700 host_priority=Normal affinity=0x7F
[LOADER][INFO] Scheduled guest thread 'BatchDeleteObjects' handle=0x000001D04E57AC90 entry=0x0000000800B68880 arg=0x00000006006C3A80 priority=700 host_priority=Normal affinity=0x7F
[LOADER][INFO] Scheduled guest thread 'Loading.AsyncRead' handle=0x000001D04E578C70 entry=0x0000000800B68880 arg=0x0000000600702EA0 priority=700 host_priority=Normal affinity=0x7F
[LOADER][WARN] Import#386159 result: -2144796650 (Nv8c-Kb+DUM) rdi=0x0000000000000001 rsi=0x00000000D000000A rdx=0x0000000000000000 rcx=0x0000000000000000 ret=0x00000008013EE15A
[LOADER][INFO] Scheduled guest thread 'Thread-1D04E57CCB0' handle=0x000001D04E57CCB0 entry=0x00000008013EEC20 arg=0x0000000000000000 priority=256 host_priority=Highest affinity=0x7F
[LOADER][WARN] Import#387994 result: -1 (wuCroIGjt2g) rdi=0x0000000801B193AA rsi=0x0000000000000000 rdx=0x0000000000000000 rcx=0x0000000000000001 ret=0x0000000800A3E5F1
[LOADER][WARN] Import#387995 result: -1 (wuCroIGjt2g) rdi=0x0000000801B40813 rsi=0x0000000000000004 rdx=0x0000000000000000 rcx=0x0000000000000001 ret=0x0000000800A3E60B
[LOADER][INFO] Scheduled guest thread 'UnityEOPThread' handle=0x000001D04E57ECD0 entry=0x0000000800B68880 arg=0x00000006007DCFA8 priority=700 host_priority=Normal affinity=0x7F
[DEBUG][PRINF] todo: void GfxDevicePS5SharedData::CreateWorkload()
[LOADER][INFO] Scheduled guest thread 'GfxFlipThread' handle=0x000001D04E57BCA0 entry=0x0000000800B68880 arg=0x0000000600110160 priority=700 host_priority=Normal affinity=0x7F
[LOADER][INFO] Scheduled guest thread 'UnityGfxDeviceWorker' handle=0x000001D04E582D10 entry=0x0000000800B68880 arg=0x00000006001100F0 priority=700 host_priority=Normal affinity=0x7F
[LOADER][INFO] Scheduled guest thread 'Gfx Task Executor' handle=0x000001D04E57FCE0 entry=0x0000000800B68880 arg=0x0000000600110080 priority=700 host_priority=Normal affinity=0x7F
[LOADER][INFO] SDL3 window ready: mode=Windowed size=1920x1080 display=0 refresh=auto
[LOADER][INFO] SDL3 display HDR: enabled=True sdr_white=3.500 headroom=2.170
[LOADER][INFO] Vulkan candidate: NVIDIA GeForce RTX 5060 Laptop GPU (DiscreteGpu) score=800
[LOADER][INFO] Vulkan candidate: AMD Radeon(TM) 780M Graphics (IntegratedGpu) score=-950
[LOADER][INFO] Vulkan compute limits groups=2147483647x65535x65535 local=1024x1024x64 invocations=1024 storage_alignment=16
[LOADER][INFO] Vulkan subgroup default=32 stages=ShaderStageAllGraphics, ComputeBit, ShaderStageTaskBitNV, MeshBitNV, ShaderStageRaygenBitKhr, ShaderStageAnyHitBitKhr, ShaderStageClosestHitBitKhr, MissBitNV, ShaderStageIntersectionBitNV, CallableBitNV ops=BasicBit, VoteBit, ArithmeticBit, BallotBit, SubgroupFeatureShuffleBit, SubgroupFeatureShuffleRelativeBit, SubgroupFeatureClusteredBit, SubgroupFeatureQuadBit, SubgroupFeaturePartitionedBitNV, RotateBit, RotateClusteredBit size_control=32-32 required_stages=ShaderStageAllGraphics, ComputeBit, ShaderStageTaskBitNV, MeshBitNV, ShaderStageRaygenBitKhr, ShaderStageAnyHitBitKhr, ShaderStageClosestHitBitKhr, MissBitNV, ShaderStageIntersectionBitNV, CallableBitNV max_compute_subgroups=32
[LOADER][INFO] Vulkan guest depth backed by D32SfloatS8Uint (32-bit float depth + 8-bit stencil; stencil writes have storage).
[LOADER][INFO] Vulkan device: NVIDIA GeForce RTX 5060 Laptop GPU (DiscreteGpu)
[LOADER][INFO] Scheduled guest thread 'Loading.PreloadManager' handle=0x000001D04E8E0AD0 entry=0x0000000800B68880 arg=0x0000000606E0BF30 priority=700 host_priority=Normal affinity=0x7F
[LOADER][WARN] Import#1886018 result: -1 (04AjkP0jO9U) rdi=0x0000000606E0C098 rsi=0x0000000000000002 rdx=0x0000000000000000 rcx=0x0000000000000000 ret=0x000000080A821799
[LOADER][WARN] Import#1886031 result: -1 (04AjkP0jO9U) rdi=0x0000000606E0C098 rsi=0x0000000000000002 rdx=0x0000000000000000 rcx=0x0000000000000000 ret=0x000000080A821799
[LOADER][WARN] Import#1886050 result: -1 (04AjkP0jO9U) rdi=0x0000000606E0C098 rsi=0x0000000000000002 rdx=0x0000000000000000 rcx=0x0000000000000000 ret=0x000000080A821799
[LOADER][INFO] Vulkan pipeline cache ready: path=C:\Users\chayt\Downloads\SharpEmu-Source\artifacts\bin\Release\net10.0\win-x64\user\pipeline_cache\PPSA22623\vulkan-pipeline-cache.bin initial=3343334 bytes
[LOADER][WARN] Import#1886069 result: -1 (04AjkP0jO9U) rdi=0x0000000606E0C098 rsi=0x0000000000000002 rdx=0x0000000000000000 rcx=0x0000000000000000 ret=0x000000080A821799
[LOADER][INFO] Vulkan output color: requested=Auto display_hdr=True guest_hdr=False active=False format=B8G8R8A8Unorm colorspace=SpaceSrgbNonlinearKhr sdr_white=1.000 headroom=1.000
[LOADER][INFO] Vulkan VideoOut ready: 1920x1080, format=B8G8R8A8Unorm
[LOADER][INFO] Vulkan VideoOut recreating swapchain after restored SDL window: SuboptimalKhr
[LOADER][WARN] Import#1886082 result: -1 (04AjkP0jO9U) rdi=0x0000000606E0C098 rsi=0x0000000000000002 rdx=0x0000000000000000 rcx=0x0000000000000000 ret=0x000000080A821799
[LOADER][INFO] Vulkan output color: requested=Auto display_hdr=True guest_hdr=False active=False format=B8G8R8A8Unorm colorspace=SpaceSrgbNonlinearKhr sdr_white=1.000 headroom=1.000
[LOADER][INFO] Vulkan VideoOut recreated swapchain: 1920x1080, format=B8G8R8A8Unorm
[LOADER][WARN] Import#1886101 result: -1 (04AjkP0jO9U) rdi=0x0000000606E0C098 rsi=0x0000000000000002 rdx=0x0000000000000000 rcx=0x0000000000000000 ret=0x000000080A821799
[LOADER][INFO] Vulkan VideoOut presented splash: 3840x2160
[LOADER][WARN] Import#1886114 result: -1 (04AjkP0jO9U) rdi=0x0000000606E0C098 rsi=0x0000000000000002 rdx=0x0000000000000000 rcx=0x0000000000000000 ret=0x000000080A821799
[LOADER][WARN] Import#1886133 result: -1 (04AjkP0jO9U) rdi=0x0000000606E0C098 rsi=0x0000000000000002 rdx=0x0000000000000000 rcx=0x0000000000000000 ret=0x000000080A821799
[LOADER][TRACE] vk.ordered_action_fence_wait count=1 queue=dcb.graphics submission='SharpEmu offscreen mrt=1 ps=0x0000000601D40D00 first=0x0000000010DA0000 1920x1080'
[LOADER][WARN] Import#1886146 result: -1 (04AjkP0jO9U) rdi=0x0000000606E0C098 rsi=0x0000000000000002 rdx=0x0000000000000000 rcx=0x0000000000000000 ret=0x000000080A821799
[LOADER][INFO] Vulkan VideoOut presented first frame: 1920x1080
[LOADER][INFO] Vulkan VideoOut presented guest frame: image=0x0000000010DA0000 1920x1080
[LOADER][WARN] Import#2317970 result: -1 (04AjkP0jO9U) rdi=0x0000000606E0C098 rsi=0x0000000000000002 rdx=0x0000000000000000 rcx=0x0000000000000000 ret=0x000000080A821799
[LOADER][WARN] Import#2317989 result: -1 (04AjkP0jO9U) rdi=0x0000000606E0C098 rsi=0x0000000000000002 rdx=0x0000000000000000 rcx=0x0000000000000000 ret=0x000000080A821799
[LOADER][WARN] Import#2318002 result: -1 (04AjkP0jO9U) rdi=0x0000000606E0C098 rsi=0x0000000000000002 rdx=0x0000000000000000 rcx=0x0000000000000000 ret=0x000000080A821799
[LOADER][WARN] Import#2318021 result: -1 (04AjkP0jO9U) rdi=0x0000000606E0C098 rsi=0x0000000000000002 rdx=0x0000000000000000 rcx=0x0000000000000000 ret=0x000000080A821799
[LOADER][WARN] Import#2382907 result: -1 (04AjkP0jO9U) rdi=0x0000000606E0C098 rsi=0x0000000000000002 rdx=0x0000000000000000 rcx=0x0000000000000000 ret=0x000000080A821799
[LOADER][WARN] Import#2387118 result: -1 (04AjkP0jO9U) rdi=0x0000000606E0C098 rsi=0x0000000000000002 rdx=0x0000000000000000 rcx=0x0000000000000000 ret=0x000000080A821799
[LOADER][WARN] Import#2390818 result: -1 (04AjkP0jO9U) rdi=0x0000000606E0C098 rsi=0x0000000000000002 rdx=0x0000000000000000 rcx=0x0000000000000000 ret=0x000000080A821799
[LOADER][WARN] Import#2390928 result: -1 (04AjkP0jO9U) rdi=0x0000000606E0C098 rsi=0x0000000000000002 rdx=0x0000000000000000 rcx=0x0000000000000000 ret=0x000000080A821799
[LOADER][WARN] Import#2402081 result: -1 (04AjkP0jO9U) rdi=0x0000000606E0C098 rsi=0x0000000000000002 rdx=0x0000000000000000 rcx=0x0000000000000000 ret=0x000000080A821799
[LOADER][WARN] Import#2402185 result: -1 (04AjkP0jO9U) rdi=0x0000000606E0C098 rsi=0x0000000000000002 rdx=0x0000000000000000 rcx=0x0000000000000000 ret=0x000000080A821799
[LOADER][WARN] Import#2410104 result: -1 (04AjkP0jO9U) rdi=0x0000000606E0C098 rsi=0x0000000000000002 rdx=0x0000000000000000 rcx=0x0000000000000000 ret=0x000000080A821799
[LOADER][WARN] Import#2410116 result: -1 (04AjkP0jO9U) rdi=0x0000000606E0C098 rsi=0x0000000000000002 rdx=0x0000000000000000 rcx=0x0000000000000000 ret=0x000000080A821799
[LOADER][WARN] Import#2414614 result: -1 (04AjkP0jO9U) rdi=0x0000000606E0C098 rsi=0x0000000000000002 rdx=0x0000000000000000 rcx=0x0000000000000000 ret=0x000000080A821799
[LOADER][WARN] Import#2414753 result: -1 (04AjkP0jO9U) rdi=0x0000000606E0C098 rsi=0x0000000000000002 rdx=0x0000000000000000 rcx=0x0000000000000000 ret=0x000000080A821799
[LOADER][WARN] Import#2414839 result: -1 (04AjkP0jO9U) rdi=0x0000000606E0C098 rsi=0x0000000000000002 rdx=0x0000000000000000 rcx=0x0000000000000000 ret=0x000000080A821799
[LOADER][WARN] Import#2417735 result: -1 (04AjkP0jO9U) rdi=0x0000000606E0C098 rsi=0x0000000000000002 rdx=0x0000000000000000 rcx=0x0000000000000000 ret=0x000000080A821799
[LOADER][WARN] Import#2417815 result: -1 (04AjkP0jO9U) rdi=0x0000000606E0C098 rsi=0x0000000000000002 rdx=0x0000000000000000 rcx=0x0000000000000000 ret=0x000000080A821799
[LOADER][WARN] Import#2417913 result: -1 (04AjkP0jO9U) rdi=0x0000000606E0C098 rsi=0x0000000000000002 rdx=0x0000000000000000 rcx=0x0000000000000000 ret=0x000000080A821799
[LOADER][WARN] Import#2424655 result: -1 (04AjkP0jO9U) rdi=0x0000000606E0C098 rsi=0x0000000000000002 rdx=0x0000000000000000 rcx=0x0000000000000000 ret=0x000000080A821799
[LOADER][WARN] Import#2424783 result: -1 (04AjkP0jO9U) rdi=0x0000000606E0C098 rsi=0x0000000000000002 rdx=0x0000000000000000 rcx=0x0000000000000000 ret=0x000000080A821799
[LOADER][WARN] Import#2427298 result: -1 (04AjkP0jO9U) rdi=0x0000000606E0C098 rsi=0x0000000000000002 rdx=0x0000000000000000 rcx=0x0000000000000000 ret=0x000000080A821799
[LOADER][WARN] Import#2427322 result: -1 (04AjkP0jO9U) rdi=0x0000000606E0C098 rsi=0x0000000000000002 rdx=0x0000000000000000 rcx=0x0000000000000000 ret=0x000000080A821799
[LOADER][WARN] Import#2431472 result: -1 (04AjkP0jO9U) rdi=0x0000000606E0C098 rsi=0x0000000000000002 rdx=0x0000000000000000 rcx=0x0000000000000000 ret=0x000000080A821799
[LOADER][WARN] Import#2435148 result: -1 (04AjkP0jO9U) rdi=0x0000000606E0C098 rsi=0x0000000000000002 rdx=0x0000000000000000 rcx=0x0000000000000000 ret=0x000000080A821799
[LOADER][WARN] Import#2435224 result: -1 (04AjkP0jO9U) rdi=0x0000000606E0C098 rsi=0x0000000000000002 rdx=0x0000000000000000 rcx=0x0000000000000000 ret=0x000000080A821799
[LOADER][WARN] Import#2435255 result: -1 (04AjkP0jO9U) rdi=0x0000000606E0C098 rsi=0x0000000000000002 rdx=0x0000000000000000 rcx=0x0000000000000000 ret=0x000000080A821799
[LOADER][WARN] Import#2441319 result: -1 (04AjkP0jO9U) rdi=0x0000000606E0C098 rsi=0x0000000000000002 rdx=0x0000000000000000 rcx=0x0000000000000000 ret=0x000000080A821799
[LOADER][WARN] Import#2445625 result: -1 (04AjkP0jO9U) rdi=0x0000000606E0C098 rsi=0x0000000000000002 rdx=0x0000000000000000 rcx=0x0000000000000000 ret=0x000000080A821799
[LOADER][WARN] Import#2445674 result: -1 (04AjkP0jO9U) rdi=0x0000000606E0C098 rsi=0x0000000000000002 rdx=0x0000000000000000 rcx=0x0000000000000000 ret=0x000000080A821799
[LOADER][WARN] Import#2445760 result: -1 (04AjkP0jO9U) rdi=0x0000000606E0C098 rsi=0x0000000000000002 rdx=0x0000000000000000 rcx=0x0000000000000000 ret=0x000000080A821799
[LOADER][WARN] Import#2453812 result: -1 (04AjkP0jO9U) rdi=0x0000000606E0C098 rsi=0x0000000000000002 rdx=0x0000000000000000 rcx=0x0000000000000000 ret=0x000000080A821799
[LOADER][WARN] Import#2453866 result: -1 (04AjkP0jO9U) rdi=0x0000000606E0C098 rsi=0x0000000000000002 rdx=0x0000000000000000 rcx=0x0000000000000000 ret=0x000000080A821799
[LOADER][WARN] Import#2454006 result: -1 (04AjkP0jO9U) rdi=0x0000000606E0C098 rsi=0x0000000000000002 rdx=0x0000000000000000 rcx=0x0000000000000000 ret=0x000000080A821799
[LOADER][WARN] Import#2460230 result: -1 (04AjkP0jO9U) rdi=0x0000000606E0C098 rsi=0x0000000000000002 rdx=0x0000000000000000 rcx=0x0000000000000000 ret=0x000000080A821799
[LOADER][WARN] Import#2460328 result: -1 (04AjkP0jO9U) rdi=0x0000000606E0C098 rsi=0x0000000000000002 rdx=0x0000000000000000 rcx=0x0000000000000000 ret=0x000000080A821799
[LOADER][WARN] Import#2464588 result: -1 (04AjkP0jO9U) rdi=0x0000000606E0C098 rsi=0x0000000000000002 rdx=0x0000000000000000 rcx=0x0000000000000000 ret=0x000000080A821799
[LOADER][WARN] Import#2464728 result: -1 (04AjkP0jO9U) rdi=0x0000000606E0C098 rsi=0x0000000000000002 rdx=0x0000000000000000 rcx=0x0000000000000000 ret=0x000000080A821799
[LOADER][WARN] Import#2464764 result: -1 (04AjkP0jO9U) rdi=0x0000000606E0C098 rsi=0x0000000000000002 rdx=0x0000000000000000 rcx=0x0000000000000000 ret=0x000000080A821799
[LOADER][WARN] Import#2479009 result: -1 (04AjkP0jO9U) rdi=0x0000000606E0C098 rsi=0x0000000000000002 rdx=0x0000000000000000 rcx=0x0000000000000000 ret=0x000000080A821799
[LOADER][WARN] Import#2479083 result: -1 (04AjkP0jO9U) rdi=0x0000000606E0C098 rsi=0x0000000000000002 rdx=0x0000000000000000 rcx=0x0000000000000000 ret=0x000000080A821799
[LOADER][WARN] Import#2485558 result: -1 (04AjkP0jO9U) rdi=0x0000000606E0C098 rsi=0x0000000000000002 rdx=0x0000000000000000 rcx=0x0000000000000000 ret=0x000000080A821799
[LOADER][WARN] Import#2485590 result: -1 (04AjkP0jO9U) rdi=0x0000000606E0C098 rsi=0x0000000000000002 rdx=0x0000000000000000 rcx=0x0000000000000000 ret=0x000000080A821799
[LOADER][WARN] Import#2485629 result: -1 (04AjkP0jO9U) rdi=0x0000000606E0C098 rsi=0x0000000000000002 rdx=0x0000000000000000 rcx=0x0000000000000000 ret=0x000000080A821799
[LOADER][WARN] Import#2496104 result: -1 (04AjkP0jO9U) rdi=0x0000000606E0C098 rsi=0x0000000000000002 rdx=0x0000000000000000 rcx=0x0000000000000000 ret=0x000000080A821799
[LOADER][WARN] Import#2496129 result: -1 (04AjkP0jO9U) rdi=0x0000000606E0C098 rsi=0x0000000000000002 rdx=0x0000000000000000 rcx=0x0000000000000000 ret=0x000000080A821799
[LOADER][WARN] Import#2496144 result: -1 (04AjkP0jO9U) rdi=0x0000000606E0C098 rsi=0x0000000000000002 rdx=0x0000000000000000 rcx=0x0000000000000000 ret=0x000000080A821799
[LOADER][WARN] Import#2496177 result: -1 (04AjkP0jO9U) rdi=0x0000000606E0C098 rsi=0x0000000000000002 rdx=0x0000000000000000 rcx=0x0000000000000000 ret=0x000000080A821799
[LOADER][WARN] Import#2496222 result: -1 (04AjkP0jO9U) rdi=0x0000000606E0C098 rsi=0x0000000000000002 rdx=0x0000000000000000 rcx=0x0000000000000000 ret=0x000000080A821799
[LOADER][WARN] Import#2496251 result: -1 (04AjkP0jO9U) rdi=0x0000000606E0C098 rsi=0x0000000000000002 rdx=0x0000000000000000 rcx=0x0000000000000000 ret=0x000000080A821799
[LOADER][WARN] Import#2515478 result: -1 (04AjkP0jO9U) rdi=0x0000000606E0C098 rsi=0x0000000000000002 rdx=0x0000000000000000 rcx=0x0000000000000000 ret=0x000000080A821799
[LOADER][WARN] Import#2515505 result: -1 (04AjkP0jO9U) rdi=0x0000000606E0C098 rsi=0x0000000000000002 rdx=0x0000000000000000 rcx=0x0000000000000000 ret=0x000000080A821799
[LOADER][WARN] Import#2515522 result: -1 (04AjkP0jO9U) rdi=0x0000000606E0C098 rsi=0x0000000000000002 rdx=0x0000000000000000 rcx=0x0000000000000000 ret=0x000000080A821799
[LOADER][WARN] Import#2515547 result: -1 (04AjkP0jO9U) rdi=0x0000000606E0C098 rsi=0x0000000000000002 rdx=0x0000000000000000 rcx=0x0000000000000000 ret=0x000000080A821799
[LOADER][WARN] Import#2515576 result: -1 (04AjkP0jO9U) rdi=0x0000000606E0C098 rsi=0x0000000000000002 rdx=0x0000000000000000 rcx=0x0000000000000000 ret=0x000000080A821799
[LOADER][WARN] Import#2515605 result: -1 (04AjkP0jO9U) rdi=0x0000000606E0C098 rsi=0x0000000000000002 rdx=0x0000000000000000 rcx=0x0000000000000000 ret=0x000000080A821799
[LOADER][WARN] Import#2515658 result: -1 (04AjkP0jO9U) rdi=0x0000000606E0C098 rsi=0x0000000000000002 rdx=0x0000000000000000 rcx=0x0000000000000000 ret=0x000000080A821799
[LOADER][WARN] Import#2515687 result: -1 (04AjkP0jO9U) rdi=0x0000000606E0C098 rsi=0x0000000000000002 rdx=0x0000000000000000 rcx=0x0000000000000000 ret=0x000000080A821799
[LOADER][WARN] Import#2540552 result: -1 (04AjkP0jO9U) rdi=0x0000000606E0C098 rsi=0x0000000000000002 rdx=0x0000000000000000 rcx=0x0000000000000000 ret=0x000000080A821799
[LOADER][WARN] Import#2540583 result: -1 (04AjkP0jO9U) rdi=0x0000000606E0C098 rsi=0x0000000000000002 rdx=0x0000000000000000 rcx=0x0000000000000000 ret=0x000000080A821799
[LOADER][WARN] Import#2540610 result: -1 (04AjkP0jO9U) rdi=0x0000000606E0C098 rsi=0x0000000000000002 rdx=0x0000000000000000 rcx=0x0000000000000000 ret=0x000000080A821799
[LOADER][WARN] Import#2540637 result: -1 (04AjkP0jO9U) rdi=0x0000000606E0C098 rsi=0x0000000000000002 rdx=0x0000000000000000 rcx=0x0000000000000000 ret=0x000000080A821799
[LOADER][WARN] Import#2540668 result: -1 (04AjkP0jO9U) rdi=0x0000000606E0C098 rsi=0x0000000000000002 rdx=0x0000000000000000 rcx=0x0000000000000000 ret=0x000000080A821799
[LOADER][WARN] Import#2540699 result: -1 (04AjkP0jO9U) rdi=0x0000000606E0C098 rsi=0x0000000000000002 rdx=0x0000000000000000 rcx=0x0000000000000000 ret=0x000000080A821799
[LOADER][WARN] Import#2540724 result: -1 (04AjkP0jO9U) rdi=0x0000000606E0C098 rsi=0x0000000000000002 rdx=0x0000000000000000 rcx=0x0000000000000000 ret=0x000000080A821799
[LOADER][WARN] Import#2540757 result: -1 (04AjkP0jO9U) rdi=0x0000000606E0C098 rsi=0x0000000000000002 rdx=0x0000000000000000 rcx=0x0000000000000000 ret=0x000000080A821799
Forcing call to sce::Agc::suspendPoint to avoid TRC R5089 breach
[LOADER][WARN] Import#3397479 result: -1 (04AjkP0jO9U) rdi=0x0000000606E0C098 rsi=0x0000000000000002 rdx=0x0000000000000000 rcx=0x0000000000000000 ret=0x000000080A821799
[LOADER][WARN] Import#3397492 result: -1 (04AjkP0jO9U) rdi=0x0000000606E0C098 rsi=0x0000000000000002 rdx=0x0000000000000000 rcx=0x0000000000000000 ret=0x000000080A821799
[LOADER][WARN] Import#3397511 result: -1 (04AjkP0jO9U) rdi=0x0000000606E0C098 rsi=0x0000000000000002 rdx=0x0000000000000000 rcx=0x0000000000000000 ret=0x000000080A821799
[LOADER][WARN] Import#3397530 result: -1 (04AjkP0jO9U) rdi=0x0000000606E0C098 rsi=0x0000000000000002 rdx=0x0000000000000000 rcx=0x0000000000000000 ret=0x000000080A821799
[LOADER][WARN] Import#3397543 result: -1 (04AjkP0jO9U) rdi=0x0000000606E0C098 rsi=0x0000000000000002 rdx=0x0000000000000000 rcx=0x0000000000000000 ret=0x000000080A821799
[LOADER][WARN] Import#3397562 result: -1 (04AjkP0jO9U) rdi=0x0000000606E0C098 rsi=0x0000000000000002 rdx=0x0000000000000000 rcx=0x0000000000000000 ret=0x000000080A821799
[LOADER][WARN] Import#3397575 result: -1 (04AjkP0jO9U) rdi=0x0000000606E0C098 rsi=0x0000000000000002 rdx=0x0000000000000000 rcx=0x0000000000000000 ret=0x000000080A821799
[LOADER][WARN] Import#3397594 result: -1 (04AjkP0jO9U) rdi=0x0000000606E0C098 rsi=0x0000000000000002 rdx=0x0000000000000000 rcx=0x0000000000000000 ret=0x000000080A821799
[LOADER][WARN] Import#3397607 result: -1 (04AjkP0jO9U) rdi=0x0000000606E0C098 rsi=0x0000000000000002 rdx=0x0000000000000000 rcx=0x0000000000000000 ret=0x000000080A821799
[LOADER][WARN] Import#3397626 result: -1 (04AjkP0jO9U) rdi=0x0000000606E0C098 rsi=0x0000000000000002 rdx=0x0000000000000000 rcx=0x0000000000000000 ret=0x000000080A821799
[LOADER][WARN] Import#4032519 result: -1 (04AjkP0jO9U) rdi=0x0000000606E0C098 rsi=0x0000000000000002 rdx=0x0000000000000000 rcx=0x0000000000000000 ret=0x000000080A821799
[LOADER][WARN] Import#4086690 result: -1 (04AjkP0jO9U) rdi=0x0000000606E0C098 rsi=0x0000000000000002 rdx=0x0000000000000000 rcx=0x0000000000000000 ret=0x000000080A821799
[LOADER][WARN] Import#4147356 result: -1 (04AjkP0jO9U) rdi=0x0000000606E0C098 rsi=0x0000000000000002 rdx=0x0000000000000000 rcx=0x0000000000000000 ret=0x000000080A821799
[LOADER][WARN] Import#4147369 result: -1 (04AjkP0jO9U) rdi=0x0000000606E0C098 rsi=0x0000000000000002 rdx=0x0000000000000000 rcx=0x0000000000000000 ret=0x000000080A821799
[LOADER][WARN] Import#4147388 result: -1 (04AjkP0jO9U) rdi=0x0000000606E0C098 rsi=0x0000000000000002 rdx=0x0000000000000000 rcx=0x0000000000000000 ret=0x000000080A821799
[LOADER][WARN] Import#4147406 result: -1 (04AjkP0jO9U) rdi=0x0000000606E0C098 rsi=0x0000000000000002 rdx=0x0000000000000000 rcx=0x0000000000000000 ret=0x000000080A821799
[LOADER][WARN] Import#4147430 result: -1 (04AjkP0jO9U) rdi=0x0000000606E0C098 rsi=0x0000000000000002 rdx=0x0000000000000000 rcx=0x0000000000000000 ret=0x000000080A821799
[LOADER][WARN] Import#4147448 result: -1 (04AjkP0jO9U) rdi=0x0000000606E0C098 rsi=0x0000000000000002 rdx=0x0000000000000000 rcx=0x0000000000000000 ret=0x000000080A821799
[LOADER][WARN] Import#4311824 result: -1 (04AjkP0jO9U) rdi=0x0000000606E0C098 rsi=0x0000000000000002 rdx=0x0000000000000000 rcx=0x0000000000000000 ret=0x000000080A821799
[LOADER][WARN] Import#4311842 result: -1 (04AjkP0jO9U) rdi=0x0000000606E0C098 rsi=0x0000000000000002 rdx=0x0000000000000000 rcx=0x0000000000000000 ret=0x000000080A821799
[LOADER][WARN] Import#4311866 result: -1 (04AjkP0jO9U) rdi=0x0000000606E0C098 rsi=0x0000000000000002 rdx=0x0000000000000000 rcx=0x0000000000000000 ret=0x000000080A821799
[LOADER][WARN] Import#4311884 result: -1 (04AjkP0jO9U) rdi=0x0000000606E0C098 rsi=0x0000000000000002 rdx=0x0000000000000000 rcx=0x0000000000000000 ret=0x000000080A821799
[LOADER][WARN] Import#4311908 result: -1 (04AjkP0jO9U) rdi=0x0000000606E0C098 rsi=0x0000000000000002 rdx=0x0000000000000000 rcx=0x0000000000000000 ret=0x000000080A821799
[LOADER][WARN] Import#4311926 result: -1 (04AjkP0jO9U) rdi=0x0000000606E0C098 rsi=0x0000000000000002 rdx=0x0000000000000000 rcx=0x0000000000000000 ret=0x000000080A821799
[LOADER][WARN] Import#4311950 result: -1 (04AjkP0jO9U) rdi=0x0000000606E0C098 rsi=0x0000000000000002 rdx=0x0000000000000000 rcx=0x0000000000000000 ret=0x000000080A821799
[LOADER][WARN] Import#4311974 result: -1 (04AjkP0jO9U) rdi=0x0000000606E0C098 rsi=0x0000000000000002 rdx=0x0000000000000000 rcx=0x0000000000000000 ret=0x000000080A821799
[LOADER][WARN] Import#4311998 result: -1 (04AjkP0jO9U) rdi=0x0000000606E0C098 rsi=0x0000000000000002 rdx=0x0000000000000000 rcx=0x0000000000000000 ret=0x000000080A821799
[LOADER][WARN] Import#4312011 result: -1 (04AjkP0jO9U) rdi=0x0000000606E0C098 rsi=0x0000000000000002 rdx=0x0000000000000000 rcx=0x0000000000000000 ret=0x000000080A821799
[LOADER][WARN] Import#4312035 result: -1 (04AjkP0jO9U) rdi=0x0000000606E0C098 rsi=0x0000000000000002 rdx=0x0000000000000000 rcx=0x0000000000000000 ret=0x000000080A821799
[LOADER][WARN] Import#4312054 result: -1 (04AjkP0jO9U) rdi=0x0000000606E0C098 rsi=0x0000000000000002 rdx=0x0000000000000000 rcx=0x0000000000000000 ret=0x000000080A821799
[LOADER][WARN] Import#4576520 result: -1 (04AjkP0jO9U) rdi=0x0000000606E0C098 rsi=0x0000000000000002 rdx=0x0000000000000000 rcx=0x0000000000000000 ret=0x000000080A821799
[LOADER][WARN] Import#4576544 result: -1 (04AjkP0jO9U) rdi=0x0000000606E0C098 rsi=0x0000000000000002 rdx=0x0000000000000000 rcx=0x0000000000000000 ret=0x000000080A821799
[LOADER][WARN] Import#4576563 result: -1 (04AjkP0jO9U) rdi=0x0000000606E0C098 rsi=0x0000000000000002 rdx=0x0000000000000000 rcx=0x0000000000000000 ret=0x000000080A821799
[LOADER][WARN] Import#4576581 result: -1 (04AjkP0jO9U) rdi=0x0000000606E0C098 rsi=0x0000000000000002 rdx=0x0000000000000000 rcx=0x0000000000000000 ret=0x000000080A821799
[LOADER][WARN] Import#4576605 result: -1 (04AjkP0jO9U) rdi=0x0000000606E0C098 rsi=0x0000000000000002 rdx=0x0000000000000000 rcx=0x0000000000000000 ret=0x000000080A821799
[LOADER][WARN] Import#4576618 result: -1 (04AjkP0jO9U) rdi=0x0000000606E0C098 rsi=0x0000000000000002 rdx=0x0000000000000000 rcx=0x0000000000000000 ret=0x000000080A821799
[LOADER][WARN] Import#4576642 result: -1 (04AjkP0jO9U) rdi=0x0000000606E0C098 rsi=0x0000000000000002 rdx=0x0000000000000000 rcx=0x0000000000000000 ret=0x000000080A821799
[LOADER][WARN] Import#4576655 result: -1 (04AjkP0jO9U) rdi=0x0000000606E0C098 rsi=0x0000000000000002 rdx=0x0000000000000000 rcx=0x0000000000000000 ret=0x000000080A821799
[LOADER][WARN] Import#4576674 result: -1 (04AjkP0jO9U) rdi=0x0000000606E0C098 rsi=0x0000000000000002 rdx=0x0000000000000000 rcx=0x0000000000000000 ret=0x000000080A821799
[LOADER][WARN] Import#4576692 result: -1 (04AjkP0jO9U) rdi=0x0000000606E0C098 rsi=0x0000000000000002 rdx=0x0000000000000000 rcx=0x0000000000000000 ret=0x000000080A821799
[LOADER][WARN] Import#4576711 result: -1 (04AjkP0jO9U) rdi=0x0000000606E0C098 rsi=0x0000000000000002 rdx=0x0000000000000000 rcx=0x0000000000000000 ret=0x000000080A821799
[LOADER][WARN] Import#4576729 result: -1 (04AjkP0jO9U) rdi=0x0000000606E0C098 rsi=0x0000000000000002 rdx=0x0000000000000000 rcx=0x0000000000000000 ret=0x000000080A821799
[LOADER][WARN] Import#4576748 result: -1 (04AjkP0jO9U) rdi=0x0000000606E0C098 rsi=0x0000000000000002 rdx=0x0000000000000000 rcx=0x0000000000000000 ret=0x000000080A821799
[LOADER][WARN] Import#4576761 result: -1 (04AjkP0jO9U) rdi=0x0000000606E0C098 rsi=0x0000000000000002 rdx=0x0000000000000000 rcx=0x0000000000000000 ret=0x000000080A821799
[LOADER][WARN] Import#5145105 result: -1 (04AjkP0jO9U) rdi=0x0000000606E0C098 rsi=0x0000000000000002 rdx=0x0000000000000000 rcx=0x0000000000000000 ret=0x000000080A821799
[LOADER][WARN] Import#5145118 result: -1 (04AjkP0jO9U) rdi=0x0000000606E0C098 rsi=0x0000000000000002 rdx=0x0000000000000000 rcx=0x0000000000000000 ret=0x000000080A821799
[LOADER][WARN] Import#5280378 result: -1 (wuCroIGjt2g) rdi=0x0000000808E42989 rsi=0x0000000000000000 rdx=0x0000000000100000 rcx=0x00000008096CF418 ret=0x0000000804F39661
[LOADER][WARN] Import#5145137 result: -1 (04AjkP0jO9U) rdi=0x0000000606E0C098 rsi=0x0000000000000002 rdx=0x0000000000000000 rcx=0x0000000000000000 ret=0x000000080A821799
[LOADER][WARN] Import#5145150 result: -1 (04AjkP0jO9U) rdi=0x0000000606E0C098 rsi=0x0000000000000002 rdx=0x0000000000000000 rcx=0x0000000000000000 ret=0x000000080A821799
[LOADER][WARN] Import#5145174 result: -1 (04AjkP0jO9U) rdi=0x0000000606E0C098 rsi=0x0000000000000002 rdx=0x0000000000000000 rcx=0x0000000000000000 ret=0x000000080A821799
[LOADER][WARN] Import#5145187 result: -1 (04AjkP0jO9U) rdi=0x0000000606E0C098 rsi=0x0000000000000002 rdx=0x0000000000000000 rcx=0x0000000000000000 ret=0x000000080A821799
[LOADER][WARN] Import#5145206 result: -1 (04AjkP0jO9U) rdi=0x0000000606E0C098 rsi=0x0000000000000002 rdx=0x0000000000000000 rcx=0x0000000000000000 ret=0x000000080A821799
[LOADER][WARN] Import#5145225 result: -1 (04AjkP0jO9U) rdi=0x0000000606E0C098 rsi=0x0000000000000002 rdx=0x0000000000000000 rcx=0x0000000000000000 ret=0x000000080A821799
[LOADER][WARN] Import#5145238 result: -1 (04AjkP0jO9U) rdi=0x0000000606E0C098 rsi=0x0000000000000002 rdx=0x0000000000000000 rcx=0x0000000000000000 ret=0x000000080A821799
[LOADER][WARN] Import#5145262 result: -1 (04AjkP0jO9U) rdi=0x0000000606E0C098 rsi=0x0000000000000002 rdx=0x0000000000000000 rcx=0x0000000000000000 ret=0x000000080A821799
[LOADER][WARN] Import#5145275 result: -1 (04AjkP0jO9U) rdi=0x0000000606E0C098 rsi=0x0000000000000002 rdx=0x0000000000000000 rcx=0x0000000000000000 ret=0x000000080A821799
[LOADER][WARN] Import#5145299 result: -1 (04AjkP0jO9U) rdi=0x0000000606E0C098 rsi=0x0000000000000002 rdx=0x0000000000000000 rcx=0x0000000000000000 ret=0x000000080A821799
[LOADER][WARN] Import#5145312 result: -1 (04AjkP0jO9U) rdi=0x0000000606E0C098 rsi=0x0000000000000002 rdx=0x0000000000000000 rcx=0x0000000000000000 ret=0x000000080A821799
[LOADER][WARN] Import#5145331 result: -1 (04AjkP0jO9U) rdi=0x0000000606E0C098 rsi=0x0000000000000002 rdx=0x0000000000000000 rcx=0x0000000000000000 ret=0x000000080A821799
[LOADER][WARN] Import#5145344 result: -1 (04AjkP0jO9U) rdi=0x0000000606E0C098 rsi=0x0000000000000002 rdx=0x0000000000000000 rcx=0x0000000000000000 ret=0x000000080A821799
[LOADER][WARN] Import#5952531 result: -1 (04AjkP0jO9U) rdi=0x0000000606E0C098 rsi=0x0000000000000002 rdx=0x0000000000000000 rcx=0x0000000000000000 ret=0x000000080A821799
[LOADER][WARN] Import#5952544 result: -1 (04AjkP0jO9U) rdi=0x0000000606E0C098 rsi=0x0000000000000002 rdx=0x0000000000000000 rcx=0x0000000000000000 ret=0x000000080A821799
[LOADER][WARN] Import#5952563 result: -1 (04AjkP0jO9U) rdi=0x0000000606E0C098 rsi=0x0000000000000002 rdx=0x0000000000000000 rcx=0x0000000000000000 ret=0x000000080A821799
[LOADER][WARN] Import#5952587 result: -1 (04AjkP0jO9U) rdi=0x0000000606E0C098 rsi=0x0000000000000002 rdx=0x0000000000000000 rcx=0x0000000000000000 ret=0x000000080A821799
[LOADER][WARN] Import#5952606 result: -1 (04AjkP0jO9U) rdi=0x0000000606E0C098 rsi=0x0000000000000002 rdx=0x0000000000000000 rcx=0x0000000000000000 ret=0x000000080A821799
[LOADER][WARN] Import#5952619 result: -1 (04AjkP0jO9U) rdi=0x0000000606E0C098 rsi=0x0000000000000002 rdx=0x0000000000000000 rcx=0x0000000000000000 ret=0x000000080A821799
[LOADER][WARN] Import#5952638 result: -1 (04AjkP0jO9U) rdi=0x0000000606E0C098 rsi=0x0000000000000002 rdx=0x0000000000000000 rcx=0x0000000000000000 ret=0x000000080A821799
[LOADER][WARN] Import#5952657 result: -1 (04AjkP0jO9U) rdi=0x0000000606E0C098 rsi=0x0000000000000002 rdx=0x0000000000000000 rcx=0x0000000000000000 ret=0x000000080A821799
[LOADER][WARN] Import#5952670 result: -1 (04AjkP0jO9U) rdi=0x0000000606E0C098 rsi=0x0000000000000002 rdx=0x0000000000000000 rcx=0x0000000000000000 ret=0x000000080A821799
[LOADER][WARN] Import#5952689 result: -1 (04AjkP0jO9U) rdi=0x0000000606E0C098 rsi=0x0000000000000002 rdx=0x0000000000000000 rcx=0x0000000000000000 ret=0x000000080A821799
[LOADER][WARN] Import#5952708 result: -1 (04AjkP0jO9U) rdi=0x0000000606E0C098 rsi=0x0000000000000002 rdx=0x0000000000000000 rcx=0x0000000000000000 ret=0x000000080A821799
[LOADER][WARN] Import#5952732 result: -1 (04AjkP0jO9U) rdi=0x0000000606E0C098 rsi=0x0000000000000002 rdx=0x0000000000000000 rcx=0x0000000000000000 ret=0x000000080A821799
[LOADER][WARN] Import#5952745 result: -1 (04AjkP0jO9U) rdi=0x0000000606E0C098 rsi=0x0000000000000002 rdx=0x0000000000000000 rcx=0x0000000000000000 ret=0x000000080A821799
[LOADER][WARN] Import#5952764 result: -1 (04AjkP0jO9U) rdi=0x0000000606E0C098 rsi=0x0000000000000002 rdx=0x0000000000000000 rcx=0x0000000000000000 ret=0x000000080A821799
[LOADER][WARN] Import#6653193 result: -1 (04AjkP0jO9U) rdi=0x0000000606E0C098 rsi=0x0000000000000002 rdx=0x0000000000000000 rcx=0x0000000000000000 ret=0x000000080A821799
[LOADER][WARN] Import#6653212 result: -1 (04AjkP0jO9U) rdi=0x0000000606E0C098 rsi=0x0000000000000002 rdx=0x0000000000000000 rcx=0x0000000000000000 ret=0x000000080A821799
[LOADER][WARN] Import#6653225 result: -1 (04AjkP0jO9U) rdi=0x0000000606E0C098 rsi=0x0000000000000002 rdx=0x0000000000000000 rcx=0x0000000000000000 ret=0x000000080A821799
[LOADER][WARN] Import#6653244 result: -1 (04AjkP0jO9U) rdi=0x0000000606E0C098 rsi=0x0000000000000002 rdx=0x0000000000000000 rcx=0x0000000000000000 ret=0x000000080A821799
[LOADER][WARN] Import#6653257 result: -1 (04AjkP0jO9U) rdi=0x0000000606E0C098 rsi=0x0000000000000002 rdx=0x0000000000000000 rcx=0x0000000000000000 ret=0x000000080A821799
[LOADER][WARN] Import#6653276 result: -1 (04AjkP0jO9U) rdi=0x0000000606E0C098 rsi=0x0000000000000002 rdx=0x0000000000000000 rcx=0x0000000000000000 ret=0x000000080A821799
[LOADER][WARN] Import#6653295 result: -1 (04AjkP0jO9U) rdi=0x0000000606E0C098 rsi=0x0000000000000002 rdx=0x0000000000000000 rcx=0x0000000000000000 ret=0x000000080A821799
[LOADER][WARN] Import#6653308 result: -1 (04AjkP0jO9U) rdi=0x0000000606E0C098 rsi=0x0000000000000002 rdx=0x0000000000000000 rcx=0x0000000000000000 ret=0x000000080A821799
[LOADER][WARN] Import#6653327 result: -1 (04AjkP0jO9U) rdi=0x0000000606E0C098 rsi=0x0000000000000002 rdx=0x0000000000000000 rcx=0x0000000000000000 ret=0x000000080A821799
[LOADER][WARN] Import#6653340 result: -1 (04AjkP0jO9U) rdi=0x0000000606E0C098 rsi=0x0000000000000002 rdx=0x0000000000000000 rcx=0x0000000000000000 ret=0x000000080A821799
[LOADER][WARN] Import#6653359 result: -1 (04AjkP0jO9U) rdi=0x0000000606E0C098 rsi=0x0000000000000002 rdx=0x0000000000000000 rcx=0x0000000000000000 ret=0x000000080A821799
[LOADER][WARN] Import#6653372 result: -1 (04AjkP0jO9U) rdi=0x0000000606E0C098 rsi=0x0000000000000002 rdx=0x0000000000000000 rcx=0x0000000000000000 ret=0x000000080A821799
[LOADER][WARN] Import#6653391 result: -1 (04AjkP0jO9U) rdi=0x0000000606E0C098 rsi=0x0000000000000002 rdx=0x0000000000000000 rcx=0x0000000000000000 ret=0x000000080A821799
[LOADER][WARN] Import#6653410 result: -1 (04AjkP0jO9U) rdi=0x0000000606E0C098 rsi=0x0000000000000002 rdx=0x0000000000000000 rcx=0x0000000000000000 ret=0x000000080A821799
[LOADER][WARN] Import#6653423 result: -1 (04AjkP0jO9U) rdi=0x0000000606E0C098 rsi=0x0000000000000002 rdx=0x0000000000000000 rcx=0x0000000000000000 ret=0x000000080A821799
[LOADER][WARN] Import#7602946 result: -1 (04AjkP0jO9U) rdi=0x0000000606E0C098 rsi=0x0000000000000002 rdx=0x0000000000000000 rcx=0x0000000000000000 ret=0x000000080A821799
[LOADER][WARN] Import#7602959 result: -1 (04AjkP0jO9U) rdi=0x0000000606E0C098 rsi=0x0000000000000002 rdx=0x0000000000000000 rcx=0x0000000000000000 ret=0x000000080A821799
[LOADER][WARN] Import#7602978 result: -1 (04AjkP0jO9U) rdi=0x0000000606E0C098 rsi=0x0000000000000002 rdx=0x0000000000000000 rcx=0x0000000000000000 ret=0x000000080A821799
[LOADER][WARN] Import#7602997 result: -1 (04AjkP0jO9U) rdi=0x0000000606E0C098 rsi=0x0000000000000002 rdx=0x0000000000000000 rcx=0x0000000000000000 ret=0x000000080A821799
[LOADER][WARN] Import#7603010 result: -1 (04AjkP0jO9U) rdi=0x0000000606E0C098 rsi=0x0000000000000002 rdx=0x0000000000000000 rcx=0x0000000000000000 ret=0x000000080A821799
[LOADER][WARN] Import#7603029 result: -1 (04AjkP0jO9U) rdi=0x0000000606E0C098 rsi=0x0000000000000002 rdx=0x0000000000000000 rcx=0x0000000000000000 ret=0x000000080A821799
[LOADER][WARN] Import#7603048 result: -1 (04AjkP0jO9U) rdi=0x0000000606E0C098 rsi=0x0000000000000002 rdx=0x0000000000000000 rcx=0x0000000000000000 ret=0x000000080A821799
[LOADER][WARN] Import#7603061 result: -1 (04AjkP0jO9U) rdi=0x0000000606E0C098 rsi=0x0000000000000002 rdx=0x0000000000000000 rcx=0x0000000000000000 ret=0x000000080A821799
[LOADER][WARN] Import#7603080 result: -1 (04AjkP0jO9U) rdi=0x0000000606E0C098 rsi=0x0000000000000002 rdx=0x0000000000000000 rcx=0x0000000000000000 ret=0x000000080A821799
[LOADER][WARN] Import#7603093 result: -1 (04AjkP0jO9U) rdi=0x0000000606E0C098 rsi=0x0000000000000002 rdx=0x0000000000000000 rcx=0x0000000000000000 ret=0x000000080A821799
[LOADER][WARN] Import#7603112 result: -1 (04AjkP0jO9U) rdi=0x0000000606E0C098 rsi=0x0000000000000002 rdx=0x0000000000000000 rcx=0x0000000000000000 ret=0x000000080A821799
[LOADER][WARN] Import#7603125 result: -1 (04AjkP0jO9U) rdi=0x0000000606E0C098 rsi=0x0000000000000002 rdx=0x0000000000000000 rcx=0x0000000000000000 ret=0x000000080A821799
[LOADER][WARN] Import#7603144 result: -1 (04AjkP0jO9U) rdi=0x0000000606E0C098 rsi=0x0000000000000002 rdx=0x0000000000000000 rcx=0x0000000000000000 ret=0x000000080A821799
[LOADER][WARN] Import#8436258 unresolved: nid=4fU5yvOkVG4 ret=0x0000000804037C51 rdi=0x0000000804FCD19C rsi=0x0000000000000001 rdx=0x00007FFFAB1FAD58 rcx=0x00000008040371F4 r8=0x0000000000000003 r9=0x00007FFFAB1FAAE8
[LOADER][WARN] Import#7603157 result: -1 (04AjkP0jO9U) rdi=0x0000000606E0C098 rsi=0x0000000000000002 rdx=0x0000000000000000 rcx=0x0000000000000000 ret=0x000000080A821799
[LOADER][WARN] Import#7603176 result: -1 (04AjkP0jO9U) rdi=0x0000000606E0C098 rsi=0x0000000000000002 rdx=0x0000000000000000 rcx=0x0000000000000000 ret=0x000000080A821799
[LOADER][WARN] Import#7603195 result: -1 (04AjkP0jO9U) rdi=0x0000000606E0C098 rsi=0x0000000000000002 rdx=0x0000000000000000 rcx=0x0000000000000000 ret=0x000000080A821799
[LOADER][WARN] Import#8549390 result: -1 (04AjkP0jO9U) rdi=0x0000000606E0C098 rsi=0x0000000000000002 rdx=0x0000000000000000 rcx=0x0000000000000000 ret=0x000000080A821799
[LOADER][WARN] Import#8549403 result: -1 (04AjkP0jO9U) rdi=0x0000000606E0C098 rsi=0x0000000000000002 rdx=0x0000000000000000 rcx=0x0000000000000000 ret=0x000000080A821799
[LOADER][WARN] Import#8549422 result: -1 (04AjkP0jO9U) rdi=0x0000000606E0C098 rsi=0x0000000000000002 rdx=0x0000000000000000 rcx=0x0000000000000000 ret=0x000000080A821799
[LOADER][WARN] Import#8549441 result: -1 (04AjkP0jO9U) rdi=0x0000000606E0C098 rsi=0x0000000000000002 rdx=0x0000000000000000 rcx=0x0000000000000000 ret=0x000000080A821799
[LOADER][WARN] Import#8549454 result: -1 (04AjkP0jO9U) rdi=0x0000000606E0C098 rsi=0x0000000000000002 rdx=0x0000000000000000 rcx=0x0000000000000000 ret=0x000000080A821799
[LOADER][WARN] Import#8549473 result: -1 (04AjkP0jO9U) rdi=0x0000000606E0C098 rsi=0x0000000000000002 rdx=0x0000000000000000 rcx=0x0000000000000000 ret=0x000000080A821799
[LOADER][WARN] Import#8549497 result: -1 (04AjkP0jO9U) rdi=0x0000000606E0C098 rsi=0x0000000000000002 rdx=0x0000000000000000 rcx=0x0000000000000000 ret=0x000000080A821799
[LOADER][WARN] Import#8549510 result: -1 (04AjkP0jO9U) rdi=0x0000000606E0C098 rsi=0x0000000000000002 rdx=0x0000000000000000 rcx=0x0000000000000000 ret=0x000000080A821799
[LOADER][WARN] Import#8549529 result: -1 (04AjkP0jO9U) rdi=0x0000000606E0C098 rsi=0x0000000000000002 rdx=0x0000000000000000 rcx=0x0000000000000000 ret=0x000000080A821799
[LOADER][WARN] Import#8549553 result: -1 (04AjkP0jO9U) rdi=0x0000000606E0C098 rsi=0x0000000000000002 rdx=0x0000000000000000 rcx=0x0000000000000000 ret=0x000000080A821799
[LOADER][WARN] Import#8549566 result: -1 (04AjkP0jO9U) rdi=0x0000000606E0C098 rsi=0x0000000000000002 rdx=0x0000000000000000 rcx=0x0000000000000000 ret=0x000000080A821799
[LOADER][WARN] Import#8549585 result: -1 (04AjkP0jO9U) rdi=0x0000000606E0C098 rsi=0x0000000000000002 rdx=0x0000000000000000 rcx=0x0000000000000000 ret=0x000000080A821799
[LOADER][WARN] Import#8549604 result: -1 (04AjkP0jO9U) rdi=0x0000000606E0C098 rsi=0x0000000000000002 rdx=0x0000000000000000 rcx=0x0000000000000000 ret=0x000000080A821799
[LOADER][WARN] Import#8549617 result: -1 (04AjkP0jO9U) rdi=0x0000000606E0C098 rsi=0x0000000000000002 rdx=0x0000000000000000 rcx=0x0000000000000000 ret=0x000000080A821799
[LOADER][WARN] Import#9433092 result: -1 (04AjkP0jO9U) rdi=0x0000000606E0C098 rsi=0x0000000000000002 rdx=0x0000000000000000 rcx=0x0000000000000000 ret=0x000000080A821799
[LOADER][WARN] Import#9433105 result: -1 (04AjkP0jO9U) rdi=0x0000000606E0C098 rsi=0x0000000000000002 rdx=0x0000000000000000 rcx=0x0000000000000000 ret=0x000000080A821799
[LOADER][WARN] Import#9433124 result: -1 (04AjkP0jO9U) rdi=0x0000000606E0C098 rsi=0x0000000000000002 rdx=0x0000000000000000 rcx=0x0000000000000000 ret=0x000000080A821799
[LOADER][WARN] Import#9433148 result: -1 (04AjkP0jO9U) rdi=0x0000000606E0C098 rsi=0x0000000000000002 rdx=0x0000000000000000 rcx=0x0000000000000000 ret=0x000000080A821799
[LOADER][WARN] Import#9433161 result: -1 (04AjkP0jO9U) rdi=0x0000000606E0C098 rsi=0x0000000000000002 rdx=0x0000000000000000 rcx=0x0000000000000000 ret=0x000000080A821799
[LOADER][WARN] Import#9433180 result: -1 (04AjkP0jO9U) rdi=0x0000000606E0C098 rsi=0x0000000000000002 rdx=0x0000000000000000 rcx=0x0000000000000000 ret=0x000000080A821799
[LOADER][WARN] Import#9433193 result: -1 (04AjkP0jO9U) rdi=0x0000000606E0C098 rsi=0x0000000000000002 rdx=0x0000000000000000 rcx=0x0000000000000000 ret=0x000000080A821799
[LOADER][WARN] Import#9433212 result: -1 (04AjkP0jO9U) rdi=0x0000000606E0C098 rsi=0x0000000000000002 rdx=0x0000000000000000 rcx=0x0000000000000000 ret=0x000000080A821799
[LOADER][WARN] Import#9433231 result: -1 (04AjkP0jO9U) rdi=0x0000000606E0C098 rsi=0x0000000000000002 rdx=0x0000000000000000 rcx=0x0000000000000000 ret=0x000000080A821799
[LOADER][WARN] Import#9433250 result: -1 (04AjkP0jO9U) rdi=0x0000000606E0C098 rsi=0x0000000000000002 rdx=0x0000000000000000 rcx=0x0000000000000000 ret=0x000000080A821799
[LOADER][WARN] Import#9433263 result: -1 (04AjkP0jO9U) rdi=0x0000000606E0C098 rsi=0x0000000000000002 rdx=0x0000000000000000 rcx=0x0000000000000000 ret=0x000000080A821799
[LOADER][WARN] Import#9433282 result: -1 (04AjkP0jO9U) rdi=0x0000000606E0C098 rsi=0x0000000000000002 rdx=0x0000000000000000 rcx=0x0000000000000000 ret=0x000000080A821799
[LOADER][WARN] Import#9433301 result: -1 (04AjkP0jO9U) rdi=0x0000000606E0C098 rsi=0x0000000000000002 rdx=0x0000000000000000 rcx=0x0000000000000000 ret=0x000000080A821799
[LOADER][WARN] Import#9433320 result: -1 (04AjkP0jO9U) rdi=0x0000000606E0C098 rsi=0x0000000000000002 rdx=0x0000000000000000 rcx=0x0000000000000000 ret=0x000000080A821799
[LOADER][WARN] Import#9433333 result: -1 (04AjkP0jO9U) rdi=0x0000000606E0C098 rsi=0x0000000000000002 rdx=0x0000000000000000 rcx=0x0000000000000000 ret=0x000000080A821799
[LOADER][WARN] Import#10226445 result: -1 (04AjkP0jO9U) rdi=0x0000000606E0C098 rsi=0x0000000000000002 rdx=0x0000000000000000 rcx=0x0000000000000000 ret=0x000000080A821799
[LOADER][WARN] Import#10226464 result: -1 (04AjkP0jO9U) rdi=0x0000000606E0C098 rsi=0x0000000000000002 rdx=0x0000000000000000 rcx=0x0000000000000000 ret=0x000000080A821799
[LOADER][WARN] Import#10226477 result: -1 (04AjkP0jO9U) rdi=0x0000000606E0C098 rsi=0x0000000000000002 rdx=0x0000000000000000 rcx=0x0000000000000000 ret=0x000000080A821799
[LOADER][WARN] Import#10226501 result: -1 (04AjkP0jO9U) rdi=0x0000000606E0C098 rsi=0x0000000000000002 rdx=0x0000000000000000 rcx=0x0000000000000000 ret=0x000000080A821799
[LOADER][WARN] Import#10226514 result: -1 (04AjkP0jO9U) rdi=0x0000000606E0C098 rsi=0x0000000000000002 rdx=0x0000000000000000 rcx=0x0000000000000000 ret=0x000000080A821799
[LOADER][WARN] Import#10226533 result: -1 (04AjkP0jO9U) rdi=0x0000000606E0C098 rsi=0x0000000000000002 rdx=0x0000000000000000 rcx=0x0000000000000000 ret=0x000000080A821799
[LOADER][WARN] Import#10226552 result: -1 (04AjkP0jO9U) rdi=0x0000000606E0C098 rsi=0x0000000000000002 rdx=0x0000000000000000 rcx=0x0000000000000000 ret=0x000000080A821799
[LOADER][WARN] Import#10226565 result: -1 (04AjkP0jO9U) rdi=0x0000000606E0C098 rsi=0x0000000000000002 rdx=0x0000000000000000 rcx=0x0000000000000000 ret=0x000000080A821799
[LOADER][WARN] Import#10226584 result: -1 (04AjkP0jO9U) rdi=0x0000000606E0C098 rsi=0x0000000000000002 rdx=0x0000000000000000 rcx=0x0000000000000000 ret=0x000000080A821799
[LOADER][WARN] Import#10226603 result: -1 (04AjkP0jO9U) rdi=0x0000000606E0C098 rsi=0x0000000000000002 rdx=0x0000000000000000 rcx=0x0000000000000000 ret=0x000000080A821799
[LOADER][WARN] Import#10226616 result: -1 (04AjkP0jO9U) rdi=0x0000000606E0C098 rsi=0x0000000000000002 rdx=0x0000000000000000 rcx=0x0000000000000000 ret=0x000000080A821799
[LOADER][WARN] Import#10226635 result: -1 (04AjkP0jO9U) rdi=0x0000000606E0C098 rsi=0x0000000000000002 rdx=0x0000000000000000 rcx=0x0000000000000000 ret=0x000000080A821799
[LOADER][WARN] Import#10226648 result: -1 (04AjkP0jO9U) rdi=0x0000000606E0C098 rsi=0x0000000000000002 rdx=0x0000000000000000 rcx=0x0000000000000000 ret=0x000000080A821799
[LOADER][WARN] Import#10226667 result: -1 (04AjkP0jO9U) rdi=0x0000000606E0C098 rsi=0x0000000000000002 rdx=0x0000000000000000 rcx=0x0000000000000000 ret=0x000000080A821799
[LOADER][WARN] Import#10226680 result: -1 (04AjkP0jO9U) rdi=0x0000000606E0C098 rsi=0x0000000000000002 rdx=0x0000000000000000 rcx=0x0000000000000000 ret=0x000000080A821799
[LOADER][WARN] Import#10978571 result: -1 (04AjkP0jO9U) rdi=0x0000000606E0C098 rsi=0x0000000000000002 rdx=0x0000000000000000 rcx=0x0000000000000000 ret=0x000000080A821799
[LOADER][WARN] Import#10978584 result: -1 (04AjkP0jO9U) rdi=0x0000000606E0C098 rsi=0x0000000000000002 rdx=0x0000000000000000 rcx=0x0000000000000000 ret=0x000000080A821799
Forcing call to sce::Agc::suspendPoint to avoid TRC R5089 breach
[LOADER][WARN] Import#10978603 result: -1 (04AjkP0jO9U) rdi=0x0000000606E0C098 rsi=0x0000000000000002 rdx=0x0000000000000000 rcx=0x0000000000000000 ret=0x000000080A821799
[LOADER][WARN] Import#10978622 result: -1 (04AjkP0jO9U) rdi=0x0000000606E0C098 rsi=0x0000000000000002 rdx=0x0000000000000000 rcx=0x0000000000000000 ret=0x000000080A821799
[LOADER][WARN] Import#10978640 result: -1 (04AjkP0jO9U) rdi=0x0000000606E0C098 rsi=0x0000000000000002 rdx=0x0000000000000000 rcx=0x0000000000000000 ret=0x000000080A821799
[LOADER][WARN] Import#10978659 result: -1 (04AjkP0jO9U) rdi=0x0000000606E0C098 rsi=0x0000000000000002 rdx=0x0000000000000000 rcx=0x0000000000000000 ret=0x000000080A821799
[LOADER][WARN] Import#10978678 result: -1 (04AjkP0jO9U) rdi=0x0000000606E0C098 rsi=0x0000000000000002 rdx=0x0000000000000000 rcx=0x0000000000000000 ret=0x000000080A821799
[LOADER][WARN] Import#10978702 result: -1 (04AjkP0jO9U) rdi=0x0000000606E0C098 rsi=0x0000000000000002 rdx=0x0000000000000000 rcx=0x0000000000000000 ret=0x000000080A821799
[LOADER][WARN] Import#10978715 result: -1 (04AjkP0jO9U) rdi=0x0000000606E0C098 rsi=0x0000000000000002 rdx=0x0000000000000000 rcx=0x0000000000000000 ret=0x000000080A821799
[LOADER][WARN] Import#10978734 result: -1 (04AjkP0jO9U) rdi=0x0000000606E0C098 rsi=0x0000000000000002 rdx=0x0000000000000000 rcx=0x0000000000000000 ret=0x000000080A821799
[LOADER][WARN] Import#10978753 result: -1 (04AjkP0jO9U) rdi=0x0000000606E0C098 rsi=0x0000000000000002 rdx=0x0000000000000000 rcx=0x0000000000000000 ret=0x000000080A821799
[LOADER][WARN] Import#10978766 result: -1 (04AjkP0jO9U) rdi=0x0000000606E0C098 rsi=0x0000000000000002 rdx=0x0000000000000000 rcx=0x0000000000000000 ret=0x000000080A821799
[LOADER][WARN] Import#10978785 result: -1 (04AjkP0jO9U) rdi=0x0000000606E0C098 rsi=0x0000000000000002 rdx=0x0000000000000000 rcx=0x0000000000000000 ret=0x000000080A821799
[LOADER][WARN] Import#10978804 result: -1 (04AjkP0jO9U) rdi=0x0000000606E0C098 rsi=0x0000000000000002 rdx=0x0000000000000000 rcx=0x0000000000000000 ret=0x000000080A821799
[LOADER][WARN] Import#11556609 result: -1 (04AjkP0jO9U) rdi=0x0000000606E0C098 rsi=0x0000000000000002 rdx=0x0000000000000000 rcx=0x0000000000000000 ret=0x000000080A821799
[LOADER][WARN] Import#11556628 result: -1 (04AjkP0jO9U) rdi=0x0000000606E0C098 rsi=0x0000000000000002 rdx=0x0000000000000000 rcx=0x0000000000000000 ret=0x000000080A821799
[LOADER][WARN] Import#11556652 result: -1 (04AjkP0jO9U) rdi=0x0000000606E0C098 rsi=0x0000000000000002 rdx=0x0000000000000000 rcx=0x0000000000000000 ret=0x000000080A821799
[LOADER][WARN] Import#11556665 result: -1 (04AjkP0jO9U) rdi=0x0000000606E0C098 rsi=0x0000000000000002 rdx=0x0000000000000000 rcx=0x0000000000000000 ret=0x000000080A821799
[LOADER][WARN] Import#11556684 result: -1 (04AjkP0jO9U) rdi=0x0000000606E0C098 rsi=0x0000000000000002 rdx=0x0000000000000000 rcx=0x0000000000000000 ret=0x000000080A821799
[LOADER][WARN] Import#11556708 result: -1 (04AjkP0jO9U) rdi=0x0000000606E0C098 rsi=0x0000000000000002 rdx=0x0000000000000000 rcx=0x0000000000000000 ret=0x000000080A821799
[LOADER][WARN] Import#11556721 result: -1 (04AjkP0jO9U) rdi=0x0000000606E0C098 rsi=0x0000000000000002 rdx=0x0000000000000000 rcx=0x0000000000000000 ret=0x000000080A821799
[LOADER][WARN] Import#11556740 result: -1 (04AjkP0jO9U) rdi=0x0000000606E0C098 rsi=0x0000000000000002 rdx=0x0000000000000000 rcx=0x0000000000000000 ret=0x000000080A821799
[LOADER][WARN] Import#11556759 result: -1 (04AjkP0jO9U) rdi=0x0000000606E0C098 rsi=0x0000000000000002 rdx=0x0000000000000000 rcx=0x0000000000000000 ret=0x000000080A821799
[LOADER][WARN] Import#11556772 result: -1 (04AjkP0jO9U) rdi=0x0000000606E0C098 rsi=0x0000000000000002 rdx=0x0000000000000000 rcx=0x0000000000000000 ret=0x000000080A821799
[LOADER][WARN] Import#11556791 result: -1 (04AjkP0jO9U) rdi=0x0000000606E0C098 rsi=0x0000000000000002 rdx=0x0000000000000000 rcx=0x0000000000000000 ret=0x000000080A821799
[LOADER][WARN] Import#11556810 result: -1 (04AjkP0jO9U) rdi=0x0000000606E0C098 rsi=0x0000000000000002 rdx=0x0000000000000000 rcx=0x0000000000000000 ret=0x000000080A821799
[LOADER][WARN] Import#11556823 result: -1 (04AjkP0jO9U) rdi=0x0000000606E0C098 rsi=0x0000000000000002 rdx=0x0000000000000000 rcx=0x0000000000000000 ret=0x000000080A821799
[LOADER][WARN] Import#11556842 result: -1 (04AjkP0jO9U) rdi=0x0000000606E0C098 rsi=0x0000000000000002 rdx=0x0000000000000000 rcx=0x0000000000000000 ret=0x000000080A821799
[LOADER][WARN] Import#11556861 result: -1 (04AjkP0jO9U) rdi=0x0000000606E0C098 rsi=0x0000000000000002 rdx=0x0000000000000000 rcx=0x0000000000000000 ret=0x000000080A821799
[LOADER][WARN] Import#12164362 result: -1 (04AjkP0jO9U) rdi=0x0000000606E0C098 rsi=0x0000000000000002 rdx=0x0000000000000000 rcx=0x0000000000000000 ret=0x000000080A821799
[LOADER][WARN] Import#12164381 result: -1 (04AjkP0jO9U) rdi=0x0000000606E0C098 rsi=0x0000000000000002 rdx=0x0000000000000000 rcx=0x0000000000000000 ret=0x000000080A821799
[LOADER][WARN] Import#12164394 result: -1 (04AjkP0jO9U) rdi=0x0000000606E0C098 rsi=0x0000000000000002 rdx=0x0000000000000000 rcx=0x0000000000000000 ret=0x000000080A821799
[LOADER][WARN] Import#12164413 result: -1 (04AjkP0jO9U) rdi=0x0000000606E0C098 rsi=0x0000000000000002 rdx=0x0000000000000000 rcx=0x0000000000000000 ret=0x000000080A821799
[LOADER][WARN] Import#12164426 result: -1 (04AjkP0jO9U) rdi=0x0000000606E0C098 rsi=0x0000000000000002 rdx=0x0000000000000000 rcx=0x0000000000000000 ret=0x000000080A821799
[LOADER][WARN] Import#12164445 result: -1 (04AjkP0jO9U) rdi=0x0000000606E0C098 rsi=0x0000000000000002 rdx=0x0000000000000000 rcx=0x0000000000000000 ret=0x000000080A821799
[LOADER][WARN] Import#12164458 result: -1 (04AjkP0jO9U) rdi=0x0000000606E0C098 rsi=0x0000000000000002 rdx=0x0000000000000000 rcx=0x0000000000000000 ret=0x000000080A821799
[LOADER][WARN] Import#12164477 result: -1 (04AjkP0jO9U) rdi=0x0000000606E0C098 rsi=0x0000000000000002 rdx=0x0000000000000000 rcx=0x0000000000000000 ret=0x000000080A821799
[LOADER][WARN] Import#12164490 result: -1 (04AjkP0jO9U) rdi=0x0000000606E0C098 rsi=0x0000000000000002 rdx=0x0000000000000000 rcx=0x0000000000000000 ret=0x000000080A821799
[LOADER][WARN] Import#12164509 result: -1 (04AjkP0jO9U) rdi=0x0000000606E0C098 rsi=0x0000000000000002 rdx=0x0000000000000000 rcx=0x0000000000000000 ret=0x000000080A821799
[LOADER][WARN] Import#12164528 result: -1 (04AjkP0jO9U) rdi=0x0000000606E0C098 rsi=0x0000000000000002 rdx=0x0000000000000000 rcx=0x0000000000000000 ret=0x000000080A821799
[LOADER][WARN] Import#12164546 result: -1 (04AjkP0jO9U) rdi=0x0000000606E0C098 rsi=0x0000000000000002 rdx=0x0000000000000000 rcx=0x0000000000000000 ret=0x000000080A821799
[LOADER][WARN] Import#12164565 result: -1 (04AjkP0jO9U) rdi=0x0000000606E0C098 rsi=0x0000000000000002 rdx=0x0000000000000000 rcx=0x0000000000000000 ret=0x000000080A821799
[LOADER][WARN] Import#12164584 result: -1 (04AjkP0jO9U) rdi=0x0000000606E0C098 rsi=0x0000000000000002 rdx=0x0000000000000000 rcx=0x0000000000000000 ret=0x000000080A821799
[LOADER][WARN] Import#12164603 result: -1 (04AjkP0jO9U) rdi=0x0000000606E0C098 rsi=0x0000000000000002 rdx=0x0000000000000000 rcx=0x0000000000000000 ret=0x000000080A821799
[LOADER][WARN] Import#12954376 result: -1 (04AjkP0jO9U) rdi=0x0000000606E0C098 rsi=0x0000000000000002 rdx=0x0000000000000000 rcx=0x0000000000000000 ret=0x000000080A821799
[LOADER][WARN] Import#12954395 result: -1 (04AjkP0jO9U) rdi=0x0000000606E0C098 rsi=0x0000000000000002 rdx=0x0000000000000000 rcx=0x0000000000000000 ret=0x000000080A821799
[LOADER][WARN] Import#12954414 result: -1 (04AjkP0jO9U) rdi=0x0000000606E0C098 rsi=0x0000000000000002 rdx=0x0000000000000000 rcx=0x0000000000000000 ret=0x000000080A821799
[LOADER][WARN] Import#12954427 result: -1 (04AjkP0jO9U) rdi=0x0000000606E0C098 rsi=0x0000000000000002 rdx=0x0000000000000000 rcx=0x0000000000000000 ret=0x000000080A821799
[LOADER][WARN] Import#12954446 result: -1 (04AjkP0jO9U) rdi=0x0000000606E0C098 rsi=0x0000000000000002 rdx=0x0000000000000000 rcx=0x0000000000000000 ret=0x000000080A821799
[LOADER][WARN] Import#12954459 result: -1 (04AjkP0jO9U) rdi=0x0000000606E0C098 rsi=0x0000000000000002 rdx=0x0000000000000000 rcx=0x0000000000000000 ret=0x000000080A821799
[LOADER][WARN] Import#12954478 result: -1 (04AjkP0jO9U) rdi=0x0000000606E0C098 rsi=0x0000000000000002 rdx=0x0000000000000000 rcx=0x0000000000000000 ret=0x000000080A821799
[LOADER][WARN] Import#12954491 result: -1 (04AjkP0jO9U) rdi=0x0000000606E0C098 rsi=0x0000000000000002 rdx=0x0000000000000000 rcx=0x0000000000000000 ret=0x000000080A821799
[LOADER][WARN] Import#12954510 result: -1 (04AjkP0jO9U) rdi=0x0000000606E0C098 rsi=0x0000000000000002 rdx=0x0000000000000000 rcx=0x0000000000000000 ret=0x000000080A821799
[LOADER][WARN] Import#12954529 result: -1 (04AjkP0jO9U) rdi=0x0000000606E0C098 rsi=0x0000000000000002 rdx=0x0000000000000000 rcx=0x0000000000000000 ret=0x000000080A821799
[LOADER][WARN] Import#12954542 result: -1 (04AjkP0jO9U) rdi=0x0000000606E0C098 rsi=0x0000000000000002 rdx=0x0000000000000000 rcx=0x0000000000000000 ret=0x000000080A821799
[LOADER][WARN] Import#12954561 result: -1 (04AjkP0jO9U) rdi=0x0000000606E0C098 rsi=0x0000000000000002 rdx=0x0000000000000000 rcx=0x0000000000000000 ret=0x000000080A821799
[LOADER][WARN] Import#12954580 result: -1 (04AjkP0jO9U) rdi=0x0000000606E0C098 rsi=0x0000000000000002 rdx=0x0000000000000000 rcx=0x0000000000000000 ret=0x000000080A821799
[LOADER][WARN] Import#12954593 result: -1 (04AjkP0jO9U) rdi=0x0000000606E0C098 rsi=0x0000000000000002 rdx=0x0000000000000000 rcx=0x0000000000000000 ret=0x000000080A821799
[LOADER][WARN] Import#12954612 result: -1 (04AjkP0jO9U) rdi=0x0000000606E0C098 rsi=0x0000000000000002 rdx=0x0000000000000000 rcx=0x0000000000000000 ret=0x000000080A821799
[LOADER][WARN] Import#13765383 result: -1 (04AjkP0jO9U) rdi=0x0000000606E0C098 rsi=0x0000000000000002 rdx=0x0000000000000000 rcx=0x0000000000000000 ret=0x000000080A821799
[LOADER][WARN] Import#13765396 result: -1 (04AjkP0jO9U) rdi=0x0000000606E0C098 rsi=0x0000000000000002 rdx=0x0000000000000000 rcx=0x0000000000000000 ret=0x000000080A821799
[LOADER][WARN] Import#13765415 result: -1 (04AjkP0jO9U) rdi=0x0000000606E0C098 rsi=0x0000000000000002 rdx=0x0000000000000000 rcx=0x0000000000000000 ret=0x000000080A821799
[LOADER][WARN] Import#13765428 result: -1 (04AjkP0jO9U) rdi=0x0000000606E0C098 rsi=0x0000000000000002 rdx=0x0000000000000000 rcx=0x0000000000000000 ret=0x000000080A821799
[LOADER][WARN] Import#13765452 result: -1 (04AjkP0jO9U) rdi=0x0000000606E0C098 rsi=0x0000000000000002 rdx=0x0000000000000000 rcx=0x0000000000000000 ret=0x000000080A821799
[LOADER][WARN] Import#13765465 result: -1 (04AjkP0jO9U) rdi=0x0000000606E0C098 rsi=0x0000000000000002 rdx=0x0000000000000000 rcx=0x0000000000000000 ret=0x000000080A821799
[LOADER][WARN] Import#13765484 result: -1 (04AjkP0jO9U) rdi=0x0000000606E0C098 rsi=0x0000000000000002 rdx=0x0000000000000000 rcx=0x0000000000000000 ret=0x000000080A821799
[LOADER][WARN] Import#13765497 result: -1 (04AjkP0jO9U) rdi=0x0000000606E0C098 rsi=0x0000000000000002 rdx=0x0000000000000000 rcx=0x0000000000000000 ret=0x000000080A821799
[LOADER][WARN] Import#13765516 result: -1 (04AjkP0jO9U) rdi=0x0000000606E0C098 rsi=0x0000000000000002 rdx=0x0000000000000000 rcx=0x0000000000000000 ret=0x000000080A821799
[LOADER][WARN] Import#13765529 result: -1 (04AjkP0jO9U) rdi=0x0000000606E0C098 rsi=0x0000000000000002 rdx=0x0000000000000000 rcx=0x0000000000000000 ret=0x000000080A821799
[LOADER][WARN] Import#13765548 result: -1 (04AjkP0jO9U) rdi=0x0000000606E0C098 rsi=0x0000000000000002 rdx=0x0000000000000000 rcx=0x0000000000000000 ret=0x000000080A821799
[LOADER][WARN] Import#13765561 result: -1 (04AjkP0jO9U) rdi=0x0000000606E0C098 rsi=0x0000000000000002 rdx=0x0000000000000000 rcx=0x0000000000000000 ret=0x000000080A821799
[LOADER][WARN] Import#13765580 result: -1 (04AjkP0jO9U) rdi=0x0000000606E0C098 rsi=0x0000000000000002 rdx=0x0000000000000000 rcx=0x0000000000000000 ret=0x000000080A821799
[LOADER][WARN] Import#13765599 result: -1 (04AjkP0jO9U) rdi=0x0000000606E0C098 rsi=0x0000000000000002 rdx=0x0000000000000000 rcx=0x0000000000000000 ret=0x000000080A821799
[LOADER][WARN] Import#13765612 result: -1 (04AjkP0jO9U) rdi=0x0000000606E0C098 rsi=0x0000000000000002 rdx=0x0000000000000000 rcx=0x0000000000000000 ret=0x000000080A821799
[LOADER][WARN] Import#13765631 result: -1 (04AjkP0jO9U) rdi=0x0000000606E0C098 rsi=0x0000000000000002 rdx=0x0000000000000000 rcx=0x0000000000000000 ret=0x000000080A821799
[LOADER][WARN] Import#14571794 result: -1 (04AjkP0jO9U) rdi=0x0000000606E0C098 rsi=0x0000000000000002 rdx=0x0000000000000000 rcx=0x0000000000000000 ret=0x000000080A821799
[LOADER][WARN] Import#14571818 result: -1 (04AjkP0jO9U) rdi=0x0000000606E0C098 rsi=0x0000000000000002 rdx=0x0000000000000000 rcx=0x0000000000000000 ret=0x000000080A821799
[LOADER][WARN] Import#14571831 result: -1 (04AjkP0jO9U) rdi=0x0000000606E0C098 rsi=0x0000000000000002 rdx=0x0000000000000000 rcx=0x0000000000000000 ret=0x000000080A821799
[LOADER][WARN] Import#14571850 result: -1 (04AjkP0jO9U) rdi=0x0000000606E0C098 rsi=0x0000000000000002 rdx=0x0000000000000000 rcx=0x0000000000000000 ret=0x000000080A821799
[LOADER][WARN] Import#14571863 result: -1 (04AjkP0jO9U) rdi=0x0000000606E0C098 rsi=0x0000000000000002 rdx=0x0000000000000000 rcx=0x0000000000000000 ret=0x000000080A821799
[LOADER][WARN] Import#14571882 result: -1 (04AjkP0jO9U) rdi=0x0000000606E0C098 rsi=0x0000000000000002 rdx=0x0000000000000000 rcx=0x0000000000000000 ret=0x000000080A821799
[LOADER][WARN] Import#14571895 result: -1 (04AjkP0jO9U) rdi=0x0000000606E0C098 rsi=0x0000000000000002 rdx=0x0000000000000000 rcx=0x0000000000000000 ret=0x000000080A821799
[LOADER][WARN] Import#14571914 result: -1 (04AjkP0jO9U) rdi=0x0000000606E0C098 rsi=0x0000000000000002 rdx=0x0000000000000000 rcx=0x0000000000000000 ret=0x000000080A821799
[LOADER][WARN] Import#14571933 result: -1 (04AjkP0jO9U) rdi=0x0000000606E0C098 rsi=0x0000000000000002 rdx=0x0000000000000000 rcx=0x0000000000000000 ret=0x000000080A821799
[LOADER][WARN] Import#14571946 result: -1 (04AjkP0jO9U) rdi=0x0000000606E0C098 rsi=0x0000000000000002 rdx=0x0000000000000000 rcx=0x0000000000000000 ret=0x000000080A821799
[LOADER][WARN] Import#14571965 result: -1 (04AjkP0jO9U) rdi=0x0000000606E0C098 rsi=0x0000000000000002 rdx=0x0000000000000000 rcx=0x0000000000000000 ret=0x000000080A821799
[LOADER][WARN] Import#14571984 result: -1 (04AjkP0jO9U) rdi=0x0000000606E0C098 rsi=0x0000000000000002 rdx=0x0000000000000000 rcx=0x0000000000000000 ret=0x000000080A821799
[LOADER][WARN] Import#14571997 result: -1 (04AjkP0jO9U) rdi=0x0000000606E0C098 rsi=0x0000000000000002 rdx=0x0000000000000000 rcx=0x0000000000000000 ret=0x000000080A821799
[LOADER][WARN] Import#14572016 result: -1 (04AjkP0jO9U) rdi=0x0000000606E0C098 rsi=0x0000000000000002 rdx=0x0000000000000000 rcx=0x0000000000000000 ret=0x000000080A821799
[LOADER][WARN] Import#15377411 result: -1 (04AjkP0jO9U) rdi=0x0000000606E0C098 rsi=0x0000000000000002 rdx=0x0000000000000000 rcx=0x0000000000000000 ret=0x000000080A821799
[LOADER][WARN] Import#15377424 result: -1 (04AjkP0jO9U) rdi=0x0000000606E0C098 rsi=0x0000000000000002 rdx=0x0000000000000000 rcx=0x0000000000000000 ret=0x000000080A821799
[LOADER][WARN] Import#15377443 result: -1 (04AjkP0jO9U) rdi=0x0000000606E0C098 rsi=0x0000000000000002 rdx=0x0000000000000000 rcx=0x0000000000000000 ret=0x000000080A821799
[LOADER][WARN] Import#15377462 result: -1 (04AjkP0jO9U) rdi=0x0000000606E0C098 rsi=0x0000000000000002 rdx=0x0000000000000000 rcx=0x0000000000000000 ret=0x000000080A821799
[LOADER][WARN] Import#15377475 result: -1 (04AjkP0jO9U) rdi=0x0000000606E0C098 rsi=0x0000000000000002 rdx=0x0000000000000000 rcx=0x0000000000000000 ret=0x000000080A821799
[LOADER][WARN] Import#15377494 result: -1 (04AjkP0jO9U) rdi=0x0000000606E0C098 rsi=0x0000000000000002 rdx=0x0000000000000000 rcx=0x0000000000000000 ret=0x000000080A821799
[LOADER][WARN] Import#15377507 result: -1 (04AjkP0jO9U) rdi=0x0000000606E0C098 rsi=0x0000000000000002 rdx=0x0000000000000000 rcx=0x0000000000000000 ret=0x000000080A821799
[LOADER][WARN] Import#15377526 result: -1 (04AjkP0jO9U) rdi=0x0000000606E0C098 rsi=0x0000000000000002 rdx=0x0000000000000000 rcx=0x0000000000000000 ret=0x000000080A821799
[LOADER][WARN] Import#15377539 result: -1 (04AjkP0jO9U) rdi=0x0000000606E0C098 rsi=0x0000000000000002 rdx=0x0000000000000000 rcx=0x0000000000000000 ret=0x000000080A821799
[LOADER][WARN] Import#15377558 result: -1 (04AjkP0jO9U) rdi=0x0000000606E0C098 rsi=0x0000000000000002 rdx=0x0000000000000000 rcx=0x0000000000000000 ret=0x000000080A821799
[LOADER][WARN] Import#15377571 result: -1 (04AjkP0jO9U) rdi=0x0000000606E0C098 rsi=0x0000000000000002 rdx=0x0000000000000000 rcx=0x0000000000000000 ret=0x000000080A821799
[LOADER][WARN] Import#15377590 result: -1 (04AjkP0jO9U) rdi=0x0000000606E0C098 rsi=0x0000000000000002 rdx=0x0000000000000000 rcx=0x0000000000000000 ret=0x000000080A821799
[LOADER][WARN] Import#15377609 result: -1 (04AjkP0jO9U) rdi=0x0000000606E0C098 rsi=0x0000000000000002 rdx=0x0000000000000000 rcx=0x0000000000000000 ret=0x000000080A821799
[LOADER][WARN] Import#15377628 result: -1 (04AjkP0jO9U) rdi=0x0000000606E0C098 rsi=0x0000000000000002 rdx=0x0000000000000000 rcx=0x0000000000000000 ret=0x000000080A821799
[LOADER][WARN] Import#15377646 result: -1 (04AjkP0jO9U) rdi=0x0000000606E0C098 rsi=0x0000000000000002 rdx=0x0000000000000000 rcx=0x0000000000000000 ret=0x000000080A821799
[LOADER][WARN] Import#16212737 result: -1 (04AjkP0jO9U) rdi=0x0000000606E0C098 rsi=0x0000000000000002 rdx=0x0000000000000000 rcx=0x0000000000000000 ret=0x000000080A821799
[LOADER][WARN] Import#16212756 result: -1 (04AjkP0jO9U) rdi=0x0000000606E0C098 rsi=0x0000000000000002 rdx=0x0000000000000000 rcx=0x0000000000000000 ret=0x000000080A821799
[LOADER][WARN] Import#16212769 result: -1 (04AjkP0jO9U) rdi=0x0000000606E0C098 rsi=0x0000000000000002 rdx=0x0000000000000000 rcx=0x0000000000000000 ret=0x000000080A821799
[LOADER][WARN] Import#16212788 result: -1 (04AjkP0jO9U) rdi=0x0000000606E0C098 rsi=0x0000000000000002 rdx=0x0000000000000000 rcx=0x0000000000000000 ret=0x000000080A821799
[LOADER][WARN] Import#16212801 result: -1 (04AjkP0jO9U) rdi=0x0000000606E0C098 rsi=0x0000000000000002 rdx=0x0000000000000000 rcx=0x0000000000000000 ret=0x000000080A821799
[LOADER][WARN] Import#16212820 result: -1 (04AjkP0jO9U) rdi=0x0000000606E0C098 rsi=0x0000000000000002 rdx=0x0000000000000000 rcx=0x0000000000000000 ret=0x000000080A821799
[LOADER][WARN] Import#16212833 result: -1 (04AjkP0jO9U) rdi=0x0000000606E0C098 rsi=0x0000000000000002 rdx=0x0000000000000000 rcx=0x0000000000000000 ret=0x000000080A821799
[LOADER][WARN] Import#16212852 result: -1 (04AjkP0jO9U) rdi=0x0000000606E0C098 rsi=0x0000000000000002 rdx=0x0000000000000000 rcx=0x0000000000000000 ret=0x000000080A821799
Forcing call to sce::Agc::suspendPoint to avoid TRC R5089 breach
Forcing call to sce::Agc::suspendPoint to avoid TRC R5089 breach
[LOADER][INFO] sceKernelLoadStartModule started 'PSN.prx' at 0x000000080B63E010
[LOADER][WARN] sceKernelDlsym failed: handle=0xA symbol='UnitySetGraphicsDevice'
[LOADER][WARN] sceKernelDlsym failed: handle=0xA symbol='UnityRenderEvent'
[LOADER][WARN] sceKernelDlsym failed: handle=0xA symbol='UnityGetAudioEffectDefinitions'
[LOADER][WARN] sceKernelDlsym failed: handle=0xA symbol='UnityPluginLoad'
[LOADER][WARN] sceKernelDlsym failed: handle=0xA symbol='UnityPluginUnload'
[LOADER][WARN] sceKernelDlsym failed: handle=0xA symbol='UnityRenderingExtEvent'
[LOADER][WARN] sceKernelDlsym failed: handle=0xA symbol='UnityRenderingExtQuery'
[LOADER][WARN] sceKernelDlsym failed: handle=0xA symbol='UnityShaderCompilerExtEvent'
[LOADER][WARN] sceKernelDlsym failed: handle=0xA symbol='UnitySetEventQueue'
[LOADER][WARN] sceKernelDlsym failed: handle=0xA symbol='UnitySetGraphicsDevice'
[LOADER][WARN] sceKernelDlsym failed: handle=0xA symbol='UnityRenderEvent'
[LOADER][WARN] sceKernelDlsym failed: handle=0xA symbol='UnityGetAudioEffectDefinitions'
[LOADER][WARN] sceKernelDlsym failed: handle=0xA symbol='UnityPluginLoad'
[LOADER][WARN] sceKernelDlsym failed: handle=0xA symbol='UnityPluginUnload'
[LOADER][WARN] sceKernelDlsym failed: handle=0xA symbol='UnityRenderingExtEvent'
[LOADER][WARN] sceKernelDlsym failed: handle=0xA symbol='UnityRenderingExtQuery'
[LOADER][WARN] sceKernelDlsym failed: handle=0xA symbol='UnityShaderCompilerExtEvent'
[LOADER][INFO] Scheduled guest thread 'Thread-1D04E4E70A0' handle=0x000001D04E4E70A0 entry=0x0000000804F40B30 arg=0x0000000107C603E0 priority=700 host_priority=Normal affinity=0x3C
[LOADER][INFO] Scheduled guest thread 'Thread-1D04E4E80B0' handle=0x000001D04E4E80B0 entry=0x0000000804F40B30 arg=0x0000000107C72540 priority=700 host_priority=Normal affinity=0x3C
[LOADER][WARN] sceKernelDlsym failed: handle=0xA symbol='UnitySetGraphicsDevice'
[LOADER][WARN] sceKernelDlsym failed: handle=0xA symbol='UnityRenderEvent'
[LOADER][WARN] sceKernelDlsym failed: handle=0xA symbol='UnityGetAudioEffectDefinitions'
[LOADER][WARN] sceKernelDlsym failed: handle=0xA symbol='UnityPluginLoad'
[LOADER][WARN] sceKernelDlsym failed: handle=0xA symbol='UnityPluginUnload'
[LOADER][WARN] sceKernelDlsym failed: handle=0xA symbol='UnityRenderingExtEvent'
[LOADER][WARN] sceKernelDlsym failed: handle=0xA symbol='UnityRenderingExtQuery'
[LOADER][WARN] sceKernelDlsym failed: handle=0xA symbol='UnityShaderCompilerExtEvent'
[LOADER][INFO] Scheduled guest thread 'Thread-1D04E4E90C0' handle=0x000001D04E4E90C0 entry=0x0000000804F40B30 arg=0x0000000107C7EEA0 priority=700 host_priority=Normal affinity=0x3C
[LOADER][INFO] Scheduled guest thread 'Thread-1D04E4E6090' handle=0x000001D04E4E6090 entry=0x0000000804F40B30 arg=0x0000000107C8CDC0 priority=700 host_priority=Normal affinity=0x3C
[LOADER][INFO] Scheduled guest thread 'Thread-1D04E4ED100' handle=0x000001D04E4ED100 entry=0x0000000804F40B30 arg=0x0000000107C9EDE0 priority=700 host_priority=Normal affinity=0x3C
[LOADER][INFO] Scheduled guest thread 'Thread-1D04E4EB0E0' handle=0x000001D04E4EB0E0 entry=0x0000000804F40B30 arg=0x0000000107CB0000 priority=700 host_priority=Normal affinity=0x3C
[LOADER][INFO] Scheduled guest thread 'Thread-1D04E4EA0D0' handle=0x000001D04E4EA0D0 entry=0x0000000804F40B30 arg=0x0000000107CB4DC0 priority=700 host_priority=Normal affinity=0x3C
[LOADER][INFO] Scheduled guest thread 'Thread-1D04E4EC0F0' handle=0x000001D04E4EC0F0 entry=0x0000000804F40B30 arg=0x0000000107CB5200 priority=700 host_priority=Normal affinity=0x3C
[LOADER][INFO] Scheduled guest thread 'Thread-1D04E4F1140' handle=0x000001D04E4F1140 entry=0x0000000804F40B30 arg=0x0000000107CB9F80 priority=700 host_priority=Normal affinity=0x3C
[LOADER][INFO] Scheduled guest thread 'Thread-1D04E4EE110' handle=0x000001D04E4EE110 entry=0x0000000804F40B30 arg=0x0000000107CBED00 priority=700 host_priority=Normal affinity=0x3C
[LOADER][INFO] Scheduled guest thread 'Thread-1D04E4F2150' handle=0x000001D04E4F2150 entry=0x0000000804F40B30 arg=0x0000000107CC4360 priority=700 host_priority=Normal affinity=0x3C
[LOADER][INFO] Scheduled guest thread 'Thread-1D04E4EF120' handle=0x000001D04E4EF120 entry=0x0000000804F40B30 arg=0x0000000107CC8840 priority=700 host_priority=Normal affinity=0x3C
[LOADER][INFO] Scheduled guest thread 'Thread-1D04E4F3160' handle=0x000001D04E4F3160 entry=0x0000000804F40B30 arg=0x0000000107CD1F40 priority=700 host_priority=Normal affinity=0x3C
[LOADER][INFO] Scheduled guest thread 'Thread-1D04E4F0130' handle=0x000001D04E4F0130 entry=0x0000000804F40B30 arg=0x0000000107CD23A0 priority=700 host_priority=Normal affinity=0x3C
[LOADER][INFO] Scheduled guest thread 'Thread-1D04E4F5180' handle=0x000001D04E4F5180 entry=0x0000000804F40B30 arg=0x0000000107CDBB00 priority=700 host_priority=Normal affinity=0x3C
[LOADER][INFO] Scheduled guest thread 'Thread-1D04E4F4170' handle=0x000001D04E4F4170 entry=0x0000000804F40B30 arg=0x0000000107CDC8A0 priority=700 host_priority=Normal affinity=0x3C
[LOADER][INFO] sceKernelLoadStartModule started 'SaveData.prx' at 0x000000080B8BB010
[LOADER][WARN] sceKernelDlsym failed: handle=0xB symbol='UnitySetGraphicsDevice'
[LOADER][WARN] sceKernelDlsym failed: handle=0xB symbol='UnityRenderEvent'
[LOADER][WARN] sceKernelDlsym failed: handle=0xB symbol='UnityGetAudioEffectDefinitions'
[LOADER][WARN] sceKernelDlsym failed: handle=0xB symbol='UnityPluginLoad'
[LOADER][WARN] sceKernelDlsym failed: handle=0xB symbol='UnityPluginUnload'
[LOADER][WARN] sceKernelDlsym failed: handle=0xB symbol='UnityRenderingExtEvent'
[LOADER][WARN] sceKernelDlsym failed: handle=0xB symbol='UnityRenderingExtQuery'
[LOADER][WARN] sceKernelDlsym failed: handle=0xB symbol='UnityShaderCompilerExtEvent'
[LOADER][WARN] sceKernelDlsym failed: handle=0xB symbol='UnitySetEventQueue'
[LOADER][INFO] Scheduled guest thread 'Thread-1D04E4F71A0' handle=0x000001D04E4F71A0 entry=0x0000000804F40B30 arg=0x0000000107CAB1E0 priority=700 host_priority=Normal affinity=0x3C
[LOADER][WARN] sceKernelDlsym failed: handle=0xB symbol='UnitySetGraphicsDevice'
[LOADER][WARN] sceKernelDlsym failed: handle=0xB symbol='UnityRenderEvent'
[LOADER][WARN] sceKernelDlsym failed: handle=0xB symbol='UnityGetAudioEffectDefinitions'
[LOADER][WARN] sceKernelDlsym failed: handle=0xB symbol='UnityPluginLoad'
[LOADER][WARN] sceKernelDlsym failed: handle=0xB symbol='UnityPluginUnload'
[LOADER][WARN] sceKernelDlsym failed: handle=0xB symbol='UnityRenderingExtEvent'
[LOADER][WARN] sceKernelDlsym failed: handle=0xB symbol='UnityRenderingExtQuery'
[LOADER][WARN] sceKernelDlsym failed: handle=0xB symbol='UnityShaderCompilerExtEvent'
[LOADER][INFO] Scheduled guest thread 'Thread-1D04E4F6190' handle=0x000001D04E4F6190 entry=0x0000000804F40B30 arg=0x0000000107EFBB20 priority=700 host_priority=Normal affinity=0x3C
[LOADER][INFO] Scheduled guest thread 'Thread-1D04E4F81B0' handle=0x000001D04E4F81B0 entry=0x0000000804F40B30 arg=0x0000000107EFBF00 priority=700 host_priority=Normal affinity=0x3C
[LOADER][WARN] sceKernelDlsym failed: handle=0xA symbol='UnitySetGraphicsDevice'
[LOADER][WARN] sceKernelDlsym failed: handle=0xA symbol='UnityRenderEvent'
[LOADER][WARN] sceKernelDlsym failed: handle=0xA symbol='UnityGetAudioEffectDefinitions'
[LOADER][WARN] sceKernelDlsym failed: handle=0xA symbol='UnityPluginLoad'
[LOADER][WARN] sceKernelDlsym failed: handle=0xA symbol='UnityPluginUnload'
[LOADER][WARN] sceKernelDlsym failed: handle=0xA symbol='UnityRenderingExtEvent'
[LOADER][WARN] sceKernelDlsym failed: handle=0xA symbol='UnityRenderingExtQuery'
[LOADER][WARN] sceKernelDlsym failed: handle=0xA symbol='UnityShaderCompilerExtEvent'
[LOADER][WARN] Import#17826296 unresolved: nid=VkqLPArfFdc ret=0x000000080137FD70 rdi=0x0000000000000000 rsi=0x0000000801EFE428 rdx=0x00000006007B4660 rcx=0x0000000000000001 r8=0x0000000000000000 r9=0x000000007FFEB000
[LOADER][WARN] Import#17826843 unresolved: nid=VAzswvTOCzI ret=0x0000000804F3DF13 rdi=0x0000000108219A20 rsi=0x00007FFFF01FADDC rdx=0x0000000108223800 rcx=0x00000008096C7FA8 r8=0x0000000000000100 r9=0x0000000000000000
[LOADER][WARN] Import#17826860 result: -1 (E6ao34wPw+U) rdi=0x00007FFFF01FADC0 rsi=0x00007FFFF01FAD00 rdx=0x00000001080501E8 rcx=0x00000008096CF418 ret=0x0000000804F38BFB
[LOADER][WARN] Import#17826864 result: -1 (E6ao34wPw+U) rdi=0x00007FFFF01FADC0 rsi=0x00007FFFF01FAD20 rdx=0x00000001080501E8 rcx=0x00000008096CF418 ret=0x0000000804F38D06
[LOADER][WARN] sceKernelDlsym failed: handle=0xA symbol='UnitySetGraphicsDevice'
[LOADER][WARN] sceKernelDlsym failed: handle=0xA symbol='UnityRenderEvent'
[LOADER][WARN] sceKernelDlsym failed: handle=0xA symbol='UnityGetAudioEffectDefinitions'
[LOADER][WARN] sceKernelDlsym failed: handle=0xA symbol='UnityPluginLoad'
[LOADER][WARN] sceKernelDlsym failed: handle=0xA symbol='UnityPluginUnload'
[LOADER][WARN] sceKernelDlsym failed: handle=0xA symbol='UnityRenderingExtEvent'
[LOADER][WARN] sceKernelDlsym failed: handle=0xA symbol='UnityRenderingExtQuery'
[LOADER][WARN] sceKernelDlsym failed: handle=0xA symbol='UnityShaderCompilerExtEvent'
[LOADER][INFO] Scheduled guest thread 'Thread-1D04E4FA1D0' handle=0x000001D04E4FA1D0 entry=0x000000080038C4D0 arg=0x00000001081D81C0 priority=700 host_priority=Normal affinity=0x7F
[LOADER][INFO] Scheduled guest thread 'EnlightenWorker' handle=0x000001D04E4FB1E0 entry=0x0000000800B68880 arg=0x0000000608ABC5B0 priority=700 host_priority=Normal affinity=0x7F
[LOADER][WARN] Import#17726105 result: ORBIS_GEN2_ERROR_NOT_FOUND (EwNylPdWUTM) rdi=0x0000000000000001 rsi=0x0000000000000001 rdx=0x0000000000000001 rcx=0x00007FFF9D1FF6C0 ret=0x000000080B663434
[LOADER][WARN] Import#17861975 result: ORBIS_GEN2_ERROR_NOT_FOUND (EwNylPdWUTM) rdi=0x0000000000000001 rsi=0x0000000000000001 rdx=0x0000000000000002 rcx=0x00007FFF9D1FF6C0 ret=0x000000080B663434
[LOADER][TRACE] vk.ordered_action_fence_wait count=2 queue=dcb.graphics submission='SharpEmu compute cs=0x0000000601D4C800 768x1x1'
[LOADER][WARN] Import#17862123 result: ORBIS_GEN2_ERROR_NOT_FOUND (EwNylPdWUTM) rdi=0x0000000000000001 rsi=0x0000000000000001 rdx=0x0000000000000003 rcx=0x00007FFF9D1FF6C0 ret=0x000000080B663434
[LOADER][WARN] Import#17863022 result: ORBIS_GEN2_ERROR_NOT_FOUND (EwNylPdWUTM) rdi=0x0000000000000001 rsi=0x0000000000000001 rdx=0x0000000000000004 rcx=0x00007FFF9D1FF6C0 ret=0x000000080B663434
[LOADER][WARN] Import#17863153 result: ORBIS_GEN2_ERROR_NOT_FOUND (EwNylPdWUTM) rdi=0x0000000000000001 rsi=0x0000000000000001 rdx=0x0000000000000005 rcx=0x00007FFF9D1FF6C0 ret=0x000000080B663434
[LOADER][WARN] Import#17863288 result: ORBIS_GEN2_ERROR_NOT_FOUND (EwNylPdWUTM) rdi=0x0000000000000001 rsi=0x0000000000000001 rdx=0x0000000000000006 rcx=0x00007FFF9D1FF6C0 ret=0x000000080B663434
[LOADER][WARN] Import#17863417 result: ORBIS_GEN2_ERROR_NOT_FOUND (EwNylPdWUTM) rdi=0x0000000000000001 rsi=0x0000000000000001 rdx=0x0000000000000007 rcx=0x00007FFF9D1FF6C0 ret=0x000000080B663434
[LOADER][WARN] Import#17863804 result: ORBIS_GEN2_ERROR_NOT_FOUND (EwNylPdWUTM) rdi=0x0000000000000001 rsi=0x0000000000000001 rdx=0x0000000000000008 rcx=0x00007FFF9D1FF6C0 ret=0x000000080B663434
[LOADER][WARN] Import#17863933 result: ORBIS_GEN2_ERROR_NOT_FOUND (EwNylPdWUTM) rdi=0x0000000000000001 rsi=0x0000000000000001 rdx=0x0000000000000009 rcx=0x00007FFF9D1FF6C0 ret=0x000000080B663434
[LOADER][WARN] Import#17864066 result: ORBIS_GEN2_ERROR_NOT_FOUND (EwNylPdWUTM) rdi=0x0000000000000001 rsi=0x0000000000000001 rdx=0x000000000000000A rcx=0x00007FFF9D1FF6C0 ret=0x000000080B663434
[LOADER][WARN] Import#17864197 result: ORBIS_GEN2_ERROR_NOT_FOUND (EwNylPdWUTM) rdi=0x0000000000000001 rsi=0x0000000000000001 rdx=0x000000000000000B rcx=0x00007FFF9D1FF6C0 ret=0x000000080B663434
[LOADER][WARN] Import#17864326 result: ORBIS_GEN2_ERROR_NOT_FOUND (EwNylPdWUTM) rdi=0x0000000000000001 rsi=0x0000000000000001 rdx=0x000000000000000C rcx=0x00007FFF9D1FF6C0 ret=0x000000080B663434
[LOADER][WARN] Import#17864457 result: ORBIS_GEN2_ERROR_NOT_FOUND (EwNylPdWUTM) rdi=0x0000000000000001 rsi=0x0000000000000001 rdx=0x000000000000000D rcx=0x00007FFF9D1FF6C0 ret=0x000000080B663434
[LOADER][WARN] Import#17864590 result: ORBIS_GEN2_ERROR_NOT_FOUND (EwNylPdWUTM) rdi=0x0000000000000001 rsi=0x0000000000000001 rdx=0x000000000000000E rcx=0x00007FFF9D1FF6C0 ret=0x000000080B663434
[LOADER][WARN] Import#17864721 result: ORBIS_GEN2_ERROR_NOT_FOUND (EwNylPdWUTM) rdi=0x0000000000000001 rsi=0x0000000000000001 rdx=0x000000000000000F rcx=0x00007FFF9D1FF6C0 ret=0x000000080B663434
[LOADER][WARN] Import#17864850 result: ORBIS_GEN2_ERROR_NOT_FOUND (EwNylPdWUTM) rdi=0x0000000000000001 rsi=0x0000000000000001 rdx=0x0000000000000010 rcx=0x00007FFF9D1FF6C0 ret=0x000000080B663434
[LOADER][WARN] Import#17864981 result: ORBIS_GEN2_ERROR_NOT_FOUND (EwNylPdWUTM) rdi=0x0000000000000001 rsi=0x0000000000000001 rdx=0x0000000000000011 rcx=0x00007FFF9D1FF6C0 ret=0x000000080B663434
[LOADER][WARN] Import#17865116 result: ORBIS_GEN2_ERROR_NOT_FOUND (EwNylPdWUTM) rdi=0x0000000000000001 rsi=0x0000000000000001 rdx=0x0000000000000012 rcx=0x00007FFF9D1FF6C0 ret=0x000000080B663434
[LOADER][WARN] Import#17865245 result: ORBIS_GEN2_ERROR_NOT_FOUND (EwNylPdWUTM) rdi=0x0000000000000001 rsi=0x0000000000000001 rdx=0x0000000000000013 rcx=0x00007FFF9D1FF6C0 ret=0x000000080B663434
[LOADER][WARN] Import#17865374 result: ORBIS_GEN2_ERROR_NOT_FOUND (EwNylPdWUTM) rdi=0x0000000000000001 rsi=0x0000000000000001 rdx=0x0000000000000014 rcx=0x00007FFF9D1FF6C0 ret=0x000000080B663434
[LOADER][WARN] Import#17865505 result: ORBIS_GEN2_ERROR_NOT_FOUND (EwNylPdWUTM) rdi=0x0000000000000001 rsi=0x0000000000000001 rdx=0x0000000000000015 rcx=0x00007FFF9D1FF6C0 ret=0x000000080B663434
[LOADER][WARN] Import#17865636 result: ORBIS_GEN2_ERROR_NOT_FOUND (EwNylPdWUTM) rdi=0x0000000000000001 rsi=0x0000000000000001 rdx=0x0000000000000016 rcx=0x00007FFF9D1FF6C0 ret=0x000000080B663434
[LOADER][WARN] Import#17865769 result: ORBIS_GEN2_ERROR_NOT_FOUND (EwNylPdWUTM) rdi=0x0000000000000001 rsi=0x0000000000000001 rdx=0x0000000000000017 rcx=0x00007FFF9D1FF6C0 ret=0x000000080B663434
[LOADER][WARN] Import#17865898 result: ORBIS_GEN2_ERROR_NOT_FOUND (EwNylPdWUTM) rdi=0x0000000000000001 rsi=0x0000000000000001 rdx=0x0000000000000018 rcx=0x00007FFF9D1FF6C0 ret=0x000000080B663434
[LOADER][WARN] Import#17866029 result: ORBIS_GEN2_ERROR_NOT_FOUND (EwNylPdWUTM) rdi=0x0000000000000001 rsi=0x0000000000000001 rdx=0x0000000000000019 rcx=0x00007FFF9D1FF6C0 ret=0x000000080B663434
[LOADER][WARN] Import#17866162 result: ORBIS_GEN2_ERROR_NOT_FOUND (EwNylPdWUTM) rdi=0x0000000000000001 rsi=0x0000000000000001 rdx=0x000000000000001A rcx=0x00007FFF9D1FF6C0 ret=0x000000080B663434
[LOADER][WARN] Import#17866291 result: ORBIS_GEN2_ERROR_NOT_FOUND (EwNylPdWUTM) rdi=0x0000000000000001 rsi=0x0000000000000001 rdx=0x000000000000001B rcx=0x00007FFF9D1FF6C0 ret=0x000000080B663434
[LOADER][WARN] Import#17866422 result: ORBIS_GEN2_ERROR_NOT_FOUND (EwNylPdWUTM) rdi=0x0000000000000001 rsi=0x0000000000000001 rdx=0x000000000000001C rcx=0x00007FFF9D1FF6C0 ret=0x000000080B663434
[LOADER][WARN] Import#17866553 result: ORBIS_GEN2_ERROR_NOT_FOUND (EwNylPdWUTM) rdi=0x0000000000000001 rsi=0x0000000000000001 rdx=0x000000000000001D rcx=0x00007FFF9D1FF6C0 ret=0x000000080B663434
[LOADER][WARN] Import#17866686 result: ORBIS_GEN2_ERROR_NOT_FOUND (EwNylPdWUTM) rdi=0x0000000000000001 rsi=0x0000000000000001 rdx=0x000000000000001E rcx=0x00007FFF9D1FF6C0 ret=0x000000080B663434
[LOADER][WARN] Import#17866817 result: ORBIS_GEN2_ERROR_NOT_FOUND (EwNylPdWUTM) rdi=0x0000000000000001 rsi=0x0000000000000001 rdx=0x000000000000001F rcx=0x00007FFF9D1FF6C0 ret=0x000000080B663434
[LOADER][WARN] Import#17866946 result: ORBIS_GEN2_ERROR_NOT_FOUND (EwNylPdWUTM) rdi=0x0000000000000001 rsi=0x0000000000000001 rdx=0x0000000000000020 rcx=0x00007FFF9D1FF6C0 ret=0x000000080B663434
[LOADER][WARN] Import#17867081 result: ORBIS_GEN2_ERROR_NOT_FOUND (EwNylPdWUTM) rdi=0x0000000000000001 rsi=0x0000000000000001 rdx=0x0000000000000021 rcx=0x00007FFF9D1FF6C0 ret=0x000000080B663434
[LOADER][WARN] Import#17867212 result: ORBIS_GEN2_ERROR_NOT_FOUND (EwNylPdWUTM) rdi=0x0000000000000001 rsi=0x0000000000000001 rdx=0x0000000000000022 rcx=0x00007FFF9D1FF6C0 ret=0x000000080B663434
[LOADER][WARN] Import#17867343 result: ORBIS_GEN2_ERROR_NOT_FOUND (EwNylPdWUTM) rdi=0x0000000000000001 rsi=0x0000000000000001 rdx=0x0000000000000023 rcx=0x00007FFF9D1FF6C0 ret=0x000000080B663434
[LOADER][WARN] Import#17867472 result: ORBIS_GEN2_ERROR_NOT_FOUND (EwNylPdWUTM) rdi=0x0000000000000001 rsi=0x0000000000000001 rdx=0x0000000000000024 rcx=0x00007FFF9D1FF6C0 ret=0x000000080B663434
[LOADER][WARN] Import#17867609 result: ORBIS_GEN2_ERROR_NOT_FOUND (EwNylPdWUTM) rdi=0x0000000000000001 rsi=0x0000000000000001 rdx=0x0000000000000025 rcx=0x00007FFF9D1FF6C0 ret=0x000000080B663434
[LOADER][WARN] Import#17867738 result: ORBIS_GEN2_ERROR_NOT_FOUND (EwNylPdWUTM) rdi=0x0000000000000001 rsi=0x0000000000000001 rdx=0x0000000000000026 rcx=0x00007FFF9D1FF6C0 ret=0x000000080B663434
[LOADER][WARN] Import#17867867 result: ORBIS_GEN2_ERROR_NOT_FOUND (EwNylPdWUTM) rdi=0x0000000000000001 rsi=0x0000000000000001 rdx=0x0000000000000027 rcx=0x00007FFF9D1FF6C0 ret=0x000000080B663434
[LOADER][WARN] Import#17868000 result: ORBIS_GEN2_ERROR_NOT_FOUND (EwNylPdWUTM) rdi=0x0000000000000001 rsi=0x0000000000000001 rdx=0x0000000000000028 rcx=0x00007FFF9D1FF6C0 ret=0x000000080B663434
[LOADER][WARN] Import#17868131 result: ORBIS_GEN2_ERROR_NOT_FOUND (EwNylPdWUTM) rdi=0x0000000000000001 rsi=0x0000000000000001 rdx=0x0000000000000029 rcx=0x00007FFF9D1FF6C0 ret=0x000000080B663434
[LOADER][WARN] Import#17868264 result: ORBIS_GEN2_ERROR_NOT_FOUND (EwNylPdWUTM) rdi=0x0000000000000001 rsi=0x0000000000000001 rdx=0x000000000000002A rcx=0x00007FFF9D1FF6C0 ret=0x000000080B663434
[LOADER][WARN] Import#17868393 result: ORBIS_GEN2_ERROR_NOT_FOUND (EwNylPdWUTM) rdi=0x0000000000000001 rsi=0x0000000000000001 rdx=0x000000000000002B rcx=0x00007FFF9D1FF6C0 ret=0x000000080B663434
[LOADER][WARN] Import#17868522 result: ORBIS_GEN2_ERROR_NOT_FOUND (EwNylPdWUTM) rdi=0x0000000000000001 rsi=0x0000000000000001 rdx=0x000000000000002C rcx=0x00007FFF9D1FF6C0 ret=0x000000080B663434
[LOADER][WARN] Import#17868651 result: ORBIS_GEN2_ERROR_NOT_FOUND (EwNylPdWUTM) rdi=0x0000000000000001 rsi=0x0000000000000001 rdx=0x000000000000002D rcx=0x00007FFF9D1FF6C0 ret=0x000000080B663434
[LOADER][WARN] Import#17868784 result: ORBIS_GEN2_ERROR_NOT_FOUND (EwNylPdWUTM) rdi=0x0000000000000001 rsi=0x0000000000000001 rdx=0x000000000000002E rcx=0x00007FFF9D1FF6C0 ret=0x000000080B663434
[LOADER][WARN] Import#17868913 result: ORBIS_GEN2_ERROR_NOT_FOUND (EwNylPdWUTM) rdi=0x0000000000000001 rsi=0x0000000000000001 rdx=0x000000000000002F rcx=0x00007FFF9D1FF6C0 ret=0x000000080B663434
[LOADER][WARN] Import#17869042 result: ORBIS_GEN2_ERROR_NOT_FOUND (EwNylPdWUTM) rdi=0x0000000000000001 rsi=0x0000000000000001 rdx=0x0000000000000030 rcx=0x00007FFF9D1FF6C0 ret=0x000000080B663434
[LOADER][WARN] Import#17869175 result: ORBIS_GEN2_ERROR_NOT_FOUND (EwNylPdWUTM) rdi=0x0000000000000001 rsi=0x0000000000000001 rdx=0x0000000000000031 rcx=0x00007FFF9D1FF6C0 ret=0x000000080B663434
[LOADER][WARN] Import#17869306 result: ORBIS_GEN2_ERROR_NOT_FOUND (EwNylPdWUTM) rdi=0x0000000000000001 rsi=0x0000000000000001 rdx=0x0000000000000032 rcx=0x00007FFF9D1FF6C0 ret=0x000000080B663434
[LOADER][WARN] Import#17869437 result: ORBIS_GEN2_ERROR_NOT_FOUND (EwNylPdWUTM) rdi=0x0000000000000001 rsi=0x0000000000000001 rdx=0x0000000000000033 rcx=0x00007FFF9D1FF6C0 ret=0x000000080B663434
[LOADER][WARN] Import#17869566 result: ORBIS_GEN2_ERROR_NOT_FOUND (EwNylPdWUTM) rdi=0x0000000000000001 rsi=0x0000000000000001 rdx=0x0000000000000034 rcx=0x00007FFF9D1FF6C0 ret=0x000000080B663434
[LOADER][WARN] Import#17869697 result: ORBIS_GEN2_ERROR_NOT_FOUND (EwNylPdWUTM) rdi=0x0000000000000001 rsi=0x0000000000000001 rdx=0x0000000000000035 rcx=0x00007FFF9D1FF6C0 ret=0x000000080B663434
[LOADER][WARN] Import#17869828 result: ORBIS_GEN2_ERROR_NOT_FOUND (EwNylPdWUTM) rdi=0x0000000000000001 rsi=0x0000000000000001 rdx=0x0000000000000036 rcx=0x00007FFF9D1FF6C0 ret=0x000000080B663434
[LOADER][WARN] Import#17869957 result: ORBIS_GEN2_ERROR_NOT_FOUND (EwNylPdWUTM) rdi=0x0000000000000001 rsi=0x0000000000000001 rdx=0x0000000000000037 rcx=0x00007FFF9D1FF6C0 ret=0x000000080B663434
[LOADER][WARN] Import#17870090 result: ORBIS_GEN2_ERROR_NOT_FOUND (EwNylPdWUTM) rdi=0x0000000000000001 rsi=0x0000000000000001 rdx=0x0000000000000038 rcx=0x00007FFF9D1FF6C0 ret=0x000000080B663434
[LOADER][TRACE] vk.ordered_action_fence_wait count=3 queue=dcb.graphics submission='SharpEmu offscreen mrt=1 ps=0x0000000601D0A400 first=0x0000000011610000 1920x1080'
[LOADER][TRACE] vk.ordered_action_fence_wait count=4 queue=dcb.graphics submission='batch'
[LOADER][WARN] sceKernelDlsym failed: handle=0xB symbol='UnitySetGraphicsDevice'
[LOADER][WARN] sceKernelDlsym failed: handle=0xB symbol='UnityRenderEvent'
[LOADER][WARN] sceKernelDlsym failed: handle=0xB symbol='UnityGetAudioEffectDefinitions'
[LOADER][WARN] sceKernelDlsym failed: handle=0xB symbol='UnityPluginLoad'
[LOADER][WARN] sceKernelDlsym failed: handle=0xB symbol='UnityPluginUnload'
[LOADER][WARN] sceKernelDlsym failed: handle=0xB symbol='UnityRenderingExtEvent'
[LOADER][WARN] sceKernelDlsym failed: handle=0xB symbol='UnityRenderingExtQuery'
[LOADER][WARN] sceKernelDlsym failed: handle=0xB symbol='UnityShaderCompilerExtEvent'
[LOADER][TRACE] vk.ordered_action_fence_wait count=5 queue=dcb.graphics submission='SharpEmu compute cs=0x0000000601D4C800 768x1x1'
[LOADER][WARN] sceKernelDlsym failed: handle=0xB symbol='UnitySetGraphicsDevice'
[LOADER][WARN] sceKernelDlsym failed: handle=0xB symbol='UnityRenderEvent'
[LOADER][WARN] sceKernelDlsym failed: handle=0xB symbol='UnityGetAudioEffectDefinitions'
[LOADER][WARN] sceKernelDlsym failed: handle=0xB symbol='UnityPluginLoad'
[LOADER][WARN] sceKernelDlsym failed: handle=0xB symbol='UnityPluginUnload'
[LOADER][WARN] sceKernelDlsym failed: handle=0xB symbol='UnityRenderingExtEvent'
[LOADER][WARN] sceKernelDlsym failed: handle=0xB symbol='UnityRenderingExtQuery'
[LOADER][WARN] sceKernelDlsym failed: handle=0xB symbol='UnityShaderCompilerExtEvent'
[LOADER][TRACE] vk.ordered_action_fence_wait count=6 queue=dcb.graphics submission='SharpEmu offscreen mrt=1 ps=0x0000000601D0A400 first=0x0000000011E80000 1920x1080'
[LOADER][WARN] sceKernelDlsym failed: handle=0xB symbol='UnitySetGraphicsDevice'
[LOADER][WARN] sceKernelDlsym failed: handle=0xB symbol='UnityRenderEvent'
[LOADER][WARN] sceKernelDlsym failed: handle=0xB symbol='UnityGetAudioEffectDefinitions'
[LOADER][WARN] sceKernelDlsym failed: handle=0xB symbol='UnityPluginLoad'
[LOADER][WARN] sceKernelDlsym failed: handle=0xB symbol='UnityPluginUnload'
[LOADER][WARN] sceKernelDlsym failed: handle=0xB symbol='UnityRenderingExtEvent'
[LOADER][WARN] sceKernelDlsym failed: handle=0xB symbol='UnityRenderingExtQuery'
[LOADER][WARN] sceKernelDlsym failed: handle=0xB symbol='UnityShaderCompilerExtEvent'
[LOADER][WARN] vk.flip_wait_order version=1 executed before its flip capture; continuing.
[LOADER][TRACE] vk.ordered_action_fence_wait count=7 queue=dcb.graphics submission='SharpEmu compute cs=0x0000000601D4C800 768x1x1'
[LOADER][TRACE] vk.ordered_action_fence_wait count=8 queue=dcb.graphics submission='SharpEmu offscreen mrt=1 ps=0x0000000601D0A400 first=0x0000000010DA0000 1920x1080'
[LOADER][WARN] sceKernelDlsym failed: handle=0x6 symbol='UnitySetGraphicsDevice'
[LOADER][WARN] sceKernelDlsym failed: handle=0x6 symbol='UnityRenderEvent'
[LOADER][WARN] sceKernelDlsym failed: handle=0x6 symbol='UnityGetAudioEffectDefinitions'
[LOADER][WARN] sceKernelDlsym failed: handle=0x6 symbol='UnityPluginLoad'
[LOADER][WARN] sceKernelDlsym failed: handle=0x6 symbol='UnityPluginUnload'
[LOADER][WARN] sceKernelDlsym failed: handle=0x6 symbol='UnityRenderingExtEvent'
[LOADER][WARN] sceKernelDlsym failed: handle=0x6 symbol='UnityRenderingExtQuery'
[LOADER][WARN] sceKernelDlsym failed: handle=0x6 symbol='UnityShaderCompilerExtEvent'
[LOADER][WARN] sceKernelDlsym failed: handle=0x6 symbol='UnitySetEventQueue'
[LOADER][WARN] sceKernelDlsym failed: handle=0x7 symbol='UnitySetGraphicsDevice'
[LOADER][WARN] sceKernelDlsym failed: handle=0x7 symbol='UnityRenderEvent'
[LOADER][WARN] sceKernelDlsym failed: handle=0x7 symbol='UnityGetAudioEffectDefinitions'
[LOADER][WARN] sceKernelDlsym failed: handle=0x7 symbol='UnityPluginLoad'
[LOADER][WARN] sceKernelDlsym failed: handle=0x7 symbol='UnityPluginUnload'
[LOADER][WARN] sceKernelDlsym failed: handle=0x7 symbol='UnityRenderingExtEvent'
[LOADER][WARN] sceKernelDlsym failed: handle=0x7 symbol='UnityRenderingExtQuery'
[LOADER][WARN] sceKernelDlsym failed: handle=0x7 symbol='UnityShaderCompilerExtEvent'
[LOADER][WARN] sceKernelDlsym failed: handle=0x7 symbol='UnitySetEventQueue'
[LOADER][WARN] sceKernelDlsym failed: handle=0x6 symbol='UnitySetGraphicsDevice'
[LOADER][WARN] sceKernelDlsym failed: handle=0x6 symbol='UnityRenderEvent'
[LOADER][WARN] sceKernelDlsym failed: handle=0x6 symbol='UnityGetAudioEffectDefinitions'
[LOADER][WARN] sceKernelDlsym failed: handle=0x6 symbol='UnityPluginLoad'
[LOADER][WARN] sceKernelDlsym failed: handle=0x6 symbol='UnityPluginUnload'
[LOADER][WARN] sceKernelDlsym failed: handle=0x6 symbol='UnityRenderingExtEvent'
[LOADER][WARN] sceKernelDlsym failed: handle=0x6 symbol='UnityRenderingExtQuery'
[LOADER][WARN] sceKernelDlsym failed: handle=0x6 symbol='UnityShaderCompilerExtEvent'
[LOADER][WARN] sceKernelDlsym failed: handle=0x7 symbol='UnitySetGraphicsDevice'
[LOADER][WARN] sceKernelDlsym failed: handle=0x7 symbol='UnityRenderEvent'
[LOADER][WARN] sceKernelDlsym failed: handle=0x7 symbol='UnityGetAudioEffectDefinitions'
[LOADER][WARN] sceKernelDlsym failed: handle=0x7 symbol='UnityPluginLoad'
[LOADER][WARN] sceKernelDlsym failed: handle=0x7 symbol='UnityPluginUnload'
[LOADER][WARN] sceKernelDlsym failed: handle=0x7 symbol='UnityRenderingExtEvent'
[LOADER][WARN] sceKernelDlsym failed: handle=0x7 symbol='UnityRenderingExtQuery'
[LOADER][WARN] sceKernelDlsym failed: handle=0x7 symbol='UnityShaderCompilerExtEvent'
[LOADER][WARN] sceKernelDlsym failed: handle=0x7 symbol='UnitySetGraphicsDevice'
[LOADER][WARN] sceKernelDlsym failed: handle=0x7 symbol='UnityRenderEvent'
[LOADER][WARN] sceKernelDlsym failed: handle=0x7 symbol='UnityGetAudioEffectDefinitions'
[LOADER][WARN] sceKernelDlsym failed: handle=0x7 symbol='UnityPluginLoad'
[LOADER][WARN] sceKernelDlsym failed: handle=0x7 symbol='UnityPluginUnload'
[LOADER][WARN] sceKernelDlsym failed: handle=0x7 symbol='UnityRenderingExtEvent'
[LOADER][WARN] sceKernelDlsym failed: handle=0x7 symbol='UnityRenderingExtQuery'
[LOADER][WARN] sceKernelDlsym failed: handle=0x7 symbol='UnityShaderCompilerExtEvent'
[LOADER][WARN] sceKernelDlsym failed: handle=0x6 symbol='UnitySetGraphicsDevice'
[LOADER][WARN] sceKernelDlsym failed: handle=0x6 symbol='UnityRenderEvent'
[LOADER][WARN] sceKernelDlsym failed: handle=0x6 symbol='UnityGetAudioEffectDefinitions'
[LOADER][WARN] sceKernelDlsym failed: handle=0x6 symbol='UnityPluginLoad'
[LOADER][WARN] sceKernelDlsym failed: handle=0x6 symbol='UnityPluginUnload'
[LOADER][WARN] sceKernelDlsym failed: handle=0x6 symbol='UnityRenderingExtEvent'
[LOADER][WARN] sceKernelDlsym failed: handle=0x6 symbol='UnityRenderingExtQuery'
[LOADER][WARN] sceKernelDlsym failed: handle=0x6 symbol='UnityShaderCompilerExtEvent'
[LOADER][WARN] sceKernelDlsym failed: handle=0x6 symbol='UnitySetGraphicsDevice'
[LOADER][WARN] sceKernelDlsym failed: handle=0x6 symbol='UnityRenderEvent'
[LOADER][WARN] sceKernelDlsym failed: handle=0x6 symbol='UnityGetAudioEffectDefinitions'
[LOADER][WARN] sceKernelDlsym failed: handle=0x6 symbol='UnityPluginLoad'
[LOADER][WARN] sceKernelDlsym failed: handle=0x6 symbol='UnityPluginUnload'
[LOADER][WARN] sceKernelDlsym failed: handle=0x6 symbol='UnityRenderingExtEvent'
[LOADER][WARN] sceKernelDlsym failed: handle=0x6 symbol='UnityRenderingExtQuery'
[LOADER][WARN] sceKernelDlsym failed: handle=0x6 symbol='UnityShaderCompilerExtEvent'
[LOADER][WARN] sceKernelDlsym failed: handle=0x6 symbol='UnitySetGraphicsDevice'
[LOADER][WARN] sceKernelDlsym failed: handle=0x6 symbol='UnityRenderEvent'
[LOADER][WARN] sceKernelDlsym failed: handle=0x6 symbol='UnityGetAudioEffectDefinitions'
[LOADER][WARN] sceKernelDlsym failed: handle=0x6 symbol='UnityPluginLoad'
[LOADER][WARN] sceKernelDlsym failed: handle=0x6 symbol='UnityPluginUnload'
[LOADER][WARN] sceKernelDlsym failed: handle=0x6 symbol='UnityRenderingExtEvent'
[LOADER][WARN] sceKernelDlsym failed: handle=0x6 symbol='UnityRenderingExtQuery'
[LOADER][WARN] sceKernelDlsym failed: handle=0x6 symbol='UnityShaderCompilerExtEvent'
[LOADER][WARN] sceKernelDlsym failed: handle=0x6 symbol='UnitySetGraphicsDevice'
[LOADER][WARN] sceKernelDlsym failed: handle=0x6 symbol='UnityRenderEvent'
[LOADER][WARN] sceKernelDlsym failed: handle=0x6 symbol='UnityGetAudioEffectDefinitions'
[LOADER][WARN] sceKernelDlsym failed: handle=0x6 symbol='UnityPluginLoad'
[LOADER][WARN] sceKernelDlsym failed: handle=0x6 symbol='UnityPluginUnload'
[LOADER][WARN] sceKernelDlsym failed: handle=0x6 symbol='UnityRenderingExtEvent'
[LOADER][WARN] sceKernelDlsym failed: handle=0x6 symbol='UnityRenderingExtQuery'
[LOADER][WARN] sceKernelDlsym failed: handle=0x6 symbol='UnityShaderCompilerExtEvent'
[LOADER][WARN] sceKernelDlsym failed: handle=0x7 symbol='UnitySetGraphicsDevice'
[LOADER][WARN] sceKernelDlsym failed: handle=0x7 symbol='UnityRenderEvent'
[LOADER][WARN] sceKernelDlsym failed: handle=0x7 symbol='UnityGetAudioEffectDefinitions'
[LOADER][WARN] sceKernelDlsym failed: handle=0x7 symbol='UnityPluginLoad'
[LOADER][WARN] sceKernelDlsym failed: handle=0x7 symbol='UnityPluginUnload'
[LOADER][WARN] sceKernelDlsym failed: handle=0x7 symbol='UnityRenderingExtEvent'
[LOADER][WARN] sceKernelDlsym failed: handle=0x7 symbol='UnityRenderingExtQuery'
[LOADER][WARN] sceKernelDlsym failed: handle=0x7 symbol='UnityShaderCompilerExtEvent'
[LOADER][TRACE] audio_out2.context-query-memory stack-size-only out=0x7FFFF01F9FD8 size=0x10590
[LOADER][INFO] Scheduled guest thread 'FMOD stream thread' handle=0x000001D04E4FC1F0 entry=0x000000080AB2E190 arg=0x00000001041AC6C8 priority=270 host_priority=Highest affinity=0x8
[LOADER][INFO] Scheduled guest thread 'FMOD mixer thread' handle=0x000001D04E500230 entry=0x000000080AB2E190 arg=0x0000000104264D88 priority=260 host_priority=Highest affinity=0x4
[LOADER][INFO] Scheduled guest thread 'FMOD feeder thread' handle=0x000001D04E4FD200 entry=0x000000080AB2E190 arg=0x0000000104264D88 priority=256 host_priority=Highest affinity=0x4
[LOADER][INFO] Scheduled guest thread 'FMOD Studio update thread' handle=0x000001D04E502250 entry=0x000000080AE18840 arg=0x000000010428B6E8 priority=700 host_priority=Normal affinity=0x10
[LOADER][INFO] Scheduled guest thread 'FMOD Studio sample load thread' handle=0x000001D04E503260 entry=0x000000080AE18840 arg=0x0000000104293AA8 priority=700 host_priority=Normal affinity=0x10
[LOADER][INFO] Scheduled guest thread 'FMOD Studio bank load thread' handle=0x000001D04E504270 entry=0x000000080AE18840 arg=0x0000000104294388 priority=700 host_priority=Normal affinity=0x10
[LOADER][WARN] sceKernelDlsym failed: handle=0x7 symbol='UnitySetGraphicsDevice'
[LOADER][WARN] sceKernelDlsym failed: handle=0x7 symbol='UnityRenderEvent'
[LOADER][WARN] sceKernelDlsym failed: handle=0x7 symbol='UnityGetAudioEffectDefinitions'
[LOADER][WARN] sceKernelDlsym failed: handle=0x7 symbol='UnityPluginLoad'
[LOADER][WARN] sceKernelDlsym failed: handle=0x7 symbol='UnityPluginUnload'
[LOADER][WARN] sceKernelDlsym failed: handle=0x7 symbol='UnityRenderingExtEvent'
[LOADER][WARN] sceKernelDlsym failed: handle=0x7 symbol='UnityRenderingExtQuery'
[LOADER][WARN] sceKernelDlsym failed: handle=0x7 symbol='UnityShaderCompilerExtEvent'
[LOADER][WARN] sceKernelDlsym failed: handle=0x7 symbol='UnitySetGraphicsDevice'
[LOADER][WARN] sceKernelDlsym failed: handle=0x7 symbol='UnityRenderEvent'
[LOADER][WARN] sceKernelDlsym failed: handle=0x7 symbol='UnityGetAudioEffectDefinitions'
[LOADER][WARN] sceKernelDlsym failed: handle=0x7 symbol='UnityPluginLoad'
[LOADER][WARN] sceKernelDlsym failed: handle=0x7 symbol='UnityPluginUnload'
[LOADER][WARN] sceKernelDlsym failed: handle=0x7 symbol='UnityRenderingExtEvent'
[LOADER][WARN] sceKernelDlsym failed: handle=0x7 symbol='UnityRenderingExtQuery'
[LOADER][WARN] sceKernelDlsym failed: handle=0x7 symbol='UnityShaderCompilerExtEvent'
[LOADER][WARN] sceKernelDlsym failed: handle=0x7 symbol='UnitySetGraphicsDevice'
[LOADER][WARN] sceKernelDlsym failed: handle=0x7 symbol='UnityRenderEvent'
[LOADER][WARN] sceKernelDlsym failed: handle=0x7 symbol='UnityGetAudioEffectDefinitions'
[LOADER][WARN] sceKernelDlsym failed: handle=0x7 symbol='UnityPluginLoad'
[LOADER][WARN] sceKernelDlsym failed: handle=0x7 symbol='UnityPluginUnload'
[LOADER][WARN] sceKernelDlsym failed: handle=0x7 symbol='UnityRenderingExtEvent'
[LOADER][WARN] sceKernelDlsym failed: handle=0x7 symbol='UnityRenderingExtQuery'
[LOADER][WARN] sceKernelDlsym failed: handle=0x7 symbol='UnityShaderCompilerExtEvent'
[LOADER][WARN] sceKernelDlsym failed: handle=0x7 symbol='UnitySetGraphicsDevice'
[LOADER][WARN] sceKernelDlsym failed: handle=0x7 symbol='UnityRenderEvent'
[LOADER][WARN] sceKernelDlsym failed: handle=0x7 symbol='UnityGetAudioEffectDefinitions'
[LOADER][WARN] sceKernelDlsym failed: handle=0x7 symbol='UnityPluginLoad'
[LOADER][WARN] sceKernelDlsym failed: handle=0x7 symbol='UnityPluginUnload'
[LOADER][WARN] sceKernelDlsym failed: handle=0x7 symbol='UnityRenderingExtEvent'
[LOADER][WARN] sceKernelDlsym failed: handle=0x7 symbol='UnityRenderingExtQuery'
[LOADER][WARN] sceKernelDlsym failed: handle=0x7 symbol='UnityShaderCompilerExtEvent'
[LOADER][WARN] sceKernelDlsym failed: handle=0x7 symbol='UnitySetGraphicsDevice'
[LOADER][WARN] sceKernelDlsym failed: handle=0x7 symbol='UnityRenderEvent'
[LOADER][WARN] sceKernelDlsym failed: handle=0x7 symbol='UnityGetAudioEffectDefinitions'
[LOADER][WARN] sceKernelDlsym failed: handle=0x7 symbol='UnityPluginLoad'
[LOADER][WARN] sceKernelDlsym failed: handle=0x7 symbol='UnityPluginUnload'
[LOADER][WARN] sceKernelDlsym failed: handle=0x7 symbol='UnityRenderingExtEvent'
[LOADER][WARN] sceKernelDlsym failed: handle=0x7 symbol='UnityRenderingExtQuery'
[LOADER][WARN] sceKernelDlsym failed: handle=0x7 symbol='UnityShaderCompilerExtEvent'
[LOADER][WARN] sceKernelDlsym failed: handle=0x7 symbol='UnitySetGraphicsDevice'
[LOADER][WARN] sceKernelDlsym failed: handle=0x7 symbol='UnityRenderEvent'
[LOADER][WARN] sceKernelDlsym failed: handle=0x7 symbol='UnityGetAudioEffectDefinitions'
[LOADER][WARN] sceKernelDlsym failed: handle=0x7 symbol='UnityPluginLoad'
[LOADER][WARN] sceKernelDlsym failed: handle=0x7 symbol='UnityPluginUnload'
[LOADER][WARN] sceKernelDlsym failed: handle=0x7 symbol='UnityRenderingExtEvent'
[LOADER][WARN] sceKernelDlsym failed: handle=0x7 symbol='UnityRenderingExtQuery'
[LOADER][WARN] sceKernelDlsym failed: handle=0x7 symbol='UnityShaderCompilerExtEvent'
[LOADER][WARN] Import#18911749 result: -1 (E6ao34wPw+U) rdi=0x00007FFFF01EA180 rsi=0x00007FFFF01EA0C0 rdx=0x00000001080501E8 rcx=0x00000008096CF418 ret=0x0000000804F38BFB
[LOADER][WARN] Import#18911753 result: -1 (E6ao34wPw+U) rdi=0x00007FFFF01EA180 rsi=0x00007FFFF01EA0E0 rdx=0x00000001080501E8 rcx=0x00000008096CF418 ret=0x0000000804F38D06
[LOADER][WARN] Import#18911794 result: -1 (E6ao34wPw+U) rdi=0x00007FFFF01EA1C0 rsi=0x00007FFFF01EA100 rdx=0x00000001080501E8 rcx=0x00000008096CF418 ret=0x0000000804F38BFB
[LOADER][WARN] Import#18911798 result: -1 (E6ao34wPw+U) rdi=0x00007FFFF01EA1C0 rsi=0x00007FFFF01EA120 rdx=0x00000001080501E8 rcx=0x00000008096CF418 ret=0x0000000804F38D06
[LOADER][WARN] sceKernelDlsym failed: handle=0x7 symbol='UnitySetGraphicsDevice'
[LOADER][WARN] sceKernelDlsym failed: handle=0x7 symbol='UnityRenderEvent'
[LOADER][WARN] sceKernelDlsym failed: handle=0x7 symbol='UnityGetAudioEffectDefinitions'
[LOADER][WARN] sceKernelDlsym failed: handle=0x7 symbol='UnityPluginLoad'
[LOADER][WARN] sceKernelDlsym failed: handle=0x7 symbol='UnityPluginUnload'
[LOADER][WARN] sceKernelDlsym failed: handle=0x7 symbol='UnityRenderingExtEvent'
[LOADER][WARN] sceKernelDlsym failed: handle=0x7 symbol='UnityRenderingExtQuery'
[LOADER][WARN] sceKernelDlsym failed: handle=0x7 symbol='UnityShaderCompilerExtEvent'
[LOADER][TRACE] vk.ordered_action_fence_wait count=16 queue=dcb.graphics submission='SharpEmu compute cs=0x0000000601D4C800 768x1x1'
[LOADER][TRACE] vk.ordered_action_fence_wait count=32 queue=dcb.graphics submission='SharpEmu compute cs=0x0000000601D4C800 768x1x1'
[LOADER][WARN] sceKernelDlsym failed: handle=0x7 symbol='UnitySetGraphicsDevice'
[LOADER][WARN] sceKernelDlsym failed: handle=0x7 symbol='UnityRenderEvent'
[LOADER][WARN] sceKernelDlsym failed: handle=0x7 symbol='UnityGetAudioEffectDefinitions'
[LOADER][WARN] sceKernelDlsym failed: handle=0x7 symbol='UnityPluginLoad'
[LOADER][WARN] sceKernelDlsym failed: handle=0x7 symbol='UnityPluginUnload'
[LOADER][WARN] sceKernelDlsym failed: handle=0x7 symbol='UnityRenderingExtEvent'
[LOADER][WARN] sceKernelDlsym failed: handle=0x7 symbol='UnityRenderingExtQuery'
[LOADER][WARN] sceKernelDlsym failed: handle=0x7 symbol='UnityShaderCompilerExtEvent'
[LOADER][WARN] sceKernelDlsym failed: handle=0x7 symbol='UnitySetGraphicsDevice'
[LOADER][WARN] sceKernelDlsym failed: handle=0x7 symbol='UnityRenderEvent'
[LOADER][WARN] sceKernelDlsym failed: handle=0x7 symbol='UnityGetAudioEffectDefinitions'
[LOADER][WARN] sceKernelDlsym failed: handle=0x7 symbol='UnityPluginLoad'
[LOADER][WARN] sceKernelDlsym failed: handle=0x7 symbol='UnityPluginUnload'
[LOADER][WARN] sceKernelDlsym failed: handle=0x7 symbol='UnityRenderingExtEvent'
[LOADER][WARN] sceKernelDlsym failed: handle=0x7 symbol='UnityRenderingExtQuery'
[LOADER][WARN] sceKernelDlsym failed: handle=0x7 symbol='UnityShaderCompilerExtEvent'
[LOADER][WARN] sceKernelDlsym failed: handle=0x7 symbol='UnitySetGraphicsDevice'
[LOADER][WARN] sceKernelDlsym failed: handle=0x7 symbol='UnityRenderEvent'
[LOADER][WARN] sceKernelDlsym failed: handle=0x7 symbol='UnityGetAudioEffectDefinitions'
[LOADER][WARN] sceKernelDlsym failed: handle=0x7 symbol='UnityPluginLoad'
[LOADER][WARN] sceKernelDlsym failed: handle=0x7 symbol='UnityPluginUnload'
[LOADER][WARN] sceKernelDlsym failed: handle=0x7 symbol='UnityRenderingExtEvent'
[LOADER][WARN] sceKernelDlsym failed: handle=0x7 symbol='UnityRenderingExtQuery'
[LOADER][WARN] sceKernelDlsym failed: handle=0x7 symbol='UnityShaderCompilerExtEvent'
[LOADER][WARN] sceKernelDlsym failed: handle=0x7 symbol='UnitySetGraphicsDevice'
[LOADER][WARN] sceKernelDlsym failed: handle=0x7 symbol='UnityRenderEvent'
[LOADER][WARN] sceKernelDlsym failed: handle=0x7 symbol='UnityGetAudioEffectDefinitions'
[LOADER][WARN] sceKernelDlsym failed: handle=0x7 symbol='UnityPluginLoad'
[LOADER][WARN] sceKernelDlsym failed: handle=0x7 symbol='UnityPluginUnload'
[LOADER][WARN] sceKernelDlsym failed: handle=0x7 symbol='UnityRenderingExtEvent'
[LOADER][WARN] sceKernelDlsym failed: handle=0x7 symbol='UnityRenderingExtQuery'
[LOADER][WARN] sceKernelDlsym failed: handle=0x7 symbol='UnityShaderCompilerExtEvent'
[LOADER][WARN] sceKernelDlsym failed: handle=0x7 symbol='UnitySetGraphicsDevice'
[LOADER][WARN] sceKernelDlsym failed: handle=0x7 symbol='UnityRenderEvent'
[LOADER][WARN] sceKernelDlsym failed: handle=0x7 symbol='UnityGetAudioEffectDefinitions'
[LOADER][WARN] sceKernelDlsym failed: handle=0x7 symbol='UnityPluginLoad'
[LOADER][WARN] sceKernelDlsym failed: handle=0x7 symbol='UnityPluginUnload'
[LOADER][WARN] sceKernelDlsym failed: handle=0x7 symbol='UnityRenderingExtEvent'
[LOADER][WARN] sceKernelDlsym failed: handle=0x7 symbol='UnityRenderingExtQuery'
[LOADER][WARN] sceKernelDlsym failed: handle=0x7 symbol='UnityShaderCompilerExtEvent'
[LOADER][WARN] agc.rt_sampled#1 addr=0x650410000 first=True gpu_resident=True fmt=9/0 known_targets=7
[LOADER][WARN] agc.rt_sampled#2 addr=0x64FB50000 first=True gpu_resident=True fmt=10/9 known_targets=7
[LOADER][WARN] agc.rt_sampled#3 addr=0x64F290000 first=True gpu_resident=True fmt=10/9 known_targets=7
[LOADER][WARN] agc.rt_sampled#4 addr=0x650CD0000 first=True gpu_resident=True fmt=12/7 known_targets=8
[LOADER][WARN] agc.rt_sampled#5 addr=0x64D6D0000 first=True gpu_resident=True fmt=12/7 known_targets=8
[LOADER][WARN] Import#19960540 result: ORBIS_GEN2_ERROR_NOT_FOUND (hwVSPCmp5tM) rdi=0x0000000000000000 rsi=0x0000000000200000 rdx=0x0000000000000010 rcx=0x0000000000000000 ret=0x000000080178FFDD
[LOADER][TRACE] vk.ordered_action_fence_wait count=64 queue=dcb.graphics submission='SharpEmu compute cs=0x0000000601D4C800 768x1x1'
[LOADER][TRACE] vk.ordered_action_fence_wait count=128 queue=dcb.graphics submission='SharpEmu offscreen mrt=1 ps=0x0000000601D0CF00 first=0x000000064D6D0000 1920x1080'
[LOADER][TRACE] vk.ordered_action_fence_wait count=256 queue=dcb.graphics submission='SharpEmu offscreen mrt=1 ps=0x0000000601D40D00 first=0x0000000650CD0000 1920x1080'
[LOADER][TRACE] vk.ordered_action_fence_wait count=512 queue=dcb.graphics submission='SharpEmu compute cs=0x0000000601D4C800 768x1x1'
[LOADER][WARN] Import#20278778 result: ORBIS_GEN2_ERROR_NOT_FOUND (hwVSPCmp5tM) rdi=0x0000000000000000 rsi=0x00000000007FC000 rdx=0x0000000000000010 rcx=0x0000000000000000 ret=0x000000080178FFDD
[LOADER][TRACE] vk.ordered_action_fence_wait count=1024 queue=dcb.graphics submission='SharpEmu compute cs=0x0000000601D4C800 768x1x1'
[LOADER][TRACE] vk.ordered_action_fence_wait count=2048 queue=dcb.graphics submission='SharpEmu offscreen mrt=1 ps=0x0000000601D0B500 first=0x0000000650CD0000 1920x1080'
[LOADER][WARN] agc.rt_sampled#2000 addr=0x64D6D0000 first=False gpu_resident=True fmt=12/7 known_targets=8
[LOADER][TRACE] vk.ordered_action_fence_wait count=4096 queue=dcb.graphics submission='SharpEmu compute cs=0x0000000601D4C800 768x1x1'
[LOADER][WARN] agc.rt_sampled#4000 addr=0x64D6D0000 first=False gpu_resident=True fmt=12/7 known_targets=8
[LOADER][TRACE] vk.ordered_action_fence_wait count=8192 queue=dcb.graphics submission='SharpEmu offscreen mrt=1 ps=0x0000000601D0E600 first=0x000000064D6D0000 1920x1080'
[LOADER][WARN] agc.rt_sampled#6000 addr=0x64D6D0000 first=False gpu_resident=True fmt=12/7 known_targets=8
[LOADER][WARN] sceKernelDlsym failed: handle=0x7 symbol='UnitySetGraphicsDevice'
[LOADER][WARN] sceKernelDlsym failed: handle=0x7 symbol='UnityRenderEvent'
[LOADER][WARN] sceKernelDlsym failed: handle=0x7 symbol='UnityGetAudioEffectDefinitions'
[LOADER][WARN] sceKernelDlsym failed: handle=0x7 symbol='UnityPluginLoad'
[LOADER][WARN] sceKernelDlsym failed: handle=0x7 symbol='UnityPluginUnload'
[LOADER][WARN] sceKernelDlsym failed: handle=0x7 symbol='UnityRenderingExtEvent'
[LOADER][WARN] sceKernelDlsym failed: handle=0x7 symbol='UnityRenderingExtQuery'
[LOADER][WARN] sceKernelDlsym failed: handle=0x7 symbol='UnityShaderCompilerExtEvent'
[LOADER][WARN] sceKernelDlsym failed: handle=0x7 symbol='UnitySetGraphicsDevice'
[LOADER][WARN] sceKernelDlsym failed: handle=0x7 symbol='UnityRenderEvent'
[LOADER][WARN] sceKernelDlsym failed: handle=0x7 symbol='UnityGetAudioEffectDefinitions'
[LOADER][WARN] sceKernelDlsym failed: handle=0x7 symbol='UnityPluginLoad'
[LOADER][WARN] sceKernelDlsym failed: handle=0x7 symbol='UnityPluginUnload'
[LOADER][WARN] sceKernelDlsym failed: handle=0x7 symbol='UnityRenderingExtEvent'
[LOADER][WARN] sceKernelDlsym failed: handle=0x7 symbol='UnityRenderingExtQuery'
[LOADER][WARN] sceKernelDlsym failed: handle=0x7 symbol='UnityShaderCompilerExtEvent'
[LOADER][WARN] Import#23868732 result: -1 (04AjkP0jO9U) rdi=0x0000000606E0C098 rsi=0x0000000000000002 rdx=0x0000000000000000 rcx=0x0000000000000000 ret=0x000000080A821799
[LOADER][WARN] Import#23868745 result: -1 (04AjkP0jO9U) rdi=0x0000000606E0C098 rsi=0x0000000000000002 rdx=0x0000000000000000 rcx=0x0000000000000000 ret=0x000000080A821799
[LOADER][INFO] Vulkan pipeline cache saved: path=C:\Users\chayt\Downloads\SharpEmu-Source\artifacts\bin\Release\net10.0\win-x64\user\pipeline_cache\PPSA22623\vulkan-pipeline-cache.bin bytes=3343334
[LOADER][WARN] Import#23868764 result: -1 (04AjkP0jO9U) rdi=0x0000000606E0C098 rsi=0x0000000000000002 rdx=0x0000000000000000 rcx=0x0000000000000000 ret=0x000000080A821799
[LOADER][WARN] Import#23868783 result: -1 (04AjkP0jO9U) rdi=0x0000000606E0C098 rsi=0x0000000000000002 rdx=0x0000000000000000 rcx=0x0000000000000000 ret=0x000000080A821799
[LOADER][WARN] Import#23868796 result: -1 (04AjkP0jO9U) rdi=0x0000000606E0C098 rsi=0x0000000000000002 rdx=0x0000000000000000 rcx=0x0000000000000000 ret=0x000000080A821799
[LOADER][WARN] Import#23868815 result: -1 (04AjkP0jO9U) rdi=0x0000000606E0C098 rsi=0x0000000000000002 rdx=0x0000000000000000 rcx=0x0000000000000000 ret=0x000000080A821799
[LOADER][WARN] Import#23868834 result: -1 (04AjkP0jO9U) rdi=0x0000000606E0C098 rsi=0x0000000000000002 rdx=0x0000000000000000 rcx=0x0000000000000000 ret=0x000000080A821799
[LOADER][WARN] Import#23868853 result: -1 (04AjkP0jO9U) rdi=0x0000000606E0C098 rsi=0x0000000000000002 rdx=0x0000000000000000 rcx=0x0000000000000000 ret=0x000000080A821799
[LOADER][WARN] Import#23868874 result: -1 (04AjkP0jO9U) rdi=0x0000000606E0C098 rsi=0x0000000000000002 rdx=0x0000000000000000 rcx=0x0000000000000000 ret=0x000000080A821799
[LOADER][WARN] sceKernelDlsym failed: handle=0x7 symbol='UnitySetGraphicsDevice'
[LOADER][WARN] sceKernelDlsym failed: handle=0x7 symbol='UnityRenderEvent'
[LOADER][WARN] sceKernelDlsym failed: handle=0x7 symbol='UnityGetAudioEffectDefinitions'
[LOADER][WARN] sceKernelDlsym failed: handle=0x7 symbol='UnityPluginLoad'
[LOADER][WARN] sceKernelDlsym failed: handle=0x7 symbol='UnityPluginUnload'
[LOADER][WARN] sceKernelDlsym failed: handle=0x7 symbol='UnityRenderingExtEvent'
[LOADER][WARN] sceKernelDlsym failed: handle=0x7 symbol='UnityRenderingExtQuery'
[LOADER][WARN] sceKernelDlsym failed: handle=0x7 symbol='UnityShaderCompilerExtEvent'
[LOADER][WARN] Import#24650264 result: -1 (04AjkP0jO9U) rdi=0x0000000606E0C098 rsi=0x0000000000000002 rdx=0x0000000000000000 rcx=0x0000000000000000 ret=0x000000080A821799
[LOADER][WARN] Import#24650277 result: -1 (04AjkP0jO9U) rdi=0x0000000606E0C098 rsi=0x0000000000000002 rdx=0x0000000000000000 rcx=0x0000000000000000 ret=0x000000080A821799
[LOADER][WARN] Import#24650296 result: -1 (04AjkP0jO9U) rdi=0x0000000606E0C098 rsi=0x0000000000000002 rdx=0x0000000000000000 rcx=0x0000000000000000 ret=0x000000080A821799
[LOADER][WARN] Import#24650309 result: -1 (04AjkP0jO9U) rdi=0x0000000606E0C098 rsi=0x0000000000000002 rdx=0x0000000000000000 rcx=0x0000000000000000 ret=0x000000080A821799
[LOADER][WARN] Import#25009272 result: ORBIS_GEN2_ERROR_NOT_FOUND (hwVSPCmp5tM) rdi=0x0000000000000000 rsi=0x0000000000200000 rdx=0x0000000000000010 rcx=0x0000000000000000 ret=0x000000080178FFDD
[LOADER][WARN] Import#25009578 result: ORBIS_GEN2_ERROR_NOT_FOUND (hwVSPCmp5tM) rdi=0x0000000000000000 rsi=0x0000000000200000 rdx=0x0000000000000010 rcx=0x0000000000000000 ret=0x000000080178FFDD
[LOADER][WARN] agc.rt_sampled#6568 addr=0x607E10000 first=True gpu_resident=True fmt=12/7 known_targets=13
[LOADER][WARN] agc.rt_sampled#6569 addr=0x607DF0000 first=True gpu_resident=True fmt=9/0 known_targets=13
[LOADER][WARN] agc.rt_sampled#6570 addr=0x607DD0000 first=True gpu_resident=True fmt=10/9 known_targets=13
[LOADER][WARN] agc.rt_sampled#6571 addr=0x652BD0000 first=True gpu_resident=True fmt=10/9 known_targets=13
[LOADER][WARN] agc.rt_sampled#6575 addr=0x652B60000 first=True gpu_resident=True fmt=12/7 known_targets=14
[LOADER][WARN] agc.rt_sampled#6576 addr=0x652B40000 first=True gpu_resident=True fmt=10/0 known_targets=14
[LOADER][WARN] Import#25582847 result: -1 (E6ao34wPw+U) rdi=0x00007FFFF01FAC00 rsi=0x00007FFFF01FAB40 rdx=0x00000001080501E8 rcx=0x00000008096CF418 ret=0x0000000804F38BFB
[LOADER][WARN] Import#25582851 result: -1 (E6ao34wPw+U) rdi=0x00007FFFF01FAC00 rsi=0x00007FFFF01FAB60 rdx=0x00000001080501E8 rcx=0x00000008096CF418 ret=0x0000000804F38D06
[LOADER][WARN] Import#25582867 result: -1 (E6ao34wPw+U) rdi=0x00007FFFF01FAC00 rsi=0x00007FFFF01FAB40 rdx=0x00000001080501E8 rcx=0x00000008096CF418 ret=0x0000000804F38BFB
[LOADER][WARN] Import#25582871 result: -1 (E6ao34wPw+U) rdi=0x00007FFFF01FAC00 rsi=0x00007FFFF01FAB60 rdx=0x00000001080501E8 rcx=0x00000008096CF418 ret=0x0000000804F38D06
[Error] <WorldMapObjectLabel> cannot update visualization: label is null. NorthAmerica_MooseLab
[LOADER][WARN] sceKernelDlsym failed: handle=0x7 symbol='UnitySetGraphicsDevice'
[LOADER][WARN] sceKernelDlsym failed: handle=0x7 symbol='UnityRenderEvent'
[LOADER][WARN] sceKernelDlsym failed: handle=0x7 symbol='UnityGetAudioEffectDefinitions'
[LOADER][WARN] sceKernelDlsym failed: handle=0x7 symbol='UnityPluginLoad'
[LOADER][WARN] sceKernelDlsym failed: handle=0x7 symbol='UnityPluginUnload'
[LOADER][WARN] sceKernelDlsym failed: handle=0x7 symbol='UnityRenderingExtEvent'
[LOADER][WARN] sceKernelDlsym failed: handle=0x7 symbol='UnityRenderingExtQuery'
[LOADER][WARN] sceKernelDlsym failed: handle=0x7 symbol='UnityShaderCompilerExtEvent'
[LOADER][WARN] agc.rt_sampled#6584 addr=0x654950000 first=True gpu_resident=True fmt=4/7 known_targets=16
[LOADER][WARN] agc.rt_sampled#6593 addr=0x655210000 first=True gpu_resident=True fmt=12/7 known_targets=18
[LOADER][WARN] agc.rt_sampled#6606 addr=0x657290000 first=True gpu_resident=True fmt=12/7 known_targets=19
[LOADER][WARN] agc.rt_sampled#6619 addr=0x657C10000 first=True gpu_resident=True fmt=12/7 known_targets=20
[LOADER][WARN] agc.rt_sampled#6632 addr=0x654870000 first=True gpu_resident=True fmt=12/7 known_targets=21
[LOADER][WARN] agc.rt_sampled#6645 addr=0x6548E0000 first=True gpu_resident=True fmt=12/7 known_targets=22
[LOADER][WARN] agc.rt_sampled#6658 addr=0x654910000 first=True gpu_resident=True fmt=12/7 known_targets=23
[LOADER][WARN] agc.rt_sampled#6671 addr=0x657FD0000 first=True gpu_resident=True fmt=12/7 known_targets=24
[LOADER][WARN] agc.rt_sampled#6681 addr=0x657FB0000 first=True gpu_resident=True fmt=12/7 known_targets=25
[LOADER][WARN] agc.rt_sampled#6691 addr=0x657F80000 first=True gpu_resident=True fmt=12/7 known_targets=26
[LOADER][WARN] agc.rt_sampled#6701 addr=0x657F10000 first=True gpu_resident=True fmt=12/7 known_targets=27
[LOADER][WARN] agc.rt_sampled#6711 addr=0x657D90000 first=True gpu_resident=True fmt=12/7 known_targets=28
[LOADER][WARN] agc.rt_sampled#6721 addr=0x657750000 first=True gpu_resident=True fmt=12/7 known_targets=30
[LOADER][WARN] agc.rt_sampled#6731 addr=0x607ED0000 first=True gpu_resident=True fmt=12/7 known_targets=30
[LOADER][WARN] agc.rt_sampled#6733 addr=0x656250000 first=True gpu_resident=True fmt=12/7 known_targets=31
[LOADER][WARN] agc.rt_sampled#6734 addr=0x658110000 first=True gpu_resident=True fmt=12/7 known_targets=31
[LOADER][WARN] agc.rt_sampled#6766 addr=0x652F10000 first=True gpu_resident=True fmt=10/9 known_targets=32
[LOADER][WARN] agc.rt_sampled#6775 addr=0x659150000 first=True gpu_resident=True fmt=12/7 known_targets=32
[LOADER][WARN] agc.rt_sampled#6875 addr=0x658010000 first=True gpu_resident=True fmt=12/7 known_targets=33
[LOADER][WARN] agc.rt_sampled#8000 addr=0x650CD0000 first=False gpu_resident=True fmt=12/7 known_targets=33
[LOADER][WARN] agc.rt_sampled#10000 addr=0x658110000 first=False gpu_resident=True fmt=12/7 known_targets=33
[LOADER][WARN] agc.rt_sampled#12000 addr=0x657F80000 first=False gpu_resident=True fmt=12/7 known_targets=33
[LOADER][WARN] agc.rt_sampled#14000 addr=0x6548E0000 first=False gpu_resident=True fmt=12/7 known_targets=33
[LOADER][WARN] agc.rt_sampled#16000 addr=0x657290000 first=False gpu_resident=True fmt=12/7 known_targets=33
[LOADER][WARN] agc.rt_sampled#18000 addr=0x64D6D0000 first=False gpu_resident=True fmt=12/7 known_targets=33
[LOADER][WARN] agc.rt_sampled#20000 addr=0x656250000 first=False gpu_resident=True fmt=12/7 known_targets=33
[LOADER][WARN] agc.rt_sampled#22000 addr=0x657F10000 first=False gpu_resident=True fmt=12/7 known_targets=33
[LOADER][WARN] agc.rt_sampled#24000 addr=0x657FB0000 first=False gpu_resident=True fmt=12/7 known_targets=33
[LOADER][WARN] agc.rt_sampled#26000 addr=0x657D90000 first=False gpu_resident=True fmt=12/7 known_targets=33
[LOADER][TRACE] vk.ordered_action_fence_wait count=16384 queue=dcb.graphics submission='SharpEmu compute cs=0x000000064C5C4100 8x1x1'
[LOADER][WARN] agc.rt_sampled#28000 addr=0x64FB50000 first=False gpu_resident=True fmt=10/9 known_targets=33
[LOADER][WARN] agc.rt_sampled#30000 addr=0x658110000 first=False gpu_resident=True fmt=12/7 known_targets=33
[LOADER][WARN] agc.rt_sampled#32000 addr=0x657F10000 first=False gpu_resident=True fmt=12/7 known_targets=33
[LOADER][WARN] Vulkan VideoOut window closing; requested=False deviceLost=False
[LOADER][INFO] Host shutdown requested: videoout-window-closed
[LOADER][INFO] Host shutdown requested: videoout-window-closed
[LOADER][INFO] Vulkan pipeline cache saved: path=C:\Users\chayt\Downloads\SharpEmu-Source\artifacts\bin\Release\net10.0\win-x64\user\pipeline_cache\PPSA22623\vulkan-pipeline-cache.bin bytes=3343334
