[DEBUG] SharpEmu starting with 3 args
[DEBUG] Log file: C:\Users\chayt\Downloads\SharpEmu-Source\artifacts\boot-investigation\umtx-abi-fix.log
[DEBUG] SharpEmu starting with 3 args
[DEBUG] Full path: C:\Users\chayt\Downloads\PSX\eboot.bin
[DEBUG] Creating runtime...
[LOADER][INFO] Kernel TSC frequency: 3792973782 Hz (calibrated-rdtsc)
[HLE] Warmed 3794 type initializers (0 threw) + JIT-compiled 24491 methods (149 skipped) across 11 HLE assemblies, plus 3311 framework type initializers.
[DEBUG] Running: C:\Users\chayt\Downloads\PSX\eboot.bin
[RUNTIME] Loading: C:\Users\chayt\Downloads\PSX\eboot.bin
[LOADER][INFO] ampr.app0_index_cache_hit root=C:\Users\chayt\Downloads\PSX files=72 ids=288 elapsed_ms=9.9
[LOADER][TLS] load_start clear=True next=1 assigned=1 has_pt_tls=True
[LOADER] Segment 0: VAddr=0x0000000800000000, FileSize=0x189BA8C, MemSize=0x189BA8C, Align=0x4000
[LOADER] Segment 1: VAddr=0x000000080189C000, FileSize=0x32CC28, MemSize=0x32CC28, Align=0x4000
[LOADER] Segment 3: VAddr=0x0000000801BCC000, FileSize=0x9BD40, MemSize=0x9BD40, Align=0x4000
[LOADER] Segment 7: VAddr=0x0000000801C68000, FileSize=0x1B65A8, MemSize=0x2F5C70, Align=0x4000
[LOADER] Segment 8: VAddr=0x0000000801F5DC70, FileSize=0x12DFE0, MemSize=0x12DFE0, Align=0x4000
[LOADER][TLS] Module 1 TLS template: memsz=0xC0 filesz=0x0 align=0x8 static_offset=0xC0 total_static=0xC0
[LOADER] TryLoadTableBytes: trying guest address 0x80208B140
[LOADER] TryLoadTableBytes: loaded from guest memory at 0x80208B140
[LOADER] TryLoadTableBytes: trying guest address 0x801F679F0
[LOADER] TryLoadTableBytes: loaded from guest memory at 0x801F679F0
[LOADER] TryLoadTableBytes: trying guest address 0x801F64150
[LOADER] TryLoadTableBytes: loaded from guest memory at 0x801F64150
[LOADER] TryLoadTableBytes: trying guest address 0x801F5DC70
[LOADER] TryLoadTableBytes: loaded from guest memory at 0x801F5DC70
[LOADER] TryLoadTableBytes: trying guest address 0x801F607F0
[LOADER] TryLoadTableBytes: loaded from guest memory at 0x801F607F0
[LOADER] CreateImportStubMapping: nids=609, required=0x2610, map_size=0x3000
[LOADER] TryLoadTableBytes: trying guest address 0x80208B140
[LOADER] TryLoadTableBytes: loaded from guest memory at 0x80208B140
[LOADER] TryLoadTableBytes: trying guest address 0x801F5DC70
[LOADER] TryLoadTableBytes: loaded from guest memory at 0x801F5DC70
[LOADER] TryLoadTableBytes: trying guest address 0x801F607F0
[LOADER] TryLoadTableBytes: loaded from guest memory at 0x801F607F0
[LOADER] Runtime symbol index populated: section=0, dynamic=1, total=2
[LOADER] TryLoadTableBytes: trying guest address 0x80208B140
[LOADER] TryLoadTableBytes: loaded from guest memory at 0x80208B140
[LOADER][TEST] ResolveMappedAddressOrFallback addr=0x10 imageBase=0x0000000800000000
[LOADER][TEST] -> resolved raw 0x0000000800000010
[LOADER][TEST] ResolveMappedAddressOrFallback addr=0x10 imageBase=0x0000000800000000
[LOADER][TEST] -> resolved raw 0x0000000800000010
[LOADER] Initializers discovered: preinit=0, init=1
[LOADER][TLS] load_done assigned=1 next=2
[RUNTIME] Registered module handle=1 name=eboot.bin base=0x0000000800000000 size=0x000000000208BC50
[RUNTIME] Entry: 0x0000000800000070
[RUNTIME] Module search directories: C:\Users\chayt\Downloads\PSX\sce_module, C:\Users\chayt\Downloads\PSX\Media\Modules, C:\Users\chayt\Downloads\PSX, C:\Users\chayt\Downloads\PSX\Media\Plugins
[RUNTIME] Loading 10 module(s)...
[LOADER][TLS] load_start clear=False next=2 assigned=2 has_pt_tls=True
[LOADER] Segment 0: VAddr=0x0000000804000000, FileSize=0x115BF0, MemSize=0x115BF0, Align=0x4000
[LOADER] Segment 1: VAddr=0x0000000804118000, FileSize=0x73410, MemSize=0x73410, Align=0x4000
[LOADER] Segment 3: VAddr=0x000000080418C000, FileSize=0x6830, MemSize=0x6830, Align=0x4000
[LOADER] Segment 7: VAddr=0x0000000804194000, FileSize=0x3C78, MemSize=0x9000, Align=0x4000
[LOADER] Segment 8: VAddr=0x000000080419D000, FileSize=0x35938, MemSize=0x35938, Align=0x4000
[LOADER][TLS] Module 2 TLS template: memsz=0x468 filesz=0x180 align=0x10 static_offset=0x530 total_static=0x530
[LOADER] TryLoadTableBytes: trying guest address 0x8041D2688
[LOADER] TryLoadTableBytes: loaded from guest memory at 0x8041D2688
[LOADER] TryLoadTableBytes: trying guest address 0x8041BB678
[LOADER] TryLoadTableBytes: loaded from guest memory at 0x8041BB678
[LOADER] TryLoadTableBytes: trying guest address 0x8041BABB0
[LOADER] TryLoadTableBytes: loaded from guest memory at 0x8041BABB0
[LOADER] TryLoadTableBytes: trying guest address 0x80419D000
[LOADER] TryLoadTableBytes: loaded from guest memory at 0x80419D000
[LOADER] TryLoadTableBytes: trying guest address 0x8041A8EC8
[LOADER] TryLoadTableBytes: loaded from guest memory at 0x8041A8EC8
[LOADER] CreateImportStubMapping: nids=117, required=0x750, map_size=0x1000
[LOADER][TLS] Patching DTPMOD64 at 0x8041921E0 with module id 0x2
[LOADER][TLS] Patching DTPMOD64 at 0x804192220 with module id 0x2
[LOADER][TLS] Patching DTPMOD64 at 0x804192230 with module id 0x2
[LOADER] TryLoadTableBytes: trying guest address 0x8041D2688
[LOADER] TryLoadTableBytes: loaded from guest memory at 0x8041D2688
[LOADER] TryLoadTableBytes: trying guest address 0x80419D000
[LOADER] TryLoadTableBytes: loaded from guest memory at 0x80419D000
[LOADER] TryLoadTableBytes: trying guest address 0x8041A8EC8
[LOADER] TryLoadTableBytes: loaded from guest memory at 0x8041A8EC8
[LOADER] Runtime symbol index populated: section=0, dynamic=2920, total=5840
[LOADER] TryLoadTableBytes: trying guest address 0x8041D2688
[LOADER] TryLoadTableBytes: loaded from guest memory at 0x8041D2688
[LOADER][TEST] ResolveMappedAddressOrFallback addr=0x10 imageBase=0x0000000804000000
[LOADER][TEST] -> resolved raw 0x0000000804000010
[LOADER] TryLoadTableBytes: trying guest address 0x804192808
[LOADER] TryLoadTableBytes: loaded from guest memory at 0x804192808
[LOADER][TEST] ResolveMappedAddressOrFallback addr=0x804000100 imageBase=0x0000000804000000
[LOADER][TEST] -> resolved raw 0x0000000804000100
[LOADER][TEST] ResolveMappedAddressOrFallback addr=0x10 imageBase=0x0000000804000000
[LOADER][TEST] -> resolved raw 0x0000000804000010
[LOADER] Initializers discovered: preinit=1, init=1
[LOADER][TLS] load_done assigned=2 next=3
[RUNTIME] Registered module handle=2 name=libc.prx base=0x0000000804000000 size=0x00000000001D2938
[RUNTIME] Loaded module libc.prx: entry=0x0000000804000000, imports=117, symbols=5840
[LOADER][TLS] load_start clear=False next=3 assigned=0 has_pt_tls=False
[LOADER] Segment 0: VAddr=0x00000008043D3000, FileSize=0x3F3240, MemSize=0x3F3240, Align=0x4000
[LOADER] WARNING: Segment 0 ELF alignment mismatch! VAddr=0x8043D3000, Offset=0x4000, Align=0x4000, VAddr%Align=0x3000, Offset%Align=0x0
[LOADER] Segment 1: VAddr=0x00000008047C7000, FileSize=0x189C8C, MemSize=0x189C8C, Align=0x4000
[LOADER] WARNING: Segment 1 ELF alignment mismatch! VAddr=0x8047C7000, Offset=0x3F8000, Align=0x4000, VAddr%Align=0x3000, Offset%Align=0x0
[LOADER] Segment 3: VAddr=0x0000000804953000, FileSize=0x2488, MemSize=0x2488, Align=0x4000
[LOADER] WARNING: Segment 3 ELF alignment mismatch! VAddr=0x804953000, Offset=0x584000, Align=0x4000, VAddr%Align=0x3000, Offset%Align=0x0
[LOADER] Segment 7: VAddr=0x0000000804957000, FileSize=0xD8, MemSize=0x1880, Align=0x4000
[LOADER] WARNING: Segment 7 ELF alignment mismatch! VAddr=0x804957000, Offset=0x588000, Align=0x4000, VAddr%Align=0x3000, Offset%Align=0x0
[LOADER] Segment 8: VAddr=0x0000000804958880, FileSize=0x1FC8A0, MemSize=0x1FC8A0, Align=0x4000
[LOADER] WARNING: Segment 8 ELF alignment mismatch! VAddr=0x804958880, Offset=0x589880, Align=0x4000, VAddr%Align=0x880, Offset%Align=0x1880
[LOADER] TryLoadTableBytes: trying guest address 0x804B54DE0
[LOADER] TryLoadTableBytes: loaded from guest memory at 0x804B54DE0
[LOADER] TryLoadTableBytes: trying guest address 0x804AFC4B8
[LOADER] TryLoadTableBytes: loaded from guest memory at 0x804AFC4B8
[LOADER] TryLoadTableBytes: trying guest address 0x804AFBC18
[LOADER] TryLoadTableBytes: loaded from guest memory at 0x804AFBC18
[LOADER] TryLoadTableBytes: trying guest address 0x804958880
[LOADER] TryLoadTableBytes: loaded from guest memory at 0x804958880
[LOADER] TryLoadTableBytes: trying guest address 0x804A00428
[LOADER] TryLoadTableBytes: loaded from guest memory at 0x804A00428
[LOADER] CreateImportStubMapping: nids=95, required=0x5F0, map_size=0x1000
[LOADER] TryLoadTableBytes: trying guest address 0x804B54DE0
[LOADER] TryLoadTableBytes: loaded from guest memory at 0x804B54DE0
[LOADER] TryLoadTableBytes: trying guest address 0x804958880
[LOADER] TryLoadTableBytes: loaded from guest memory at 0x804958880
[LOADER] TryLoadTableBytes: trying guest address 0x804A00428
[LOADER] TryLoadTableBytes: loaded from guest memory at 0x804A00428
[LOADER] Runtime symbol index populated: section=0, dynamic=42826, total=85652
[LOADER] TryLoadTableBytes: trying guest address 0x804B54DE0
[LOADER] TryLoadTableBytes: loaded from guest memory at 0x804B54DE0
[LOADER][TEST] ResolveMappedAddressOrFallback addr=0x10 imageBase=0x00000008043D3000
[LOADER][TEST] -> resolved raw 0x00000008043D3010
[LOADER][TEST] ResolveMappedAddressOrFallback addr=0x10 imageBase=0x00000008043D3000
[LOADER][TEST] -> resolved raw 0x00000008043D3010
[LOADER] Initializers discovered: preinit=0, init=1
[LOADER][TLS] load_done assigned=0 next=3
[RUNTIME] Registered module handle=3 name=libSceNpCppWebApi.prx base=0x00000008043D3000 size=0x0000000000782120
[RUNTIME] Loaded module libSceNpCppWebApi.prx: entry=0x00000008043D3000, imports=95, symbols=85652
[LOADER][TLS] load_start clear=False next=3 assigned=3 has_pt_tls=True
[LOADER] Segment 0: VAddr=0x0000000804D56000, FileSize=0x35BAFB1, MemSize=0x35BAFB1, Align=0x4000
[LOADER] WARNING: Segment 0 ELF alignment mismatch! VAddr=0x804D56000, Offset=0x4000, Align=0x4000, VAddr%Align=0x2000, Offset%Align=0x0
[LOADER] Segment 1: VAddr=0x0000000808312000, FileSize=0x1002C18, MemSize=0x1002C18, Align=0x4000
[LOADER] WARNING: Segment 1 ELF alignment mismatch! VAddr=0x808312000, Offset=0x35C0000, Align=0x4000, VAddr%Align=0x2000, Offset%Align=0x0
[LOADER] Segment 3: VAddr=0x0000000809316000, FileSize=0x28ECB8, MemSize=0x28ECB8, Align=0x4000
[LOADER] WARNING: Segment 3 ELF alignment mismatch! VAddr=0x809316000, Offset=0x45C4000, Align=0x4000, VAddr%Align=0x2000, Offset%Align=0x0
[LOADER] Segment 7: VAddr=0x00000008095A6000, FileSize=0x32ED3C, MemSize=0x55D8D8, Align=0x4000
[LOADER] WARNING: Segment 7 ELF alignment mismatch! VAddr=0x8095A6000, Offset=0x4854000, Align=0x4000, VAddr%Align=0x2000, Offset%Align=0x0
[LOADER] Segment 8: VAddr=0x0000000809B038E0, FileSize=0xB1CC10, MemSize=0xB1CC10, Align=0x4000
[LOADER] WARNING: Segment 8 ELF alignment mismatch! VAddr=0x809B038E0, Offset=0x4B858E0, Align=0x4000, VAddr%Align=0x38E0, Offset%Align=0x18E0
[LOADER][TLS] Module 3 TLS template: memsz=0x150 filesz=0x0 align=0x10 static_offset=0x680 total_static=0x680
[LOADER] TryLoadTableBytes: trying guest address 0x80A6200D0
[LOADER] TryLoadTableBytes: loaded from guest memory at 0x80A6200D0
[LOADER] TryLoadTableBytes: trying guest address 0x809B0C390
[LOADER] TryLoadTableBytes: loaded from guest memory at 0x809B0C390
[LOADER] TryLoadTableBytes: trying guest address 0x809B0AA40
[LOADER] TryLoadTableBytes: loaded from guest memory at 0x809B0AA40
[LOADER] TryLoadTableBytes: trying guest address 0x809B038E0
[LOADER] TryLoadTableBytes: loaded from guest memory at 0x809B038E0
[LOADER] TryLoadTableBytes: trying guest address 0x809B06738
[LOADER] TryLoadTableBytes: loaded from guest memory at 0x809B06738
[LOADER] CreateImportStubMapping: nids=294, required=0x1260, map_size=0x2000
[LOADER][TLS] Patching DTPMOD64 at 0x8095A4268 with module id 0x3
[LOADER] TryLoadTableBytes: trying guest address 0x80A6200D0
[LOADER] TryLoadTableBytes: loaded from guest memory at 0x80A6200D0
[LOADER] TryLoadTableBytes: trying guest address 0x809B038E0
[LOADER] TryLoadTableBytes: loaded from guest memory at 0x809B038E0
[LOADER] TryLoadTableBytes: trying guest address 0x809B06738
[LOADER] TryLoadTableBytes: loaded from guest memory at 0x809B06738
[LOADER] Runtime symbol index populated: section=0, dynamic=420, total=840
[LOADER] TryLoadTableBytes: trying guest address 0x80A6200D0
[LOADER] TryLoadTableBytes: loaded from guest memory at 0x80A6200D0
[LOADER][TEST] ResolveMappedAddressOrFallback addr=0x10 imageBase=0x0000000804D56000
[LOADER][TEST] -> resolved raw 0x0000000804D56010
[LOADER][TEST] ResolveMappedAddressOrFallback addr=0x10 imageBase=0x0000000804D56000
[LOADER][TEST] -> resolved raw 0x0000000804D56010
[LOADER] Initializers discovered: preinit=0, init=1
[LOADER][TLS] load_done assigned=3 next=4
[RUNTIME] Registered module handle=4 name=Il2CppUserAssemblies.prx base=0x0000000804D56000 size=0x00000000058CA4F0
[RUNTIME] Loaded module Il2CppUserAssemblies.prx: entry=0x0000000804D56000, imports=294, symbols=840
[LOADER][TLS] load_start clear=False next=4 assigned=0 has_pt_tls=False
[LOADER] Segment 0: VAddr=0x000000080A821000, FileSize=0x4000, MemSize=0x4000, Align=0x4000
[LOADER] WARNING: Segment 0 ELF alignment mismatch! VAddr=0x80A821000, Offset=0x4000, Align=0x4000, VAddr%Align=0x1000, Offset%Align=0x0
[LOADER] Segment 1: VAddr=0x000000080A825000, FileSize=0x205, MemSize=0x205, Align=0x4000
[LOADER] WARNING: Segment 1 ELF alignment mismatch! VAddr=0x80A825000, Offset=0x8000, Align=0x4000, VAddr%Align=0x1000, Offset%Align=0x0
[LOADER] Segment 3: VAddr=0x000000080A829000, FileSize=0xC0, MemSize=0x4000, Align=0x4000
[LOADER] WARNING: Segment 3 ELF alignment mismatch! VAddr=0x80A829000, Offset=0xC000, Align=0x4000, VAddr%Align=0x1000, Offset%Align=0x0
[LOADER] Segment 7: VAddr=0x000000080A82D000, FileSize=0x11, MemSize=0x30, Align=0x4000
[LOADER] WARNING: Segment 7 ELF alignment mismatch! VAddr=0x80A82D000, Offset=0x10000, Align=0x4000, VAddr%Align=0x1000, Offset%Align=0x0
[LOADER] Segment 8: VAddr=0x000000080A82D030, FileSize=0x7E8, MemSize=0x7E8, Align=0x4000
[LOADER] WARNING: Segment 8 ELF alignment mismatch! VAddr=0x80A82D030, Offset=0x10030, Align=0x4000, VAddr%Align=0x1030, Offset%Align=0x30
[LOADER] TryLoadTableBytes: trying guest address 0x80A82D598
[LOADER] TryLoadTableBytes: loaded from guest memory at 0x80A82D598
[LOADER] TryLoadTableBytes: trying guest address 0x80A82D478
[LOADER] TryLoadTableBytes: loaded from guest memory at 0x80A82D478
[LOADER] TryLoadTableBytes: trying guest address 0x80A82D3A0
[LOADER] TryLoadTableBytes: loaded from guest memory at 0x80A82D3A0
[LOADER] TryLoadTableBytes: trying guest address 0x80A82D030
[LOADER] TryLoadTableBytes: loaded from guest memory at 0x80A82D030
[LOADER] TryLoadTableBytes: trying guest address 0x80A82D1F0
[LOADER] TryLoadTableBytes: loaded from guest memory at 0x80A82D1F0
[LOADER] CreateImportStubMapping: nids=10, required=0xA0, map_size=0x1000
[LOADER] TryLoadTableBytes: trying guest address 0x80A82D598
[LOADER] TryLoadTableBytes: loaded from guest memory at 0x80A82D598
[LOADER] TryLoadTableBytes: trying guest address 0x80A82D030
[LOADER] TryLoadTableBytes: loaded from guest memory at 0x80A82D030
[LOADER] TryLoadTableBytes: trying guest address 0x80A82D1F0
[LOADER] TryLoadTableBytes: loaded from guest memory at 0x80A82D1F0
[LOADER] Runtime symbol index populated: section=0, dynamic=7, total=14
[LOADER] TryLoadTableBytes: trying guest address 0x80A82D598
[LOADER] TryLoadTableBytes: loaded from guest memory at 0x80A82D598
[LOADER][TEST] ResolveMappedAddressOrFallback addr=0x10 imageBase=0x000000080A821000
[LOADER][TEST] -> resolved raw 0x000000080A821010
[LOADER][TEST] ResolveMappedAddressOrFallback addr=0x10 imageBase=0x000000080A821000
[LOADER][TEST] -> resolved raw 0x000000080A821010
[LOADER] Initializers discovered: preinit=0, init=1
[LOADER][TLS] load_done assigned=0 next=4
[RUNTIME] Registered module handle=5 name=PS5Util.prx base=0x000000080A821000 size=0x000000000000C818
[RUNTIME] Loaded module PS5Util.prx: entry=0x000000080A821000, imports=10, symbols=14
[LOADER][TLS] load_start clear=False next=4 assigned=0 has_pt_tls=False
[LOADER] Segment 0: VAddr=0x000000080AA2E000, FileSize=0x12A080, MemSize=0x12A080, Align=0x4000
[LOADER] WARNING: Segment 0 ELF alignment mismatch! VAddr=0x80AA2E000, Offset=0x4000, Align=0x4000, VAddr%Align=0x2000, Offset%Align=0x0
[LOADER] Segment 1: VAddr=0x000000080AB5A000, FileSize=0x4E420, MemSize=0x4E420, Align=0x4000
[LOADER] WARNING: Segment 1 ELF alignment mismatch! VAddr=0x80AB5A000, Offset=0x130000, Align=0x4000, VAddr%Align=0x2000, Offset%Align=0x0
[LOADER] Segment 3: VAddr=0x000000080ABAA000, FileSize=0x3AF8, MemSize=0x3AF8, Align=0x4000
[LOADER] WARNING: Segment 3 ELF alignment mismatch! VAddr=0x80ABAA000, Offset=0x180000, Align=0x4000, VAddr%Align=0x2000, Offset%Align=0x0
[LOADER] Segment 7: VAddr=0x000000080ABAE000, FileSize=0xCBF8, MemSize=0x4CA50, Align=0x4000
[LOADER] WARNING: Segment 7 ELF alignment mismatch! VAddr=0x80ABAE000, Offset=0x184000, Align=0x4000, VAddr%Align=0x2000, Offset%Align=0x0
[LOADER] Segment 8: VAddr=0x000000080ABFAA50, FileSize=0x1AC08, MemSize=0x1AC08, Align=0x4000
[LOADER] WARNING: Segment 8 ELF alignment mismatch! VAddr=0x80ABFAA50, Offset=0x194A50, Align=0x4000, VAddr%Align=0x2A50, Offset%Align=0xA50
[LOADER] TryLoadTableBytes: trying guest address 0x80AC15258
[LOADER] TryLoadTableBytes: loaded from guest memory at 0x80AC15258
[LOADER] TryLoadTableBytes: trying guest address 0x80AC07E58
[LOADER] TryLoadTableBytes: loaded from guest memory at 0x80AC07E58
[LOADER] TryLoadTableBytes: trying guest address 0x80AC070D8
[LOADER] TryLoadTableBytes: loaded from guest memory at 0x80AC070D8
[LOADER] TryLoadTableBytes: trying guest address 0x80ABFAA50
[LOADER] TryLoadTableBytes: loaded from guest memory at 0x80ABFAA50
[LOADER] TryLoadTableBytes: trying guest address 0x80ABFFAA0
[LOADER] TryLoadTableBytes: loaded from guest memory at 0x80ABFFAA0
[LOADER] CreateImportStubMapping: nids=148, required=0x940, map_size=0x1000
[LOADER] TryLoadTableBytes: trying guest address 0x80AC15258
[LOADER] TryLoadTableBytes: loaded from guest memory at 0x80AC15258
[LOADER] TryLoadTableBytes: trying guest address 0x80ABFAA50
[LOADER] TryLoadTableBytes: loaded from guest memory at 0x80ABFAA50
[LOADER] TryLoadTableBytes: trying guest address 0x80ABFFAA0
[LOADER] TryLoadTableBytes: loaded from guest memory at 0x80ABFFAA0
[LOADER] Runtime symbol index populated: section=0, dynamic=1112, total=2224
[LOADER] TryLoadTableBytes: trying guest address 0x80AC15258
[LOADER] TryLoadTableBytes: loaded from guest memory at 0x80AC15258
[LOADER][TEST] ResolveMappedAddressOrFallback addr=0x10 imageBase=0x000000080AA2E000
[LOADER][TEST] -> resolved raw 0x000000080AA2E010
[LOADER][TEST] ResolveMappedAddressOrFallback addr=0x10 imageBase=0x000000080AA2E000
[LOADER][TEST] -> resolved raw 0x000000080AA2E010
[LOADER] Initializers discovered: preinit=0, init=1
[LOADER][TLS] load_done assigned=0 next=4
[RUNTIME] Installed FMOD compatibility hook: uPLTdl3psGk -> 0x000000080AB37030
[RUNTIME] Registered module handle=6 name=libfmod.prx base=0x000000080AA2E000 size=0x00000000001E7658
[RUNTIME] Loaded module libfmod.prx: entry=0x000000080AA2E000, imports=148, symbols=2224
[LOADER][TLS] load_start clear=False next=4 assigned=0 has_pt_tls=False
[LOADER] Segment 0: VAddr=0x000000080AE16000, FileSize=0x11E790, MemSize=0x11E790, Align=0x4000
[LOADER] WARNING: Segment 0 ELF alignment mismatch! VAddr=0x80AE16000, Offset=0x4000, Align=0x4000, VAddr%Align=0x2000, Offset%Align=0x0
[LOADER] Segment 1: VAddr=0x000000080AF36000, FileSize=0x3882C, MemSize=0x3882C, Align=0x4000
[LOADER] WARNING: Segment 1 ELF alignment mismatch! VAddr=0x80AF36000, Offset=0x124000, Align=0x4000, VAddr%Align=0x2000, Offset%Align=0x0
[LOADER] Segment 3: VAddr=0x000000080AF72000, FileSize=0x7798, MemSize=0x7798, Align=0x4000
[LOADER] WARNING: Segment 3 ELF alignment mismatch! VAddr=0x80AF72000, Offset=0x160000, Align=0x4000, VAddr%Align=0x2000, Offset%Align=0x0
[LOADER] Segment 7: VAddr=0x000000080AF7A000, FileSize=0x38, MemSize=0x1220, Align=0x4000
[LOADER] WARNING: Segment 7 ELF alignment mismatch! VAddr=0x80AF7A000, Offset=0x168000, Align=0x4000, VAddr%Align=0x2000, Offset%Align=0x0
[LOADER] Segment 8: VAddr=0x000000080AF7B220, FileSize=0x1A270, MemSize=0x1A270, Align=0x4000
[LOADER] WARNING: Segment 8 ELF alignment mismatch! VAddr=0x80AF7B220, Offset=0x169220, Align=0x4000, VAddr%Align=0x3220, Offset%Align=0x1220
[LOADER] TryLoadTableBytes: trying guest address 0x80AF95210
[LOADER] TryLoadTableBytes: loaded from guest memory at 0x80AF95210
[LOADER] TryLoadTableBytes: trying guest address 0x80AF81FC0
[LOADER] TryLoadTableBytes: loaded from guest memory at 0x80AF81FC0
[LOADER] TryLoadTableBytes: trying guest address 0x80AF80E68
[LOADER] TryLoadTableBytes: loaded from guest memory at 0x80AF80E68
[LOADER] TryLoadTableBytes: trying guest address 0x80AF7B220
[LOADER] TryLoadTableBytes: loaded from guest memory at 0x80AF7B220
[LOADER] TryLoadTableBytes: trying guest address 0x80AF7D778
[LOADER] TryLoadTableBytes: loaded from guest memory at 0x80AF7D778
[LOADER] CreateImportStubMapping: nids=188, required=0xBC0, map_size=0x1000
[LOADER] TryLoadTableBytes: trying guest address 0x80AF95210
[LOADER] TryLoadTableBytes: loaded from guest memory at 0x80AF95210
[LOADER] TryLoadTableBytes: trying guest address 0x80AF7B220
[LOADER] TryLoadTableBytes: loaded from guest memory at 0x80AF7B220
[LOADER] TryLoadTableBytes: trying guest address 0x80AF7D778
[LOADER] TryLoadTableBytes: loaded from guest memory at 0x80AF7D778
[LOADER] Runtime symbol index populated: section=0, dynamic=397, total=794
[LOADER] TryLoadTableBytes: trying guest address 0x80AF95210
[LOADER] TryLoadTableBytes: loaded from guest memory at 0x80AF95210
[LOADER][TEST] ResolveMappedAddressOrFallback addr=0x10 imageBase=0x000000080AE16000
[LOADER][TEST] -> resolved raw 0x000000080AE16010
[LOADER][TEST] ResolveMappedAddressOrFallback addr=0x10 imageBase=0x000000080AE16000
[LOADER][TEST] -> resolved raw 0x000000080AE16010
[LOADER] Initializers discovered: preinit=0, init=1
[LOADER][TLS] load_done assigned=0 next=4
[RUNTIME] Registered module handle=7 name=libfmodstudio.prx base=0x000000080AE16000 size=0x000000000017F490
[RUNTIME] Loaded module libfmodstudio.prx: entry=0x000000080AE16000, imports=188, symbols=794
[LOADER][TLS] load_start clear=False next=4 assigned=0 has_pt_tls=False
[LOADER] Segment 0: VAddr=0x000000080B196000, FileSize=0x63590, MemSize=0x63590, Align=0x4000
[LOADER] WARNING: Segment 0 ELF alignment mismatch! VAddr=0x80B196000, Offset=0x4000, Align=0x4000, VAddr%Align=0x2000, Offset%Align=0x0
[LOADER] Segment 1: VAddr=0x000000080B1FA000, FileSize=0x299A4, MemSize=0x299A4, Align=0x4000
[LOADER] WARNING: Segment 1 ELF alignment mismatch! VAddr=0x80B1FA000, Offset=0x68000, Align=0x4000, VAddr%Align=0x2000, Offset%Align=0x0
[LOADER] Segment 3: VAddr=0x000000080B226000, FileSize=0x1C60, MemSize=0x1C60, Align=0x4000
[LOADER] WARNING: Segment 3 ELF alignment mismatch! VAddr=0x80B226000, Offset=0x94000, Align=0x4000, VAddr%Align=0x2000, Offset%Align=0x0
[LOADER] Segment 7: VAddr=0x000000080B22A000, FileSize=0x3B0, MemSize=0xB88, Align=0x4000
[LOADER] WARNING: Segment 7 ELF alignment mismatch! VAddr=0x80B22A000, Offset=0x98000, Align=0x4000, VAddr%Align=0x2000, Offset%Align=0x0
[LOADER] Segment 8: VAddr=0x000000080B22AB90, FileSize=0x5A48, MemSize=0x5A48, Align=0x4000
[LOADER] WARNING: Segment 8 ELF alignment mismatch! VAddr=0x80B22AB90, Offset=0x98B90, Align=0x4000, VAddr%Align=0x2B90, Offset%Align=0xB90
[LOADER] TryLoadTableBytes: trying guest address 0x80B230398
[LOADER] TryLoadTableBytes: loaded from guest memory at 0x80B230398
[LOADER] TryLoadTableBytes: trying guest address 0x80B22C2F0
[LOADER] TryLoadTableBytes: loaded from guest memory at 0x80B22C2F0
[LOADER] TryLoadTableBytes: trying guest address 0x80B22BB88
[LOADER] TryLoadTableBytes: loaded from guest memory at 0x80B22BB88
[LOADER] TryLoadTableBytes: trying guest address 0x80B22AB90
[LOADER] TryLoadTableBytes: loaded from guest memory at 0x80B22AB90
[LOADER] TryLoadTableBytes: trying guest address 0x80B22B258
[LOADER] TryLoadTableBytes: loaded from guest memory at 0x80B22B258
[LOADER] CreateImportStubMapping: nids=93, required=0x5D0, map_size=0x1000
[LOADER] TryLoadTableBytes: trying guest address 0x80B230398
[LOADER] TryLoadTableBytes: loaded from guest memory at 0x80B230398
[LOADER] TryLoadTableBytes: trying guest address 0x80B22AB90
[LOADER] TryLoadTableBytes: loaded from guest memory at 0x80B22AB90
[LOADER] TryLoadTableBytes: trying guest address 0x80B22B258
[LOADER] TryLoadTableBytes: loaded from guest memory at 0x80B22B258
[LOADER] Runtime symbol index populated: section=0, dynamic=4, total=8
[LOADER] TryLoadTableBytes: trying guest address 0x80B230398
[LOADER] TryLoadTableBytes: loaded from guest memory at 0x80B230398
[LOADER][TEST] ResolveMappedAddressOrFallback addr=0x10 imageBase=0x000000080B196000
[LOADER][TEST] -> resolved raw 0x000000080B196010
[LOADER][TEST] ResolveMappedAddressOrFallback addr=0x10 imageBase=0x000000080B196000
[LOADER][TEST] -> resolved raw 0x000000080B196010
[LOADER] Initializers discovered: preinit=0, init=1
[LOADER][TLS] load_done assigned=0 next=4
[RUNTIME] Registered module handle=8 name=libresonanceaudio.prx base=0x000000080B196000 size=0x000000000009A5D8
[RUNTIME] Loaded module libresonanceaudio.prx: entry=0x000000080B196000, imports=93, symbols=8
[LOADER][TLS] load_start clear=False next=4 assigned=0 has_pt_tls=False
[LOADER] Segment 0: VAddr=0x000000080B431000, FileSize=0x6E0, MemSize=0x6E0, Align=0x4000
[LOADER] WARNING: Segment 0 ELF alignment mismatch! VAddr=0x80B431000, Offset=0x4000, Align=0x4000, VAddr%Align=0x1000, Offset%Align=0x0
[LOADER] Segment 1: VAddr=0x000000080B435000, FileSize=0x14C, MemSize=0x14C, Align=0x4000
[LOADER] WARNING: Segment 1 ELF alignment mismatch! VAddr=0x80B435000, Offset=0x8000, Align=0x4000, VAddr%Align=0x1000, Offset%Align=0x0
[LOADER] Segment 3: VAddr=0x000000080B439000, FileSize=0x90, MemSize=0x90, Align=0x4000
[LOADER] WARNING: Segment 3 ELF alignment mismatch! VAddr=0x80B439000, Offset=0xC000, Align=0x4000, VAddr%Align=0x1000, Offset%Align=0x0
[LOADER] Segment 7: VAddr=0x000000080B43D000, FileSize=0x102, MemSize=0x148, Align=0x4000
[LOADER] WARNING: Segment 7 ELF alignment mismatch! VAddr=0x80B43D000, Offset=0x10000, Align=0x4000, VAddr%Align=0x1000, Offset%Align=0x0
[LOADER] Segment 8: VAddr=0x000000080B43D150, FileSize=0x8A8, MemSize=0x8A8, Align=0x4000
[LOADER] WARNING: Segment 8 ELF alignment mismatch! VAddr=0x80B43D150, Offset=0x10150, Align=0x4000, VAddr%Align=0x1150, Offset%Align=0x150
[LOADER] TryLoadTableBytes: trying guest address 0x80B43D7B8
[LOADER] TryLoadTableBytes: loaded from guest memory at 0x80B43D7B8
[LOADER] TryLoadTableBytes: trying guest address 0x80B43D640
[LOADER] TryLoadTableBytes: loaded from guest memory at 0x80B43D640
[LOADER] TryLoadTableBytes: trying guest address 0x80B43D610
[LOADER] TryLoadTableBytes: loaded from guest memory at 0x80B43D610
[LOADER] TryLoadTableBytes: trying guest address 0x80B43D150
[LOADER] TryLoadTableBytes: loaded from guest memory at 0x80B43D150
[LOADER] TryLoadTableBytes: trying guest address 0x80B43D3A0
[LOADER] TryLoadTableBytes: loaded from guest memory at 0x80B43D3A0
[LOADER] CreateImportStubMapping: nids=4, required=0x40, map_size=0x1000
[LOADER] TryLoadTableBytes: trying guest address 0x80B43D7B8
[LOADER] TryLoadTableBytes: loaded from guest memory at 0x80B43D7B8
[LOADER] TryLoadTableBytes: trying guest address 0x80B43D150
[LOADER] TryLoadTableBytes: loaded from guest memory at 0x80B43D150
[LOADER] TryLoadTableBytes: trying guest address 0x80B43D3A0
[LOADER] TryLoadTableBytes: loaded from guest memory at 0x80B43D3A0
[LOADER] Runtime symbol index populated: section=0, dynamic=21, total=42
[LOADER] TryLoadTableBytes: trying guest address 0x80B43D7B8
[LOADER] TryLoadTableBytes: loaded from guest memory at 0x80B43D7B8
[LOADER][TEST] ResolveMappedAddressOrFallback addr=0x10 imageBase=0x000000080B431000
[LOADER][TEST] -> resolved raw 0x000000080B431010
[LOADER][TEST] ResolveMappedAddressOrFallback addr=0x10 imageBase=0x000000080B431000
[LOADER][TEST] -> resolved raw 0x000000080B431010
[LOADER] Initializers discovered: preinit=0, init=1
[LOADER][TLS] load_done assigned=0 next=4
[RUNTIME] Registered module handle=9 name=lib_burst_generated.prx base=0x000000080B431000 size=0x000000000000C9F8
[RUNTIME] Loaded module lib_burst_generated.prx: entry=0x000000080B431000, imports=4, symbols=42
[LOADER][TLS] load_start clear=False next=4 assigned=0 has_pt_tls=False
[LOADER] Segment 0: VAddr=0x000000080B63E000, FileSize=0x3B000, MemSize=0x3B000, Align=0x4000
[LOADER] WARNING: Segment 0 ELF alignment mismatch! VAddr=0x80B63E000, Offset=0x4000, Align=0x4000, VAddr%Align=0x2000, Offset%Align=0x0
[LOADER] Segment 1: VAddr=0x000000080B67A000, FileSize=0x8510, MemSize=0x8510, Align=0x4000
[LOADER] WARNING: Segment 1 ELF alignment mismatch! VAddr=0x80B67A000, Offset=0x40000, Align=0x4000, VAddr%Align=0x2000, Offset%Align=0x0
[LOADER] Segment 3: VAddr=0x000000080B686000, FileSize=0x50A0, MemSize=0x50A0, Align=0x4000
[LOADER] WARNING: Segment 3 ELF alignment mismatch! VAddr=0x80B686000, Offset=0x4C000, Align=0x4000, VAddr%Align=0x2000, Offset%Align=0x0
[LOADER] Segment 7: VAddr=0x000000080B68E000, FileSize=0x19C, MemSize=0x380, Align=0x4000
[LOADER] WARNING: Segment 7 ELF alignment mismatch! VAddr=0x80B68E000, Offset=0x54000, Align=0x4000, VAddr%Align=0x2000, Offset%Align=0x0
[LOADER] Segment 8: VAddr=0x000000080B68E380, FileSize=0x2C590, MemSize=0x2C590, Align=0x4000
[LOADER] WARNING: Segment 8 ELF alignment mismatch! VAddr=0x80B68E380, Offset=0x54380, Align=0x4000, VAddr%Align=0x2380, Offset%Align=0x380
[LOADER] TryLoadTableBytes: trying guest address 0x80B6BA190
[LOADER] TryLoadTableBytes: loaded from guest memory at 0x80B6BA190
[LOADER] TryLoadTableBytes: trying guest address 0x80B6B4A20
[LOADER] TryLoadTableBytes: loaded from guest memory at 0x80B6B4A20
[LOADER] TryLoadTableBytes: trying guest address 0x80B6A65A8
[LOADER] TryLoadTableBytes: loaded from guest memory at 0x80B6A65A8
[LOADER] TryLoadTableBytes: trying guest address 0x80B68E380
[LOADER] TryLoadTableBytes: loaded from guest memory at 0x80B68E380
[LOADER] TryLoadTableBytes: trying guest address 0x80B698040
[LOADER] TryLoadTableBytes: loaded from guest memory at 0x80B698040
[LOADER] CreateImportStubMapping: nids=2439, required=0x9870, map_size=0xA000
[LOADER] TryLoadTableBytes: trying guest address 0x80B6BA190
[LOADER] TryLoadTableBytes: loaded from guest memory at 0x80B6BA190
[LOADER] TryLoadTableBytes: trying guest address 0x80B68E380
[LOADER] TryLoadTableBytes: loaded from guest memory at 0x80B68E380
[LOADER] TryLoadTableBytes: trying guest address 0x80B698040
[LOADER] TryLoadTableBytes: loaded from guest memory at 0x80B698040
[LOADER] Runtime symbol index populated: section=0, dynamic=7, total=14
[LOADER] TryLoadTableBytes: trying guest address 0x80B6BA190
[LOADER] TryLoadTableBytes: loaded from guest memory at 0x80B6BA190
[LOADER][TEST] ResolveMappedAddressOrFallback addr=0x10 imageBase=0x000000080B63E000
[LOADER][TEST] -> resolved raw 0x000000080B63E010
[LOADER][TEST] ResolveMappedAddressOrFallback addr=0x10 imageBase=0x000000080B63E000
[LOADER][TEST] -> resolved raw 0x000000080B63E010
[LOADER] Initializers discovered: preinit=0, init=1
[LOADER][TLS] load_done assigned=0 next=4
[RUNTIME] Registered module handle=10 name=PSN.prx base=0x000000080B63E000 size=0x000000000007C910
[RUNTIME] Loaded module PSN.prx: entry=0x000000080B63E000, imports=2439, symbols=14
[LOADER][TLS] load_start clear=False next=4 assigned=0 has_pt_tls=False
[LOADER] Segment 0: VAddr=0x000000080B8BB000, FileSize=0x3D20, MemSize=0x3D20, Align=0x4000
[LOADER] WARNING: Segment 0 ELF alignment mismatch! VAddr=0x80B8BB000, Offset=0x4000, Align=0x4000, VAddr%Align=0x3000, Offset%Align=0x0
[LOADER] Segment 1: VAddr=0x000000080B8BF000, FileSize=0x19A5, MemSize=0x19A5, Align=0x4000
[LOADER] WARNING: Segment 1 ELF alignment mismatch! VAddr=0x80B8BF000, Offset=0x8000, Align=0x4000, VAddr%Align=0x3000, Offset%Align=0x0
[LOADER] Segment 3: VAddr=0x000000080B8C3000, FileSize=0x230, MemSize=0x230, Align=0x4000
[LOADER] WARNING: Segment 3 ELF alignment mismatch! VAddr=0x80B8C3000, Offset=0xC000, Align=0x4000, VAddr%Align=0x3000, Offset%Align=0x0
[LOADER] Segment 7: VAddr=0x000000080B8C7000, FileSize=0x11, MemSize=0x2B2748, Align=0x4000
[LOADER] WARNING: Segment 7 ELF alignment mismatch! VAddr=0x80B8C7000, Offset=0x10000, Align=0x4000, VAddr%Align=0x3000, Offset%Align=0x0
[LOADER] Segment 8: VAddr=0x000000080BB79750, FileSize=0x1A78, MemSize=0x1A78, Align=0x4000
[LOADER] WARNING: Segment 8 ELF alignment mismatch! VAddr=0x80BB79750, Offset=0x12750, Align=0x4000, VAddr%Align=0x1750, Offset%Align=0x2750
[LOADER] TryLoadTableBytes: trying guest address 0x80BB7AE48
[LOADER] TryLoadTableBytes: loaded from guest memory at 0x80BB7AE48
[LOADER] TryLoadTableBytes: trying guest address 0x80BB7AAD0
[LOADER] TryLoadTableBytes: loaded from guest memory at 0x80BB7AAD0
[LOADER] TryLoadTableBytes: trying guest address 0x80BB7A5D8
[LOADER] TryLoadTableBytes: loaded from guest memory at 0x80BB7A5D8
[LOADER] TryLoadTableBytes: trying guest address 0x80BB79750
[LOADER] TryLoadTableBytes: loaded from guest memory at 0x80BB79750
[LOADER] TryLoadTableBytes: trying guest address 0x80BB79DF8
[LOADER] TryLoadTableBytes: loaded from guest memory at 0x80BB79DF8
[LOADER] CreateImportStubMapping: nids=55, required=0x370, map_size=0x1000
[LOADER] TryLoadTableBytes: trying guest address 0x80BB7AE48
[LOADER] TryLoadTableBytes: loaded from guest memory at 0x80BB7AE48
[LOADER] TryLoadTableBytes: trying guest address 0x80BB79750
[LOADER] TryLoadTableBytes: loaded from guest memory at 0x80BB79750
[LOADER] TryLoadTableBytes: trying guest address 0x80BB79DF8
[LOADER] TryLoadTableBytes: loaded from guest memory at 0x80BB79DF8
[LOADER] Runtime symbol index populated: section=0, dynamic=28, total=56
[LOADER] TryLoadTableBytes: trying guest address 0x80BB7AE48
[LOADER] TryLoadTableBytes: loaded from guest memory at 0x80BB7AE48
[LOADER][TEST] ResolveMappedAddressOrFallback addr=0x10 imageBase=0x000000080B8BB000
[LOADER][TEST] -> resolved raw 0x000000080B8BB010
[LOADER][TEST] ResolveMappedAddressOrFallback addr=0x10 imageBase=0x000000080B8BB000
[LOADER][TEST] -> resolved raw 0x000000080B8BB010
[LOADER] Initializers discovered: preinit=0, init=1
[LOADER][TLS] load_done assigned=0 next=4
[RUNTIME] Registered module handle=11 name=SaveData.prx base=0x000000080B8BB000 size=0x00000000002C01C8
[RUNTIME] Loaded module SaveData.prx: entry=0x000000080B8BB000, imports=55, symbols=56
[RUNTIME] Module preload summary: loaded=10, failed=0, merged_imports=3443, merged_symbols=95467
[RUNTIME] Imported data rebind: rebound=56, unresolved=0
[RUNTIME] Starting module libc.prx: dt_init=0x0000000804000010
[DISPATCHER] === DispatchModuleInitializer START ===
[DISPATCHER] moduleInit=0x0000000804000010, generation=Gen5, module=libc.prx
[DISPATCHER] DispatchEntryCore STARTING...
[LOADER][INFO] VEH trampoline built: bytes=709 native_worker_abort=True
[LOADER][INFO] Raw exception handler installed: 0x000002A91E817510
[LOADER][INFO] Guest image CPU write tracking: disabled
[LOADER][INFO] VEH trampoline built: bytes=709 native_worker_abort=True
[LOADER][INFO] Exception handler installed: 0x000002A91E818020
[LOADER][INFO] VEH trampoline built: bytes=709 native_worker_abort=True
[LOADER][INFO] Native guest workers prewarmed: 4/4 max_concurrent=2
[LOADER][INFO] === Execute START ===
[LOADER][INFO] EntryPoint: 0x0000000804000010, ImportStubs: 4053
[LOADER][INFO] RuntimeSymbols: 95473
[LOADER][INFO] ExportCheck fputs: libc:fputs
[LOADER][INFO] ExportCheck map_direct: libKernel:sceKernelMapDirectMemory
[LOADER][INFO] Setting up 4053 import stubs...
[LOADER][INFO] LLE redirect: 0x0000700000000010 QI-x0SL8jhw -> QI-x0SL8jhw@0x000000080403E3E0
[LOADER][INFO] LLE redirect: 0x0000700000000020 EH-x713A99c -> EH-x713A99c@0x0000000804041130
[LOADER][INFO] LLE redirect: 0x0000700000000030 gQX+4GDQjpM -> gQX+4GDQjpM@0x0000000804006020
[LOADER][INFO] LLE redirect: 0x0000700000000040 Y7aJ1uydPMo -> Y7aJ1uydPMo@0x0000000804006050
[LOADER][INFO] LLE redirect: 0x0000700000000050 tIhsqj0qsFE -> tIhsqj0qsFE@0x0000000804006030
[LOADER][INFO] LLE redirect: 0x0000700000000060 lKEN2IebgJ0 -> lKEN2IebgJ0@0x0000000804054900
[LOADER][INFO] LLE redirect: 0x0000700000000070 zr094EQ39Ww -> zr094EQ39Ww@0x0000000804035940
[LOADER][INFO] LLE redirect: 0x0000700000000080 ZE6RNL+eLbk -> ZE6RNL+eLbk@0x000000080404FE40
[LOADER][INFO] LLE redirect: 0x0000700000000090 weDug8QD-lE -> weDug8QD-lE@0x0000000804040AA0
[LOADER][INFO] LLE redirect: 0x00007000000000A0 GZWjF-YIFFk -> GZWjF-YIFFk@0x0000000804040170
[LOADER][INFO] LLE redirect: 0x00007000000000B0 H8AprKeZtNg -> H8AprKeZtNg@0x0000000804194480
[LOADER][INFO] LLE redirect: 0x00007000000000C0 c+4r-T-tEIc -> c+4r-T-tEIc@0x000000080404C430
[LOADER][INFO] LLE redirect: 0x00007000000000D0 2sWzhYqFH4E -> 2sWzhYqFH4E@0x00000008041942B8
[LOADER][INFO] LLE redirect: 0x00007000000000E0 8zTFvBIAIN8 -> 8zTFvBIAIN8@0x0000000804010360
[LOADER][INFO] LLE redirect: 0x0000700000000170 DfivPArhucg -> DfivPArhucg@0x0000000804032F00
[LOADER][INFO] LLE redirect: 0x0000700000000180 tQIo+GIPklo -> tQIo+GIPklo@0x0000000804016560
[LOADER][INFO] LLE redirect: 0x00007000000001C0 eT2UsmTewbU -> eT2UsmTewbU@0x0000000804016430
[LOADER][INFO] LLE redirect: 0x00007000000001D0 gNQ1V2vfXDE -> gNQ1V2vfXDE@0x00000008040548B0
[LOADER][INFO] LLE redirect: 0x00007000000001E0 Ujf3KzMvRmI -> Ujf3KzMvRmI@0x0000000804006070
[LOADER][INFO] LLE redirect: 0x00007000000001F0 OGybVuPAhAY -> OGybVuPAhAY@0x0000000804006090
[LOADER][INFO] LLE redirect: 0x0000700000000230 ozMAr28BwSY -> ozMAr28BwSY@0x0000000804016640
[LOADER][INFO] LLE redirect: 0x00007000000002B0 1Pk0qZQGeWo -> 1Pk0qZQGeWo@0x000000080405A5D0
[LOADER][INFO] LLE redirect: 0x00007000000002D0 zlfEH8FmyUA -> zlfEH8FmyUA@0x000000080403DEB0
[LOADER][INFO] LLE redirect: 0x00007000000002E0 xEszJVGpybs -> xEszJVGpybs@0x000000080405B3B0
[LOADER][INFO] LLE redirect: 0x00007000000002F0 5TjaJwkLWxE -> 5TjaJwkLWxE@0x0000000804032F40
[LOADER][INFO] LLE redirect: 0x0000700000000300 JBcgYuW8lPU -> JBcgYuW8lPU@0x000000080403E160
[LOADER][INFO] LLE redirect: 0x0000700000000320 YQ0navp+YIc -> YQ0navp+YIc@0x0000000804036360
[LOADER][INFO] LLE redirect: 0x0000700000000330 JrwFIMzKNr0 -> JrwFIMzKNr0@0x0000000804049760
[LOADER][INFO] LLE redirect: 0x0000700000000340 lA94ZgT+vMM -> lA94ZgT+vMM@0x0000000804046E60
[LOADER][INFO] LLE redirect: 0x0000700000000350 wLlFkwG9UcQ -> wLlFkwG9UcQ@0x000000080406EEF0
[LOADER][INFO] LLE redirect: 0x0000700000000430 mXlxhmLNMPg -> mXlxhmLNMPg@0x000000080403DA80
[LOADER][INFO] LLE redirect: 0x0000700000000440 AEJdIVZTEmo -> AEJdIVZTEmo@0x0000000804063320
[LOADER][INFO] LLE redirect: 0x0000700000000490 1mecP7RgI2A -> 1mecP7RgI2A@0x000000080406ECA0
[LOADER][INFO] LLE redirect: 0x00007000000004D0 0WMHDb5Dt94 -> 0WMHDb5Dt94@0x000000080404C080
[LOADER][INFO] LLE redirect: 0x00007000000004E0 g7zzzLDYGw0 -> g7zzzLDYGw0@0x000000080406E5C0
[LOADER][INFO] LLE redirect: 0x00007000000004F0 MELi-cKqWq0 -> MELi-cKqWq0@0x00000008040169C0
[LOADER][INFO] LLE redirect: 0x0000700000000500 3+UPM-9E6xY -> 3+UPM-9E6xY@0x000000080404C220
[LOADER][INFO] LLE redirect: 0x0000700000000510 rDMyAf1Jhug -> rDMyAf1Jhug@0x000000080404D850
[LOADER][INFO] LLE redirect: 0x0000700000000530 T7uyNqP7vQA -> T7uyNqP7vQA@0x000000080404F940
[LOADER][INFO] LLE redirect: 0x0000700000000540 HUbZmOnT-Dg -> HUbZmOnT-Dg@0x0000000804041CF0
[LOADER][INFO] LLE redirect: 0x00007000000006A0 2X5agFjKxMc -> 2X5agFjKxMc@0x0000000804006040
[LOADER][INFO] LLE redirect: 0x00007000000008E0 pXvbDfchu6k -> pXvbDfchu6k@0x000000080406E700
[LOADER][INFO] LLE redirect: 0x0000700000000980 NU-T4QowTNA -> NU-T4QowTNA@0x0000000804016480
[LOADER][INFO] LLE redirect: 0x00007000000009E0 2vDqwBlpF-o -> 2vDqwBlpF-o@0x000000080405C470
[LOADER][INFO] LLE redirect: 0x0000700000000A00 QZP6I9ZZxpE -> QZP6I9ZZxpE@0x000000080406EBC0
[LOADER][INFO] LLE redirect: 0x0000700000000D50 oVkZ8W8-Q8A -> oVkZ8W8-Q8A@0x000000080406D990
[LOADER][INFO] LLE redirect: 0x0000700000000E80 M4YYbSFfJ8g -> M4YYbSFfJ8g@0x0000000804FB8030
[LOADER][INFO] LLE redirect: 0x0000700000000EB0 35NoyMOtYpE -> 35NoyMOtYpE@0x0000000804FB7FD0
[LOADER][INFO] Setup 4053/4053 import stubs (direct bridge, lle_redirects=2744)
[LOADER][INFO] TLS handler at 0x0000000803000000
[LOADER][INFO] Patched 0 TLS loads, 164 TLS stores, 0 stack-canary accesses, 0 SSE4a EXTRQ blends
[LOADER][INFO] Patched 369 TLS loads, 0 TLS stores, 0 stack-canary accesses, 0 SSE4a EXTRQ blends (lazy-commit rescan 0x0000000800000000-0x0000000808000000)
[LOADER][INFO] ExecuteEntry starting at 0x0000000804000010
[LOADER][INFO] RSP=0x00007FFFF01FFFD8, RDI=0x0000000000000000
[LOADER][INFO] StackTop: 0x00007FFFF01FFFD8
[LOADER][INFO] Calling guest entry...
[LOADER][INFO] Guest returned: 0
[LOADER][INFO] === Execute END (LastError: null) ===
[RUNTIME] Starting module libSceNpCppWebApi.prx: dt_init=0x00000008043D3010
[DISPATCHER] === DispatchModuleInitializer START ===
[DISPATCHER] moduleInit=0x00000008043D3010, generation=Gen5, module=libSceNpCppWebApi.prx
[DISPATCHER] DispatchEntryCore STARTING...
[LOADER][INFO] === Execute START ===
[LOADER][INFO] EntryPoint: 0x00000008043D3010, ImportStubs: 4053
[LOADER][INFO] RuntimeSymbols: 95473
[LOADER][INFO] ExportCheck fputs: libc:fputs
[LOADER][INFO] ExportCheck map_direct: libKernel:sceKernelMapDirectMemory
[LOADER][INFO] Setting up 4053 import stubs...
[LOADER][INFO] LLE redirect: 0x0000700000000010 QI-x0SL8jhw -> QI-x0SL8jhw@0x000000080403E3E0
[LOADER][INFO] LLE redirect: 0x0000700000000020 EH-x713A99c -> EH-x713A99c@0x0000000804041130
[LOADER][INFO] LLE redirect: 0x0000700000000030 gQX+4GDQjpM -> gQX+4GDQjpM@0x0000000804006020
[LOADER][INFO] LLE redirect: 0x0000700000000040 Y7aJ1uydPMo -> Y7aJ1uydPMo@0x0000000804006050
[LOADER][INFO] LLE redirect: 0x0000700000000050 tIhsqj0qsFE -> tIhsqj0qsFE@0x0000000804006030
[LOADER][INFO] LLE redirect: 0x0000700000000060 lKEN2IebgJ0 -> lKEN2IebgJ0@0x0000000804054900
[LOADER][INFO] LLE redirect: 0x0000700000000070 zr094EQ39Ww -> zr094EQ39Ww@0x0000000804035940
[LOADER][INFO] LLE redirect: 0x0000700000000080 ZE6RNL+eLbk -> ZE6RNL+eLbk@0x000000080404FE40
[LOADER][INFO] LLE redirect: 0x0000700000000090 weDug8QD-lE -> weDug8QD-lE@0x0000000804040AA0
[LOADER][INFO] LLE redirect: 0x00007000000000A0 GZWjF-YIFFk -> GZWjF-YIFFk@0x0000000804040170
[LOADER][INFO] LLE redirect: 0x00007000000000B0 H8AprKeZtNg -> H8AprKeZtNg@0x0000000804194480
[LOADER][INFO] LLE redirect: 0x00007000000000C0 c+4r-T-tEIc -> c+4r-T-tEIc@0x000000080404C430
[LOADER][INFO] LLE redirect: 0x00007000000000D0 2sWzhYqFH4E -> 2sWzhYqFH4E@0x00000008041942B8
[LOADER][INFO] LLE redirect: 0x00007000000000E0 8zTFvBIAIN8 -> 8zTFvBIAIN8@0x0000000804010360
[LOADER][INFO] LLE redirect: 0x0000700000000170 DfivPArhucg -> DfivPArhucg@0x0000000804032F00
[LOADER][INFO] LLE redirect: 0x0000700000000180 tQIo+GIPklo -> tQIo+GIPklo@0x0000000804016560
[LOADER][INFO] LLE redirect: 0x00007000000001C0 eT2UsmTewbU -> eT2UsmTewbU@0x0000000804016430
[LOADER][INFO] LLE redirect: 0x00007000000001D0 gNQ1V2vfXDE -> gNQ1V2vfXDE@0x00000008040548B0
[LOADER][INFO] LLE redirect: 0x00007000000001E0 Ujf3KzMvRmI -> Ujf3KzMvRmI@0x0000000804006070
[LOADER][INFO] LLE redirect: 0x00007000000001F0 OGybVuPAhAY -> OGybVuPAhAY@0x0000000804006090
[LOADER][INFO] LLE redirect: 0x0000700000000230 ozMAr28BwSY -> ozMAr28BwSY@0x0000000804016640
[LOADER][INFO] LLE redirect: 0x00007000000002B0 1Pk0qZQGeWo -> 1Pk0qZQGeWo@0x000000080405A5D0
[LOADER][INFO] LLE redirect: 0x00007000000002D0 zlfEH8FmyUA -> zlfEH8FmyUA@0x000000080403DEB0
[LOADER][INFO] LLE redirect: 0x00007000000002E0 xEszJVGpybs -> xEszJVGpybs@0x000000080405B3B0
[LOADER][INFO] LLE redirect: 0x00007000000002F0 5TjaJwkLWxE -> 5TjaJwkLWxE@0x0000000804032F40
[LOADER][INFO] LLE redirect: 0x0000700000000300 JBcgYuW8lPU -> JBcgYuW8lPU@0x000000080403E160
[LOADER][INFO] LLE redirect: 0x0000700000000320 YQ0navp+YIc -> YQ0navp+YIc@0x0000000804036360
[LOADER][INFO] LLE redirect: 0x0000700000000330 JrwFIMzKNr0 -> JrwFIMzKNr0@0x0000000804049760
[LOADER][INFO] LLE redirect: 0x0000700000000340 lA94ZgT+vMM -> lA94ZgT+vMM@0x0000000804046E60
[LOADER][INFO] LLE redirect: 0x0000700000000350 wLlFkwG9UcQ -> wLlFkwG9UcQ@0x000000080406EEF0
[LOADER][INFO] LLE redirect: 0x0000700000000430 mXlxhmLNMPg -> mXlxhmLNMPg@0x000000080403DA80
[LOADER][INFO] LLE redirect: 0x0000700000000440 AEJdIVZTEmo -> AEJdIVZTEmo@0x0000000804063320
[LOADER][INFO] LLE redirect: 0x0000700000000490 1mecP7RgI2A -> 1mecP7RgI2A@0x000000080406ECA0
[LOADER][INFO] LLE redirect: 0x00007000000004D0 0WMHDb5Dt94 -> 0WMHDb5Dt94@0x000000080404C080
[LOADER][INFO] LLE redirect: 0x00007000000004E0 g7zzzLDYGw0 -> g7zzzLDYGw0@0x000000080406E5C0
[LOADER][INFO] LLE redirect: 0x00007000000004F0 MELi-cKqWq0 -> MELi-cKqWq0@0x00000008040169C0
[LOADER][INFO] LLE redirect: 0x0000700000000500 3+UPM-9E6xY -> 3+UPM-9E6xY@0x000000080404C220
[LOADER][INFO] LLE redirect: 0x0000700000000510 rDMyAf1Jhug -> rDMyAf1Jhug@0x000000080404D850
[LOADER][INFO] LLE redirect: 0x0000700000000530 T7uyNqP7vQA -> T7uyNqP7vQA@0x000000080404F940
[LOADER][INFO] LLE redirect: 0x0000700000000540 HUbZmOnT-Dg -> HUbZmOnT-Dg@0x0000000804041CF0
[LOADER][INFO] LLE redirect: 0x00007000000006A0 2X5agFjKxMc -> 2X5agFjKxMc@0x0000000804006040
[LOADER][INFO] LLE redirect: 0x00007000000008E0 pXvbDfchu6k -> pXvbDfchu6k@0x000000080406E700
[LOADER][INFO] LLE redirect: 0x0000700000000980 NU-T4QowTNA -> NU-T4QowTNA@0x0000000804016480
[LOADER][INFO] LLE redirect: 0x00007000000009E0 2vDqwBlpF-o -> 2vDqwBlpF-o@0x000000080405C470
[LOADER][INFO] LLE redirect: 0x0000700000000A00 QZP6I9ZZxpE -> QZP6I9ZZxpE@0x000000080406EBC0
[LOADER][INFO] LLE redirect: 0x0000700000000D50 oVkZ8W8-Q8A -> oVkZ8W8-Q8A@0x000000080406D990
[LOADER][INFO] LLE redirect: 0x0000700000000E80 M4YYbSFfJ8g -> M4YYbSFfJ8g@0x0000000804FB8030
[LOADER][INFO] LLE redirect: 0x0000700000000EB0 35NoyMOtYpE -> 35NoyMOtYpE@0x0000000804FB7FD0
[LOADER][INFO] Setup 4053/4053 import stubs (direct bridge, lle_redirects=2744)
[LOADER][INFO] TLS handler at 0x00000008033D0000
[LOADER][INFO] Patched 0 TLS loads, 0 TLS stores, 0 stack-canary accesses, 0 SSE4a EXTRQ blends
[LOADER][INFO] ExecuteEntry starting at 0x00000008043D3010
[LOADER][INFO] RSP=0x00007FFFF01FFFD8, RDI=0x0000000000000000
[LOADER][INFO] StackTop: 0x00007FFFF01FFFD8
[LOADER][INFO] Calling guest entry...
[LOADER][INFO] Guest returned: 0
[LOADER][INFO] === Execute END (LastError: null) ===
[RUNTIME] Starting module Il2CppUserAssemblies.prx: dt_init=0x0000000804D56010
[DISPATCHER] === DispatchModuleInitializer START ===
[DISPATCHER] moduleInit=0x0000000804D56010, generation=Gen5, module=Il2CppUserAssemblies.prx
[DISPATCHER] DispatchEntryCore STARTING...
[LOADER][INFO] === Execute START ===
[LOADER][INFO] EntryPoint: 0x0000000804D56010, ImportStubs: 4053
[LOADER][INFO] RuntimeSymbols: 95473
[LOADER][INFO] ExportCheck fputs: libc:fputs
[LOADER][INFO] ExportCheck map_direct: libKernel:sceKernelMapDirectMemory
[LOADER][INFO] Setting up 4053 import stubs...
[LOADER][INFO] LLE redirect: 0x0000700000000010 QI-x0SL8jhw -> QI-x0SL8jhw@0x000000080403E3E0
[LOADER][INFO] LLE redirect: 0x0000700000000020 EH-x713A99c -> EH-x713A99c@0x0000000804041130
[LOADER][INFO] LLE redirect: 0x0000700000000030 gQX+4GDQjpM -> gQX+4GDQjpM@0x0000000804006020
[LOADER][INFO] LLE redirect: 0x0000700000000040 Y7aJ1uydPMo -> Y7aJ1uydPMo@0x0000000804006050
[LOADER][INFO] LLE redirect: 0x0000700000000050 tIhsqj0qsFE -> tIhsqj0qsFE@0x0000000804006030
[LOADER][INFO] LLE redirect: 0x0000700000000060 lKEN2IebgJ0 -> lKEN2IebgJ0@0x0000000804054900
[LOADER][INFO] LLE redirect: 0x0000700000000070 zr094EQ39Ww -> zr094EQ39Ww@0x0000000804035940
[LOADER][INFO] LLE redirect: 0x0000700000000080 ZE6RNL+eLbk -> ZE6RNL+eLbk@0x000000080404FE40
[LOADER][INFO] LLE redirect: 0x0000700000000090 weDug8QD-lE -> weDug8QD-lE@0x0000000804040AA0
[LOADER][INFO] LLE redirect: 0x00007000000000A0 GZWjF-YIFFk -> GZWjF-YIFFk@0x0000000804040170
[LOADER][INFO] LLE redirect: 0x00007000000000B0 H8AprKeZtNg -> H8AprKeZtNg@0x0000000804194480
[LOADER][INFO] LLE redirect: 0x00007000000000C0 c+4r-T-tEIc -> c+4r-T-tEIc@0x000000080404C430
[LOADER][INFO] LLE redirect: 0x00007000000000D0 2sWzhYqFH4E -> 2sWzhYqFH4E@0x00000008041942B8
[LOADER][INFO] LLE redirect: 0x00007000000000E0 8zTFvBIAIN8 -> 8zTFvBIAIN8@0x0000000804010360
[LOADER][INFO] LLE redirect: 0x0000700000000170 DfivPArhucg -> DfivPArhucg@0x0000000804032F00
[LOADER][INFO] LLE redirect: 0x0000700000000180 tQIo+GIPklo -> tQIo+GIPklo@0x0000000804016560
[LOADER][INFO] LLE redirect: 0x00007000000001C0 eT2UsmTewbU -> eT2UsmTewbU@0x0000000804016430
[LOADER][INFO] LLE redirect: 0x00007000000001D0 gNQ1V2vfXDE -> gNQ1V2vfXDE@0x00000008040548B0
[LOADER][INFO] LLE redirect: 0x00007000000001E0 Ujf3KzMvRmI -> Ujf3KzMvRmI@0x0000000804006070
[LOADER][INFO] LLE redirect: 0x00007000000001F0 OGybVuPAhAY -> OGybVuPAhAY@0x0000000804006090
[LOADER][INFO] LLE redirect: 0x0000700000000230 ozMAr28BwSY -> ozMAr28BwSY@0x0000000804016640
[LOADER][INFO] LLE redirect: 0x00007000000002B0 1Pk0qZQGeWo -> 1Pk0qZQGeWo@0x000000080405A5D0
[LOADER][INFO] LLE redirect: 0x00007000000002D0 zlfEH8FmyUA -> zlfEH8FmyUA@0x000000080403DEB0
[LOADER][INFO] LLE redirect: 0x00007000000002E0 xEszJVGpybs -> xEszJVGpybs@0x000000080405B3B0
[LOADER][INFO] LLE redirect: 0x00007000000002F0 5TjaJwkLWxE -> 5TjaJwkLWxE@0x0000000804032F40
[LOADER][INFO] LLE redirect: 0x0000700000000300 JBcgYuW8lPU -> JBcgYuW8lPU@0x000000080403E160
[LOADER][INFO] LLE redirect: 0x0000700000000320 YQ0navp+YIc -> YQ0navp+YIc@0x0000000804036360
[LOADER][INFO] LLE redirect: 0x0000700000000330 JrwFIMzKNr0 -> JrwFIMzKNr0@0x0000000804049760
[LOADER][INFO] LLE redirect: 0x0000700000000340 lA94ZgT+vMM -> lA94ZgT+vMM@0x0000000804046E60
[LOADER][INFO] LLE redirect: 0x0000700000000350 wLlFkwG9UcQ -> wLlFkwG9UcQ@0x000000080406EEF0
[LOADER][INFO] LLE redirect: 0x0000700000000430 mXlxhmLNMPg -> mXlxhmLNMPg@0x000000080403DA80
[LOADER][INFO] LLE redirect: 0x0000700000000440 AEJdIVZTEmo -> AEJdIVZTEmo@0x0000000804063320
[LOADER][INFO] LLE redirect: 0x0000700000000490 1mecP7RgI2A -> 1mecP7RgI2A@0x000000080406ECA0
[LOADER][INFO] LLE redirect: 0x00007000000004D0 0WMHDb5Dt94 -> 0WMHDb5Dt94@0x000000080404C080
[LOADER][INFO] LLE redirect: 0x00007000000004E0 g7zzzLDYGw0 -> g7zzzLDYGw0@0x000000080406E5C0
[LOADER][INFO] LLE redirect: 0x00007000000004F0 MELi-cKqWq0 -> MELi-cKqWq0@0x00000008040169C0
[LOADER][INFO] LLE redirect: 0x0000700000000500 3+UPM-9E6xY -> 3+UPM-9E6xY@0x000000080404C220
[LOADER][INFO] LLE redirect: 0x0000700000000510 rDMyAf1Jhug -> rDMyAf1Jhug@0x000000080404D850
[LOADER][INFO] LLE redirect: 0x0000700000000530 T7uyNqP7vQA -> T7uyNqP7vQA@0x000000080404F940
[LOADER][INFO] LLE redirect: 0x0000700000000540 HUbZmOnT-Dg -> HUbZmOnT-Dg@0x0000000804041CF0
[LOADER][INFO] LLE redirect: 0x00007000000006A0 2X5agFjKxMc -> 2X5agFjKxMc@0x0000000804006040
[LOADER][INFO] LLE redirect: 0x00007000000008E0 pXvbDfchu6k -> pXvbDfchu6k@0x000000080406E700
[LOADER][INFO] LLE redirect: 0x0000700000000980 NU-T4QowTNA -> NU-T4QowTNA@0x0000000804016480
[LOADER][INFO] LLE redirect: 0x00007000000009E0 2vDqwBlpF-o -> 2vDqwBlpF-o@0x000000080405C470
[LOADER][INFO] LLE redirect: 0x0000700000000A00 QZP6I9ZZxpE -> QZP6I9ZZxpE@0x000000080406EBC0
[LOADER][INFO] LLE redirect: 0x0000700000000D50 oVkZ8W8-Q8A -> oVkZ8W8-Q8A@0x000000080406D990
[LOADER][INFO] LLE redirect: 0x0000700000000E80 M4YYbSFfJ8g -> M4YYbSFfJ8g@0x0000000804FB8030
[LOADER][INFO] LLE redirect: 0x0000700000000EB0 35NoyMOtYpE -> 35NoyMOtYpE@0x0000000804FB7FD0
[LOADER][INFO] Setup 4053/4053 import stubs (direct bridge, lle_redirects=2744)
[LOADER][INFO] TLS handler at 0x0000000803D50000
[LOADER][INFO] Patched 0 TLS loads, 0 TLS stores, 0 stack-canary accesses, 0 SSE4a EXTRQ blends
[LOADER][INFO] ExecuteEntry starting at 0x0000000804D56010
[LOADER][INFO] RSP=0x00007FFFF01FFFD8, RDI=0x0000000000000000
[LOADER][INFO] StackTop: 0x00007FFFF01FFFD8
[LOADER][INFO] Calling guest entry...
[LOADER][INFO] Guest returned: 0
[LOADER][INFO] === Execute END (LastError: null) ===
[RUNTIME] Starting module PS5Util.prx: dt_init=0x000000080A821010
[DISPATCHER] === DispatchModuleInitializer START ===
[DISPATCHER] moduleInit=0x000000080A821010, generation=Gen5, module=PS5Util.prx
[DISPATCHER] DispatchEntryCore STARTING...
[LOADER][INFO] === Execute START ===
[LOADER][INFO] EntryPoint: 0x000000080A821010, ImportStubs: 4053
[LOADER][INFO] RuntimeSymbols: 95473
[LOADER][INFO] ExportCheck fputs: libc:fputs
[LOADER][INFO] ExportCheck map_direct: libKernel:sceKernelMapDirectMemory
[LOADER][INFO] Setting up 4053 import stubs...
[LOADER][INFO] LLE redirect: 0x0000700000000010 QI-x0SL8jhw -> QI-x0SL8jhw@0x000000080403E3E0
[LOADER][INFO] LLE redirect: 0x0000700000000020 EH-x713A99c -> EH-x713A99c@0x0000000804041130
[LOADER][INFO] LLE redirect: 0x0000700000000030 gQX+4GDQjpM -> gQX+4GDQjpM@0x0000000804006020
[LOADER][INFO] LLE redirect: 0x0000700000000040 Y7aJ1uydPMo -> Y7aJ1uydPMo@0x0000000804006050
[LOADER][INFO] LLE redirect: 0x0000700000000050 tIhsqj0qsFE -> tIhsqj0qsFE@0x0000000804006030
[LOADER][INFO] LLE redirect: 0x0000700000000060 lKEN2IebgJ0 -> lKEN2IebgJ0@0x0000000804054900
[LOADER][INFO] LLE redirect: 0x0000700000000070 zr094EQ39Ww -> zr094EQ39Ww@0x0000000804035940
[LOADER][INFO] LLE redirect: 0x0000700000000080 ZE6RNL+eLbk -> ZE6RNL+eLbk@0x000000080404FE40
[LOADER][INFO] LLE redirect: 0x0000700000000090 weDug8QD-lE -> weDug8QD-lE@0x0000000804040AA0
[LOADER][INFO] LLE redirect: 0x00007000000000A0 GZWjF-YIFFk -> GZWjF-YIFFk@0x0000000804040170
[LOADER][INFO] LLE redirect: 0x00007000000000B0 H8AprKeZtNg -> H8AprKeZtNg@0x0000000804194480
[LOADER][INFO] LLE redirect: 0x00007000000000C0 c+4r-T-tEIc -> c+4r-T-tEIc@0x000000080404C430
[LOADER][INFO] LLE redirect: 0x00007000000000D0 2sWzhYqFH4E -> 2sWzhYqFH4E@0x00000008041942B8
[LOADER][INFO] LLE redirect: 0x00007000000000E0 8zTFvBIAIN8 -> 8zTFvBIAIN8@0x0000000804010360
[LOADER][INFO] LLE redirect: 0x0000700000000170 DfivPArhucg -> DfivPArhucg@0x0000000804032F00
[LOADER][INFO] LLE redirect: 0x0000700000000180 tQIo+GIPklo -> tQIo+GIPklo@0x0000000804016560
[LOADER][INFO] LLE redirect: 0x00007000000001C0 eT2UsmTewbU -> eT2UsmTewbU@0x0000000804016430
[LOADER][INFO] LLE redirect: 0x00007000000001D0 gNQ1V2vfXDE -> gNQ1V2vfXDE@0x00000008040548B0
[LOADER][INFO] LLE redirect: 0x00007000000001E0 Ujf3KzMvRmI -> Ujf3KzMvRmI@0x0000000804006070
[LOADER][INFO] LLE redirect: 0x00007000000001F0 OGybVuPAhAY -> OGybVuPAhAY@0x0000000804006090
[LOADER][INFO] LLE redirect: 0x0000700000000230 ozMAr28BwSY -> ozMAr28BwSY@0x0000000804016640
[LOADER][INFO] LLE redirect: 0x00007000000002B0 1Pk0qZQGeWo -> 1Pk0qZQGeWo@0x000000080405A5D0
[LOADER][INFO] LLE redirect: 0x00007000000002D0 zlfEH8FmyUA -> zlfEH8FmyUA@0x000000080403DEB0
[LOADER][INFO] LLE redirect: 0x00007000000002E0 xEszJVGpybs -> xEszJVGpybs@0x000000080405B3B0
[LOADER][INFO] LLE redirect: 0x00007000000002F0 5TjaJwkLWxE -> 5TjaJwkLWxE@0x0000000804032F40
[LOADER][INFO] LLE redirect: 0x0000700000000300 JBcgYuW8lPU -> JBcgYuW8lPU@0x000000080403E160
[LOADER][INFO] LLE redirect: 0x0000700000000320 YQ0navp+YIc -> YQ0navp+YIc@0x0000000804036360
[LOADER][INFO] LLE redirect: 0x0000700000000330 JrwFIMzKNr0 -> JrwFIMzKNr0@0x0000000804049760
[LOADER][INFO] LLE redirect: 0x0000700000000340 lA94ZgT+vMM -> lA94ZgT+vMM@0x0000000804046E60
[LOADER][INFO] LLE redirect: 0x0000700000000350 wLlFkwG9UcQ -> wLlFkwG9UcQ@0x000000080406EEF0
[LOADER][INFO] LLE redirect: 0x0000700000000430 mXlxhmLNMPg -> mXlxhmLNMPg@0x000000080403DA80
[LOADER][INFO] LLE redirect: 0x0000700000000440 AEJdIVZTEmo -> AEJdIVZTEmo@0x0000000804063320
[LOADER][INFO] LLE redirect: 0x0000700000000490 1mecP7RgI2A -> 1mecP7RgI2A@0x000000080406ECA0
[LOADER][INFO] LLE redirect: 0x00007000000004D0 0WMHDb5Dt94 -> 0WMHDb5Dt94@0x000000080404C080
[LOADER][INFO] LLE redirect: 0x00007000000004E0 g7zzzLDYGw0 -> g7zzzLDYGw0@0x000000080406E5C0
[LOADER][INFO] LLE redirect: 0x00007000000004F0 MELi-cKqWq0 -> MELi-cKqWq0@0x00000008040169C0
[LOADER][INFO] LLE redirect: 0x0000700000000500 3+UPM-9E6xY -> 3+UPM-9E6xY@0x000000080404C220
[LOADER][INFO] LLE redirect: 0x0000700000000510 rDMyAf1Jhug -> rDMyAf1Jhug@0x000000080404D850
[LOADER][INFO] LLE redirect: 0x0000700000000530 T7uyNqP7vQA -> T7uyNqP7vQA@0x000000080404F940
[LOADER][INFO] LLE redirect: 0x0000700000000540 HUbZmOnT-Dg -> HUbZmOnT-Dg@0x0000000804041CF0
[LOADER][INFO] LLE redirect: 0x00007000000006A0 2X5agFjKxMc -> 2X5agFjKxMc@0x0000000804006040
[LOADER][INFO] LLE redirect: 0x00007000000008E0 pXvbDfchu6k -> pXvbDfchu6k@0x000000080406E700
[LOADER][INFO] LLE redirect: 0x0000700000000980 NU-T4QowTNA -> NU-T4QowTNA@0x0000000804016480
[LOADER][INFO] LLE redirect: 0x00007000000009E0 2vDqwBlpF-o -> 2vDqwBlpF-o@0x000000080405C470
[LOADER][INFO] LLE redirect: 0x0000700000000A00 QZP6I9ZZxpE -> QZP6I9ZZxpE@0x000000080406EBC0
[LOADER][INFO] LLE redirect: 0x0000700000000D50 oVkZ8W8-Q8A -> oVkZ8W8-Q8A@0x000000080406D990
[LOADER][INFO] LLE redirect: 0x0000700000000E80 M4YYbSFfJ8g -> M4YYbSFfJ8g@0x0000000804FB8030
[LOADER][INFO] LLE redirect: 0x0000700000000EB0 35NoyMOtYpE -> 35NoyMOtYpE@0x0000000804FB7FD0
[LOADER][INFO] Setup 4053/4053 import stubs (direct bridge, lle_redirects=2744)
[LOADER][INFO] TLS handler at 0x000000080B820000
[LOADER][INFO] Patched 0 TLS loads, 0 TLS stores, 0 stack-canary accesses, 0 SSE4a EXTRQ blends
[LOADER][INFO] ExecuteEntry starting at 0x000000080A821010
[LOADER][INFO] RSP=0x00007FFFF01FFFD8, RDI=0x0000000000000000
[LOADER][INFO] StackTop: 0x00007FFFF01FFFD8
[LOADER][INFO] Calling guest entry...
[LOADER][INFO] Guest returned: 0
[LOADER][INFO] === Execute END (LastError: null) ===
[RUNTIME] Starting module libfmod.prx: dt_init=0x000000080AA2E010
[DISPATCHER] === DispatchModuleInitializer START ===
[DISPATCHER] moduleInit=0x000000080AA2E010, generation=Gen5, module=libfmod.prx
[DISPATCHER] DispatchEntryCore STARTING...
[LOADER][INFO] === Execute START ===
[LOADER][INFO] EntryPoint: 0x000000080AA2E010, ImportStubs: 4053
[LOADER][INFO] RuntimeSymbols: 95473
[LOADER][INFO] ExportCheck fputs: libc:fputs
[LOADER][INFO] ExportCheck map_direct: libKernel:sceKernelMapDirectMemory
[LOADER][INFO] Setting up 4053 import stubs...
[LOADER][INFO] LLE redirect: 0x0000700000000010 QI-x0SL8jhw -> QI-x0SL8jhw@0x000000080403E3E0
[LOADER][INFO] LLE redirect: 0x0000700000000020 EH-x713A99c -> EH-x713A99c@0x0000000804041130
[LOADER][INFO] LLE redirect: 0x0000700000000030 gQX+4GDQjpM -> gQX+4GDQjpM@0x0000000804006020
[LOADER][INFO] LLE redirect: 0x0000700000000040 Y7aJ1uydPMo -> Y7aJ1uydPMo@0x0000000804006050
[LOADER][INFO] LLE redirect: 0x0000700000000050 tIhsqj0qsFE -> tIhsqj0qsFE@0x0000000804006030
[LOADER][INFO] LLE redirect: 0x0000700000000060 lKEN2IebgJ0 -> lKEN2IebgJ0@0x0000000804054900
[LOADER][INFO] LLE redirect: 0x0000700000000070 zr094EQ39Ww -> zr094EQ39Ww@0x0000000804035940
[LOADER][INFO] LLE redirect: 0x0000700000000080 ZE6RNL+eLbk -> ZE6RNL+eLbk@0x000000080404FE40
[LOADER][INFO] LLE redirect: 0x0000700000000090 weDug8QD-lE -> weDug8QD-lE@0x0000000804040AA0
[LOADER][INFO] LLE redirect: 0x00007000000000A0 GZWjF-YIFFk -> GZWjF-YIFFk@0x0000000804040170
[LOADER][INFO] LLE redirect: 0x00007000000000B0 H8AprKeZtNg -> H8AprKeZtNg@0x0000000804194480
[LOADER][INFO] LLE redirect: 0x00007000000000C0 c+4r-T-tEIc -> c+4r-T-tEIc@0x000000080404C430
[LOADER][INFO] LLE redirect: 0x00007000000000D0 2sWzhYqFH4E -> 2sWzhYqFH4E@0x00000008041942B8
[LOADER][INFO] LLE redirect: 0x00007000000000E0 8zTFvBIAIN8 -> 8zTFvBIAIN8@0x0000000804010360
[LOADER][INFO] LLE redirect: 0x0000700000000170 DfivPArhucg -> DfivPArhucg@0x0000000804032F00
[LOADER][INFO] LLE redirect: 0x0000700000000180 tQIo+GIPklo -> tQIo+GIPklo@0x0000000804016560
[LOADER][INFO] LLE redirect: 0x00007000000001C0 eT2UsmTewbU -> eT2UsmTewbU@0x0000000804016430
[LOADER][INFO] LLE redirect: 0x00007000000001D0 gNQ1V2vfXDE -> gNQ1V2vfXDE@0x00000008040548B0
[LOADER][INFO] LLE redirect: 0x00007000000001E0 Ujf3KzMvRmI -> Ujf3KzMvRmI@0x0000000804006070
[LOADER][INFO] LLE redirect: 0x00007000000001F0 OGybVuPAhAY -> OGybVuPAhAY@0x0000000804006090
[LOADER][INFO] LLE redirect: 0x0000700000000230 ozMAr28BwSY -> ozMAr28BwSY@0x0000000804016640
[LOADER][INFO] LLE redirect: 0x00007000000002B0 1Pk0qZQGeWo -> 1Pk0qZQGeWo@0x000000080405A5D0
[LOADER][INFO] LLE redirect: 0x00007000000002D0 zlfEH8FmyUA -> zlfEH8FmyUA@0x000000080403DEB0
[LOADER][INFO] LLE redirect: 0x00007000000002E0 xEszJVGpybs -> xEszJVGpybs@0x000000080405B3B0
[LOADER][INFO] LLE redirect: 0x00007000000002F0 5TjaJwkLWxE -> 5TjaJwkLWxE@0x0000000804032F40
[LOADER][INFO] LLE redirect: 0x0000700000000300 JBcgYuW8lPU -> JBcgYuW8lPU@0x000000080403E160
[LOADER][INFO] LLE redirect: 0x0000700000000320 YQ0navp+YIc -> YQ0navp+YIc@0x0000000804036360
[LOADER][INFO] LLE redirect: 0x0000700000000330 JrwFIMzKNr0 -> JrwFIMzKNr0@0x0000000804049760
[LOADER][INFO] LLE redirect: 0x0000700000000340 lA94ZgT+vMM -> lA94ZgT+vMM@0x0000000804046E60
[LOADER][INFO] LLE redirect: 0x0000700000000350 wLlFkwG9UcQ -> wLlFkwG9UcQ@0x000000080406EEF0
[LOADER][INFO] LLE redirect: 0x0000700000000430 mXlxhmLNMPg -> mXlxhmLNMPg@0x000000080403DA80
[LOADER][INFO] LLE redirect: 0x0000700000000440 AEJdIVZTEmo -> AEJdIVZTEmo@0x0000000804063320
[LOADER][INFO] LLE redirect: 0x0000700000000490 1mecP7RgI2A -> 1mecP7RgI2A@0x000000080406ECA0
[LOADER][INFO] LLE redirect: 0x00007000000004D0 0WMHDb5Dt94 -> 0WMHDb5Dt94@0x000000080404C080
[LOADER][INFO] LLE redirect: 0x00007000000004E0 g7zzzLDYGw0 -> g7zzzLDYGw0@0x000000080406E5C0
[LOADER][INFO] LLE redirect: 0x00007000000004F0 MELi-cKqWq0 -> MELi-cKqWq0@0x00000008040169C0
[LOADER][INFO] LLE redirect: 0x0000700000000500 3+UPM-9E6xY -> 3+UPM-9E6xY@0x000000080404C220
[LOADER][INFO] LLE redirect: 0x0000700000000510 rDMyAf1Jhug -> rDMyAf1Jhug@0x000000080404D850
[LOADER][INFO] LLE redirect: 0x0000700000000530 T7uyNqP7vQA -> T7uyNqP7vQA@0x000000080404F940
[LOADER][INFO] LLE redirect: 0x0000700000000540 HUbZmOnT-Dg -> HUbZmOnT-Dg@0x0000000804041CF0
[LOADER][INFO] LLE redirect: 0x00007000000006A0 2X5agFjKxMc -> 2X5agFjKxMc@0x0000000804006040
[LOADER][INFO] LLE redirect: 0x00007000000008E0 pXvbDfchu6k -> pXvbDfchu6k@0x000000080406E700
[LOADER][INFO] LLE redirect: 0x0000700000000980 NU-T4QowTNA -> NU-T4QowTNA@0x0000000804016480
[LOADER][INFO] LLE redirect: 0x00007000000009E0 2vDqwBlpF-o -> 2vDqwBlpF-o@0x000000080405C470
[LOADER][INFO] LLE redirect: 0x0000700000000A00 QZP6I9ZZxpE -> QZP6I9ZZxpE@0x000000080406EBC0
[LOADER][INFO] LLE redirect: 0x0000700000000D50 oVkZ8W8-Q8A -> oVkZ8W8-Q8A@0x000000080406D990
[LOADER][INFO] LLE redirect: 0x0000700000000E80 M4YYbSFfJ8g -> M4YYbSFfJ8g@0x0000000804FB8030
[LOADER][INFO] LLE redirect: 0x0000700000000EB0 35NoyMOtYpE -> 35NoyMOtYpE@0x0000000804FB7FD0
[LOADER][INFO] Setup 4053/4053 import stubs (direct bridge, lle_redirects=2744)
[LOADER][INFO] TLS handler at 0x000000080CA20000
[LOADER][INFO] Patched 0 TLS loads, 0 TLS stores, 0 stack-canary accesses, 0 SSE4a EXTRQ blends
[LOADER][INFO] ExecuteEntry starting at 0x000000080AA2E010
[LOADER][INFO] RSP=0x00007FFFF01FFFD8, RDI=0x0000000000000000
[LOADER][INFO] StackTop: 0x00007FFFF01FFFD8
[LOADER][INFO] Calling guest entry...
[LOADER][INFO] Guest returned: 0
[LOADER][INFO] === Execute END (LastError: null) ===
[RUNTIME] Starting module libfmodstudio.prx: dt_init=0x000000080AE16010
[DISPATCHER] === DispatchModuleInitializer START ===
[DISPATCHER] moduleInit=0x000000080AE16010, generation=Gen5, module=libfmodstudio.prx
[DISPATCHER] DispatchEntryCore STARTING...
[LOADER][INFO] === Execute START ===
[LOADER][INFO] EntryPoint: 0x000000080AE16010, ImportStubs: 4053
[LOADER][INFO] RuntimeSymbols: 95473
[LOADER][INFO] ExportCheck fputs: libc:fputs
[LOADER][INFO] ExportCheck map_direct: libKernel:sceKernelMapDirectMemory
[LOADER][INFO] Setting up 4053 import stubs...
[LOADER][INFO] LLE redirect: 0x0000700000000010 QI-x0SL8jhw -> QI-x0SL8jhw@0x000000080403E3E0
[LOADER][INFO] LLE redirect: 0x0000700000000020 EH-x713A99c -> EH-x713A99c@0x0000000804041130
[LOADER][INFO] LLE redirect: 0x0000700000000030 gQX+4GDQjpM -> gQX+4GDQjpM@0x0000000804006020
[LOADER][INFO] LLE redirect: 0x0000700000000040 Y7aJ1uydPMo -> Y7aJ1uydPMo@0x0000000804006050
[LOADER][INFO] LLE redirect: 0x0000700000000050 tIhsqj0qsFE -> tIhsqj0qsFE@0x0000000804006030
[LOADER][INFO] LLE redirect: 0x0000700000000060 lKEN2IebgJ0 -> lKEN2IebgJ0@0x0000000804054900
[LOADER][INFO] LLE redirect: 0x0000700000000070 zr094EQ39Ww -> zr094EQ39Ww@0x0000000804035940
[LOADER][INFO] LLE redirect: 0x0000700000000080 ZE6RNL+eLbk -> ZE6RNL+eLbk@0x000000080404FE40
[LOADER][INFO] LLE redirect: 0x0000700000000090 weDug8QD-lE -> weDug8QD-lE@0x0000000804040AA0
[LOADER][INFO] LLE redirect: 0x00007000000000A0 GZWjF-YIFFk -> GZWjF-YIFFk@0x0000000804040170
[LOADER][INFO] LLE redirect: 0x00007000000000B0 H8AprKeZtNg -> H8AprKeZtNg@0x0000000804194480
[LOADER][INFO] LLE redirect: 0x00007000000000C0 c+4r-T-tEIc -> c+4r-T-tEIc@0x000000080404C430
[LOADER][INFO] LLE redirect: 0x00007000000000D0 2sWzhYqFH4E -> 2sWzhYqFH4E@0x00000008041942B8
[LOADER][INFO] LLE redirect: 0x00007000000000E0 8zTFvBIAIN8 -> 8zTFvBIAIN8@0x0000000804010360
[LOADER][INFO] LLE redirect: 0x0000700000000170 DfivPArhucg -> DfivPArhucg@0x0000000804032F00
[LOADER][INFO] LLE redirect: 0x0000700000000180 tQIo+GIPklo -> tQIo+GIPklo@0x0000000804016560
[LOADER][INFO] LLE redirect: 0x00007000000001C0 eT2UsmTewbU -> eT2UsmTewbU@0x0000000804016430
[LOADER][INFO] LLE redirect: 0x00007000000001D0 gNQ1V2vfXDE -> gNQ1V2vfXDE@0x00000008040548B0
[LOADER][INFO] LLE redirect: 0x00007000000001E0 Ujf3KzMvRmI -> Ujf3KzMvRmI@0x0000000804006070
[LOADER][INFO] LLE redirect: 0x00007000000001F0 OGybVuPAhAY -> OGybVuPAhAY@0x0000000804006090
[LOADER][INFO] LLE redirect: 0x0000700000000230 ozMAr28BwSY -> ozMAr28BwSY@0x0000000804016640
[LOADER][INFO] LLE redirect: 0x00007000000002B0 1Pk0qZQGeWo -> 1Pk0qZQGeWo@0x000000080405A5D0
[LOADER][INFO] LLE redirect: 0x00007000000002D0 zlfEH8FmyUA -> zlfEH8FmyUA@0x000000080403DEB0
[LOADER][INFO] LLE redirect: 0x00007000000002E0 xEszJVGpybs -> xEszJVGpybs@0x000000080405B3B0
[LOADER][INFO] LLE redirect: 0x00007000000002F0 5TjaJwkLWxE -> 5TjaJwkLWxE@0x0000000804032F40
[LOADER][INFO] LLE redirect: 0x0000700000000300 JBcgYuW8lPU -> JBcgYuW8lPU@0x000000080403E160
[LOADER][INFO] LLE redirect: 0x0000700000000320 YQ0navp+YIc -> YQ0navp+YIc@0x0000000804036360
[LOADER][INFO] LLE redirect: 0x0000700000000330 JrwFIMzKNr0 -> JrwFIMzKNr0@0x0000000804049760
[LOADER][INFO] LLE redirect: 0x0000700000000340 lA94ZgT+vMM -> lA94ZgT+vMM@0x0000000804046E60
[LOADER][INFO] LLE redirect: 0x0000700000000350 wLlFkwG9UcQ -> wLlFkwG9UcQ@0x000000080406EEF0
[LOADER][INFO] LLE redirect: 0x0000700000000430 mXlxhmLNMPg -> mXlxhmLNMPg@0x000000080403DA80
[LOADER][INFO] LLE redirect: 0x0000700000000440 AEJdIVZTEmo -> AEJdIVZTEmo@0x0000000804063320
[LOADER][INFO] LLE redirect: 0x0000700000000490 1mecP7RgI2A -> 1mecP7RgI2A@0x000000080406ECA0
[LOADER][INFO] LLE redirect: 0x00007000000004D0 0WMHDb5Dt94 -> 0WMHDb5Dt94@0x000000080404C080
[LOADER][INFO] LLE redirect: 0x00007000000004E0 g7zzzLDYGw0 -> g7zzzLDYGw0@0x000000080406E5C0
[LOADER][INFO] LLE redirect: 0x00007000000004F0 MELi-cKqWq0 -> MELi-cKqWq0@0x00000008040169C0
[LOADER][INFO] LLE redirect: 0x0000700000000500 3+UPM-9E6xY -> 3+UPM-9E6xY@0x000000080404C220
[LOADER][INFO] LLE redirect: 0x0000700000000510 rDMyAf1Jhug -> rDMyAf1Jhug@0x000000080404D850
[LOADER][INFO] LLE redirect: 0x0000700000000530 T7uyNqP7vQA -> T7uyNqP7vQA@0x000000080404F940
[LOADER][INFO] LLE redirect: 0x0000700000000540 HUbZmOnT-Dg -> HUbZmOnT-Dg@0x0000000804041CF0
[LOADER][INFO] LLE redirect: 0x00007000000006A0 2X5agFjKxMc -> 2X5agFjKxMc@0x0000000804006040
[LOADER][INFO] LLE redirect: 0x00007000000008E0 pXvbDfchu6k -> pXvbDfchu6k@0x000000080406E700
[LOADER][INFO] LLE redirect: 0x0000700000000980 NU-T4QowTNA -> NU-T4QowTNA@0x0000000804016480
[LOADER][INFO] LLE redirect: 0x00007000000009E0 2vDqwBlpF-o -> 2vDqwBlpF-o@0x000000080405C470
[LOADER][INFO] LLE redirect: 0x0000700000000A00 QZP6I9ZZxpE -> QZP6I9ZZxpE@0x000000080406EBC0
[LOADER][INFO] LLE redirect: 0x0000700000000D50 oVkZ8W8-Q8A -> oVkZ8W8-Q8A@0x000000080406D990
[LOADER][INFO] LLE redirect: 0x0000700000000E80 M4YYbSFfJ8g -> M4YYbSFfJ8g@0x0000000804FB8030
[LOADER][INFO] LLE redirect: 0x0000700000000EB0 35NoyMOtYpE -> 35NoyMOtYpE@0x0000000804FB7FD0
[LOADER][INFO] Setup 4053/4053 import stubs (direct bridge, lle_redirects=2744)
[LOADER][INFO] TLS handler at 0x000000080BE10000
[LOADER][INFO] Patched 0 TLS loads, 0 TLS stores, 0 stack-canary accesses, 0 SSE4a EXTRQ blends
[LOADER][INFO] ExecuteEntry starting at 0x000000080AE16010
[LOADER][INFO] RSP=0x00007FFFF01FFFD8, RDI=0x0000000000000000
[LOADER][INFO] StackTop: 0x00007FFFF01FFFD8
[LOADER][INFO] Calling guest entry...
[LOADER][INFO] Guest returned: 0
[LOADER][INFO] === Execute END (LastError: null) ===
[RUNTIME] Dispatching, gen: Gen5
[RUNTIME] About to call DispatchEntry with entryPoint=0x0000000800000070
[DISPATCHER] === DispatchEntry START ===
[DISPATCHER] entryPoint=0x0000000800000070, generation=Gen5
[DISPATCHER] DispatchEntryCore STARTING...
[LOADER][INFO] === Execute START ===
[LOADER][INFO] EntryPoint: 0x0000000800000070, ImportStubs: 4053
[LOADER][INFO] RuntimeSymbols: 95473
[LOADER][INFO] ExportCheck fputs: libc:fputs
[LOADER][INFO] ExportCheck map_direct: libKernel:sceKernelMapDirectMemory
[LOADER][INFO] Setting up 4053 import stubs...
[LOADER][INFO] LLE redirect: 0x0000700000000010 QI-x0SL8jhw -> QI-x0SL8jhw@0x000000080403E3E0
[LOADER][INFO] LLE redirect: 0x0000700000000020 EH-x713A99c -> EH-x713A99c@0x0000000804041130
[LOADER][INFO] LLE redirect: 0x0000700000000030 gQX+4GDQjpM -> gQX+4GDQjpM@0x0000000804006020
[LOADER][INFO] LLE redirect: 0x0000700000000040 Y7aJ1uydPMo -> Y7aJ1uydPMo@0x0000000804006050
[LOADER][INFO] LLE redirect: 0x0000700000000050 tIhsqj0qsFE -> tIhsqj0qsFE@0x0000000804006030
[LOADER][INFO] LLE redirect: 0x0000700000000060 lKEN2IebgJ0 -> lKEN2IebgJ0@0x0000000804054900
[LOADER][INFO] LLE redirect: 0x0000700000000070 zr094EQ39Ww -> zr094EQ39Ww@0x0000000804035940
[LOADER][INFO] LLE redirect: 0x0000700000000080 ZE6RNL+eLbk -> ZE6RNL+eLbk@0x000000080404FE40
[LOADER][INFO] LLE redirect: 0x0000700000000090 weDug8QD-lE -> weDug8QD-lE@0x0000000804040AA0
[LOADER][INFO] LLE redirect: 0x00007000000000A0 GZWjF-YIFFk -> GZWjF-YIFFk@0x0000000804040170
[LOADER][INFO] LLE redirect: 0x00007000000000B0 H8AprKeZtNg -> H8AprKeZtNg@0x0000000804194480
[LOADER][INFO] LLE redirect: 0x00007000000000C0 c+4r-T-tEIc -> c+4r-T-tEIc@0x000000080404C430
[LOADER][INFO] LLE redirect: 0x00007000000000D0 2sWzhYqFH4E -> 2sWzhYqFH4E@0x00000008041942B8
[LOADER][INFO] LLE redirect: 0x00007000000000E0 8zTFvBIAIN8 -> 8zTFvBIAIN8@0x0000000804010360
[LOADER][INFO] LLE redirect: 0x0000700000000170 DfivPArhucg -> DfivPArhucg@0x0000000804032F00
[LOADER][INFO] LLE redirect: 0x0000700000000180 tQIo+GIPklo -> tQIo+GIPklo@0x0000000804016560
[LOADER][INFO] LLE redirect: 0x00007000000001C0 eT2UsmTewbU -> eT2UsmTewbU@0x0000000804016430
[LOADER][INFO] LLE redirect: 0x00007000000001D0 gNQ1V2vfXDE -> gNQ1V2vfXDE@0x00000008040548B0
[LOADER][INFO] LLE redirect: 0x00007000000001E0 Ujf3KzMvRmI -> Ujf3KzMvRmI@0x0000000804006070
[LOADER][INFO] LLE redirect: 0x00007000000001F0 OGybVuPAhAY -> OGybVuPAhAY@0x0000000804006090
[LOADER][INFO] LLE redirect: 0x0000700000000230 ozMAr28BwSY -> ozMAr28BwSY@0x0000000804016640
[LOADER][INFO] LLE redirect: 0x00007000000002B0 1Pk0qZQGeWo -> 1Pk0qZQGeWo@0x000000080405A5D0
[LOADER][INFO] LLE redirect: 0x00007000000002D0 zlfEH8FmyUA -> zlfEH8FmyUA@0x000000080403DEB0
[LOADER][INFO] LLE redirect: 0x00007000000002E0 xEszJVGpybs -> xEszJVGpybs@0x000000080405B3B0
[LOADER][INFO] LLE redirect: 0x00007000000002F0 5TjaJwkLWxE -> 5TjaJwkLWxE@0x0000000804032F40
[LOADER][INFO] LLE redirect: 0x0000700000000300 JBcgYuW8lPU -> JBcgYuW8lPU@0x000000080403E160
[LOADER][INFO] LLE redirect: 0x0000700000000320 YQ0navp+YIc -> YQ0navp+YIc@0x0000000804036360
[LOADER][INFO] LLE redirect: 0x0000700000000330 JrwFIMzKNr0 -> JrwFIMzKNr0@0x0000000804049760
[LOADER][INFO] LLE redirect: 0x0000700000000340 lA94ZgT+vMM -> lA94ZgT+vMM@0x0000000804046E60
[LOADER][INFO] LLE redirect: 0x0000700000000350 wLlFkwG9UcQ -> wLlFkwG9UcQ@0x000000080406EEF0
[LOADER][INFO] LLE redirect: 0x0000700000000430 mXlxhmLNMPg -> mXlxhmLNMPg@0x000000080403DA80
[LOADER][INFO] LLE redirect: 0x0000700000000440 AEJdIVZTEmo -> AEJdIVZTEmo@0x0000000804063320
[LOADER][INFO] LLE redirect: 0x0000700000000490 1mecP7RgI2A -> 1mecP7RgI2A@0x000000080406ECA0
[LOADER][INFO] LLE redirect: 0x00007000000004D0 0WMHDb5Dt94 -> 0WMHDb5Dt94@0x000000080404C080
[LOADER][INFO] LLE redirect: 0x00007000000004E0 g7zzzLDYGw0 -> g7zzzLDYGw0@0x000000080406E5C0
[LOADER][INFO] LLE redirect: 0x00007000000004F0 MELi-cKqWq0 -> MELi-cKqWq0@0x00000008040169C0
[LOADER][INFO] LLE redirect: 0x0000700000000500 3+UPM-9E6xY -> 3+UPM-9E6xY@0x000000080404C220
[LOADER][INFO] LLE redirect: 0x0000700000000510 rDMyAf1Jhug -> rDMyAf1Jhug@0x000000080404D850
[LOADER][INFO] LLE redirect: 0x0000700000000530 T7uyNqP7vQA -> T7uyNqP7vQA@0x000000080404F940
[LOADER][INFO] LLE redirect: 0x0000700000000540 HUbZmOnT-Dg -> HUbZmOnT-Dg@0x0000000804041CF0
[LOADER][INFO] LLE redirect: 0x00007000000006A0 2X5agFjKxMc -> 2X5agFjKxMc@0x0000000804006040
[LOADER][INFO] LLE redirect: 0x00007000000008E0 pXvbDfchu6k -> pXvbDfchu6k@0x000000080406E700
[LOADER][INFO] LLE redirect: 0x0000700000000980 NU-T4QowTNA -> NU-T4QowTNA@0x0000000804016480
[LOADER][INFO] LLE redirect: 0x00007000000009E0 2vDqwBlpF-o -> 2vDqwBlpF-o@0x000000080405C470
[LOADER][INFO] LLE redirect: 0x0000700000000A00 QZP6I9ZZxpE -> QZP6I9ZZxpE@0x000000080406EBC0
[LOADER][INFO] LLE redirect: 0x0000700000000D50 oVkZ8W8-Q8A -> oVkZ8W8-Q8A@0x000000080406D990
[LOADER][INFO] LLE redirect: 0x0000700000000E80 M4YYbSFfJ8g -> M4YYbSFfJ8g@0x0000000804FB8030
[LOADER][INFO] LLE redirect: 0x0000700000000EB0 35NoyMOtYpE -> 35NoyMOtYpE@0x0000000804FB7FD0
[LOADER][INFO] Setup 4053/4053 import stubs (direct bridge, lle_redirects=2744)
[LOADER][INFO] TLS handler at 0x00000007FF000000
[LOADER][INFO] Patched 0 TLS loads, 0 TLS stores, 0 stack-canary accesses, 0 SSE4a EXTRQ blends
[LOADER][INFO] ExecuteEntry starting at 0x0000000800000070
[LOADER][INFO] RSP=0x00007FFFF01FFF98, RDI=0x00007FFFF01FFFA0
[LOADER][INFO] StackTop: 0x00007FFFF01FFF98
[LOADER][INFO] Calling guest entry...
[LOADER][TRACE] bzQExy189ZI#868: rdi=0x00007FFFF01FFFA0 rsi=0x00007FFDD0000000 rdx=0x0000000000000000 ret=0x0000000800000089
[LOADER][TRACE] 8G2LB+A3rzg#869: rdi=0x00007FFDD0000000 rsi=0x00007FFDD0000000 rdx=0x0000000000000000 ret=0x0000000800000091
[LOADER][TRACE] 8G2LB+A3rzg#870: rdi=0x000000080189BA40 rsi=0x00007FFDD0000000 rdx=0x0000000000000000 ret=0x000000080000009D
[LOADER][TRACE] ImportCtx#1020: nid=tsvEmnenz48 ret=0x0000000800000064 rdi=0x0000000800B43280 rsi=0x0000000801EBC408 rdx=0x0000000801DF4000 rcx=0x0000000801EBC408
[LOADER][TRACE] ImportNV#1020: rbx=0x0000000801C67A98 rbp=0x00007FFFF01FFF50 r12=0x000000E16957EA10 r13=0x000000E16957EB90 r14=0x0000000000000001 r15=0x00007FFFF01FFFA8
[LOADER][TRACE] ImportStackHead#1020: rsp=0x00007FFFF01FFF38 [0]=0x0000000800000064 [20]=0x00000008000000A2 [40]=0x000000E16957EBD8
[LOADER][TRACE] ImportStack#1020: rsp=0x00007FFFF01FFF38 [0]=0x0000000800000064 [8]=0x00007FFDD0000000 [10]=0x0000000000000001 [18]=0x00007FFFF01FFF80 [20]=0x00000008000000A2 [28]=0x0000000800000070 [30]=0x000000E16957EAC0 [38]=0x000000E16957EBA0 [40]=0x000000E16957EBD8
[LOADER][TRACE] ImportRet#1020: nid=tsvEmnenz48 result=ORBIS_GEN2_OK rax=0x0000000000000000
[LOADER][TRACE] ImportCtx#1023: nid=tsvEmnenz48 ret=0x000000080099FF63 rdi=0x00000008007B0820 rsi=0x0000000801EBC580 rdx=0x0000000801DF4000 rcx=0x0000000000000001
[LOADER][TRACE] ImportNV#1023: rbx=0x0000000801EBC580 rbp=0x00007FFFF01FFF30 r12=0x000000E16957EA10 r13=0x000000E16957EB90 r14=0x0000000000000001 r15=0x00007FFFF01FFFA8
[LOADER][TRACE] ImportStackHead#1023: rsp=0x00007FFFF01FFF18 [0]=0x000000080099FF63 [20]=0x0000000800000064 [40]=0x00000008000000A2
[LOADER][TRACE] ImportStack#1023: rsp=0x00007FFFF01FFF18 [0]=0x000000080099FF63 [8]=0x0000000801EBC408 [10]=0x0000000801C67A90 [18]=0x00007FFFF01FFF50 [20]=0x0000000800000064 [28]=0x00007FFDD0000000 [30]=0x0000000000000001 [38]=0x00007FFFF01FFF80 [40]=0x00000008000000A2
[LOADER][TRACE] ImportRet#1023: nid=tsvEmnenz48 result=ORBIS_GEN2_OK rax=0x0000000000000000
[LOADER][TRACE] ImportCtx#1024: nid=tsvEmnenz48 ret=0x000000080099FFF9 rdi=0x0000000800B43280 rsi=0x0000000801EBC690 rdx=0x0000000801DF4000 rcx=0x0000000801EBC690
[LOADER][TRACE] ImportNV#1024: rbx=0x0000000801EBC580 rbp=0x00007FFFF01FFF30 r12=0x000000E16957EA10 r13=0x000000E16957EB90 r14=0x0000000000000001 r15=0x00007FFFF01FFFA8
[LOADER][TRACE] ImportStackHead#1024: rsp=0x00007FFFF01FFF18 [0]=0x000000080099FFF9 [20]=0x0000000800000064 [40]=0x00000008000000A2
[LOADER][TRACE] ImportStack#1024: rsp=0x00007FFFF01FFF18 [0]=0x000000080099FFF9 [8]=0x0000000801EBC408 [10]=0x0000000801C67A90 [18]=0x00007FFFF01FFF50 [20]=0x0000000800000064 [28]=0x00007FFDD0000000 [30]=0x0000000000000001 [38]=0x00007FFFF01FFF80 [40]=0x00000008000000A2
[LOADER][TRACE] ImportRet#1024: nid=tsvEmnenz48 result=ORBIS_GEN2_OK rax=0x0000000000000000
[LOADER][TRACE] ImportCtx#1025: nid=tsvEmnenz48 ret=0x00000008009A70C3 rdi=0x000000080047A620 rsi=0x0000000801EBC790 rdx=0x0000000801DF4000 rcx=0x0000000801EBC690
[LOADER][TRACE] ImportNV#1025: rbx=0x000000080047A620 rbp=0x00007FFFF01FFF30 r12=0x000000E16957EA10 r13=0x000000E16957EB90 r14=0x0000000801DF4000 r15=0x00007FFFF01FFFA8
[LOADER][TRACE] ImportStackHead#1025: rsp=0x00007FFFF01FFF18 [0]=0x00000008009A70C3 [20]=0x0000000800000064 [40]=0x00000008000000A2
[LOADER][TRACE] ImportStack#1025: rsp=0x00007FFFF01FFF18 [0]=0x00000008009A70C3 [8]=0x0000000801C67A88 [10]=0x0000000000000001 [18]=0x00007FFFF01FFF50 [20]=0x0000000800000064 [28]=0x00007FFDD0000000 [30]=0x0000000000000001 [38]=0x00007FFFF01FFF80 [40]=0x00000008000000A2
[LOADER][TRACE] ImportRet#1025: nid=tsvEmnenz48 result=ORBIS_GEN2_OK rax=0x0000000000000000
[LOADER][TRACE] ImportCtx#1026: nid=tsvEmnenz48 ret=0x00000008009A7100 rdi=0x000000080047A620 rsi=0x0000000801EBC7B0 rdx=0x0000000801DF4000 rcx=0x0000000801EBC690
[LOADER][TRACE] ImportNV#1026: rbx=0x000000080047A620 rbp=0x00007FFFF01FFF30 r12=0x000000E16957EA10 r13=0x000000E16957EB90 r14=0x0000000801DF4000 r15=0x00007FFFF01FFFA8
[LOADER][TRACE] ImportStackHead#1026: rsp=0x00007FFFF01FFF18 [0]=0x00000008009A7100 [20]=0x0000000800000064 [40]=0x00000008000000A2
[LOADER][TRACE] ImportStack#1026: rsp=0x00007FFFF01FFF18 [0]=0x00000008009A7100 [8]=0x0000000801C67A88 [10]=0x0000000000000001 [18]=0x00007FFFF01FFF50 [20]=0x0000000800000064 [28]=0x00007FFDD0000000 [30]=0x0000000000000001 [38]=0x00007FFFF01FFF80 [40]=0x00000008000000A2
[LOADER][TRACE] ImportRet#1026: nid=tsvEmnenz48 result=ORBIS_GEN2_OK rax=0x0000000000000000
[LOADER][TRACE] ImportCtx#1027: nid=tsvEmnenz48 ret=0x00000008009A713D rdi=0x000000080047A620 rsi=0x0000000801EBC7D0 rdx=0x0000000801DF4000 rcx=0x0000000801EBC690
[LOADER][TRACE] ImportNV#1027: rbx=0x000000080047A620 rbp=0x00007FFFF01FFF30 r12=0x000000E16957EA10 r13=0x000000E16957EB90 r14=0x0000000801DF4000 r15=0x00007FFFF01FFFA8
[LOADER][TRACE] ImportStackHead#1027: rsp=0x00007FFFF01FFF18 [0]=0x00000008009A713D [20]=0x0000000800000064 [40]=0x00000008000000A2
[LOADER][TRACE] ImportStack#1027: rsp=0x00007FFFF01FFF18 [0]=0x00000008009A713D [8]=0x0000000801C67A88 [10]=0x0000000000000001 [18]=0x00007FFFF01FFF50 [20]=0x0000000800000064 [28]=0x00007FFDD0000000 [30]=0x0000000000000001 [38]=0x00007FFFF01FFF80 [40]=0x00000008000000A2
[LOADER][TRACE] ImportRet#1027: nid=tsvEmnenz48 result=ORBIS_GEN2_OK rax=0x0000000000000000
[LOADER][TRACE] ImportCtx#1028: nid=tsvEmnenz48 ret=0x0000000800000064 rdi=0x0000000800B43280 rsi=0x0000000801EBC840 rdx=0x0000000801DF4000 rcx=0x0000000801EBC840
[LOADER][TRACE] ImportNV#1028: rbx=0x0000000801C67A88 rbp=0x00007FFFF01FFF50 r12=0x000000E16957EA10 r13=0x000000E16957EB90 r14=0x0000000000000001 r15=0x00007FFFF01FFFA8
[LOADER][TRACE] ImportStackHead#1028: rsp=0x00007FFFF01FFF38 [0]=0x0000000800000064 [20]=0x00000008000000A2 [40]=0x000000E16957EBD8
[LOADER][TRACE] ImportStack#1028: rsp=0x00007FFFF01FFF38 [0]=0x0000000800000064 [8]=0x00007FFDD0000000 [10]=0x0000000000000001 [18]=0x00007FFFF01FFF80 [20]=0x00000008000000A2 [28]=0x0000000800000070 [30]=0x000000E16957EAC0 [38]=0x000000E16957EBA0 [40]=0x000000E16957EBD8
[LOADER][TRACE] ImportRet#1028: nid=tsvEmnenz48 result=ORBIS_GEN2_OK rax=0x0000000000000000
[LOADER][TRACE] ImportCtx#1031: nid=tsvEmnenz48 ret=0x0000000800000064 rdi=0x00000008007B0820 rsi=0x0000000801EBC980 rdx=0x0000000801DF4000 rcx=0x0000000000000018
[LOADER][TRACE] ImportNV#1031: rbx=0x0000000801C67A80 rbp=0x00007FFFF01FFF50 r12=0x000000E16957EA10 r13=0x000000E16957EB90 r14=0x0000000000000001 r15=0x00007FFFF01FFFA8
[LOADER][TRACE] ImportStackHead#1031: rsp=0x00007FFFF01FFF38 [0]=0x0000000800000064 [20]=0x00000008000000A2 [40]=0x000000E16957EBD8
[LOADER][TRACE] ImportStack#1031: rsp=0x00007FFFF01FFF38 [0]=0x0000000800000064 [8]=0x00007FFDD0000000 [10]=0x0000000000000001 [18]=0x00007FFFF01FFF80 [20]=0x00000008000000A2 [28]=0x0000000800000070 [30]=0x000000E16957EAC0 [38]=0x000000E16957EBA0 [40]=0x000000E16957EBD8
[LOADER][TRACE] ImportRet#1031: nid=tsvEmnenz48 result=ORBIS_GEN2_OK rax=0x0000000000000000
[LOADER][TRACE] ImportCtx#1032: nid=tsvEmnenz48 ret=0x00000008009B05C3 rdi=0x00000008007E4590 rsi=0x0000000801EDEF20 rdx=0x0000000801DF4000 rcx=0x0000000801A905AF
[LOADER][TRACE] ImportNV#1032: rbx=0x00000008007D8D70 rbp=0x00007FFFF01FFF30 r12=0x000000E16957EA10 r13=0x000000E16957EB90 r14=0xFFFFFFFF00000000 r15=0x00007FFFF01FFFA8
[LOADER][TRACE] ImportStackHead#1032: rsp=0x00007FFFF01FFF18 [0]=0x00000008009B05C3 [20]=0x0000000800000064 [40]=0x00000008000000A2
[LOADER][TRACE] ImportStack#1032: rsp=0x00007FFFF01FFF18 [0]=0x00000008009B05C3 [8]=0x0000000801C67A78 [10]=0x0000000000000001 [18]=0x00007FFFF01FFF50 [20]=0x0000000800000064 [28]=0x00007FFDD0000000 [30]=0x0000000000000001 [38]=0x00007FFFF01FFF80 [40]=0x00000008000000A2
[LOADER][TRACE] ImportRet#1032: nid=tsvEmnenz48 result=ORBIS_GEN2_OK rax=0x0000000000000000
[LOADER][TRACE] ImportCtx#1033: nid=tsvEmnenz48 ret=0x0000000800000064 rdi=0x00000008007E4590 rsi=0x0000000801EDF250 rdx=0x0000000801DF4000 rcx=0x0000000801E14738
[LOADER][TRACE] ImportNV#1033: rbx=0x0000000801C67A78 rbp=0x00007FFFF01FFF50 r12=0x000000E16957EA10 r13=0x000000E16957EB90 r14=0x0000000000000001 r15=0x00007FFFF01FFFA8
[LOADER][TRACE] ImportStackHead#1033: rsp=0x00007FFFF01FFF38 [0]=0x0000000800000064 [20]=0x00000008000000A2 [40]=0x000000E16957EBD8
[LOADER][TRACE] ImportStack#1033: rsp=0x00007FFFF01FFF38 [0]=0x0000000800000064 [8]=0x00007FFDD0000000 [10]=0x0000000000000001 [18]=0x00007FFFF01FFF80 [20]=0x00000008000000A2 [28]=0x0000000800000070 [30]=0x000000E16957EAC0 [38]=0x000000E16957EBA0 [40]=0x000000E16957EBD8
[LOADER][TRACE] ImportRet#1033: nid=tsvEmnenz48 result=ORBIS_GEN2_OK rax=0x0000000000000000
[LOADER][TRACE] ImportCtx#1034: nid=tsvEmnenz48 ret=0x00000008009B71B4 rdi=0x0000000800B43280 rsi=0x0000000801EBCC98 rdx=0x0000000801DF4000 rcx=0x0000000801EBCC98
[LOADER][TRACE] ImportNV#1034: rbx=0x0000000801C67A70 rbp=0x00007FFFF01FFF30 r12=0x000000E16957EA10 r13=0x000000E16957EB90 r14=0x0000000000000001 r15=0x00007FFFF01FFFA8
[LOADER][TRACE] ImportStackHead#1034: rsp=0x00007FFFF01FFF18 [0]=0x00000008009B71B4 [20]=0x0000000800000064 [40]=0x00000008000000A2
[LOADER][TRACE] ImportStack#1034: rsp=0x00007FFFF01FFF18 [0]=0x00000008009B71B4 [8]=0x0000000801C67A70 [10]=0x0000000000000001 [18]=0x00007FFFF01FFF50 [20]=0x0000000800000064 [28]=0x00007FFDD0000000 [30]=0x0000000000000001 [38]=0x00007FFFF01FFF80 [40]=0x00000008000000A2
[LOADER][TRACE] ImportRet#1034: nid=tsvEmnenz48 result=ORBIS_GEN2_OK rax=0x0000000000000000
[LOADER][TRACE] ImportCtx#1035: nid=tsvEmnenz48 ret=0x00000008009B7263 rdi=0x0000000800044F50 rsi=0x0000000801EBCCD0 rdx=0x0000000801DF4000 rcx=0x0000000000000001
[LOADER][TRACE] ImportNV#1035: rbx=0x0000000801EBCCD0 rbp=0x00007FFFF01FFF30 r12=0x000000E16957EA10 r13=0x000000E16957EB90 r14=0x0000000801DF4000 r15=0x00007FFFF01FFFA8
[LOADER][TRACE] ImportStackHead#1035: rsp=0x00007FFFF01FFF18 [0]=0x00000008009B7263 [20]=0x0000000800000064 [40]=0x00000008000000A2
[LOADER][TRACE] ImportStack#1035: rsp=0x00007FFFF01FFF18 [0]=0x00000008009B7263 [8]=0x0000000801C67A70 [10]=0x0000000000000001 [18]=0x00007FFFF01FFF50 [20]=0x0000000800000064 [28]=0x00007FFDD0000000 [30]=0x0000000000000001 [38]=0x00007FFFF01FFF80 [40]=0x00000008000000A2
[LOADER][TRACE] ImportRet#1035: nid=tsvEmnenz48 result=ORBIS_GEN2_OK rax=0x0000000000000000
[LOADER][TRACE] ImportCtx#1036: nid=tsvEmnenz48 ret=0x00000008009B72B7 rdi=0x000000080095FBD0 rsi=0x0000000801EBCD20 rdx=0x0000000801DF4000 rcx=0x0000000000000001
[LOADER][TRACE] ImportNV#1036: rbx=0x0000000801EBCCD0 rbp=0x00007FFFF01FFF30 r12=0x000000E16957EA10 r13=0x000000E16957EB90 r14=0x0000000801DF4000 r15=0x00007FFFF01FFFA8
[LOADER][TRACE] ImportStackHead#1036: rsp=0x00007FFFF01FFF18 [0]=0x00000008009B72B7 [20]=0x0000000800000064 [40]=0x00000008000000A2
[LOADER][TRACE] ImportStack#1036: rsp=0x00007FFFF01FFF18 [0]=0x00000008009B72B7 [8]=0x0000000801C67A70 [10]=0x0000000000000001 [18]=0x00007FFFF01FFF50 [20]=0x0000000800000064 [28]=0x00007FFDD0000000 [30]=0x0000000000000001 [38]=0x00007FFFF01FFF80 [40]=0x00000008000000A2
[LOADER][TRACE] ImportRet#1036: nid=tsvEmnenz48 result=ORBIS_GEN2_OK rax=0x0000000000000000
[LOADER][TRACE] ImportCtx#1037: nid=tsvEmnenz48 ret=0x00000008009CF938 rdi=0x00000008007E4590 rsi=0x0000000801EBCD90 rdx=0x0000000801DF4000 rcx=0x0000000801A57C10
[LOADER][TRACE] ImportNV#1037: rbx=0x0000000801C67A68 rbp=0x00007FFFF01FFF30 r12=0x000000E16957EA10 r13=0x000000E16957EB90 r14=0x0000000000000001 r15=0x00007FFFF01FFFA8
[LOADER][TRACE] ImportStackHead#1037: rsp=0x00007FFFF01FFF28 [0]=0x00000008009CF938 [20]=0x0000000000000001 [40]=0x000000E16957EAC0
[LOADER][TRACE] ImportStack#1037: rsp=0x00007FFFF01FFF28 [0]=0x00000008009CF938 [8]=0x00007FFFF01FFF50 [10]=0x0000000800000064 [18]=0x00007FFDD0000000 [20]=0x0000000000000001 [28]=0x00007FFFF01FFF80 [30]=0x00000008000000A2 [38]=0x0000000800000070 [40]=0x000000E16957EAC0
[LOADER][TRACE] ImportRet#1037: nid=tsvEmnenz48 result=ORBIS_GEN2_OK rax=0x0000000000000000
[LOADER][TRACE] ImportCtx#1038: nid=tsvEmnenz48 ret=0x00000008009D9CCF rdi=0x00000008007CA820 rsi=0x0000000801EBCFC8 rdx=0x0000000801DF4000 rcx=0x0000000801EB4A70
[LOADER][TRACE] ImportNV#1038: rbx=0x0000000801C67A60 rbp=0x00007FFFF01FFF30 r12=0x000000E16957EA10 r13=0x000000E16957EB90 r14=0x0000000000000001 r15=0x00007FFFF01FFFA8
[LOADER][TRACE] ImportStackHead#1038: rsp=0x00007FFFF01FFF28 [0]=0x00000008009D9CCF [20]=0x0000000000000001 [40]=0x000000E16957EAC0
[LOADER][TRACE] ImportStack#1038: rsp=0x00007FFFF01FFF28 [0]=0x00000008009D9CCF [8]=0x00007FFFF01FFF50 [10]=0x0000000800000064 [18]=0x00007FFDD0000000 [20]=0x0000000000000001 [28]=0x00007FFFF01FFF80 [30]=0x00000008000000A2 [38]=0x0000000800000070 [40]=0x000000E16957EAC0
[LOADER][TRACE] ImportRet#1038: nid=tsvEmnenz48 result=ORBIS_GEN2_OK rax=0x0000000000000000
[LOADER][WARN] Import#2288 result: ORBIS_GEN2_ERROR_NOT_FOUND (rVjRvHJ0X6c) rdi=0x0000000600100000 rsi=0x0000000000000001 rdx=0x00007FFFF01FFEB8 rcx=0x0000000000000048 ret=0x0000000801373692
[LOADER][WARN] Import#2291 result: ORBIS_GEN2_ERROR_DELETED (BHouLQzh0X0) rdi=0x0000000010000000 rsi=0x0000000000000001 rdx=0x00007FFFF01FFEB8 rcx=0x0000000000000018 ret=0x00000008013736F8
[LOADER][WARN] Import#4116 result: -1 (wuCroIGjt2g) rdi=0x0000000801B193AA rsi=0x0000000000000000 rdx=0x0000000000000002 rcx=0xC0DEC0DECAFEBA00 ret=0x0000000800A3E5F1
[LOADER][WARN] Import#4117 result: -1 (wuCroIGjt2g) rdi=0x0000000801B40813 rsi=0x0000000000000004 rdx=0x0000000000000002 rcx=0xC0DEC0DECAFEBA00 ret=0x0000000800A3E60B
[LOADER][WARN] Import#5047 result: -1 (wuCroIGjt2g) rdi=0x0000000801B193AA rsi=0x0000000000000000 rdx=0x0000000000000033 rcx=0xC0DEC0DECAFEBA00 ret=0x0000000800A3E5F1
[LOADER][WARN] Import#5048 result: -1 (wuCroIGjt2g) rdi=0x0000000801B40813 rsi=0x0000000000000004 rdx=0x0000000000000033 rcx=0xC0DEC0DECAFEBA00 ret=0x0000000800A3E60B
[LOADER][INFO] Scheduled guest thread 'AssetGarbageCollectorHelper' handle=0x000002A96436A590 entry=0x0000000800B68880 arg=0x00000006006CF730 priority=700 host_priority=Normal affinity=0x7F
[LOADER][INFO] Scheduled guest thread 'AssetGarbageCollectorHelper' handle=0x000002A96436B5A0 entry=0x0000000800B68880 arg=0x00000006006CF880 priority=700 host_priority=Normal affinity=0x7F
[LOADER][INFO] Scheduled guest thread 'AssetGarbageCollectorHelper' handle=0x000002A96436C5B0 entry=0x0000000800B68880 arg=0x00000006006CF9D0 priority=700 host_priority=Normal affinity=0x7F
[LOADER][INFO] Scheduled guest thread 'AssetGarbageCollectorHelper' handle=0x000002A96436E5D0 entry=0x0000000800B68880 arg=0x00000006006CFB20 priority=700 host_priority=Normal affinity=0x7F
[LOADER][INFO] Scheduled guest thread 'AssetGarbageCollectorHelper' handle=0x000002A91E580290 entry=0x0000000800B68880 arg=0x00000006006CFC70 priority=700 host_priority=Normal affinity=0x7F
[LOADER][INFO] Scheduled guest thread 'AssetGarbageCollectorHelper' handle=0x000002A91E5822B0 entry=0x0000000800B68880 arg=0x00000006006CFDC0 priority=700 host_priority=Normal affinity=0x7F
[LOADER][INFO] Scheduled guest thread 'AssetGarbageCollectorHelper' handle=0x000002A91E5832C0 entry=0x0000000800B68880 arg=0x00000006006CFF10 priority=700 host_priority=Normal affinity=0x7F
[LOADER][INFO] Scheduled guest thread 'AssetGarbageCollectorHelper' handle=0x000002A91E5842D0 entry=0x0000000800B68880 arg=0x00000006006D0060 priority=700 host_priority=Normal affinity=0x7F
[LOADER][INFO] Scheduled guest thread 'AssetGarbageCollectorHelper' handle=0x000002A91E5812A0 entry=0x0000000800B68880 arg=0x00000006006D01B0 priority=700 host_priority=Normal affinity=0x7F
[LOADER][INFO] Scheduled guest thread 'AssetGarbageCollectorHelper' handle=0x000002A91E5852E0 entry=0x0000000800B68880 arg=0x00000006006D0300 priority=700 host_priority=Normal affinity=0x7F
[LOADER][INFO] Scheduled guest thread 'AssetGarbageCollectorHelper' handle=0x000002A91E588310 entry=0x0000000800B68880 arg=0x00000006006D0450 priority=700 host_priority=Normal affinity=0x7F
[LOADER][INFO] Scheduled guest thread 'AssetGarbageCollectorHelper' handle=0x000002A91E589320 entry=0x0000000800B68880 arg=0x00000006006D05A0 priority=700 host_priority=Normal affinity=0x7F
[LOADER][INFO] Scheduled guest thread 'AssetGarbageCollectorHelper' handle=0x000002A91E587300 entry=0x0000000800B68880 arg=0x00000006006D06F0 priority=700 host_priority=Normal affinity=0x7F
[LOADER][INFO] Keyboard controls: Arrow keys = D-pad, WASD = left stick, IJKL = right stick, Z/Enter = Cross, X/Esc = Circle, C = Square, V = Triangle, Q = L1, E = R1, R = L2, F = R2, Tab/Backspace = Options. A DualSense or Xbox controller will be used automatically when plugged in.
[LOADER][WARN] Import#9036 result: -2137915385 (xk0AcarP3V4) rdi=0x0000000010000000 rsi=0x0000000000000002 rdx=0x0000000000000000 rcx=0x0000000000000000 ret=0x000000080138E1DF
[LOADER][WARN] Import#9143 result: ORBIS_GEN2_ERROR_NOT_FOUND (1-LFLmRFxxM) rdi=0x00007FFFF01FB430 rsi=0x00000000000001FF rdx=0x0000000000000000 rcx=0x0000000000000001 ret=0x000000080136D9C6
[LOADER][INFO] Scheduled guest thread 'Thread-2A91E5862F0' handle=0x000002A91E5862F0 entry=0x0000000804F40B30 arg=0x00000001014D7960 priority=700 host_priority=Normal affinity=0x3C
[LOADER][TRACE] guest_exception.queued target=0x000002A964368570 type=0x1E mode=external
[LOADER][TRACE] guest_exception.raise target=0x000002A964368570 type=0x1E handler=0x000000080A821210
[LOADER][TRACE] guest_exception.safe_point_enter target=0x000002A964368570 type=0x1E rip=0x0000000804F3A074
[LOADER][TRACE] guest_exception.queued target=0x000002A964368570 type=0x1E mode=external
[LOADER][TRACE] guest_exception.raise target=0x000002A964368570 type=0x1E handler=0x000000080A821210
[LOADER][TRACE] guest_exception.safe_point_enter target=0x000002A964368570 type=0x1E rip=0x0000000804F3A074
[LOADER][TRACE] guest_exception.delivery_enter target=0x000002A91E5862F0 type=0x1E mode=parked rip=0x0000000804F3A074 rsp=0x00007FFFD31FFED0 rbp=0x00007FFFD31FFF40 rbx=0x0000000100000B60 r12=0x0000000804FF36B0 r13=0x00000001014D7960 r14=0x00000001014D7980 r15=0x0000000000000000 stack=0x00007FFFD1000000 callback=0x0000000805007510
[LOADER][TRACE] guest_exception.raise target=0x000002A91E5862F0 type=0x1E handler=0x000000080A821210
[LOADER][TRACE] guest_exception.delivery_exit target=0x000002A91E5862F0 type=0x1E success=True error=none elapsed_ms=1.851 record=0x0000000000000000 stack_bound=0x0000000000000000 recorded_rsp=0x0000000000000000
[LOADER][INFO] Scheduled guest thread 'Job.Worker 0' handle=0x000002A91E58C350 entry=0x0000000800B68880 arg=0x00000006006FC580 priority=700 host_priority=Normal affinity=0x7F
[LOADER][INFO] Scheduled guest thread 'Job.Worker 1' handle=0x000002A91E58D360 entry=0x0000000800B68880 arg=0x00000006006FC5F0 priority=700 host_priority=Normal affinity=0x7F
[LOADER][INFO] Scheduled guest thread 'Job.Worker 2' handle=0x000002A91E58B340 entry=0x0000000800B68880 arg=0x00000006006FC660 priority=700 host_priority=Normal affinity=0x7F
[LOADER][INFO] Scheduled guest thread 'Job.Worker 3' handle=0x000002A91E58A330 entry=0x0000000800B68880 arg=0x00000006006FC6D0 priority=700 host_priority=Normal affinity=0x7F
[LOADER][INFO] Scheduled guest thread 'Job.Worker 4' handle=0x000002A91E58E370 entry=0x0000000800B68880 arg=0x00000006006FC740 priority=700 host_priority=Normal affinity=0x7F
[LOADER][INFO] Scheduled guest thread 'Job.Worker 5' handle=0x000002A96436D5C0 entry=0x0000000800B68880 arg=0x00000006006FC7B0 priority=700 host_priority=Normal affinity=0x7F
[LOADER][INFO] Scheduled guest thread 'Job.Worker 6' handle=0x000002A91F4BAB20 entry=0x0000000800B68880 arg=0x00000006006FC820 priority=700 host_priority=Normal affinity=0x7F
[LOADER][INFO] Scheduled guest thread 'Job.Worker 7' handle=0x000002A91F4BEB60 entry=0x0000000800B68880 arg=0x00000006006FC890 priority=700 host_priority=Normal affinity=0x7F
[LOADER][INFO] Scheduled guest thread 'Job.Worker 8' handle=0x000002A91F4BBB30 entry=0x0000000800B68880 arg=0x00000006006FC900 priority=700 host_priority=Normal affinity=0x7F
[LOADER][INFO] Scheduled guest thread 'Job.Worker 9' handle=0x000002A91F4BFB70 entry=0x0000000800B68880 arg=0x00000006006FC970 priority=700 host_priority=Normal affinity=0x7F
[LOADER][INFO] Scheduled guest thread 'Job.Worker 10' handle=0x000002A91F4BDB50 entry=0x0000000800B68880 arg=0x00000006006FC9E0 priority=700 host_priority=Normal affinity=0x7F
[LOADER][INFO] Scheduled guest thread 'Job.Worker 11' handle=0x000002A91F4BCB40 entry=0x0000000800B68880 arg=0x00000006006FCA50 priority=700 host_priority=Normal affinity=0x7F
[LOADER][INFO] Scheduled guest thread 'Job.Worker 12' handle=0x000002A91F4C0B80 entry=0x0000000800B68880 arg=0x00000006006FCAC0 priority=700 host_priority=Normal affinity=0x7F
[LOADER][INFO] Scheduled guest thread 'Background Job.Worker 0' handle=0x000002A91F4C1B90 entry=0x0000000800B68880 arg=0x00000006006C40B0 priority=700 host_priority=Normal affinity=0x7F
[LOADER][INFO] Scheduled guest thread 'Background Job.Worker 1' handle=0x000002A91F4C2BA0 entry=0x0000000800B68880 arg=0x00000006006C4120 priority=700 host_priority=Normal affinity=0x7F
[LOADER][INFO] Scheduled guest thread 'Background Job.Worker 2' handle=0x000002A91F4C5BD0 entry=0x0000000800B68880 arg=0x00000006006C4190 priority=700 host_priority=Normal affinity=0x7F
[LOADER][INFO] Scheduled guest thread 'Background Job.Worker 3' handle=0x000002A91F4C4BC0 entry=0x0000000800B68880 arg=0x00000006006C4200 priority=700 host_priority=Normal affinity=0x7F
[LOADER][INFO] Scheduled guest thread 'Background Job.Worker 4' handle=0x000002A91F4C6BE0 entry=0x0000000800B68880 arg=0x00000006006C4270 priority=700 host_priority=Normal affinity=0x7F
[LOADER][INFO] Scheduled guest thread 'Background Job.Worker 5' handle=0x000002A91F4C3BB0 entry=0x0000000800B68880 arg=0x00000006006C42E0 priority=700 host_priority=Normal affinity=0x7F
[LOADER][INFO] Scheduled guest thread 'Background Job.Worker 6' handle=0x000002A91F4CAC20 entry=0x0000000800B68880 arg=0x00000006006C4350 priority=700 host_priority=Normal affinity=0x7F
[LOADER][INFO] Scheduled guest thread 'Background Job.Worker 7' handle=0x000002A91F4C7BF0 entry=0x0000000800B68880 arg=0x00000006006C43C0 priority=700 host_priority=Normal affinity=0x7F
[LOADER][INFO] Scheduled guest thread 'Background Job.Worker 8' handle=0x000002A91F4C9C10 entry=0x0000000800B68880 arg=0x00000006006C4430 priority=700 host_priority=Normal affinity=0x7F
[LOADER][INFO] Scheduled guest thread 'Background Job.Worker 9' handle=0x000002A91F4CBC30 entry=0x0000000800B68880 arg=0x00000006006C44A0 priority=700 host_priority=Normal affinity=0x7F
[LOADER][INFO] Scheduled guest thread 'Background Job.Worker 10' handle=0x000002A91F4C8C00 entry=0x0000000800B68880 arg=0x00000006006C4510 priority=700 host_priority=Normal affinity=0x7F
[LOADER][INFO] Scheduled guest thread 'Background Job.Worker 11' handle=0x000002A91F4CDC50 entry=0x0000000800B68880 arg=0x00000006006C4580 priority=700 host_priority=Normal affinity=0x7F
[LOADER][INFO] Scheduled guest thread 'Background Job.Worker 12' handle=0x000002A91F4CCC40 entry=0x0000000800B68880 arg=0x00000006006C45F0 priority=700 host_priority=Normal affinity=0x7F
[LOADER][INFO] Scheduled guest thread 'Background Job.Worker 13' handle=0x000002A91F4CEC60 entry=0x0000000800B68880 arg=0x00000006006C4660 priority=700 host_priority=Normal affinity=0x7F
[LOADER][INFO] Scheduled guest thread 'Background Job.Worker 14' handle=0x000002A91F4D1C90 entry=0x0000000800B68880 arg=0x00000006006C46D0 priority=700 host_priority=Normal affinity=0x7F
[LOADER][INFO] Scheduled guest thread 'Background Job.Worker 15' handle=0x000002A91F4D2CA0 entry=0x0000000800B68880 arg=0x00000006006C4740 priority=700 host_priority=Normal affinity=0x7F
[LOADER][INFO] Scheduled guest thread 'BatchDeleteObjects' handle=0x000002A91F4CFC70 entry=0x0000000800B68880 arg=0x00000006006C3A80 priority=700 host_priority=Normal affinity=0x7F
[LOADER][INFO] Scheduled guest thread 'Loading.AsyncRead' handle=0x000002A91F4D3CB0 entry=0x0000000800B68880 arg=0x0000000600702EA0 priority=700 host_priority=Normal affinity=0x7F
[LOADER][WARN] Import#386158 result: -2144796650 (Nv8c-Kb+DUM) rdi=0x0000000000000001 rsi=0x00000000D000000A rdx=0x0000000000000000 rcx=0x0000000000000000 ret=0x00000008013EE15A
[LOADER][PERF] videoout submitted_fps=0.1 presented_fps=0.0 draws=0 draw_ms=0 pipelines=0 spirv=0 pool_leases=0 pool_cached_mb=0.0
[LOADER][INFO] Scheduled guest thread 'Thread-2A91F4D0C80' handle=0x000002A91F4D0C80 entry=0x00000008013EEC20 arg=0x0000000000000000 priority=256 host_priority=Highest affinity=0x7F
[LOADER][WARN] Import#387993 result: -1 (wuCroIGjt2g) rdi=0x0000000801B193AA rsi=0x0000000000000000 rdx=0x0000000000000000 rcx=0x0000000000000001 ret=0x0000000800A3E5F1
[LOADER][WARN] Import#387994 result: -1 (wuCroIGjt2g) rdi=0x0000000801B40813 rsi=0x0000000000000004 rdx=0x0000000000000000 rcx=0x0000000000000001 ret=0x0000000800A3E60B
[LOADER][INFO] Scheduled guest thread 'UnityEOPThread' handle=0x000002A91F4D5CD0 entry=0x0000000800B68880 arg=0x00000006007DCFA8 priority=700 host_priority=Normal affinity=0x7F
[LOADER][INFO] Scheduled guest thread 'GfxFlipThread' handle=0x000002A91F4D6CE0 entry=0x0000000800B68880 arg=0x0000000600110160 priority=700 host_priority=Normal affinity=0x7F
[LOADER][INFO] Scheduled guest thread 'UnityGfxDeviceWorker' handle=0x000002A91F4D4CC0 entry=0x0000000800B68880 arg=0x00000006001100F0 priority=700 host_priority=Normal affinity=0x7F
[LOADER][INFO] Scheduled guest thread 'Gfx Task Executor' handle=0x000002A91F4D8D00 entry=0x0000000800B68880 arg=0x0000000600110080 priority=700 host_priority=Normal affinity=0x7F
[LOADER][TRACE] guest_thread.snapshot handle=0x000002A96436A590 name='AssetGarbageCollectorHelper' state=Blocked executor=False imports=28 nid=04AjkP0jO9U ret=0x000000080A821799 block=_umtx_op_wait wake=sceKernelSyncOnAddress:00000006006CF7D8 host_managed=0 host_tid=0
[LOADER][TRACE] guest_thread.snapshot handle=0x000002A96436B5A0 name='AssetGarbageCollectorHelper' state=Blocked executor=False imports=27 nid=04AjkP0jO9U ret=0x000000080A821799 block=_umtx_op_wait wake=sceKernelSyncOnAddress:00000006006CF928 host_managed=0 host_tid=0
[LOADER][TRACE] guest_thread.snapshot handle=0x000002A96436C5B0 name='AssetGarbageCollectorHelper' state=Blocked executor=False imports=28 nid=04AjkP0jO9U ret=0x000000080A821799 block=_umtx_op_wait wake=sceKernelSyncOnAddress:00000006006CFA78 host_managed=0 host_tid=0
[LOADER][TRACE] guest_thread.snapshot handle=0x000002A96436E5D0 name='AssetGarbageCollectorHelper' state=Blocked executor=False imports=27 nid=04AjkP0jO9U ret=0x000000080A821799 block=_umtx_op_wait wake=sceKernelSyncOnAddress:00000006006CFBC8 host_managed=0 host_tid=0
[LOADER][TRACE] guest_thread.snapshot handle=0x000002A91E580290 name='AssetGarbageCollectorHelper' state=Blocked executor=False imports=27 nid=04AjkP0jO9U ret=0x000000080A821799 block=_umtx_op_wait wake=sceKernelSyncOnAddress:00000006006CFD18 host_managed=0 host_tid=0
[LOADER][TRACE] guest_thread.snapshot handle=0x000002A91E5822B0 name='AssetGarbageCollectorHelper' state=Blocked executor=False imports=27 nid=04AjkP0jO9U ret=0x000000080A821799 block=_umtx_op_wait wake=sceKernelSyncOnAddress:00000006006CFE68 host_managed=0 host_tid=0
[LOADER][TRACE] guest_thread.snapshot handle=0x000002A91E5832C0 name='AssetGarbageCollectorHelper' state=Blocked executor=False imports=28 nid=04AjkP0jO9U ret=0x000000080A821799 block=_umtx_op_wait wake=sceKernelSyncOnAddress:00000006006CFFB8 host_managed=0 host_tid=0
[LOADER][TRACE] guest_thread.snapshot handle=0x000002A91E5842D0 name='AssetGarbageCollectorHelper' state=Blocked executor=False imports=27 nid=04AjkP0jO9U ret=0x000000080A821799 block=_umtx_op_wait wake=sceKernelSyncOnAddress:00000006006D0108 host_managed=0 host_tid=0
[LOADER][TRACE] guest_thread.snapshot handle=0x000002A91E5812A0 name='AssetGarbageCollectorHelper' state=Blocked executor=False imports=28 nid=04AjkP0jO9U ret=0x000000080A821799 block=_umtx_op_wait wake=sceKernelSyncOnAddress:00000006006D0258 host_managed=0 host_tid=0
[LOADER][TRACE] guest_thread.snapshot handle=0x000002A91E5852E0 name='AssetGarbageCollectorHelper' state=Blocked executor=False imports=27 nid=04AjkP0jO9U ret=0x000000080A821799 block=_umtx_op_wait wake=sceKernelSyncOnAddress:00000006006D03A8 host_managed=0 host_tid=0
[LOADER][TRACE] guest_thread.snapshot handle=0x000002A91E588310 name='AssetGarbageCollectorHelper' state=Blocked executor=False imports=28 nid=04AjkP0jO9U ret=0x000000080A821799 block=_umtx_op_wait wake=sceKernelSyncOnAddress:00000006006D04F8 host_managed=0 host_tid=0
[LOADER][TRACE] guest_thread.snapshot handle=0x000002A91E589320 name='AssetGarbageCollectorHelper' state=Blocked executor=False imports=27 nid=04AjkP0jO9U ret=0x000000080A821799 block=_umtx_op_wait wake=sceKernelSyncOnAddress:00000006006D0648 host_managed=0 host_tid=0
[LOADER][TRACE] guest_thread.snapshot handle=0x000002A91E587300 name='AssetGarbageCollectorHelper' state=Blocked executor=False imports=28 nid=04AjkP0jO9U ret=0x000000080A821799 block=_umtx_op_wait wake=sceKernelSyncOnAddress:00000006006D0798 host_managed=0 host_tid=0
[LOADER][TRACE] guest_thread.snapshot handle=0x000002A91E5862F0 name='Thread-2A91E5862F0' state=Blocked executor=False imports=118 nid=4czppHBiriw ret=0x0000000805007634 block=pthread_cond_wait wake=pthread_cond_waiter:1 host_managed=0 host_tid=0
[LOADER][TRACE] guest_thread.snapshot handle=0x000002A91E58C350 name='Job.Worker 0' state=Blocked executor=False imports=16 nid=JTvBflhYazQ ret=0x0000000800A27985 block=sceKernelWaitEventFlag wake=event_flag:0x0000000000000003 host_managed=0 host_tid=0
[LOADER][TRACE] guest_thread.snapshot handle=0x000002A91E58D360 name='Job.Worker 1' state=Blocked executor=False imports=16 nid=JTvBflhYazQ ret=0x0000000800A27985 block=sceKernelWaitEventFlag wake=event_flag:0x0000000000000003 host_managed=0 host_tid=0
[LOADER][TRACE] guest_thread.snapshot handle=0x000002A91E58B340 name='Job.Worker 2' state=Blocked executor=False imports=16 nid=JTvBflhYazQ ret=0x0000000800A27985 block=sceKernelWaitEventFlag wake=event_flag:0x0000000000000003 host_managed=0 host_tid=0
[LOADER][TRACE] guest_thread.snapshot handle=0x000002A91E58A330 name='Job.Worker 3' state=Blocked executor=False imports=16 nid=JTvBflhYazQ ret=0x0000000800A27985 block=sceKernelWaitEventFlag wake=event_flag:0x0000000000000003 host_managed=0 host_tid=0
[LOADER][TRACE] guest_thread.snapshot handle=0x000002A91E58E370 name='Job.Worker 4' state=Blocked executor=False imports=16 nid=JTvBflhYazQ ret=0x0000000800A27985 block=sceKernelWaitEventFlag wake=event_flag:0x0000000000000003 host_managed=0 host_tid=0
[LOADER][TRACE] guest_thread.snapshot handle=0x000002A96436D5C0 name='Job.Worker 5' state=Blocked executor=False imports=16 nid=JTvBflhYazQ ret=0x0000000800A27985 block=sceKernelWaitEventFlag wake=event_flag:0x0000000000000003 host_managed=0 host_tid=0
[LOADER][TRACE] guest_thread.snapshot handle=0x000002A91F4BAB20 name='Job.Worker 6' state=Blocked executor=False imports=16 nid=JTvBflhYazQ ret=0x0000000800A27985 block=sceKernelWaitEventFlag wake=event_flag:0x0000000000000003 host_managed=0 host_tid=0
[LOADER][TRACE] guest_thread.snapshot handle=0x000002A91F4BEB60 name='Job.Worker 7' state=Blocked executor=False imports=16 nid=JTvBflhYazQ ret=0x0000000800A27985 block=sceKernelWaitEventFlag wake=event_flag:0x0000000000000003 host_managed=0 host_tid=0
[LOADER][TRACE] guest_thread.snapshot handle=0x000002A91F4BBB30 name='Job.Worker 8' state=Blocked executor=False imports=16 nid=JTvBflhYazQ ret=0x0000000800A27985 block=sceKernelWaitEventFlag wake=event_flag:0x0000000000000003 host_managed=0 host_tid=0
[LOADER][TRACE] guest_thread.snapshot handle=0x000002A91F4BFB70 name='Job.Worker 9' state=Blocked executor=False imports=16 nid=JTvBflhYazQ ret=0x0000000800A27985 block=sceKernelWaitEventFlag wake=event_flag:0x0000000000000003 host_managed=0 host_tid=0
[LOADER][TRACE] guest_thread.snapshot handle=0x000002A91F4BDB50 name='Job.Worker 10' state=Blocked executor=False imports=16 nid=JTvBflhYazQ ret=0x0000000800A27985 block=sceKernelWaitEventFlag wake=event_flag:0x0000000000000003 host_managed=0 host_tid=0
[LOADER][TRACE] guest_thread.snapshot handle=0x000002A91F4BCB40 name='Job.Worker 11' state=Blocked executor=False imports=16 nid=JTvBflhYazQ ret=0x0000000800A27985 block=sceKernelWaitEventFlag wake=event_flag:0x0000000000000003 host_managed=0 host_tid=0
[LOADER][TRACE] guest_thread.snapshot handle=0x000002A91F4C0B80 name='Job.Worker 12' state=Blocked executor=False imports=16 nid=JTvBflhYazQ ret=0x0000000800A27985 block=sceKernelWaitEventFlag wake=event_flag:0x0000000000000003 host_managed=0 host_tid=0
[LOADER][TRACE] guest_thread.snapshot handle=0x000002A91F4C1B90 name='Background Job.Worker 0' state=Blocked executor=False imports=18 nid=JTvBflhYazQ ret=0x0000000800A27985 block=sceKernelWaitEventFlag wake=event_flag:0x0000000000000004 host_managed=0 host_tid=0
[LOADER][TRACE] guest_thread.snapshot handle=0x000002A91F4C2BA0 name='Background Job.Worker 1' state=Blocked executor=False imports=17 nid=JTvBflhYazQ ret=0x0000000800A27985 block=sceKernelWaitEventFlag wake=event_flag:0x0000000000000004 host_managed=0 host_tid=0
[LOADER][TRACE] guest_thread.snapshot handle=0x000002A91F4C5BD0 name='Background Job.Worker 2' state=Blocked executor=False imports=17 nid=JTvBflhYazQ ret=0x0000000800A27985 block=sceKernelWaitEventFlag wake=event_flag:0x0000000000000004 host_managed=0 host_tid=0
[LOADER][TRACE] guest_thread.snapshot handle=0x000002A91F4C4BC0 name='Background Job.Worker 3' state=Blocked executor=False imports=17 nid=JTvBflhYazQ ret=0x0000000800A27985 block=sceKernelWaitEventFlag wake=event_flag:0x0000000000000004 host_managed=0 host_tid=0
[LOADER][TRACE] guest_thread.snapshot handle=0x000002A91F4C6BE0 name='Background Job.Worker 4' state=Blocked executor=False imports=18 nid=JTvBflhYazQ ret=0x0000000800A27985 block=sceKernelWaitEventFlag wake=event_flag:0x0000000000000004 host_managed=0 host_tid=0
[LOADER][TRACE] guest_thread.snapshot handle=0x000002A91F4C3BB0 name='Background Job.Worker 5' state=Blocked executor=False imports=17 nid=JTvBflhYazQ ret=0x0000000800A27985 block=sceKernelWaitEventFlag wake=event_flag:0x0000000000000004 host_managed=0 host_tid=0
[LOADER][TRACE] guest_thread.snapshot handle=0x000002A91F4CAC20 name='Background Job.Worker 6' state=Blocked executor=False imports=17 nid=JTvBflhYazQ ret=0x0000000800A27985 block=sceKernelWaitEventFlag wake=event_flag:0x0000000000000004 host_managed=0 host_tid=0
[LOADER][TRACE] guest_thread.snapshot handle=0x000002A91F4C7BF0 name='Background Job.Worker 7' state=Blocked executor=False imports=17 nid=JTvBflhYazQ ret=0x0000000800A27985 block=sceKernelWaitEventFlag wake=event_flag:0x0000000000000004 host_managed=0 host_tid=0
[LOADER][TRACE] guest_thread.snapshot handle=0x000002A91F4C9C10 name='Background Job.Worker 8' state=Blocked executor=False imports=18 nid=JTvBflhYazQ ret=0x0000000800A27985 block=sceKernelWaitEventFlag wake=event_flag:0x0000000000000004 host_managed=0 host_tid=0
[LOADER][TRACE] guest_thread.snapshot handle=0x000002A91F4CBC30 name='Background Job.Worker 9' state=Blocked executor=False imports=17 nid=JTvBflhYazQ ret=0x0000000800A27985 block=sceKernelWaitEventFlag wake=event_flag:0x0000000000000004 host_managed=0 host_tid=0
[LOADER][TRACE] guest_thread.snapshot handle=0x000002A91F4C8C00 name='Background Job.Worker 10' state=Blocked executor=False imports=17 nid=JTvBflhYazQ ret=0x0000000800A27985 block=sceKernelWaitEventFlag wake=event_flag:0x0000000000000004 host_managed=0 host_tid=0
[LOADER][TRACE] guest_thread.snapshot handle=0x000002A91F4CDC50 name='Background Job.Worker 11' state=Blocked executor=False imports=17 nid=JTvBflhYazQ ret=0x0000000800A27985 block=sceKernelWaitEventFlag wake=event_flag:0x0000000000000004 host_managed=0 host_tid=0
[LOADER][TRACE] guest_thread.snapshot handle=0x000002A91F4CCC40 name='Background Job.Worker 12' state=Blocked executor=False imports=18 nid=JTvBflhYazQ ret=0x0000000800A27985 block=sceKernelWaitEventFlag wake=event_flag:0x0000000000000004 host_managed=0 host_tid=0
[LOADER][TRACE] guest_thread.snapshot handle=0x000002A91F4CEC60 name='Background Job.Worker 13' state=Blocked executor=False imports=17 nid=JTvBflhYazQ ret=0x0000000800A27985 block=sceKernelWaitEventFlag wake=event_flag:0x0000000000000004 host_managed=0 host_tid=0
[LOADER][TRACE] guest_thread.snapshot handle=0x000002A91F4D1C90 name='Background Job.Worker 14' state=Blocked executor=False imports=17 nid=JTvBflhYazQ ret=0x0000000800A27985 block=sceKernelWaitEventFlag wake=event_flag:0x0000000000000004 host_managed=0 host_tid=0
[LOADER][TRACE] guest_thread.snapshot handle=0x000002A91F4D2CA0 name='Background Job.Worker 15' state=Blocked executor=False imports=17 nid=JTvBflhYazQ ret=0x0000000800A27985 block=sceKernelWaitEventFlag wake=event_flag:0x0000000000000004 host_managed=0 host_tid=0
[LOADER][TRACE] guest_thread.snapshot handle=0x000002A91F4CFC70 name='BatchDeleteObjects' state=Blocked executor=False imports=24 nid=04AjkP0jO9U ret=0x000000080A821799 block=_umtx_op_wait wake=sceKernelSyncOnAddress:0000000603909730 host_managed=0 host_tid=0
[LOADER][TRACE] guest_thread.snapshot handle=0x000002A91F4D3CB0 name='Loading.AsyncRead' state=Blocked executor=False imports=23 nid=04AjkP0jO9U ret=0x000000080A821799 block=_umtx_op_wait wake=sceKernelSyncOnAddress:0000000600702F50 host_managed=0 host_tid=0
[LOADER][TRACE] guest_thread.snapshot handle=0x000002A91F4D0C80 name='Thread-2A91F4D0C80' state=Running executor=True imports=0 nid=none ret=0x0000000000000000 block=none wake=none host_managed=71 host_tid=33352
[LOADER][TRACE] guest_thread.snapshot handle=0x000002A91F4D5CD0 name='UnityEOPThread' state=Blocked executor=False imports=18 nid=fzyMKs9kim0 ret=0x00000008013E33D3 block=sceKernelWaitEqueue wake=sceKernelWaitEqueue:0000000000000003:0000000000000002 host_managed=0 host_tid=0
[LOADER][TRACE] guest_thread.snapshot handle=0x000002A91F4D6CE0 name='GfxFlipThread' state=Blocked executor=False imports=18 nid=fzyMKs9kim0 ret=0x00000008013BFDEF block=sceKernelWaitEqueue wake=sceKernelWaitEqueue:0000000000000005:0000000000000004 host_managed=0 host_tid=0
[LOADER][TRACE] guest_thread.snapshot handle=0x000002A91F4D4CC0 name='UnityGfxDeviceWorker' state=Blocked executor=False imports=211 nid=04AjkP0jO9U ret=0x000000080A821799 block=_umtx_op_wait wake=sceKernelSyncOnAddress:0000000603911DD0 host_managed=0 host_tid=0
[LOADER][TRACE] guest_thread.snapshot handle=0x000002A91F4D8D00 name='Gfx Task Executor' state=Blocked executor=False imports=36 nid=04AjkP0jO9U ret=0x000000080A821799 block=_umtx_op_wait wake=sceKernelSyncOnAddress:0000000603922B70 host_managed=0 host_tid=0
[LOADER][INFO] SDL3 window ready: mode=Windowed size=1920x1080 display=0 refresh=auto
[LOADER][INFO] SDL3 display HDR: enabled=False sdr_white=1.000 headroom=1.000
[LOADER][INFO] Vulkan candidate: NVIDIA GeForce RTX 5060 Laptop GPU (DiscreteGpu) score=800
[LOADER][INFO] Vulkan candidate: AMD Radeon(TM) 780M Graphics (IntegratedGpu) score=-950
[LOADER][INFO] Vulkan compute limits groups=2147483647x65535x65535 local=1024x1024x64 invocations=1024 storage_alignment=16
[LOADER][INFO] Vulkan subgroup default=32 stages=ShaderStageAllGraphics, ComputeBit, ShaderStageTaskBitNV, MeshBitNV, ShaderStageRaygenBitKhr, ShaderStageAnyHitBitKhr, ShaderStageClosestHitBitKhr, MissBitNV, ShaderStageIntersectionBitNV, CallableBitNV ops=BasicBit, VoteBit, ArithmeticBit, BallotBit, SubgroupFeatureShuffleBit, SubgroupFeatureShuffleRelativeBit, SubgroupFeatureClusteredBit, SubgroupFeatureQuadBit, SubgroupFeaturePartitionedBitNV, RotateBit, RotateClusteredBit size_control=32-32 required_stages=ShaderStageAllGraphics, ComputeBit, ShaderStageTaskBitNV, MeshBitNV, ShaderStageRaygenBitKhr, ShaderStageAnyHitBitKhr, ShaderStageClosestHitBitKhr, MissBitNV, ShaderStageIntersectionBitNV, CallableBitNV max_compute_subgroups=32
[LOADER][INFO] Vulkan guest depth backed by D32SfloatS8Uint (32-bit float depth + 8-bit stencil; stencil writes have storage).
[LOADER][INFO] Vulkan device: NVIDIA GeForce RTX 5060 Laptop GPU (DiscreteGpu)
[LOADER][INFO] Vulkan pipeline cache ready: path=C:\Users\chayt\Downloads\SharpEmu-Source\artifacts\bin\Release\net10.0\win-x64\user\pipeline_cache\PPSA22623\vulkan-pipeline-cache.bin initial=66287 bytes
[LOADER][INFO] Vulkan output color: requested=Auto display_hdr=False guest_hdr=False active=False format=B8G8R8A8Unorm colorspace=SpaceSrgbNonlinearKhr sdr_white=1.000 headroom=1.000
[LOADER][INFO] Vulkan VideoOut ready: 1920x1080, format=B8G8R8A8Unorm
[LOADER][INFO] Vulkan VideoOut recreating swapchain after restored SDL window: SuboptimalKhr
[LOADER][INFO] Vulkan output color: requested=Auto display_hdr=False guest_hdr=False active=False format=B8G8R8A8Unorm colorspace=SpaceSrgbNonlinearKhr sdr_white=1.000 headroom=1.000
[LOADER][INFO] Vulkan VideoOut recreated swapchain: 1920x1080, format=B8G8R8A8Unorm
[LOADER][PERF] videoout submitted_fps=0.0 presented_fps=0.8 draws=0 draw_ms=0 pipelines=0 spirv=0 pool_leases=5 pool_cached_mb=0.0
[LOADER][INFO] Vulkan VideoOut presented splash: 3840x2160
[LOADER][TRACE] vk.ordered_action_fence_wait count=1 queue=dcb.graphics submission='SharpEmu offscreen mrt=1 ps=0x0000000601D40D00 first=0x0000000010DA0000 1920x1080'
[LOADER][INFO] Vulkan VideoOut presented first frame: 1920x1080
[LOADER][INFO] Vulkan VideoOut presented guest frame: image=0x0000000010DA0000 1920x1080
[LOADER][TRACE] guest_exception.delivery_enter target=0x000002A91E5862F0 type=0x1E mode=parked rip=0x0000000804F3A074 rsp=0x00007FFFD31FFED0 rbp=0x00007FFFD31FFF40 rbx=0x0000000100000B60 r12=0x0000000804FF36B0 r13=0x00000001014D7960 r14=0x00000001014D7980 r15=0x0000000000000000 stack=0x00007FFFD1000000 callback=0x0000000805007510
[LOADER][TRACE] guest_exception.raise target=0x000002A91E5862F0 type=0x1E handler=0x000000080A821210
[LOADER][TRACE] guest_exception.delivery_exit target=0x000002A91E5862F0 type=0x1E success=True error=none elapsed_ms=3.155 record=0x0000000000000000 stack_bound=0x0000000000000000 recorded_rsp=0x0000000000000000
[LOADER][INFO] Scheduled guest thread 'Loading.PreloadManager' handle=0x000002A91B6F7D70 entry=0x0000000800B68880 arg=0x0000000606E0BF30 priority=700 host_priority=Normal affinity=0x7F
[LOADER][WARN] Import#1886275 result: -1 (04AjkP0jO9U) rdi=0x0000000606E0C098 rsi=0x0000000000000002 rdx=0x0000000000000000 rcx=0x0000000000000000 ret=0x000000080A821799
[LOADER][WARN] Import#1886288 result: -1 (04AjkP0jO9U) rdi=0x0000000606E0C098 rsi=0x0000000000000002 rdx=0x0000000000000000 rcx=0x0000000000000000 ret=0x000000080A821799
[LOADER][WARN] Import#1886307 result: -1 (04AjkP0jO9U) rdi=0x0000000606E0C098 rsi=0x0000000000000002 rdx=0x0000000000000000 rcx=0x0000000000000000 ret=0x000000080A821799
[LOADER][WARN] Import#1886320 result: -1 (04AjkP0jO9U) rdi=0x0000000606E0C098 rsi=0x0000000000000002 rdx=0x0000000000000000 rcx=0x0000000000000000 ret=0x000000080A821799
[LOADER][WARN] Import#1886339 result: -1 (04AjkP0jO9U) rdi=0x0000000606E0C098 rsi=0x0000000000000002 rdx=0x0000000000000000 rcx=0x0000000000000000 ret=0x000000080A821799
[LOADER][WARN] Import#1886358 result: -1 (04AjkP0jO9U) rdi=0x0000000606E0C098 rsi=0x0000000000000002 rdx=0x0000000000000000 rcx=0x0000000000000000 ret=0x000000080A821799
[LOADER][WARN] Import#1886371 result: -1 (04AjkP0jO9U) rdi=0x0000000606E0C098 rsi=0x0000000000000002 rdx=0x0000000000000000 rcx=0x0000000000000000 ret=0x000000080A821799
[LOADER][WARN] Import#1886390 result: -1 (04AjkP0jO9U) rdi=0x0000000606E0C098 rsi=0x0000000000000002 rdx=0x0000000000000000 rcx=0x0000000000000000 ret=0x000000080A821799
[LOADER][WARN] Import#1886403 result: -1 (04AjkP0jO9U) rdi=0x0000000606E0C098 rsi=0x0000000000000002 rdx=0x0000000000000000 rcx=0x0000000000000000 ret=0x000000080A821799
[LOADER][WARN] Import#1886422 result: -1 (04AjkP0jO9U) rdi=0x0000000606E0C098 rsi=0x0000000000000002 rdx=0x0000000000000000 rcx=0x0000000000000000 ret=0x000000080A821799
[LOADER][WARN] Import#2318245 result: -1 (04AjkP0jO9U) rdi=0x0000000606E0C098 rsi=0x0000000000000002 rdx=0x0000000000000000 rcx=0x0000000000000000 ret=0x000000080A821799
[LOADER][WARN] Import#2318264 result: -1 (04AjkP0jO9U) rdi=0x0000000606E0C098 rsi=0x0000000000000002 rdx=0x0000000000000000 rcx=0x0000000000000000 ret=0x000000080A821799
[LOADER][WARN] Import#2318283 result: -1 (04AjkP0jO9U) rdi=0x0000000606E0C098 rsi=0x0000000000000002 rdx=0x0000000000000000 rcx=0x0000000000000000 ret=0x000000080A821799
[LOADER][WARN] Import#2374935 result: -1 (04AjkP0jO9U) rdi=0x0000000606E0C098 rsi=0x0000000000000002 rdx=0x0000000000000000 rcx=0x0000000000000000 ret=0x000000080A821799
[LOADER][TRACE] guest_thread.snapshot handle=0x000002A96436A590 name='AssetGarbageCollectorHelper' state=Blocked executor=False imports=38 nid=04AjkP0jO9U ret=0x000000080A821799 block=_umtx_op_wait wake=sceKernelSyncOnAddress:00000006006CF7D8 host_managed=0 host_tid=0
[LOADER][TRACE] guest_thread.snapshot handle=0x000002A96436B5A0 name='AssetGarbageCollectorHelper' state=Blocked executor=False imports=37 nid=04AjkP0jO9U ret=0x000000080A821799 block=_umtx_op_wait wake=sceKernelSyncOnAddress:00000006006CF928 host_managed=0 host_tid=0
[LOADER][TRACE] guest_thread.snapshot handle=0x000002A96436C5B0 name='AssetGarbageCollectorHelper' state=Blocked executor=False imports=38 nid=04AjkP0jO9U ret=0x000000080A821799 block=_umtx_op_wait wake=sceKernelSyncOnAddress:00000006006CFA78 host_managed=0 host_tid=0
[LOADER][TRACE] guest_thread.snapshot handle=0x000002A96436E5D0 name='AssetGarbageCollectorHelper' state=Blocked executor=False imports=37 nid=04AjkP0jO9U ret=0x000000080A821799 block=_umtx_op_wait wake=sceKernelSyncOnAddress:00000006006CFBC8 host_managed=0 host_tid=0
[LOADER][TRACE] guest_thread.snapshot handle=0x000002A91E580290 name='AssetGarbageCollectorHelper' state=Blocked executor=False imports=37 nid=04AjkP0jO9U ret=0x000000080A821799 block=_umtx_op_wait wake=sceKernelSyncOnAddress:00000006006CFD18 host_managed=0 host_tid=0
[LOADER][TRACE] guest_thread.snapshot handle=0x000002A91E5822B0 name='AssetGarbageCollectorHelper' state=Blocked executor=False imports=37 nid=04AjkP0jO9U ret=0x000000080A821799 block=_umtx_op_wait wake=sceKernelSyncOnAddress:00000006006CFE68 host_managed=0 host_tid=0
[LOADER][TRACE] guest_thread.snapshot handle=0x000002A91E5832C0 name='AssetGarbageCollectorHelper' state=Blocked executor=False imports=38 nid=04AjkP0jO9U ret=0x000000080A821799 block=_umtx_op_wait wake=sceKernelSyncOnAddress:00000006006CFFB8 host_managed=0 host_tid=0
[LOADER][TRACE] guest_thread.snapshot handle=0x000002A91E5842D0 name='AssetGarbageCollectorHelper' state=Blocked executor=False imports=37 nid=04AjkP0jO9U ret=0x000000080A821799 block=_umtx_op_wait wake=sceKernelSyncOnAddress:00000006006D0108 host_managed=0 host_tid=0
[LOADER][TRACE] guest_thread.snapshot handle=0x000002A91E5812A0 name='AssetGarbageCollectorHelper' state=Blocked executor=False imports=38 nid=04AjkP0jO9U ret=0x000000080A821799 block=_umtx_op_wait wake=sceKernelSyncOnAddress:00000006006D0258 host_managed=0 host_tid=0
[LOADER][TRACE] guest_thread.snapshot handle=0x000002A91E5852E0 name='AssetGarbageCollectorHelper' state=Blocked executor=False imports=37 nid=04AjkP0jO9U ret=0x000000080A821799 block=_umtx_op_wait wake=sceKernelSyncOnAddress:00000006006D03A8 host_managed=0 host_tid=0
[LOADER][TRACE] guest_thread.snapshot handle=0x000002A91E588310 name='AssetGarbageCollectorHelper' state=Blocked executor=False imports=38 nid=04AjkP0jO9U ret=0x000000080A821799 block=_umtx_op_wait wake=sceKernelSyncOnAddress:00000006006D04F8 host_managed=0 host_tid=0
[LOADER][TRACE] guest_thread.snapshot handle=0x000002A91E589320 name='AssetGarbageCollectorHelper' state=Blocked executor=False imports=37 nid=04AjkP0jO9U ret=0x000000080A821799 block=_umtx_op_wait wake=sceKernelSyncOnAddress:00000006006D0648 host_managed=0 host_tid=0
[LOADER][TRACE] guest_thread.snapshot handle=0x000002A91E587300 name='AssetGarbageCollectorHelper' state=Blocked executor=False imports=38 nid=04AjkP0jO9U ret=0x000000080A821799 block=_umtx_op_wait wake=sceKernelSyncOnAddress:00000006006D0798 host_managed=0 host_tid=0
[LOADER][TRACE] guest_thread.snapshot handle=0x000002A91E5862F0 name='Thread-2A91E5862F0' state=Blocked executor=False imports=123 nid=4czppHBiriw ret=0x0000000805007634 block=pthread_cond_wait wake=pthread_cond_waiter:1 host_managed=0 host_tid=0
[LOADER][TRACE] guest_thread.snapshot handle=0x000002A91E58C350 name='Job.Worker 0' state=Blocked executor=False imports=16 nid=JTvBflhYazQ ret=0x0000000800A27985 block=sceKernelWaitEventFlag wake=event_flag:0x0000000000000003 host_managed=0 host_tid=0
[LOADER][TRACE] guest_thread.snapshot handle=0x000002A91E58D360 name='Job.Worker 1' state=Blocked executor=False imports=16 nid=JTvBflhYazQ ret=0x0000000800A27985 block=sceKernelWaitEventFlag wake=event_flag:0x0000000000000003 host_managed=0 host_tid=0
[LOADER][TRACE] guest_thread.snapshot handle=0x000002A91E58B340 name='Job.Worker 2' state=Blocked executor=False imports=16 nid=JTvBflhYazQ ret=0x0000000800A27985 block=sceKernelWaitEventFlag wake=event_flag:0x0000000000000003 host_managed=0 host_tid=0
[LOADER][TRACE] guest_thread.snapshot handle=0x000002A91E58A330 name='Job.Worker 3' state=Blocked executor=False imports=16 nid=JTvBflhYazQ ret=0x0000000800A27985 block=sceKernelWaitEventFlag wake=event_flag:0x0000000000000003 host_managed=0 host_tid=0
[LOADER][TRACE] guest_thread.snapshot handle=0x000002A91E58E370 name='Job.Worker 4' state=Blocked executor=False imports=16 nid=JTvBflhYazQ ret=0x0000000800A27985 block=sceKernelWaitEventFlag wake=event_flag:0x0000000000000003 host_managed=0 host_tid=0
[LOADER][TRACE] guest_thread.snapshot handle=0x000002A96436D5C0 name='Job.Worker 5' state=Blocked executor=False imports=16 nid=JTvBflhYazQ ret=0x0000000800A27985 block=sceKernelWaitEventFlag wake=event_flag:0x0000000000000003 host_managed=0 host_tid=0
[LOADER][TRACE] guest_thread.snapshot handle=0x000002A91F4BAB20 name='Job.Worker 6' state=Blocked executor=False imports=16 nid=JTvBflhYazQ ret=0x0000000800A27985 block=sceKernelWaitEventFlag wake=event_flag:0x0000000000000003 host_managed=0 host_tid=0
[LOADER][TRACE] guest_thread.snapshot handle=0x000002A91F4BEB60 name='Job.Worker 7' state=Blocked executor=False imports=16 nid=JTvBflhYazQ ret=0x0000000800A27985 block=sceKernelWaitEventFlag wake=event_flag:0x0000000000000003 host_managed=0 host_tid=0
[LOADER][TRACE] guest_thread.snapshot handle=0x000002A91F4BBB30 name='Job.Worker 8' state=Blocked executor=False imports=16 nid=JTvBflhYazQ ret=0x0000000800A27985 block=sceKernelWaitEventFlag wake=event_flag:0x0000000000000003 host_managed=0 host_tid=0
[LOADER][TRACE] guest_thread.snapshot handle=0x000002A91F4BFB70 name='Job.Worker 9' state=Blocked executor=False imports=16 nid=JTvBflhYazQ ret=0x0000000800A27985 block=sceKernelWaitEventFlag wake=event_flag:0x0000000000000003 host_managed=0 host_tid=0
[LOADER][TRACE] guest_thread.snapshot handle=0x000002A91F4BDB50 name='Job.Worker 10' state=Blocked executor=False imports=16 nid=JTvBflhYazQ ret=0x0000000800A27985 block=sceKernelWaitEventFlag wake=event_flag:0x0000000000000003 host_managed=0 host_tid=0
[LOADER][TRACE] guest_thread.snapshot handle=0x000002A91F4BCB40 name='Job.Worker 11' state=Blocked executor=False imports=16 nid=JTvBflhYazQ ret=0x0000000800A27985 block=sceKernelWaitEventFlag wake=event_flag:0x0000000000000003 host_managed=0 host_tid=0
[LOADER][TRACE] guest_thread.snapshot handle=0x000002A91F4C0B80 name='Job.Worker 12' state=Blocked executor=False imports=16 nid=JTvBflhYazQ ret=0x0000000800A27985 block=sceKernelWaitEventFlag wake=event_flag:0x0000000000000003 host_managed=0 host_tid=0
[LOADER][TRACE] guest_thread.snapshot handle=0x000002A91F4C1B90 name='Background Job.Worker 0' state=Blocked executor=False imports=1107 nid=JTvBflhYazQ ret=0x0000000800A27985 block=sceKernelWaitEventFlag wake=event_flag:0x0000000000000004 host_managed=0 host_tid=0
[LOADER][TRACE] guest_thread.snapshot handle=0x000002A91F4C2BA0 name='Background Job.Worker 1' state=Blocked executor=False imports=697 nid=JTvBflhYazQ ret=0x0000000800A27985 block=sceKernelWaitEventFlag wake=event_flag:0x0000000000000004 host_managed=0 host_tid=0
[LOADER][TRACE] guest_thread.snapshot handle=0x000002A91F4C5BD0 name='Background Job.Worker 2' state=Blocked executor=False imports=394 nid=JTvBflhYazQ ret=0x0000000800A27985 block=sceKernelWaitEventFlag wake=event_flag:0x0000000000000004 host_managed=0 host_tid=0
[LOADER][TRACE] guest_thread.snapshot handle=0x000002A91F4C4BC0 name='Background Job.Worker 3' state=Blocked executor=False imports=406 nid=JTvBflhYazQ ret=0x0000000800A27985 block=sceKernelWaitEventFlag wake=event_flag:0x0000000000000004 host_managed=0 host_tid=0
[LOADER][TRACE] guest_thread.snapshot handle=0x000002A91F4C6BE0 name='Background Job.Worker 4' state=Blocked executor=False imports=456 nid=JTvBflhYazQ ret=0x0000000800A27985 block=sceKernelWaitEventFlag wake=event_flag:0x0000000000000004 host_managed=0 host_tid=0
[LOADER][TRACE] guest_thread.snapshot handle=0x000002A91F4C3BB0 name='Background Job.Worker 5' state=Blocked executor=False imports=310 nid=JTvBflhYazQ ret=0x0000000800A27985 block=sceKernelWaitEventFlag wake=event_flag:0x0000000000000004 host_managed=0 host_tid=0
[LOADER][TRACE] guest_thread.snapshot handle=0x000002A91F4CAC20 name='Background Job.Worker 6' state=Blocked executor=False imports=198 nid=JTvBflhYazQ ret=0x0000000800A27985 block=sceKernelWaitEventFlag wake=event_flag:0x0000000000000004 host_managed=0 host_tid=0
[LOADER][TRACE] guest_thread.snapshot handle=0x000002A91F4C7BF0 name='Background Job.Worker 7' state=Blocked executor=False imports=203 nid=JTvBflhYazQ ret=0x0000000800A27985 block=sceKernelWaitEventFlag wake=event_flag:0x0000000000000004 host_managed=0 host_tid=0
[LOADER][TRACE] guest_thread.snapshot handle=0x000002A91F4C9C10 name='Background Job.Worker 8' state=Blocked executor=False imports=224 nid=JTvBflhYazQ ret=0x0000000800A27985 block=sceKernelWaitEventFlag wake=event_flag:0x0000000000000004 host_managed=0 host_tid=0
[LOADER][TRACE] guest_thread.snapshot handle=0x000002A91F4CBC30 name='Background Job.Worker 9' state=Blocked executor=False imports=123 nid=JTvBflhYazQ ret=0x0000000800A27985 block=sceKernelWaitEventFlag wake=event_flag:0x0000000000000004 host_managed=0 host_tid=0
[LOADER][TRACE] guest_thread.snapshot handle=0x000002A91F4C8C00 name='Background Job.Worker 10' state=Blocked executor=False imports=126 nid=JTvBflhYazQ ret=0x0000000800A27985 block=sceKernelWaitEventFlag wake=event_flag:0x0000000000000004 host_managed=0 host_tid=0
[LOADER][TRACE] guest_thread.snapshot handle=0x000002A91F4CDC50 name='Background Job.Worker 11' state=Blocked executor=False imports=190 nid=JTvBflhYazQ ret=0x0000000800A27985 block=sceKernelWaitEventFlag wake=event_flag:0x0000000000000004 host_managed=0 host_tid=0
[LOADER][TRACE] guest_thread.snapshot handle=0x000002A91F4CCC40 name='Background Job.Worker 12' state=Blocked executor=False imports=103 nid=JTvBflhYazQ ret=0x0000000800A27985 block=sceKernelWaitEventFlag wake=event_flag:0x0000000000000004 host_managed=0 host_tid=0
[LOADER][TRACE] guest_thread.snapshot handle=0x000002A91F4CEC60 name='Background Job.Worker 13' state=Blocked executor=False imports=162 nid=JTvBflhYazQ ret=0x0000000800A27985 block=sceKernelWaitEventFlag wake=event_flag:0x0000000000000004 host_managed=0 host_tid=0
[LOADER][TRACE] guest_thread.snapshot handle=0x000002A91F4D1C90 name='Background Job.Worker 14' state=Blocked executor=False imports=128 nid=JTvBflhYazQ ret=0x0000000800A27985 block=sceKernelWaitEventFlag wake=event_flag:0x0000000000000004 host_managed=0 host_tid=0
[LOADER][TRACE] guest_thread.snapshot handle=0x000002A91F4D2CA0 name='Background Job.Worker 15' state=Blocked executor=False imports=153 nid=JTvBflhYazQ ret=0x0000000800A27985 block=sceKernelWaitEventFlag wake=event_flag:0x0000000000000004 host_managed=0 host_tid=0
[LOADER][TRACE] guest_thread.snapshot handle=0x000002A91F4CFC70 name='BatchDeleteObjects' state=Blocked executor=False imports=34 nid=04AjkP0jO9U ret=0x000000080A821799 block=_umtx_op_wait wake=sceKernelSyncOnAddress:0000000603909730 host_managed=0 host_tid=0
[LOADER][TRACE] guest_thread.snapshot handle=0x000002A91F4D3CB0 name='Loading.AsyncRead' state=Running executor=True imports=1658 nid=04AjkP0jO9U ret=0x000000080A821799 block=none wake=sceKernelSyncOnAddress:0000000600702F50 host_managed=0 host_tid=0
[LOADER][TRACE] guest_thread.snapshot handle=0x000002A91F4D0C80 name='Thread-2A91F4D0C80' state=Running executor=True imports=3 nid=tn3VlD0hG60 ret=0x00000008013EED51 block=none wake=none host_managed=71 host_tid=33352
[LOADER][TRACE] guest_thread.snapshot handle=0x000002A91F4D5CD0 name='UnityEOPThread' state=Blocked executor=False imports=20 nid=fzyMKs9kim0 ret=0x00000008013E33D3 block=sceKernelWaitEqueue wake=sceKernelWaitEqueue:0000000000000003:0000000000000002 host_managed=0 host_tid=0
[LOADER][TRACE] guest_thread.snapshot handle=0x000002A91F4D6CE0 name='GfxFlipThread' state=Blocked executor=False imports=21 nid=fzyMKs9kim0 ret=0x00000008013BFDEF block=sceKernelWaitEqueue wake=sceKernelWaitEqueue:0000000000000005:0000000000000004 host_managed=0 host_tid=0
[LOADER][TRACE] guest_thread.snapshot handle=0x000002A91F4D4CC0 name='UnityGfxDeviceWorker' state=Blocked executor=False imports=1663 nid=04AjkP0jO9U ret=0x000000080A821799 block=_umtx_op_wait wake=sceKernelSyncOnAddress:0000000603911DD0 host_managed=0 host_tid=0
[LOADER][TRACE] guest_thread.snapshot handle=0x000002A91F4D8D00 name='Gfx Task Executor' state=Blocked executor=False imports=46 nid=04AjkP0jO9U ret=0x000000080A821799 block=_umtx_op_wait wake=sceKernelSyncOnAddress:0000000603922B70 host_managed=0 host_tid=0
[LOADER][TRACE] guest_thread.snapshot handle=0x000002A91B6F7D70 name='Loading.PreloadManager' state=Running executor=True imports=462751 nid=9UK1vLZQft4 ret=0x0000000800C942FA block=none wake=pthread_mutex_waiter:591 host_managed=0 host_tid=0
[LOADER][WARN] Import#2381859 result: -1 (04AjkP0jO9U) rdi=0x0000000606E0C098 rsi=0x0000000000000002 rdx=0x0000000000000000 rcx=0x0000000000000000 ret=0x000000080A821799
[LOADER][WARN] Import#2386704 result: -1 (04AjkP0jO9U) rdi=0x0000000606E0C098 rsi=0x0000000000000002 rdx=0x0000000000000000 rcx=0x0000000000000000 ret=0x000000080A821799
[LOADER][WARN] Import#2390354 result: -1 (04AjkP0jO9U) rdi=0x0000000606E0C098 rsi=0x0000000000000002 rdx=0x0000000000000000 rcx=0x0000000000000000 ret=0x000000080A821799
[LOADER][WARN] Import#2390458 result: -1 (04AjkP0jO9U) rdi=0x0000000606E0C098 rsi=0x0000000000000002 rdx=0x0000000000000000 rcx=0x0000000000000000 ret=0x000000080A821799
[LOADER][WARN] Import#2397972 result: -1 (04AjkP0jO9U) rdi=0x0000000606E0C098 rsi=0x0000000000000002 rdx=0x0000000000000000 rcx=0x0000000000000000 ret=0x000000080A821799
[LOADER][WARN] Import#2398090 result: -1 (04AjkP0jO9U) rdi=0x0000000606E0C098 rsi=0x0000000000000002 rdx=0x0000000000000000 rcx=0x0000000000000000 ret=0x000000080A821799
[LOADER][WARN] Import#2403526 result: -1 (04AjkP0jO9U) rdi=0x0000000606E0C098 rsi=0x0000000000000002 rdx=0x0000000000000000 rcx=0x0000000000000000 ret=0x000000080A821799
[LOADER][WARN] Import#2407762 result: -1 (04AjkP0jO9U) rdi=0x0000000606E0C098 rsi=0x0000000000000002 rdx=0x0000000000000000 rcx=0x0000000000000000 ret=0x000000080A821799
[LOADER][WARN] Import#2407884 result: -1 (04AjkP0jO9U) rdi=0x0000000606E0C098 rsi=0x0000000000000002 rdx=0x0000000000000000 rcx=0x0000000000000000 ret=0x000000080A821799
[LOADER][WARN] Import#2415749 result: -1 (04AjkP0jO9U) rdi=0x0000000606E0C098 rsi=0x0000000000000002 rdx=0x0000000000000000 rcx=0x0000000000000000 ret=0x000000080A821799
[LOADER][WARN] Import#2415871 result: -1 (04AjkP0jO9U) rdi=0x0000000606E0C098 rsi=0x0000000000000002 rdx=0x0000000000000000 rcx=0x0000000000000000 ret=0x000000080A821799
[LOADER][WARN] Import#2418815 result: -1 (04AjkP0jO9U) rdi=0x0000000606E0C098 rsi=0x0000000000000002 rdx=0x0000000000000000 rcx=0x0000000000000000 ret=0x000000080A821799
[LOADER][WARN] Import#2418895 result: -1 (04AjkP0jO9U) rdi=0x0000000606E0C098 rsi=0x0000000000000002 rdx=0x0000000000000000 rcx=0x0000000000000000 ret=0x000000080A821799
[LOADER][WARN] Import#2424014 result: -1 (04AjkP0jO9U) rdi=0x0000000606E0C098 rsi=0x0000000000000002 rdx=0x0000000000000000 rcx=0x0000000000000000 ret=0x000000080A821799
[LOADER][WARN] Import#2427708 result: -1 (04AjkP0jO9U) rdi=0x0000000606E0C098 rsi=0x0000000000000002 rdx=0x0000000000000000 rcx=0x0000000000000000 ret=0x000000080A821799
[LOADER][WARN] Import#2430791 result: -1 (04AjkP0jO9U) rdi=0x0000000606E0C098 rsi=0x0000000000000002 rdx=0x0000000000000000 rcx=0x0000000000000000 ret=0x000000080A821799
[LOADER][WARN] Import#2430865 result: -1 (04AjkP0jO9U) rdi=0x0000000606E0C098 rsi=0x0000000000000002 rdx=0x0000000000000000 rcx=0x0000000000000000 ret=0x000000080A821799
[LOADER][WARN] Import#2430957 result: -1 (04AjkP0jO9U) rdi=0x0000000606E0C098 rsi=0x0000000000000002 rdx=0x0000000000000000 rcx=0x0000000000000000 ret=0x000000080A821799
[LOADER][WARN] Import#2438223 result: -1 (04AjkP0jO9U) rdi=0x0000000606E0C098 rsi=0x0000000000000002 rdx=0x0000000000000000 rcx=0x0000000000000000 ret=0x000000080A821799
[LOADER][WARN] Import#2438291 result: -1 (04AjkP0jO9U) rdi=0x0000000606E0C098 rsi=0x0000000000000002 rdx=0x0000000000000000 rcx=0x0000000000000000 ret=0x000000080A821799
[LOADER][WARN] Import#2442959 result: -1 (04AjkP0jO9U) rdi=0x0000000606E0C098 rsi=0x0000000000000002 rdx=0x0000000000000000 rcx=0x0000000000000000 ret=0x000000080A821799
[LOADER][WARN] Import#2445331 result: -1 (04AjkP0jO9U) rdi=0x0000000606E0C098 rsi=0x0000000000000002 rdx=0x0000000000000000 rcx=0x0000000000000000 ret=0x000000080A821799
[LOADER][WARN] Import#2445356 result: -1 (04AjkP0jO9U) rdi=0x0000000606E0C098 rsi=0x0000000000000002 rdx=0x0000000000000000 rcx=0x0000000000000000 ret=0x000000080A821799
[LOADER][WARN] Import#2445466 result: -1 (04AjkP0jO9U) rdi=0x0000000606E0C098 rsi=0x0000000000000002 rdx=0x0000000000000000 rcx=0x0000000000000000 ret=0x000000080A821799
[LOADER][WARN] Import#2458700 result: -1 (04AjkP0jO9U) rdi=0x0000000606E0C098 rsi=0x0000000000000002 rdx=0x0000000000000000 rcx=0x0000000000000000 ret=0x000000080A821799
[LOADER][WARN] Import#2458798 result: -1 (04AjkP0jO9U) rdi=0x0000000606E0C098 rsi=0x0000000000000002 rdx=0x0000000000000000 rcx=0x0000000000000000 ret=0x000000080A821799
[LOADER][WARN] Import#2458830 result: -1 (04AjkP0jO9U) rdi=0x0000000606E0C098 rsi=0x0000000000000002 rdx=0x0000000000000000 rcx=0x0000000000000000 ret=0x000000080A821799
[LOADER][WARN] Import#2464322 result: -1 (04AjkP0jO9U) rdi=0x0000000606E0C098 rsi=0x0000000000000002 rdx=0x0000000000000000 rcx=0x0000000000000000 ret=0x000000080A821799
[LOADER][WARN] Import#2464432 result: -1 (04AjkP0jO9U) rdi=0x0000000606E0C098 rsi=0x0000000000000002 rdx=0x0000000000000000 rcx=0x0000000000000000 ret=0x000000080A821799
[LOADER][WARN] Import#2467137 result: -1 (04AjkP0jO9U) rdi=0x0000000606E0C098 rsi=0x0000000000000002 rdx=0x0000000000000000 rcx=0x0000000000000000 ret=0x000000080A821799
[LOADER][WARN] Import#2467241 result: -1 (04AjkP0jO9U) rdi=0x0000000606E0C098 rsi=0x0000000000000002 rdx=0x0000000000000000 rcx=0x0000000000000000 ret=0x000000080A821799
[LOADER][WARN] Import#2470965 result: -1 (04AjkP0jO9U) rdi=0x0000000606E0C098 rsi=0x0000000000000002 rdx=0x0000000000000000 rcx=0x0000000000000000 ret=0x000000080A821799
[LOADER][WARN] Import#2474609 result: -1 (04AjkP0jO9U) rdi=0x0000000606E0C098 rsi=0x0000000000000002 rdx=0x0000000000000000 rcx=0x0000000000000000 ret=0x000000080A821799
[LOADER][WARN] Import#2474665 result: -1 (04AjkP0jO9U) rdi=0x0000000606E0C098 rsi=0x0000000000000002 rdx=0x0000000000000000 rcx=0x0000000000000000 ret=0x000000080A821799
[LOADER][WARN] Import#2474745 result: -1 (04AjkP0jO9U) rdi=0x0000000606E0C098 rsi=0x0000000000000002 rdx=0x0000000000000000 rcx=0x0000000000000000 ret=0x000000080A821799
[LOADER][WARN] Import#2480456 result: -1 (04AjkP0jO9U) rdi=0x0000000606E0C098 rsi=0x0000000000000002 rdx=0x0000000000000000 rcx=0x0000000000000000 ret=0x000000080A821799
[LOADER][WARN] Import#2480584 result: -1 (04AjkP0jO9U) rdi=0x0000000606E0C098 rsi=0x0000000000000002 rdx=0x0000000000000000 rcx=0x0000000000000000 ret=0x000000080A821799
[LOADER][TRACE] guest_thread.snapshot handle=0x000002A96436A590 name='AssetGarbageCollectorHelper' state=Blocked executor=False imports=48 nid=04AjkP0jO9U ret=0x000000080A821799 block=_umtx_op_wait wake=sceKernelSyncOnAddress:00000006006CF7D8 host_managed=0 host_tid=0
[LOADER][TRACE] guest_thread.snapshot handle=0x000002A96436B5A0 name='AssetGarbageCollectorHelper' state=Blocked executor=False imports=47 nid=04AjkP0jO9U ret=0x000000080A821799 block=_umtx_op_wait wake=sceKernelSyncOnAddress:00000006006CF928 host_managed=0 host_tid=0
[LOADER][TRACE] guest_thread.snapshot handle=0x000002A96436C5B0 name='AssetGarbageCollectorHelper' state=Blocked executor=False imports=48 nid=04AjkP0jO9U ret=0x000000080A821799 block=_umtx_op_wait wake=sceKernelSyncOnAddress:00000006006CFA78 host_managed=0 host_tid=0
[LOADER][TRACE] guest_thread.snapshot handle=0x000002A96436E5D0 name='AssetGarbageCollectorHelper' state=Blocked executor=False imports=47 nid=04AjkP0jO9U ret=0x000000080A821799 block=_umtx_op_wait wake=sceKernelSyncOnAddress:00000006006CFBC8 host_managed=0 host_tid=0
[LOADER][TRACE] guest_thread.snapshot handle=0x000002A91E580290 name='AssetGarbageCollectorHelper' state=Blocked executor=False imports=47 nid=04AjkP0jO9U ret=0x000000080A821799 block=_umtx_op_wait wake=sceKernelSyncOnAddress:00000006006CFD18 host_managed=0 host_tid=0
[LOADER][TRACE] guest_thread.snapshot handle=0x000002A91E5822B0 name='AssetGarbageCollectorHelper' state=Blocked executor=False imports=47 nid=04AjkP0jO9U ret=0x000000080A821799 block=_umtx_op_wait wake=sceKernelSyncOnAddress:00000006006CFE68 host_managed=0 host_tid=0
[LOADER][TRACE] guest_thread.snapshot handle=0x000002A91E5832C0 name='AssetGarbageCollectorHelper' state=Blocked executor=False imports=48 nid=04AjkP0jO9U ret=0x000000080A821799 block=_umtx_op_wait wake=sceKernelSyncOnAddress:00000006006CFFB8 host_managed=0 host_tid=0
[LOADER][TRACE] guest_thread.snapshot handle=0x000002A91E5842D0 name='AssetGarbageCollectorHelper' state=Blocked executor=False imports=47 nid=04AjkP0jO9U ret=0x000000080A821799 block=_umtx_op_wait wake=sceKernelSyncOnAddress:00000006006D0108 host_managed=0 host_tid=0
[LOADER][TRACE] guest_thread.snapshot handle=0x000002A91E5812A0 name='AssetGarbageCollectorHelper' state=Blocked executor=False imports=48 nid=04AjkP0jO9U ret=0x000000080A821799 block=_umtx_op_wait wake=sceKernelSyncOnAddress:00000006006D0258 host_managed=0 host_tid=0
[LOADER][TRACE] guest_thread.snapshot handle=0x000002A91E5852E0 name='AssetGarbageCollectorHelper' state=Blocked executor=False imports=47 nid=04AjkP0jO9U ret=0x000000080A821799 block=_umtx_op_wait wake=sceKernelSyncOnAddress:00000006006D03A8 host_managed=0 host_tid=0
[LOADER][TRACE] guest_thread.snapshot handle=0x000002A91E588310 name='AssetGarbageCollectorHelper' state=Blocked executor=False imports=48 nid=04AjkP0jO9U ret=0x000000080A821799 block=_umtx_op_wait wake=sceKernelSyncOnAddress:00000006006D04F8 host_managed=0 host_tid=0
[LOADER][TRACE] guest_thread.snapshot handle=0x000002A91E589320 name='AssetGarbageCollectorHelper' state=Blocked executor=False imports=47 nid=04AjkP0jO9U ret=0x000000080A821799 block=_umtx_op_wait wake=sceKernelSyncOnAddress:00000006006D0648 host_managed=0 host_tid=0
[LOADER][TRACE] guest_thread.snapshot handle=0x000002A91E587300 name='AssetGarbageCollectorHelper' state=Blocked executor=False imports=48 nid=04AjkP0jO9U ret=0x000000080A821799 block=_umtx_op_wait wake=sceKernelSyncOnAddress:00000006006D0798 host_managed=0 host_tid=0
[LOADER][TRACE] guest_thread.snapshot handle=0x000002A91E5862F0 name='Thread-2A91E5862F0' state=Blocked executor=False imports=123 nid=4czppHBiriw ret=0x0000000805007634 block=pthread_cond_wait wake=pthread_cond_waiter:1 host_managed=0 host_tid=0
[LOADER][TRACE] guest_thread.snapshot handle=0x000002A91E58C350 name='Job.Worker 0' state=Blocked executor=False imports=829 nid=JTvBflhYazQ ret=0x0000000800A27985 block=sceKernelWaitEventFlag wake=event_flag:0x0000000000000003 host_managed=0 host_tid=0
[LOADER][TRACE] guest_thread.snapshot handle=0x000002A91E58D360 name='Job.Worker 1' state=Blocked executor=False imports=145 nid=JTvBflhYazQ ret=0x0000000800A27985 block=sceKernelWaitEventFlag wake=event_flag:0x0000000000000003 host_managed=0 host_tid=0
[LOADER][TRACE] guest_thread.snapshot handle=0x000002A91E58B340 name='Job.Worker 2' state=Blocked executor=False imports=72 nid=JTvBflhYazQ ret=0x0000000800A27985 block=sceKernelWaitEventFlag wake=event_flag:0x0000000000000003 host_managed=0 host_tid=0
[LOADER][TRACE] guest_thread.snapshot handle=0x000002A91E58A330 name='Job.Worker 3' state=Blocked executor=False imports=58 nid=JTvBflhYazQ ret=0x0000000800A27985 block=sceKernelWaitEventFlag wake=event_flag:0x0000000000000003 host_managed=0 host_tid=0
[LOADER][TRACE] guest_thread.snapshot handle=0x000002A91E58E370 name='Job.Worker 4' state=Blocked executor=False imports=49 nid=JTvBflhYazQ ret=0x0000000800A27985 block=sceKernelWaitEventFlag wake=event_flag:0x0000000000000003 host_managed=0 host_tid=0
[LOADER][TRACE] guest_thread.snapshot handle=0x000002A96436D5C0 name='Job.Worker 5' state=Blocked executor=False imports=48 nid=JTvBflhYazQ ret=0x0000000800A27985 block=sceKernelWaitEventFlag wake=event_flag:0x0000000000000003 host_managed=0 host_tid=0
[LOADER][TRACE] guest_thread.snapshot handle=0x000002A91F4BAB20 name='Job.Worker 6' state=Blocked executor=False imports=75 nid=JTvBflhYazQ ret=0x0000000800A27985 block=sceKernelWaitEventFlag wake=event_flag:0x0000000000000003 host_managed=0 host_tid=0
[LOADER][TRACE] guest_thread.snapshot handle=0x000002A91F4BEB60 name='Job.Worker 7' state=Blocked executor=False imports=55 nid=JTvBflhYazQ ret=0x0000000800A27985 block=sceKernelWaitEventFlag wake=event_flag:0x0000000000000003 host_managed=0 host_tid=0
[LOADER][TRACE] guest_thread.snapshot handle=0x000002A91F4BBB30 name='Job.Worker 8' state=Blocked executor=False imports=48 nid=JTvBflhYazQ ret=0x0000000800A27985 block=sceKernelWaitEventFlag wake=event_flag:0x0000000000000003 host_managed=0 host_tid=0
[LOADER][TRACE] guest_thread.snapshot handle=0x000002A91F4BFB70 name='Job.Worker 9' state=Blocked executor=False imports=52 nid=JTvBflhYazQ ret=0x0000000800A27985 block=sceKernelWaitEventFlag wake=event_flag:0x0000000000000003 host_managed=0 host_tid=0
[LOADER][TRACE] guest_thread.snapshot handle=0x000002A91F4BDB50 name='Job.Worker 10' state=Blocked executor=False imports=94 nid=JTvBflhYazQ ret=0x0000000800A27985 block=sceKernelWaitEventFlag wake=event_flag:0x0000000000000003 host_managed=0 host_tid=0
[LOADER][TRACE] guest_thread.snapshot handle=0x000002A91F4BCB40 name='Job.Worker 11' state=Blocked executor=False imports=71 nid=JTvBflhYazQ ret=0x0000000800A27985 block=sceKernelWaitEventFlag wake=event_flag:0x0000000000000003 host_managed=0 host_tid=0
[LOADER][TRACE] guest_thread.snapshot handle=0x000002A91F4C0B80 name='Job.Worker 12' state=Blocked executor=False imports=48 nid=JTvBflhYazQ ret=0x0000000800A27985 block=sceKernelWaitEventFlag wake=event_flag:0x0000000000000003 host_managed=0 host_tid=0
[LOADER][TRACE] guest_thread.snapshot handle=0x000002A91F4C1B90 name='Background Job.Worker 0' state=Blocked executor=False imports=10052 nid=JTvBflhYazQ ret=0x0000000800A27985 block=sceKernelWaitEventFlag wake=event_flag:0x0000000000000004 host_managed=0 host_tid=0
[LOADER][TRACE] guest_thread.snapshot handle=0x000002A91F4C2BA0 name='Background Job.Worker 1' state=Blocked executor=False imports=5895 nid=JTvBflhYazQ ret=0x0000000800A27985 block=sceKernelWaitEventFlag wake=event_flag:0x0000000000000004 host_managed=0 host_tid=0
[LOADER][TRACE] guest_thread.snapshot handle=0x000002A91F4C5BD0 name='Background Job.Worker 2' state=Blocked executor=False imports=2933 nid=JTvBflhYazQ ret=0x0000000800A27985 block=sceKernelWaitEventFlag wake=event_flag:0x0000000000000004 host_managed=0 host_tid=0
[LOADER][TRACE] guest_thread.snapshot handle=0x000002A91F4C4BC0 name='Background Job.Worker 3' state=Blocked executor=False imports=2465 nid=JTvBflhYazQ ret=0x0000000800A27985 block=sceKernelWaitEventFlag wake=event_flag:0x0000000000000004 host_managed=0 host_tid=0
[LOADER][TRACE] guest_thread.snapshot handle=0x000002A91F4C6BE0 name='Background Job.Worker 4' state=Blocked executor=False imports=1787 nid=JTvBflhYazQ ret=0x0000000800A27985 block=sceKernelWaitEventFlag wake=event_flag:0x0000000000000004 host_managed=0 host_tid=0
[LOADER][TRACE] guest_thread.snapshot handle=0x000002A91F4C3BB0 name='Background Job.Worker 5' state=Blocked executor=False imports=1807 nid=JTvBflhYazQ ret=0x0000000800A27985 block=sceKernelWaitEventFlag wake=event_flag:0x0000000000000004 host_managed=0 host_tid=0
[LOADER][TRACE] guest_thread.snapshot handle=0x000002A91F4CAC20 name='Background Job.Worker 6' state=Blocked executor=False imports=1525 nid=JTvBflhYazQ ret=0x0000000800A27985 block=sceKernelWaitEventFlag wake=event_flag:0x0000000000000004 host_managed=0 host_tid=0
[LOADER][TRACE] guest_thread.snapshot handle=0x000002A91F4C7BF0 name='Background Job.Worker 7' state=Blocked executor=False imports=1525 nid=JTvBflhYazQ ret=0x0000000800A27985 block=sceKernelWaitEventFlag wake=event_flag:0x0000000000000004 host_managed=0 host_tid=0
[LOADER][TRACE] guest_thread.snapshot handle=0x000002A91F4C9C10 name='Background Job.Worker 8' state=Blocked executor=False imports=1288 nid=JTvBflhYazQ ret=0x0000000800A27985 block=sceKernelWaitEventFlag wake=event_flag:0x0000000000000004 host_managed=0 host_tid=0
[LOADER][TRACE] guest_thread.snapshot handle=0x000002A91F4CBC30 name='Background Job.Worker 9' state=Blocked executor=False imports=1066 nid=JTvBflhYazQ ret=0x0000000800A27985 block=sceKernelWaitEventFlag wake=event_flag:0x0000000000000004 host_managed=0 host_tid=0
[LOADER][TRACE] guest_thread.snapshot handle=0x000002A91F4C8C00 name='Background Job.Worker 10' state=Blocked executor=False imports=1046 nid=JTvBflhYazQ ret=0x0000000800A27985 block=sceKernelWaitEventFlag wake=event_flag:0x0000000000000004 host_managed=0 host_tid=0
[LOADER][TRACE] guest_thread.snapshot handle=0x000002A91F4CDC50 name='Background Job.Worker 11' state=Blocked executor=False imports=1058 nid=JTvBflhYazQ ret=0x0000000800A27985 block=sceKernelWaitEventFlag wake=event_flag:0x0000000000000004 host_managed=0 host_tid=0
[LOADER][TRACE] guest_thread.snapshot handle=0x000002A91F4CCC40 name='Background Job.Worker 12' state=Blocked executor=False imports=984 nid=JTvBflhYazQ ret=0x0000000800A27985 block=sceKernelWaitEventFlag wake=event_flag:0x0000000000000004 host_managed=0 host_tid=0
[LOADER][TRACE] guest_thread.snapshot handle=0x000002A91F4CEC60 name='Background Job.Worker 13' state=Blocked executor=False imports=1171 nid=JTvBflhYazQ ret=0x0000000800A27985 block=sceKernelWaitEventFlag wake=event_flag:0x0000000000000004 host_managed=0 host_tid=0
[LOADER][TRACE] guest_thread.snapshot handle=0x000002A91F4D1C90 name='Background Job.Worker 14' state=Blocked executor=False imports=1035 nid=JTvBflhYazQ ret=0x0000000800A27985 block=sceKernelWaitEventFlag wake=event_flag:0x0000000000000004 host_managed=0 host_tid=0
[LOADER][TRACE] guest_thread.snapshot handle=0x000002A91F4D2CA0 name='Background Job.Worker 15' state=Blocked executor=False imports=1018 nid=JTvBflhYazQ ret=0x0000000800A27985 block=sceKernelWaitEventFlag wake=event_flag:0x0000000000000004 host_managed=0 host_tid=0
[LOADER][TRACE] guest_thread.snapshot handle=0x000002A91F4CFC70 name='BatchDeleteObjects' state=Blocked executor=False imports=44 nid=04AjkP0jO9U ret=0x000000080A821799 block=_umtx_op_wait wake=sceKernelSyncOnAddress:0000000603909730 host_managed=0 host_tid=0
[LOADER][TRACE] guest_thread.snapshot handle=0x000002A91F4D3CB0 name='Loading.AsyncRead' state=Blocked executor=False imports=16611 nid=04AjkP0jO9U ret=0x000000080A821799 block=_umtx_op_wait wake=sceKernelSyncOnAddress:0000000600702F50 host_managed=0 host_tid=0
[LOADER][TRACE] guest_thread.snapshot handle=0x000002A91F4D0C80 name='Thread-2A91F4D0C80' state=Running executor=True imports=6 nid=tn3VlD0hG60 ret=0x00000008013EED51 block=none wake=none host_managed=71 host_tid=33352
[LOADER][TRACE] guest_thread.snapshot handle=0x000002A91F4D5CD0 name='UnityEOPThread' state=Blocked executor=False imports=20 nid=fzyMKs9kim0 ret=0x00000008013E33D3 block=sceKernelWaitEqueue wake=sceKernelWaitEqueue:0000000000000003:0000000000000002 host_managed=0 host_tid=0
[LOADER][TRACE] guest_thread.snapshot handle=0x000002A91F4D6CE0 name='GfxFlipThread' state=Blocked executor=False imports=23 nid=fzyMKs9kim0 ret=0x00000008013BFDEF block=sceKernelWaitEqueue wake=sceKernelWaitEqueue:0000000000000005:0000000000000004 host_managed=0 host_tid=0
[LOADER][TRACE] guest_thread.snapshot handle=0x000002A91F4D4CC0 name='UnityGfxDeviceWorker' state=Running executor=True imports=10583 nid=9UK1vLZQft4 ret=0x00000008007CBC61 block=none wake=pthread_mutex_waiter:6090 host_managed=0 host_tid=0
[LOADER][TRACE] guest_thread.snapshot handle=0x000002A91F4D8D00 name='Gfx Task Executor' state=Blocked executor=False imports=56 nid=04AjkP0jO9U ret=0x000000080A821799 block=_umtx_op_wait wake=sceKernelSyncOnAddress:0000000603922B70 host_managed=0 host_tid=0
[LOADER][TRACE] guest_thread.snapshot handle=0x000002A91B6F7D70 name='Loading.PreloadManager' state=Blocked executor=False imports=490105 nid=9UK1vLZQft4 ret=0x00000008007CBC61 block=pthread_mutex_lock wake=pthread_mutex_waiter:6091 host_managed=0 host_tid=0
[LOADER][WARN] Import#2488618 result: -1 (04AjkP0jO9U) rdi=0x0000000606E0C098 rsi=0x0000000000000002 rdx=0x0000000000000000 rcx=0x0000000000000000 ret=0x000000080A821799
[LOADER][WARN] Import#2488647 result: -1 (04AjkP0jO9U) rdi=0x0000000606E0C098 rsi=0x0000000000000002 rdx=0x0000000000000000 rcx=0x0000000000000000 ret=0x000000080A821799
[LOADER][WARN] Import#2494105 result: -1 (04AjkP0jO9U) rdi=0x0000000606E0C098 rsi=0x0000000000000002 rdx=0x0000000000000000 rcx=0x0000000000000000 ret=0x000000080A821799
[LOADER][WARN] Import#2494120 result: -1 (04AjkP0jO9U) rdi=0x0000000606E0C098 rsi=0x0000000000000002 rdx=0x0000000000000000 rcx=0x0000000000000000 ret=0x000000080A821799
[LOADER][WARN] Import#2494155 result: -1 (04AjkP0jO9U) rdi=0x0000000606E0C098 rsi=0x0000000000000002 rdx=0x0000000000000000 rcx=0x0000000000000000 ret=0x000000080A821799
[LOADER][WARN] Import#2494196 result: -1 (04AjkP0jO9U) rdi=0x0000000606E0C098 rsi=0x0000000000000002 rdx=0x0000000000000000 rcx=0x0000000000000000 ret=0x000000080A821799
[LOADER][WARN] Import#2506513 result: -1 (04AjkP0jO9U) rdi=0x0000000606E0C098 rsi=0x0000000000000002 rdx=0x0000000000000000 rcx=0x0000000000000000 ret=0x000000080A821799
[LOADER][WARN] Import#2506544 result: -1 (04AjkP0jO9U) rdi=0x0000000606E0C098 rsi=0x0000000000000002 rdx=0x0000000000000000 rcx=0x0000000000000000 ret=0x000000080A821799
[LOADER][WARN] Import#2506589 result: -1 (04AjkP0jO9U) rdi=0x0000000606E0C098 rsi=0x0000000000000002 rdx=0x0000000000000000 rcx=0x0000000000000000 ret=0x000000080A821799
[LOADER][WARN] Import#2506614 result: -1 (04AjkP0jO9U) rdi=0x0000000606E0C098 rsi=0x0000000000000002 rdx=0x0000000000000000 rcx=0x0000000000000000 ret=0x000000080A821799
[LOADER][WARN] Import#2506643 result: -1 (04AjkP0jO9U) rdi=0x0000000606E0C098 rsi=0x0000000000000002 rdx=0x0000000000000000 rcx=0x0000000000000000 ret=0x000000080A821799
[LOADER][WARN] Import#2506668 result: -1 (04AjkP0jO9U) rdi=0x0000000606E0C098 rsi=0x0000000000000002 rdx=0x0000000000000000 rcx=0x0000000000000000 ret=0x000000080A821799
[LOADER][WARN] Import#2506703 result: -1 (04AjkP0jO9U) rdi=0x0000000606E0C098 rsi=0x0000000000000002 rdx=0x0000000000000000 rcx=0x0000000000000000 ret=0x000000080A821799
[LOADER][WARN] Import#2536210 result: -1 (04AjkP0jO9U) rdi=0x0000000606E0C098 rsi=0x0000000000000002 rdx=0x0000000000000000 rcx=0x0000000000000000 ret=0x000000080A821799
[LOADER][WARN] Import#2536225 result: -1 (04AjkP0jO9U) rdi=0x0000000606E0C098 rsi=0x0000000000000002 rdx=0x0000000000000000 rcx=0x0000000000000000 ret=0x000000080A821799
[LOADER][WARN] Import#2536250 result: -1 (04AjkP0jO9U) rdi=0x0000000606E0C098 rsi=0x0000000000000002 rdx=0x0000000000000000 rcx=0x0000000000000000 ret=0x000000080A821799
[LOADER][WARN] Import#2536279 result: -1 (04AjkP0jO9U) rdi=0x0000000606E0C098 rsi=0x0000000000000002 rdx=0x0000000000000000 rcx=0x0000000000000000 ret=0x000000080A821799
[LOADER][WARN] Import#2536320 result: -1 (04AjkP0jO9U) rdi=0x0000000606E0C098 rsi=0x0000000000000002 rdx=0x0000000000000000 rcx=0x0000000000000000 ret=0x000000080A821799
[LOADER][WARN] Import#2536345 result: -1 (04AjkP0jO9U) rdi=0x0000000606E0C098 rsi=0x0000000000000002 rdx=0x0000000000000000 rcx=0x0000000000000000 ret=0x000000080A821799
[LOADER][WARN] Import#2536370 result: -1 (04AjkP0jO9U) rdi=0x0000000606E0C098 rsi=0x0000000000000002 rdx=0x0000000000000000 rcx=0x0000000000000000 ret=0x000000080A821799
[LOADER][WARN] Import#2536405 result: -1 (04AjkP0jO9U) rdi=0x0000000606E0C098 rsi=0x0000000000000002 rdx=0x0000000000000000 rcx=0x0000000000000000 ret=0x000000080A821799
[LOADER][WARN] Import#2536438 result: -1 (04AjkP0jO9U) rdi=0x0000000606E0C098 rsi=0x0000000000000002 rdx=0x0000000000000000 rcx=0x0000000000000000 ret=0x000000080A821799
[LOADER][TRACE] guest_thread.snapshot handle=0x000002A96436A590 name='AssetGarbageCollectorHelper' state=Blocked executor=False imports=58 nid=04AjkP0jO9U ret=0x000000080A821799 block=_umtx_op_wait wake=sceKernelSyncOnAddress:00000006006CF7D8 host_managed=0 host_tid=0
[LOADER][TRACE] guest_thread.snapshot handle=0x000002A96436B5A0 name='AssetGarbageCollectorHelper' state=Blocked executor=False imports=57 nid=04AjkP0jO9U ret=0x000000080A821799 block=_umtx_op_wait wake=sceKernelSyncOnAddress:00000006006CF928 host_managed=0 host_tid=0
[LOADER][TRACE] guest_thread.snapshot handle=0x000002A96436C5B0 name='AssetGarbageCollectorHelper' state=Blocked executor=False imports=58 nid=04AjkP0jO9U ret=0x000000080A821799 block=_umtx_op_wait wake=sceKernelSyncOnAddress:00000006006CFA78 host_managed=0 host_tid=0
[LOADER][TRACE] guest_thread.snapshot handle=0x000002A96436E5D0 name='AssetGarbageCollectorHelper' state=Blocked executor=False imports=57 nid=04AjkP0jO9U ret=0x000000080A821799 block=_umtx_op_wait wake=sceKernelSyncOnAddress:00000006006CFBC8 host_managed=0 host_tid=0
[LOADER][TRACE] guest_thread.snapshot handle=0x000002A91E580290 name='AssetGarbageCollectorHelper' state=Blocked executor=False imports=57 nid=04AjkP0jO9U ret=0x000000080A821799 block=_umtx_op_wait wake=sceKernelSyncOnAddress:00000006006CFD18 host_managed=0 host_tid=0
[LOADER][TRACE] guest_thread.snapshot handle=0x000002A91E5822B0 name='AssetGarbageCollectorHelper' state=Blocked executor=False imports=57 nid=04AjkP0jO9U ret=0x000000080A821799 block=_umtx_op_wait wake=sceKernelSyncOnAddress:00000006006CFE68 host_managed=0 host_tid=0
[LOADER][TRACE] guest_thread.snapshot handle=0x000002A91E5832C0 name='AssetGarbageCollectorHelper' state=Blocked executor=False imports=58 nid=04AjkP0jO9U ret=0x000000080A821799 block=_umtx_op_wait wake=sceKernelSyncOnAddress:00000006006CFFB8 host_managed=0 host_tid=0
[LOADER][TRACE] guest_thread.snapshot handle=0x000002A91E5842D0 name='AssetGarbageCollectorHelper' state=Blocked executor=False imports=57 nid=04AjkP0jO9U ret=0x000000080A821799 block=_umtx_op_wait wake=sceKernelSyncOnAddress:00000006006D0108 host_managed=0 host_tid=0
[LOADER][TRACE] guest_thread.snapshot handle=0x000002A91E5812A0 name='AssetGarbageCollectorHelper' state=Blocked executor=False imports=58 nid=04AjkP0jO9U ret=0x000000080A821799 block=_umtx_op_wait wake=sceKernelSyncOnAddress:00000006006D0258 host_managed=0 host_tid=0
[LOADER][TRACE] guest_thread.snapshot handle=0x000002A91E5852E0 name='AssetGarbageCollectorHelper' state=Blocked executor=False imports=57 nid=04AjkP0jO9U ret=0x000000080A821799 block=_umtx_op_wait wake=sceKernelSyncOnAddress:00000006006D03A8 host_managed=0 host_tid=0
[LOADER][TRACE] guest_thread.snapshot handle=0x000002A91E588310 name='AssetGarbageCollectorHelper' state=Blocked executor=False imports=58 nid=04AjkP0jO9U ret=0x000000080A821799 block=_umtx_op_wait wake=sceKernelSyncOnAddress:00000006006D04F8 host_managed=0 host_tid=0
[LOADER][TRACE] guest_thread.snapshot handle=0x000002A91E589320 name='AssetGarbageCollectorHelper' state=Blocked executor=False imports=57 nid=04AjkP0jO9U ret=0x000000080A821799 block=_umtx_op_wait wake=sceKernelSyncOnAddress:00000006006D0648 host_managed=0 host_tid=0
[LOADER][TRACE] guest_thread.snapshot handle=0x000002A91E587300 name='AssetGarbageCollectorHelper' state=Blocked executor=False imports=58 nid=04AjkP0jO9U ret=0x000000080A821799 block=_umtx_op_wait wake=sceKernelSyncOnAddress:00000006006D0798 host_managed=0 host_tid=0
[LOADER][TRACE] guest_thread.snapshot handle=0x000002A91E5862F0 name='Thread-2A91E5862F0' state=Blocked executor=False imports=123 nid=4czppHBiriw ret=0x0000000805007634 block=pthread_cond_wait wake=pthread_cond_waiter:1 host_managed=0 host_tid=0
[LOADER][TRACE] guest_thread.snapshot handle=0x000002A91E58C350 name='Job.Worker 0' state=Blocked executor=False imports=2208 nid=JTvBflhYazQ ret=0x0000000800A27985 block=sceKernelWaitEventFlag wake=event_flag:0x0000000000000003 host_managed=0 host_tid=0
[LOADER][TRACE] guest_thread.snapshot handle=0x000002A91E58D360 name='Job.Worker 1' state=Blocked executor=False imports=1166 nid=JTvBflhYazQ ret=0x0000000800A27985 block=sceKernelWaitEventFlag wake=event_flag:0x0000000000000003 host_managed=0 host_tid=0
[LOADER][TRACE] guest_thread.snapshot handle=0x000002A91E58B340 name='Job.Worker 2' state=Blocked executor=False imports=820 nid=JTvBflhYazQ ret=0x0000000800A27985 block=sceKernelWaitEventFlag wake=event_flag:0x0000000000000003 host_managed=0 host_tid=0
[LOADER][TRACE] guest_thread.snapshot handle=0x000002A91E58A330 name='Job.Worker 3' state=Blocked executor=False imports=420 nid=JTvBflhYazQ ret=0x0000000800A27985 block=sceKernelWaitEventFlag wake=event_flag:0x0000000000000003 host_managed=0 host_tid=0
[LOADER][TRACE] guest_thread.snapshot handle=0x000002A91E58E370 name='Job.Worker 4' state=Blocked executor=False imports=335 nid=JTvBflhYazQ ret=0x0000000800A27985 block=sceKernelWaitEventFlag wake=event_flag:0x0000000000000003 host_managed=0 host_tid=0
[LOADER][TRACE] guest_thread.snapshot handle=0x000002A96436D5C0 name='Job.Worker 5' state=Blocked executor=False imports=422 nid=JTvBflhYazQ ret=0x0000000800A27985 block=sceKernelWaitEventFlag wake=event_flag:0x0000000000000003 host_managed=0 host_tid=0
[LOADER][TRACE] guest_thread.snapshot handle=0x000002A91F4BAB20 name='Job.Worker 6' state=Blocked executor=False imports=344 nid=JTvBflhYazQ ret=0x0000000800A27985 block=sceKernelWaitEventFlag wake=event_flag:0x0000000000000003 host_managed=0 host_tid=0
[LOADER][TRACE] guest_thread.snapshot handle=0x000002A91F4BEB60 name='Job.Worker 7' state=Blocked executor=False imports=375 nid=JTvBflhYazQ ret=0x0000000800A27985 block=sceKernelWaitEventFlag wake=event_flag:0x0000000000000003 host_managed=0 host_tid=0
[LOADER][TRACE] guest_thread.snapshot handle=0x000002A91F4BBB30 name='Job.Worker 8' state=Blocked executor=False imports=358 nid=JTvBflhYazQ ret=0x0000000800A27985 block=sceKernelWaitEventFlag wake=event_flag:0x0000000000000003 host_managed=0 host_tid=0
[LOADER][TRACE] guest_thread.snapshot handle=0x000002A91F4BFB70 name='Job.Worker 9' state=Blocked executor=False imports=552 nid=JTvBflhYazQ ret=0x0000000800A27985 block=sceKernelWaitEventFlag wake=event_flag:0x0000000000000003 host_managed=0 host_tid=0
[LOADER][TRACE] guest_thread.snapshot handle=0x000002A91F4BDB50 name='Job.Worker 10' state=Blocked executor=False imports=404 nid=JTvBflhYazQ ret=0x0000000800A27985 block=sceKernelWaitEventFlag wake=event_flag:0x0000000000000003 host_managed=0 host_tid=0
[LOADER][TRACE] guest_thread.snapshot handle=0x000002A91F4BCB40 name='Job.Worker 11' state=Blocked executor=False imports=362 nid=JTvBflhYazQ ret=0x0000000800A27985 block=sceKernelWaitEventFlag wake=event_flag:0x0000000000000003 host_managed=0 host_tid=0
[LOADER][TRACE] guest_thread.snapshot handle=0x000002A91F4C0B80 name='Job.Worker 12' state=Blocked executor=False imports=505 nid=JTvBflhYazQ ret=0x0000000800A27985 block=sceKernelWaitEventFlag wake=event_flag:0x0000000000000003 host_managed=0 host_tid=0
[LOADER][TRACE] guest_thread.snapshot handle=0x000002A91F4C1B90 name='Background Job.Worker 0' state=Blocked executor=False imports=10052 nid=JTvBflhYazQ ret=0x0000000800A27985 block=sceKernelWaitEventFlag wake=event_flag:0x0000000000000004 host_managed=0 host_tid=0
[LOADER][TRACE] guest_thread.snapshot handle=0x000002A91F4C2BA0 name='Background Job.Worker 1' state=Blocked executor=False imports=5895 nid=JTvBflhYazQ ret=0x0000000800A27985 block=sceKernelWaitEventFlag wake=event_flag:0x0000000000000004 host_managed=0 host_tid=0
[LOADER][TRACE] guest_thread.snapshot handle=0x000002A91F4C5BD0 name='Background Job.Worker 2' state=Blocked executor=False imports=2933 nid=JTvBflhYazQ ret=0x0000000800A27985 block=sceKernelWaitEventFlag wake=event_flag:0x0000000000000004 host_managed=0 host_tid=0
[LOADER][TRACE] guest_thread.snapshot handle=0x000002A91F4C4BC0 name='Background Job.Worker 3' state=Blocked executor=False imports=2465 nid=JTvBflhYazQ ret=0x0000000800A27985 block=sceKernelWaitEventFlag wake=event_flag:0x0000000000000004 host_managed=0 host_tid=0
[LOADER][TRACE] guest_thread.snapshot handle=0x000002A91F4C6BE0 name='Background Job.Worker 4' state=Blocked executor=False imports=1787 nid=JTvBflhYazQ ret=0x0000000800A27985 block=sceKernelWaitEventFlag wake=event_flag:0x0000000000000004 host_managed=0 host_tid=0
[LOADER][TRACE] guest_thread.snapshot handle=0x000002A91F4C3BB0 name='Background Job.Worker 5' state=Blocked executor=False imports=1807 nid=JTvBflhYazQ ret=0x0000000800A27985 block=sceKernelWaitEventFlag wake=event_flag:0x0000000000000004 host_managed=0 host_tid=0
[LOADER][TRACE] guest_thread.snapshot handle=0x000002A91F4CAC20 name='Background Job.Worker 6' state=Blocked executor=False imports=1525 nid=JTvBflhYazQ ret=0x0000000800A27985 block=sceKernelWaitEventFlag wake=event_flag:0x0000000000000004 host_managed=0 host_tid=0
[LOADER][TRACE] guest_thread.snapshot handle=0x000002A91F4C7BF0 name='Background Job.Worker 7' state=Blocked executor=False imports=1525 nid=JTvBflhYazQ ret=0x0000000800A27985 block=sceKernelWaitEventFlag wake=event_flag:0x0000000000000004 host_managed=0 host_tid=0
[LOADER][TRACE] guest_thread.snapshot handle=0x000002A91F4C9C10 name='Background Job.Worker 8' state=Blocked executor=False imports=1288 nid=JTvBflhYazQ ret=0x0000000800A27985 block=sceKernelWaitEventFlag wake=event_flag:0x0000000000000004 host_managed=0 host_tid=0
[LOADER][TRACE] guest_thread.snapshot handle=0x000002A91F4CBC30 name='Background Job.Worker 9' state=Blocked executor=False imports=1066 nid=JTvBflhYazQ ret=0x0000000800A27985 block=sceKernelWaitEventFlag wake=event_flag:0x0000000000000004 host_managed=0 host_tid=0
[LOADER][TRACE] guest_thread.snapshot handle=0x000002A91F4C8C00 name='Background Job.Worker 10' state=Blocked executor=False imports=1046 nid=JTvBflhYazQ ret=0x0000000800A27985 block=sceKernelWaitEventFlag wake=event_flag:0x0000000000000004 host_managed=0 host_tid=0
[LOADER][TRACE] guest_thread.snapshot handle=0x000002A91F4CDC50 name='Background Job.Worker 11' state=Blocked executor=False imports=1058 nid=JTvBflhYazQ ret=0x0000000800A27985 block=sceKernelWaitEventFlag wake=event_flag:0x0000000000000004 host_managed=0 host_tid=0
[LOADER][TRACE] guest_thread.snapshot handle=0x000002A91F4CCC40 name='Background Job.Worker 12' state=Blocked executor=False imports=984 nid=JTvBflhYazQ ret=0x0000000800A27985 block=sceKernelWaitEventFlag wake=event_flag:0x0000000000000004 host_managed=0 host_tid=0
[LOADER][TRACE] guest_thread.snapshot handle=0x000002A91F4CEC60 name='Background Job.Worker 13' state=Blocked executor=False imports=1171 nid=JTvBflhYazQ ret=0x0000000800A27985 block=sceKernelWaitEventFlag wake=event_flag:0x0000000000000004 host_managed=0 host_tid=0
[LOADER][TRACE] guest_thread.snapshot handle=0x000002A91F4D1C90 name='Background Job.Worker 14' state=Blocked executor=False imports=1035 nid=JTvBflhYazQ ret=0x0000000800A27985 block=sceKernelWaitEventFlag wake=event_flag:0x0000000000000004 host_managed=0 host_tid=0
[LOADER][TRACE] guest_thread.snapshot handle=0x000002A91F4D2CA0 name='Background Job.Worker 15' state=Blocked executor=False imports=1018 nid=JTvBflhYazQ ret=0x0000000800A27985 block=sceKernelWaitEventFlag wake=event_flag:0x0000000000000004 host_managed=0 host_tid=0
[LOADER][TRACE] guest_thread.snapshot handle=0x000002A91F4CFC70 name='BatchDeleteObjects' state=Blocked executor=False imports=54 nid=04AjkP0jO9U ret=0x000000080A821799 block=_umtx_op_wait wake=sceKernelSyncOnAddress:0000000603909730 host_managed=0 host_tid=0
[LOADER][TRACE] guest_thread.snapshot handle=0x000002A91F4D3CB0 name='Loading.AsyncRead' state=Blocked executor=False imports=20191 nid=04AjkP0jO9U ret=0x000000080A821799 block=_umtx_op_wait wake=sceKernelSyncOnAddress:0000000600702F50 host_managed=0 host_tid=0
[LOADER][TRACE] guest_thread.snapshot handle=0x000002A91F4D0C80 name='Thread-2A91F4D0C80' state=Running executor=True imports=20 nid=tn3VlD0hG60 ret=0x00000008013EED51 block=none wake=none host_managed=71 host_tid=33352
[LOADER][TRACE] guest_thread.snapshot handle=0x000002A91F4D5CD0 name='UnityEOPThread' state=Blocked executor=False imports=20 nid=fzyMKs9kim0 ret=0x00000008013E33D3 block=sceKernelWaitEqueue wake=sceKernelWaitEqueue:0000000000000003:0000000000000002 host_managed=0 host_tid=0
[LOADER][TRACE] guest_thread.snapshot handle=0x000002A91F4D6CE0 name='GfxFlipThread' state=Blocked executor=False imports=25 nid=fzyMKs9kim0 ret=0x00000008013BFDEF block=sceKernelWaitEqueue wake=sceKernelWaitEqueue:0000000000000005:0000000000000004 host_managed=0 host_tid=0
[LOADER][TRACE] guest_thread.snapshot handle=0x000002A91F4D4CC0 name='UnityGfxDeviceWorker' state=Blocked executor=False imports=34535 nid=04AjkP0jO9U ret=0x000000080A821799 block=_umtx_op_wait wake=sceKernelSyncOnAddress:0000000603911DD0 host_managed=0 host_tid=0
[LOADER][TRACE] guest_thread.snapshot handle=0x000002A91F4D8D00 name='Gfx Task Executor' state=Blocked executor=False imports=66 nid=04AjkP0jO9U ret=0x000000080A821799 block=_umtx_op_wait wake=sceKernelSyncOnAddress:0000000603922B70 host_managed=0 host_tid=0
[LOADER][TRACE] guest_thread.snapshot handle=0x000002A91B6F7D70 name='Loading.PreloadManager' state=Blocked executor=False imports=689996 nid=9UK1vLZQft4 ret=0x0000000800C942FA block=pthread_mutex_lock wake=pthread_mutex_waiter:15587 host_managed=0 host_tid=0
[LOADER][WARN] Import#3394429 result: -1 (04AjkP0jO9U) rdi=0x0000000606E0C098 rsi=0x0000000000000002 rdx=0x0000000000000000 rcx=0x0000000000000000 ret=0x000000080A821799
[LOADER][WARN] Import#3394442 result: -1 (04AjkP0jO9U) rdi=0x0000000606E0C098 rsi=0x0000000000000002 rdx=0x0000000000000000 rcx=0x0000000000000000 ret=0x000000080A821799
[LOADER][WARN] Import#3394461 result: -1 (04AjkP0jO9U) rdi=0x0000000606E0C098 rsi=0x0000000000000002 rdx=0x0000000000000000 rcx=0x0000000000000000 ret=0x000000080A821799
[LOADER][WARN] Import#3394474 result: -1 (04AjkP0jO9U) rdi=0x0000000606E0C098 rsi=0x0000000000000002 rdx=0x0000000000000000 rcx=0x0000000000000000 ret=0x000000080A821799
[LOADER][WARN] Import#3394493 result: -1 (04AjkP0jO9U) rdi=0x0000000606E0C098 rsi=0x0000000000000002 rdx=0x0000000000000000 rcx=0x0000000000000000 ret=0x000000080A821799
[LOADER][WARN] Import#3394512 result: -1 (04AjkP0jO9U) rdi=0x0000000606E0C098 rsi=0x0000000000000002 rdx=0x0000000000000000 rcx=0x0000000000000000 ret=0x000000080A821799
[LOADER][WARN] Import#3394525 result: -1 (04AjkP0jO9U) rdi=0x0000000606E0C098 rsi=0x0000000000000002 rdx=0x0000000000000000 rcx=0x0000000000000000 ret=0x000000080A821799
[LOADER][WARN] Import#3394544 result: -1 (04AjkP0jO9U) rdi=0x0000000606E0C098 rsi=0x0000000000000002 rdx=0x0000000000000000 rcx=0x0000000000000000 ret=0x000000080A821799
[LOADER][WARN] Import#3851011 result: -1 (04AjkP0jO9U) rdi=0x0000000606E0C098 rsi=0x0000000000000002 rdx=0x0000000000000000 rcx=0x0000000000000000 ret=0x000000080A821799
[LOADER][WARN] Import#3851030 result: -1 (04AjkP0jO9U) rdi=0x0000000606E0C098 rsi=0x0000000000000002 rdx=0x0000000000000000 rcx=0x0000000000000000 ret=0x000000080A821799
[LOADER][WARN] Import#3851043 result: -1 (04AjkP0jO9U) rdi=0x0000000606E0C098 rsi=0x0000000000000002 rdx=0x0000000000000000 rcx=0x0000000000000000 ret=0x000000080A821799
[LOADER][WARN] Import#3851062 result: -1 (04AjkP0jO9U) rdi=0x0000000606E0C098 rsi=0x0000000000000002 rdx=0x0000000000000000 rcx=0x0000000000000000 ret=0x000000080A821799
[LOADER][ERROR] --- periodic snapshot ---
[LOADER][ERROR] Stall snapshot: rip=0x00006FFFFC000080 rsp=0x00007FFFF01FB708 rbp=0x00007FFFF01FB780 rax=0x000002A923DB0000 rbx=0x0000000606E0C098 rcx=0x0000000000000000 rdx=0x0000000000000000 rsi=0x0000000000000002 rdi=0x0000000606E0C098
[LOADER][ERROR] Stall import-stub: rip=0x00006FFFFC000080 nid=04AjkP0jO9U -> libKernel:_umtx_op
[LOADER][ERROR] Stall bytes @rip: 48 B8 00 00 DB 23 A9 02 00 00 FF E0 90 90 90 90
[LOADER][ERROR] Stall stack: [rsp]=0x000000080A821799 [rsp+8]=0x0000000000000000
[LOADER][ERROR] Live hardware context (main thread 37728):
[LOADER][ERROR]   RIP=0x00007FF88690AEE4 RSP=0x000000E16957AC88 RBP=0x0000000000000001
[LOADER][ERROR]   RAX=0x00000000000014E1 RBX=0x000000E16957AD50 RCX=0x0000000000000001 RDX=0x000002A9623CDC90
[LOADER][ERROR]   RSI=0x000000E16957AD8C RDI=0x0000000000000002 R8=0x0000000000000001 R9=0x0000000000005DFF
[LOADER][ERROR]   R10=0x0000000000000001 R11=0x0000000000000001 R12=0x000002A9623CDC90 R13=0x0000000000000001 R14=0x0000000002394F14 R15=0x000000E16957AEC0
[LOADER][WARN] Import#4081575 result: -1 (04AjkP0jO9U) rdi=0x0000000606E0C098 rsi=0x0000000000000002 rdx=0x0000000000000000 rcx=0x0000000000000000 ret=0x000000080A821799
[LOADER][ERROR]   RIP location: win32u.dll+0xAEE4
[LOADER][ERROR]   Live bytes @[RIP-32..RIP+16]: C3 CD 2E C3 0F 1F 84 00 00 00 00 00 4C 8B D1 B8 E1 14 00 00 F6 04 25 08 03 FE 7F 01 75 03 0F 05 C3 CD 2E C3 0F 1F 84 00 00 00 00 00 4C 8B D1 B8
[LOADER][ERROR]   Live bytes @RIP: C3 CD 2E C3 0F 1F 84 00 00 00 00 00 4C 8B D1 B8
[LOADER][ERROR]   Live stack frames (host code pointers):
[LOADER][TRACE] guest_thread.snapshot handle=0x000002A96436A590 name='AssetGarbageCollectorHelper' state=Blocked executor=False imports=68 nid=04AjkP0jO9U ret=0x000000080A821799 block=_umtx_op_wait wake=sceKernelSyncOnAddress:00000006006CF7D8 host_managed=0 host_tid=0
[LOADER][TRACE] guest_thread.snapshot handle=0x000002A96436B5A0 name='AssetGarbageCollectorHelper' state=Blocked executor=False imports=67 nid=04AjkP0jO9U ret=0x000000080A821799 block=_umtx_op_wait wake=sceKernelSyncOnAddress:00000006006CF928 host_managed=0 host_tid=0
[LOADER][TRACE] guest_thread.snapshot handle=0x000002A96436C5B0 name='AssetGarbageCollectorHelper' state=Blocked executor=False imports=68 nid=04AjkP0jO9U ret=0x000000080A821799 block=_umtx_op_wait wake=sceKernelSyncOnAddress:00000006006CFA78 host_managed=0 host_tid=0
[LOADER][TRACE] guest_thread.snapshot handle=0x000002A96436E5D0 name='AssetGarbageCollectorHelper' state=Blocked executor=False imports=67 nid=04AjkP0jO9U ret=0x000000080A821799 block=_umtx_op_wait wake=sceKernelSyncOnAddress:00000006006CFBC8 host_managed=0 host_tid=0
[LOADER][TRACE] guest_thread.snapshot handle=0x000002A91E580290 name='AssetGarbageCollectorHelper' state=Blocked executor=False imports=67 nid=04AjkP0jO9U ret=0x000000080A821799 block=_umtx_op_wait wake=sceKernelSyncOnAddress:00000006006CFD18 host_managed=0 host_tid=0
[LOADER][TRACE] guest_thread.snapshot handle=0x000002A91E5822B0 name='AssetGarbageCollectorHelper' state=Blocked executor=False imports=67 nid=04AjkP0jO9U ret=0x000000080A821799 block=_umtx_op_wait wake=sceKernelSyncOnAddress:00000006006CFE68 host_managed=0 host_tid=0
[LOADER][TRACE] guest_thread.snapshot handle=0x000002A91E5832C0 name='AssetGarbageCollectorHelper' state=Blocked executor=False imports=68 nid=04AjkP0jO9U ret=0x000000080A821799 block=_umtx_op_wait wake=sceKernelSyncOnAddress:00000006006CFFB8 host_managed=0 host_tid=0
[LOADER][TRACE] guest_thread.snapshot handle=0x000002A91E5842D0 name='AssetGarbageCollectorHelper' state=Blocked executor=False imports=67 nid=04AjkP0jO9U ret=0x000000080A821799 block=_umtx_op_wait wake=sceKernelSyncOnAddress:00000006006D0108 host_managed=0 host_tid=0
[LOADER][TRACE] guest_thread.snapshot handle=0x000002A91E5812A0 name='AssetGarbageCollectorHelper' state=Blocked executor=False imports=68 nid=04AjkP0jO9U ret=0x000000080A821799 block=_umtx_op_wait wake=sceKernelSyncOnAddress:00000006006D0258 host_managed=0 host_tid=0
[LOADER][TRACE] guest_thread.snapshot handle=0x000002A91E5852E0 name='AssetGarbageCollectorHelper' state=Blocked executor=False imports=67 nid=04AjkP0jO9U ret=0x000000080A821799 block=_umtx_op_wait wake=sceKernelSyncOnAddress:00000006006D03A8 host_managed=0 host_tid=0
[LOADER][TRACE] guest_thread.snapshot handle=0x000002A91E588310 name='AssetGarbageCollectorHelper' state=Blocked executor=False imports=68 nid=04AjkP0jO9U ret=0x000000080A821799 block=_umtx_op_wait wake=sceKernelSyncOnAddress:00000006006D04F8 host_managed=0 host_tid=0
[LOADER][TRACE] guest_thread.snapshot handle=0x000002A91E589320 name='AssetGarbageCollectorHelper' state=Blocked executor=False imports=67 nid=04AjkP0jO9U ret=0x000000080A821799 block=_umtx_op_wait wake=sceKernelSyncOnAddress:00000006006D0648 host_managed=0 host_tid=0
[LOADER][TRACE] guest_thread.snapshot handle=0x000002A91E587300 name='AssetGarbageCollectorHelper' state=Blocked executor=False imports=68 nid=04AjkP0jO9U ret=0x000000080A821799 block=_umtx_op_wait wake=sceKernelSyncOnAddress:00000006006D0798 host_managed=0 host_tid=0
[LOADER][TRACE] guest_thread.snapshot handle=0x000002A91E5862F0 name='Thread-2A91E5862F0' state=Blocked executor=False imports=123 nid=4czppHBiriw ret=0x0000000805007634 block=pthread_cond_wait wake=pthread_cond_waiter:1 host_managed=0 host_tid=0
[LOADER][TRACE] guest_thread.snapshot handle=0x000002A91E58C350 name='Job.Worker 0' state=Blocked executor=False imports=2208 nid=JTvBflhYazQ ret=0x0000000800A27985 block=sceKernelWaitEventFlag wake=event_flag:0x0000000000000003 host_managed=0 host_tid=0
[LOADER][TRACE] guest_thread.snapshot handle=0x000002A91E58D360 name='Job.Worker 1' state=Blocked executor=False imports=1166 nid=JTvBflhYazQ ret=0x0000000800A27985 block=sceKernelWaitEventFlag wake=event_flag:0x0000000000000003 host_managed=0 host_tid=0
[LOADER][TRACE] guest_thread.snapshot handle=0x000002A91E58B340 name='Job.Worker 2' state=Blocked executor=False imports=820 nid=JTvBflhYazQ ret=0x0000000800A27985 block=sceKernelWaitEventFlag wake=event_flag:0x0000000000000003 host_managed=0 host_tid=0
[LOADER][TRACE] guest_thread.snapshot handle=0x000002A91E58A330 name='Job.Worker 3' state=Blocked executor=False imports=420 nid=JTvBflhYazQ ret=0x0000000800A27985 block=sceKernelWaitEventFlag wake=event_flag:0x0000000000000003 host_managed=0 host_tid=0
[LOADER][TRACE] guest_thread.snapshot handle=0x000002A91E58E370 name='Job.Worker 4' state=Blocked executor=False imports=335 nid=JTvBflhYazQ ret=0x0000000800A27985 block=sceKernelWaitEventFlag wake=event_flag:0x0000000000000003 host_managed=0 host_tid=0
[LOADER][TRACE] guest_thread.snapshot handle=0x000002A96436D5C0 name='Job.Worker 5' state=Blocked executor=False imports=422 nid=JTvBflhYazQ ret=0x0000000800A27985 block=sceKernelWaitEventFlag wake=event_flag:0x0000000000000003 host_managed=0 host_tid=0
[LOADER][TRACE] guest_thread.snapshot handle=0x000002A91F4BAB20 name='Job.Worker 6' state=Blocked executor=False imports=344 nid=JTvBflhYazQ ret=0x0000000800A27985 block=sceKernelWaitEventFlag wake=event_flag:0x0000000000000003 host_managed=0 host_tid=0
[LOADER][TRACE] guest_thread.snapshot handle=0x000002A91F4BEB60 name='Job.Worker 7' state=Blocked executor=False imports=375 nid=JTvBflhYazQ ret=0x0000000800A27985 block=sceKernelWaitEventFlag wake=event_flag:0x0000000000000003 host_managed=0 host_tid=0
[LOADER][TRACE] guest_thread.snapshot handle=0x000002A91F4BBB30 name='Job.Worker 8' state=Blocked executor=False imports=358 nid=JTvBflhYazQ ret=0x0000000800A27985 block=sceKernelWaitEventFlag wake=event_flag:0x0000000000000003 host_managed=0 host_tid=0
[LOADER][TRACE] guest_thread.snapshot handle=0x000002A91F4BFB70 name='Job.Worker 9' state=Blocked executor=False imports=552 nid=JTvBflhYazQ ret=0x0000000800A27985 block=sceKernelWaitEventFlag wake=event_flag:0x0000000000000003 host_managed=0 host_tid=0
[LOADER][TRACE] guest_thread.snapshot handle=0x000002A91F4BDB50 name='Job.Worker 10' state=Blocked executor=False imports=404 nid=JTvBflhYazQ ret=0x0000000800A27985 block=sceKernelWaitEventFlag wake=event_flag:0x0000000000000003 host_managed=0 host_tid=0
[LOADER][TRACE] guest_thread.snapshot handle=0x000002A91F4BCB40 name='Job.Worker 11' state=Blocked executor=False imports=362 nid=JTvBflhYazQ ret=0x0000000800A27985 block=sceKernelWaitEventFlag wake=event_flag:0x0000000000000003 host_managed=0 host_tid=0
[LOADER][TRACE] guest_thread.snapshot handle=0x000002A91F4C0B80 name='Job.Worker 12' state=Blocked executor=False imports=505 nid=JTvBflhYazQ ret=0x0000000800A27985 block=sceKernelWaitEventFlag wake=event_flag:0x0000000000000003 host_managed=0 host_tid=0
[LOADER][TRACE] guest_thread.snapshot handle=0x000002A91F4C1B90 name='Background Job.Worker 0' state=Blocked executor=False imports=10052 nid=JTvBflhYazQ ret=0x0000000800A27985 block=sceKernelWaitEventFlag wake=event_flag:0x0000000000000004 host_managed=0 host_tid=0
[LOADER][TRACE] guest_thread.snapshot handle=0x000002A91F4C2BA0 name='Background Job.Worker 1' state=Blocked executor=False imports=5895 nid=JTvBflhYazQ ret=0x0000000800A27985 block=sceKernelWaitEventFlag wake=event_flag:0x0000000000000004 host_managed=0 host_tid=0
[LOADER][TRACE] guest_thread.snapshot handle=0x000002A91F4C5BD0 name='Background Job.Worker 2' state=Blocked executor=False imports=2933 nid=JTvBflhYazQ ret=0x0000000800A27985 block=sceKernelWaitEventFlag wake=event_flag:0x0000000000000004 host_managed=0 host_tid=0
[LOADER][TRACE] guest_thread.snapshot handle=0x000002A91F4C4BC0 name='Background Job.Worker 3' state=Blocked executor=False imports=2465 nid=JTvBflhYazQ ret=0x0000000800A27985 block=sceKernelWaitEventFlag wake=event_flag:0x0000000000000004 host_managed=0 host_tid=0
[LOADER][TRACE] guest_thread.snapshot handle=0x000002A91F4C6BE0 name='Background Job.Worker 4' state=Blocked executor=False imports=1787 nid=JTvBflhYazQ ret=0x0000000800A27985 block=sceKernelWaitEventFlag wake=event_flag:0x0000000000000004 host_managed=0 host_tid=0
[LOADER][TRACE] guest_thread.snapshot handle=0x000002A91F4C3BB0 name='Background Job.Worker 5' state=Blocked executor=False imports=1807 nid=JTvBflhYazQ ret=0x0000000800A27985 block=sceKernelWaitEventFlag wake=event_flag:0x0000000000000004 host_managed=0 host_tid=0
[LOADER][TRACE] guest_thread.snapshot handle=0x000002A91F4CAC20 name='Background Job.Worker 6' state=Blocked executor=False imports=1525 nid=JTvBflhYazQ ret=0x0000000800A27985 block=sceKernelWaitEventFlag wake=event_flag:0x0000000000000004 host_managed=0 host_tid=0
[LOADER][TRACE] guest_thread.snapshot handle=0x000002A91F4C7BF0 name='Background Job.Worker 7' state=Blocked executor=False imports=1525 nid=JTvBflhYazQ ret=0x0000000800A27985 block=sceKernelWaitEventFlag wake=event_flag:0x0000000000000004 host_managed=0 host_tid=0
[LOADER][TRACE] guest_thread.snapshot handle=0x000002A91F4C9C10 name='Background Job.Worker 8' state=Blocked executor=False imports=1288 nid=JTvBflhYazQ ret=0x0000000800A27985 block=sceKernelWaitEventFlag wake=event_flag:0x0000000000000004 host_managed=0 host_tid=0
[LOADER][TRACE] guest_thread.snapshot handle=0x000002A91F4CBC30 name='Background Job.Worker 9' state=Blocked executor=False imports=1066 nid=JTvBflhYazQ ret=0x0000000800A27985 block=sceKernelWaitEventFlag wake=event_flag:0x0000000000000004 host_managed=0 host_tid=0
[LOADER][TRACE] guest_thread.snapshot handle=0x000002A91F4C8C00 name='Background Job.Worker 10' state=Blocked executor=False imports=1046 nid=JTvBflhYazQ ret=0x0000000800A27985 block=sceKernelWaitEventFlag wake=event_flag:0x0000000000000004 host_managed=0 host_tid=0
[LOADER][TRACE] guest_thread.snapshot handle=0x000002A91F4CDC50 name='Background Job.Worker 11' state=Blocked executor=False imports=1058 nid=JTvBflhYazQ ret=0x0000000800A27985 block=sceKernelWaitEventFlag wake=event_flag:0x0000000000000004 host_managed=0 host_tid=0
[LOADER][TRACE] guest_thread.snapshot handle=0x000002A91F4CCC40 name='Background Job.Worker 12' state=Blocked executor=False imports=984 nid=JTvBflhYazQ ret=0x0000000800A27985 block=sceKernelWaitEventFlag wake=event_flag:0x0000000000000004 host_managed=0 host_tid=0
[LOADER][TRACE] guest_thread.snapshot handle=0x000002A91F4CEC60 name='Background Job.Worker 13' state=Blocked executor=False imports=1171 nid=JTvBflhYazQ ret=0x0000000800A27985 block=sceKernelWaitEventFlag wake=event_flag:0x0000000000000004 host_managed=0 host_tid=0
[LOADER][TRACE] guest_thread.snapshot handle=0x000002A91F4D1C90 name='Background Job.Worker 14' state=Blocked executor=False imports=1035 nid=JTvBflhYazQ ret=0x0000000800A27985 block=sceKernelWaitEventFlag wake=event_flag:0x0000000000000004 host_managed=0 host_tid=0
[LOADER][TRACE] guest_thread.snapshot handle=0x000002A91F4D2CA0 name='Background Job.Worker 15' state=Blocked executor=False imports=1018 nid=JTvBflhYazQ ret=0x0000000800A27985 block=sceKernelWaitEventFlag wake=event_flag:0x0000000000000004 host_managed=0 host_tid=0
[LOADER][TRACE] guest_thread.snapshot handle=0x000002A91F4CFC70 name='BatchDeleteObjects' state=Blocked executor=False imports=64 nid=04AjkP0jO9U ret=0x000000080A821799 block=_umtx_op_wait wake=sceKernelSyncOnAddress:0000000603909730 host_managed=0 host_tid=0
[LOADER][TRACE] guest_thread.snapshot handle=0x000002A91F4D3CB0 name='Loading.AsyncRead' state=Blocked executor=False imports=20592 nid=04AjkP0jO9U ret=0x000000080A821799 block=_umtx_op_wait wake=sceKernelSyncOnAddress:0000000600702F50 host_managed=0 host_tid=0
[LOADER][TRACE] guest_thread.snapshot handle=0x000002A91F4D0C80 name='Thread-2A91F4D0C80' state=Running executor=True imports=23 nid=tn3VlD0hG60 ret=0x00000008013EED51 block=none wake=none host_managed=71 host_tid=33352
[LOADER][TRACE] guest_thread.snapshot handle=0x000002A91F4D5CD0 name='UnityEOPThread' state=Blocked executor=False imports=20 nid=fzyMKs9kim0 ret=0x00000008013E33D3 block=sceKernelWaitEqueue wake=sceKernelWaitEqueue:0000000000000003:0000000000000002 host_managed=0 host_tid=0
[LOADER][TRACE] guest_thread.snapshot handle=0x000002A91F4D6CE0 name='GfxFlipThread' state=Blocked executor=False imports=27 nid=fzyMKs9kim0 ret=0x00000008013BFDEF block=sceKernelWaitEqueue wake=sceKernelWaitEqueue:0000000000000005:0000000000000004 host_managed=0 host_tid=0
[LOADER][TRACE] guest_thread.snapshot handle=0x000002A91F4D4CC0 name='UnityGfxDeviceWorker' state=Blocked executor=False imports=59940 nid=04AjkP0jO9U ret=0x000000080A821799 block=_umtx_op_wait wake=sceKernelSyncOnAddress:0000000603911DD0 host_managed=0 host_tid=0
[LOADER][TRACE] guest_thread.snapshot handle=0x000002A91F4D8D00 name='Gfx Task Executor' state=Blocked executor=False imports=76 nid=04AjkP0jO9U ret=0x000000080A821799 block=_umtx_op_wait wake=sceKernelSyncOnAddress:0000000603922B70 host_managed=0 host_tid=0
[LOADER][TRACE] guest_thread.snapshot handle=0x000002A91B6F7D70 name='Loading.PreloadManager' state=Running executor=True imports=1163562 nid=04AjkP0jO9U ret=0x000000080A821799 block=none wake=none host_managed=77 host_tid=36240
[LOADER][WARN] Import#4113359 result: -1 (04AjkP0jO9U) rdi=0x0000000606E0C098 rsi=0x0000000000000002 rdx=0x0000000000000000 rcx=0x0000000000000000 ret=0x000000080A821799
[LOADER][WARN] Import#4113372 result: -1 (04AjkP0jO9U) rdi=0x0000000606E0C098 rsi=0x0000000000000002 rdx=0x0000000000000000 rcx=0x0000000000000000 ret=0x000000080A821799
[LOADER][ERROR]     [rsp+0x00] = 0x00007FF8880B6CB8 (combase.dll+0x16CB8)
[LOADER][WARN] Import#4113391 result: -1 (04AjkP0jO9U) rdi=0x0000000606E0C098 rsi=0x0000000000000002 rdx=0x0000000000000000 rcx=0x0000000000000000 ret=0x000000080A821799
[LOADER][TRACE] guest_exception.queued target=0x000002A964368570 type=0x1E mode=external
[LOADER][TRACE] guest_exception.raise target=0x000002A964368570 type=0x1E handler=0x000000080A821210
[LOADER][TRACE] guest_exception.delivery_enter target=0x000002A91E5862F0 type=0x1E mode=parked rip=0x0000000804F3A074 rsp=0x00007FFFD31FFED0 rbp=0x00007FFFD31FFF40 rbx=0x0000000100000B60 r12=0x0000000804FF36B0 r13=0x00000001014D7960 r14=0x00000001014D7980 r15=0x0000000000000000 stack=0x00007FFFD1000000 callback=0x0000000805007510
[LOADER][TRACE] guest_exception.raise target=0x000002A91E5862F0 type=0x1E handler=0x000000080A821210
[LOADER][TRACE] guest_exception.safe_point_enter target=0x000002A964368570 type=0x1E rip=0x000000080A821799
[LOADER][WARN] Import#4256770 result: -1 (04AjkP0jO9U) rdi=0x0000000606E0C098 rsi=0x0000000000000002 rdx=0x0000000000000000 rcx=0x0000000000000000 ret=0x000000080A821799
[LOADER][TRACE] guest_exception.delivery_exit target=0x000002A91E5862F0 type=0x1E success=True error=none elapsed_ms=11.080 record=0x0000000000000000 stack_bound=0x0000000000000000 recorded_rsp=0x0000000000000000
[LOADER][ERROR]     [rsp+0x10] = 0x000000E16957AD50 (0x000000E16957AD50)
[LOADER][TRACE] guest_exception.queued target=0x000002A964368570 type=0x1E mode=external
[LOADER][TRACE] guest_exception.raise target=0x000002A964368570 type=0x1E handler=0x000000080A821210
[LOADER][TRACE] guest_exception.delivery_enter target=0x000002A91E5862F0 type=0x1E mode=parked rip=0x0000000804F3A074 rsp=0x00007FFFD31FFED0 rbp=0x00007FFFD31FFF40 rbx=0x0000000100000B60 r12=0x0000000804FF36B0 r13=0x00000001014D7960 r14=0x00000001014D7980 r15=0x0000000000000000 stack=0x00007FFFD1000000 callback=0x0000000805007510
[LOADER][TRACE] guest_exception.raise target=0x000002A91E5862F0 type=0x1E handler=0x000000080A821210
[LOADER][TRACE] guest_exception.safe_point_enter target=0x000002A964368570 type=0x1E rip=0x000000080A821799
[LOADER][WARN] Import#4256794 result: -1 (04AjkP0jO9U) rdi=0x0000000606E0C098 rsi=0x0000000000000002 rdx=0x0000000000000000 rcx=0x0000000000000000 ret=0x000000080A821799
[LOADER][TRACE] guest_exception.delivery_exit target=0x000002A91E5862F0 type=0x1E success=True error=none elapsed_ms=6.144 record=0x0000000000000000 stack_bound=0x0000000000000000 recorded_rsp=0x0000000000000000
[LOADER][TRACE] guest_exception.queued target=0x000002A964368570 type=0x1E mode=external
[LOADER][TRACE] guest_exception.raise target=0x000002A964368570 type=0x1E handler=0x000000080A821210
[LOADER][TRACE] guest_exception.delivery_enter target=0x000002A91E5862F0 type=0x1E mode=parked rip=0x0000000804F3A074 rsp=0x00007FFFD31FFED0 rbp=0x00007FFFD31FFF40 rbx=0x0000000100000B60 r12=0x0000000804FF36B0 r13=0x00000001014D7960 r14=0x00000001014D7980 r15=0x0000000000000000 stack=0x00007FFFD1000000 callback=0x0000000805007510
[LOADER][TRACE] guest_exception.raise target=0x000002A91E5862F0 type=0x1E handler=0x000000080A821210
[LOADER][ERROR]     [rsp+0x18] = 0x000000E16957AD50 (0x000000E16957AD50)
[LOADER][TRACE] guest_exception.safe_point_enter target=0x000002A964368570 type=0x1E rip=0x000000080A821799
[LOADER][WARN] Import#4256812 result: -1 (04AjkP0jO9U) rdi=0x0000000606E0C098 rsi=0x0000000000000002 rdx=0x0000000000000000 rcx=0x0000000000000000 ret=0x000000080A821799
[LOADER][TRACE] guest_exception.delivery_exit target=0x000002A91E5862F0 type=0x1E success=True error=none elapsed_ms=12.929 record=0x0000000000000000 stack_bound=0x0000000000000000 recorded_rsp=0x0000000000000000
[LOADER][TRACE] guest_exception.queued target=0x000002A964368570 type=0x1E mode=external
[LOADER][TRACE] guest_exception.raise target=0x000002A964368570 type=0x1E handler=0x000000080A821210
[LOADER][TRACE] guest_exception.delivery_enter target=0x000002A91E5862F0 type=0x1E mode=parked rip=0x0000000804F3A074 rsp=0x00007FFFD31FFED0 rbp=0x00007FFFD31FFF40 rbx=0x0000000100000B60 r12=0x0000000804FF36B0 r13=0x00000001014D7960 r14=0x00000001014D7980 r15=0x0000000000000000 stack=0x00007FFFD1000000 callback=0x0000000805007510
[LOADER][TRACE] guest_exception.raise target=0x000002A91E5862F0 type=0x1E handler=0x000000080A821210
[LOADER][TRACE] guest_exception.safe_point_enter target=0x000002A964368570 type=0x1E rip=0x000000080A821799
[LOADER][WARN] Import#4256836 result: -1 (04AjkP0jO9U) rdi=0x0000000606E0C098 rsi=0x0000000000000002 rdx=0x0000000000000000 rcx=0x0000000000000000 ret=0x000000080A821799
[LOADER][TRACE] guest_exception.delivery_exit target=0x000002A91E5862F0 type=0x1E success=True error=none elapsed_ms=6.088 record=0x0000000000000000 stack_bound=0x0000000000000000 recorded_rsp=0x0000000000000000
[LOADER][TRACE] guest_exception.queued target=0x000002A964368570 type=0x1E mode=external
[LOADER][TRACE] guest_exception.raise target=0x000002A964368570 type=0x1E handler=0x000000080A821210
[LOADER][TRACE] guest_exception.delivery_enter target=0x000002A91E5862F0 type=0x1E mode=parked rip=0x0000000804F3A074 rsp=0x00007FFFD31FFED0 rbp=0x00007FFFD31FFF40 rbx=0x0000000100000B60 r12=0x0000000804FF36B0 r13=0x00000001014D7960 r14=0x00000001014D7980 r15=0x0000000000000000 stack=0x00007FFFD1000000 callback=0x0000000805007510
[LOADER][TRACE] guest_exception.raise target=0x000002A91E5862F0 type=0x1E handler=0x000000080A821210
[LOADER][ERROR]     [rsp+0x28] = 0x000002A900000002 (0x000002A900000002)
[LOADER][TRACE] guest_exception.safe_point_enter target=0x000002A964368570 type=0x1E rip=0x000000080A821799
[LOADER][WARN] Import#4256860 result: -1 (04AjkP0jO9U) rdi=0x0000000606E0C098 rsi=0x0000000000000002 rdx=0x0000000000000000 rcx=0x0000000000000000 ret=0x000000080A821799
[LOADER][TRACE] guest_exception.delivery_exit target=0x000002A91E5862F0 type=0x1E success=True error=none elapsed_ms=11.976 record=0x0000000000000000 stack_bound=0x0000000000000000 recorded_rsp=0x0000000000000000
[LOADER][ERROR]     [rsp+0x30] = 0x00007FF8880B76B6 (combase.dll+0x176B6)
[LOADER][TRACE] guest_exception.queued target=0x000002A964368570 type=0x1E mode=external
[LOADER][TRACE] guest_exception.raise target=0x000002A964368570 type=0x1E handler=0x000000080A821210
[LOADER][TRACE] guest_exception.delivery_enter target=0x000002A91E5862F0 type=0x1E mode=parked rip=0x0000000804F3A074 rsp=0x00007FFFD31FFED0 rbp=0x00007FFFD31FFF40 rbx=0x0000000100000B60 r12=0x0000000804FF36B0 r13=0x00000001014D7960 r14=0x00000001014D7980 r15=0x0000000000000000 stack=0x00007FFFD1000000 callback=0x0000000805007510
[LOADER][TRACE] guest_exception.raise target=0x000002A91E5862F0 type=0x1E handler=0x000000080A821210
[LOADER][TRACE] guest_exception.safe_point_enter target=0x000002A964368570 type=0x1E rip=0x000000080A821799
[LOADER][WARN] Import#4256884 result: -1 (04AjkP0jO9U) rdi=0x0000000606E0C098 rsi=0x0000000000000002 rdx=0x0000000000000000 rcx=0x0000000000000000 ret=0x000000080A821799
[LOADER][TRACE] guest_exception.delivery_exit target=0x000002A91E5862F0 type=0x1E success=True error=none elapsed_ms=5.190 record=0x0000000000000000 stack_bound=0x0000000000000000 recorded_rsp=0x0000000000000000
[LOADER][ERROR]     [rsp+0x38] = 0x00007FFFD200FFF8 (0x00007FFFD200FFF8)
[LOADER][TRACE] guest_exception.queued target=0x000002A964368570 type=0x1E mode=external
[LOADER][TRACE] guest_exception.raise target=0x000002A964368570 type=0x1E handler=0x000000080A821210
[LOADER][TRACE] guest_exception.delivery_enter target=0x000002A91E5862F0 type=0x1E mode=parked rip=0x0000000804F3A074 rsp=0x00007FFFD31FFED0 rbp=0x00007FFFD31FFF40 rbx=0x0000000100000B60 r12=0x0000000804FF36B0 r13=0x00000001014D7960 r14=0x00000001014D7980 r15=0x0000000000000000 stack=0x00007FFFD1000000 callback=0x0000000805007510
[LOADER][TRACE] guest_exception.raise target=0x000002A91E5862F0 type=0x1E handler=0x000000080A821210
[LOADER][TRACE] guest_exception.safe_point_enter target=0x000002A964368570 type=0x1E rip=0x000000080A821799
[LOADER][WARN] Import#4256902 result: -1 (04AjkP0jO9U) rdi=0x0000000606E0C098 rsi=0x0000000000000002 rdx=0x0000000000000000 rcx=0x0000000000000000 ret=0x000000080A821799
[LOADER][TRACE] guest_exception.delivery_exit target=0x000002A91E5862F0 type=0x1E success=True error=none elapsed_ms=6.709 record=0x0000000000000000 stack_bound=0x0000000000000000 recorded_rsp=0x0000000000000000
[LOADER][TRACE] guest_exception.queued target=0x000002A964368570 type=0x1E mode=external
[LOADER][TRACE] guest_exception.raise target=0x000002A964368570 type=0x1E handler=0x000000080A821210
[LOADER][TRACE] guest_exception.delivery_enter target=0x000002A91E5862F0 type=0x1E mode=parked rip=0x0000000804F3A074 rsp=0x00007FFFD31FFED0 rbp=0x00007FFFD31FFF40 rbx=0x0000000100000B60 r12=0x0000000804FF36B0 r13=0x00000001014D7960 r14=0x00000001014D7980 r15=0x0000000000000000 stack=0x00007FFFD1000000 callback=0x0000000805007510
[LOADER][TRACE] guest_exception.raise target=0x000002A91E5862F0 type=0x1E handler=0x000000080A821210
[LOADER][TRACE] guest_exception.safe_point_enter target=0x000002A964368570 type=0x1E rip=0x000000080A821799
[LOADER][WARN] Import#4256926 result: -1 (04AjkP0jO9U) rdi=0x0000000606E0C098 rsi=0x0000000000000002 rdx=0x0000000000000000 rcx=0x0000000000000000 ret=0x000000080A821799
[LOADER][TRACE] guest_exception.delivery_exit target=0x000002A91E5862F0 type=0x1E success=True error=none elapsed_ms=10.631 record=0x0000000000000000 stack_bound=0x0000000000000000 recorded_rsp=0x0000000000000000
[LOADER][WARN] Import#4256944 result: -1 (04AjkP0jO9U) rdi=0x0000000606E0C098 rsi=0x0000000000000002 rdx=0x0000000000000000 rcx=0x0000000000000000 ret=0x000000080A821799
[LOADER][TRACE] guest_exception.queued target=0x000002A964368570 type=0x1E mode=external
[LOADER][TRACE] guest_exception.raise target=0x000002A964368570 type=0x1E handler=0x000000080A821210
[LOADER][TRACE] guest_exception.delivery_enter target=0x000002A91E5862F0 type=0x1E mode=parked rip=0x0000000804F3A074 rsp=0x00007FFFD31FFED0 rbp=0x00007FFFD31FFF40 rbx=0x0000000100000B60 r12=0x0000000804FF36B0 r13=0x00000001014D7960 r14=0x00000001014D7980 r15=0x0000000000000000 stack=0x00007FFFD1000000 callback=0x0000000805007510
[LOADER][TRACE] guest_exception.raise target=0x000002A91E5862F0 type=0x1E handler=0x000000080A821210
[LOADER][TRACE] guest_exception.safe_point_enter target=0x000002A964368570 type=0x1E rip=0x000000080A821799
[LOADER][WARN] Import#4256963 result: -1 (04AjkP0jO9U) rdi=0x0000000606E0C098 rsi=0x0000000000000002 rdx=0x0000000000000000 rcx=0x0000000000000000 ret=0x000000080A821799
[LOADER][ERROR]     [rsp+0x58] = 0x000000E16957AD50 (0x000000E16957AD50)
[LOADER][TRACE] guest_exception.delivery_exit target=0x000002A91E5862F0 type=0x1E success=True error=none elapsed_ms=16.312 record=0x0000000000000000 stack_bound=0x0000000000000000 recorded_rsp=0x0000000000000000
[LOADER][TRACE] guest_exception.queued target=0x000002A964368570 type=0x1E mode=external
[LOADER][TRACE] guest_exception.raise target=0x000002A964368570 type=0x1E handler=0x000000080A821210
[LOADER][TRACE] guest_exception.delivery_enter target=0x000002A91E5862F0 type=0x1E mode=parked rip=0x0000000804F3A074 rsp=0x00007FFFD31FFED0 rbp=0x00007FFFD31FFF40 rbx=0x0000000100000B60 r12=0x0000000804FF36B0 r13=0x00000001014D7960 r14=0x00000001014D7980 r15=0x0000000000000000 stack=0x00007FFFD1000000 callback=0x0000000805007510
[LOADER][TRACE] guest_exception.raise target=0x000002A91E5862F0 type=0x1E handler=0x000000080A821210
[LOADER][TRACE] guest_exception.safe_point_enter target=0x000002A964368570 type=0x1E rip=0x000000080A821799
[LOADER][WARN] Import#4256987 result: -1 (04AjkP0jO9U) rdi=0x0000000606E0C098 rsi=0x0000000000000002 rdx=0x0000000000000000 rcx=0x0000000000000000 ret=0x000000080A821799
[LOADER][TRACE] guest_exception.delivery_exit target=0x000002A91E5862F0 type=0x1E success=True error=none elapsed_ms=4.588 record=0x0000000000000000 stack_bound=0x0000000000000000 recorded_rsp=0x0000000000000000
[LOADER][ERROR]     [rsp+0x60] = 0x00007FF8880B7691 (combase.dll+0x17691)
[LOADER][TRACE] guest_exception.queued target=0x000002A964368570 type=0x1E mode=external
[LOADER][TRACE] guest_exception.raise target=0x000002A964368570 type=0x1E handler=0x000000080A821210
[LOADER][TRACE] guest_exception.delivery_enter target=0x000002A91E5862F0 type=0x1E mode=parked rip=0x0000000804F3A074 rsp=0x00007FFFD31FFED0 rbp=0x00007FFFD31FFF40 rbx=0x0000000100000B60 r12=0x0000000804FF36B0 r13=0x00000001014D7960 r14=0x00000001014D7980 r15=0x0000000000000000 stack=0x00007FFFD1000000 callback=0x0000000805007510
[LOADER][TRACE] guest_exception.raise target=0x000002A91E5862F0 type=0x1E handler=0x000000080A821210
[LOADER][TRACE] guest_exception.safe_point_enter target=0x000002A964368570 type=0x1E rip=0x000000080A821799
[LOADER][WARN] Import#4257011 result: -1 (04AjkP0jO9U) rdi=0x0000000606E0C098 rsi=0x0000000000000002 rdx=0x0000000000000000 rcx=0x0000000000000000 ret=0x000000080A821799
[LOADER][TRACE] guest_exception.delivery_exit target=0x000002A91E5862F0 type=0x1E success=True error=none elapsed_ms=2.997 record=0x0000000000000000 stack_bound=0x0000000000000000 recorded_rsp=0x0000000000000000
[LOADER][WARN] Import#4466955 result: -1 (04AjkP0jO9U) rdi=0x0000000606E0C098 rsi=0x0000000000000002 rdx=0x0000000000000000 rcx=0x0000000000000000 ret=0x000000080A821799
[LOADER][TRACE] guest_exception.queued target=0x000002A964368570 type=0x1E mode=external
[LOADER][TRACE] guest_exception.raise target=0x000002A964368570 type=0x1E handler=0x000000080A821210
[LOADER][TRACE] guest_exception.delivery_enter target=0x000002A91E5862F0 type=0x1E mode=parked rip=0x0000000804F3A074 rsp=0x00007FFFD31FFED0 rbp=0x00007FFFD31FFF40 rbx=0x0000000100000B60 r12=0x0000000804FF36B0 r13=0x00000001014D7960 r14=0x00000001014D7980 r15=0x0000000000000000 stack=0x00007FFFD1000000 callback=0x0000000805007510
[LOADER][TRACE] guest_exception.raise target=0x000002A91E5862F0 type=0x1E handler=0x000000080A821210
[LOADER][ERROR]     [rsp+0x70] = 0x000000E16957AEC0 (0x000000E16957AEC0)
[LOADER][TRACE] guest_exception.safe_point_enter target=0x000002A964368570 type=0x1E rip=0x000000080A821799
[LOADER][WARN] Import#4466968 result: -1 (04AjkP0jO9U) rdi=0x0000000606E0C098 rsi=0x0000000000000002 rdx=0x0000000000000000 rcx=0x0000000000000000 ret=0x000000080A821799
[LOADER][TRACE] guest_exception.delivery_exit target=0x000002A91E5862F0 type=0x1E success=True error=none elapsed_ms=8.995 record=0x0000000000000000 stack_bound=0x0000000000000000 recorded_rsp=0x0000000000000000
[LOADER][TRACE] guest_exception.queued target=0x000002A964368570 type=0x1E mode=external
[LOADER][TRACE] guest_exception.raise target=0x000002A964368570 type=0x1E handler=0x000000080A821210
[LOADER][TRACE] guest_exception.delivery_enter target=0x000002A91E5862F0 type=0x1E mode=parked rip=0x0000000804F3A074 rsp=0x00007FFFD31FFED0 rbp=0x00007FFFD31FFF40 rbx=0x0000000100000B60 r12=0x0000000804FF36B0 r13=0x00000001014D7960 r14=0x00000001014D7980 r15=0x0000000000000000 stack=0x00007FFFD1000000 callback=0x0000000805007510
[LOADER][TRACE] guest_exception.raise target=0x000002A91E5862F0 type=0x1E handler=0x000000080A821210
[LOADER][TRACE] guest_exception.safe_point_enter target=0x000002A964368570 type=0x1E rip=0x000000080A821799
[LOADER][WARN] Import#4466992 result: -1 (04AjkP0jO9U) rdi=0x0000000606E0C098 rsi=0x0000000000000002 rdx=0x0000000000000000 rcx=0x0000000000000000 ret=0x000000080A821799
[LOADER][TRACE] guest_exception.delivery_exit target=0x000002A91E5862F0 type=0x1E success=True error=none elapsed_ms=5.258 record=0x0000000000000000 stack_bound=0x0000000000000000 recorded_rsp=0x0000000000000000
[LOADER][WARN] Import#4467010 result: -1 (04AjkP0jO9U) rdi=0x0000000606E0C098 rsi=0x0000000000000002 rdx=0x0000000000000000 rcx=0x0000000000000000 ret=0x000000080A821799
[LOADER][TRACE] guest_exception.queued target=0x000002A964368570 type=0x1E mode=external
[LOADER][TRACE] guest_exception.raise target=0x000002A964368570 type=0x1E handler=0x000000080A821210
[LOADER][TRACE] guest_exception.delivery_enter target=0x000002A91E5862F0 type=0x1E mode=parked rip=0x0000000804F3A074 rsp=0x00007FFFD31FFED0 rbp=0x00007FFFD31FFF40 rbx=0x0000000100000B60 r12=0x0000000804FF36B0 r13=0x00000001014D7960 r14=0x00000001014D7980 r15=0x0000000000000000 stack=0x00007FFFD1000000 callback=0x0000000805007510
[LOADER][TRACE] guest_exception.raise target=0x000002A91E5862F0 type=0x1E handler=0x000000080A821210
[LOADER][TRACE] guest_exception.safe_point_enter target=0x000002A964368570 type=0x1E rip=0x000000080A821799
[LOADER][WARN] Import#4467029 result: -1 (04AjkP0jO9U) rdi=0x0000000606E0C098 rsi=0x0000000000000002 rdx=0x0000000000000000 rcx=0x0000000000000000 ret=0x000000080A821799
[LOADER][TRACE] guest_exception.delivery_exit target=0x000002A91E5862F0 type=0x1E success=True error=none elapsed_ms=5.304 record=0x0000000000000000 stack_bound=0x0000000000000000 recorded_rsp=0x0000000000000000
[LOADER][WARN] Import#4467047 result: -1 (04AjkP0jO9U) rdi=0x0000000606E0C098 rsi=0x0000000000000002 rdx=0x0000000000000000 rcx=0x0000000000000000 ret=0x000000080A821799
[LOADER][WARN] Import#4467066 result: -1 (04AjkP0jO9U) rdi=0x0000000606E0C098 rsi=0x0000000000000002 rdx=0x0000000000000000 rcx=0x0000000000000000 ret=0x000000080A821799
[LOADER][TRACE] guest_exception.queued target=0x000002A964368570 type=0x1E mode=external
[LOADER][TRACE] guest_exception.raise target=0x000002A964368570 type=0x1E handler=0x000000080A821210
[LOADER][TRACE] guest_exception.delivery_enter target=0x000002A91E5862F0 type=0x1E mode=parked rip=0x0000000804F3A074 rsp=0x00007FFFD31FFED0 rbp=0x00007FFFD31FFF40 rbx=0x0000000100000B60 r12=0x0000000804FF36B0 r13=0x00000001014D7960 r14=0x00000001014D7980 r15=0x0000000000000000 stack=0x00007FFFD1000000 callback=0x0000000805007510
[LOADER][TRACE] guest_exception.raise target=0x000002A91E5862F0 type=0x1E handler=0x000000080A821210
[LOADER][ERROR]     [rsp+0xA0] = 0x000002A9623CDC90 (0x000002A9623CDC90)
[LOADER][TRACE] guest_exception.safe_point_enter target=0x000002A964368570 type=0x1E rip=0x000000080A821799
[LOADER][WARN] Import#4467079 result: -1 (04AjkP0jO9U) rdi=0x0000000606E0C098 rsi=0x0000000000000002 rdx=0x0000000000000000 rcx=0x0000000000000000 ret=0x000000080A821799
[LOADER][TRACE] guest_exception.delivery_exit target=0x000002A91E5862F0 type=0x1E success=True error=none elapsed_ms=16.894 record=0x0000000000000000 stack_bound=0x0000000000000000 recorded_rsp=0x0000000000000000
[LOADER][TRACE] guest_exception.queued target=0x000002A964368570 type=0x1E mode=external
[LOADER][TRACE] guest_exception.raise target=0x000002A964368570 type=0x1E handler=0x000000080A821210
[LOADER][TRACE] guest_exception.delivery_enter target=0x000002A91E5862F0 type=0x1E mode=parked rip=0x0000000804F3A074 rsp=0x00007FFFD31FFED0 rbp=0x00007FFFD31FFF40 rbx=0x0000000100000B60 r12=0x0000000804FF36B0 r13=0x00000001014D7960 r14=0x00000001014D7980 r15=0x0000000000000000 stack=0x00007FFFD1000000 callback=0x0000000805007510
[LOADER][TRACE] guest_exception.raise target=0x000002A91E5862F0 type=0x1E handler=0x000000080A821210
[LOADER][TRACE] guest_exception.safe_point_enter target=0x000002A964368570 type=0x1E rip=0x000000080A821799
[LOADER][WARN] Import#4467103 result: -1 (04AjkP0jO9U) rdi=0x0000000606E0C098 rsi=0x0000000000000002 rdx=0x0000000000000000 rcx=0x0000000000000000 ret=0x000000080A821799
[LOADER][TRACE] guest_exception.delivery_exit target=0x000002A91E5862F0 type=0x1E success=True error=none elapsed_ms=10.673 record=0x0000000000000000 stack_bound=0x0000000000000000 recorded_rsp=0x0000000000000000
[LOADER][WARN] Import#4467127 result: -1 (04AjkP0jO9U) rdi=0x0000000606E0C098 rsi=0x0000000000000002 rdx=0x0000000000000000 rcx=0x0000000000000000 ret=0x000000080A821799
[LOADER][WARN] Import#4467140 result: -1 (04AjkP0jO9U) rdi=0x0000000606E0C098 rsi=0x0000000000000002 rdx=0x0000000000000000 rcx=0x0000000000000000 ret=0x000000080A821799
[LOADER][ERROR]     [rsp+0xB8] = 0x000002A900000001 (0x000002A900000001)
[LOADER][TRACE] guest_exception.queued target=0x000002A964368570 type=0x1E mode=external
[LOADER][TRACE] guest_exception.raise target=0x000002A964368570 type=0x1E handler=0x000000080A821210
[LOADER][TRACE] guest_exception.delivery_enter target=0x000002A91E5862F0 type=0x1E mode=parked rip=0x0000000804F3A074 rsp=0x00007FFFD31FFED0 rbp=0x00007FFFD31FFF40 rbx=0x0000000100000B60 r12=0x0000000804FF36B0 r13=0x00000001014D7960 r14=0x00000001014D7980 r15=0x0000000000000000 stack=0x00007FFFD1000000 callback=0x0000000805007510
[LOADER][TRACE] guest_exception.raise target=0x000002A91E5862F0 type=0x1E handler=0x000000080A821210
[LOADER][TRACE] guest_exception.safe_point_enter target=0x000002A964368570 type=0x1E rip=0x000000080A821799
[LOADER][WARN] Import#4467159 result: -1 (04AjkP0jO9U) rdi=0x0000000606E0C098 rsi=0x0000000000000002 rdx=0x0000000000000000 rcx=0x0000000000000000 ret=0x000000080A821799
[LOADER][TRACE] guest_exception.delivery_exit target=0x000002A91E5862F0 type=0x1E success=True error=none elapsed_ms=6.111 record=0x0000000000000000 stack_bound=0x0000000000000000 recorded_rsp=0x0000000000000000
[LOADER][ERROR]     [rsp+0xC0] = 0x000002A96CF94AC0 (0x000002A96CF94AC0)
[LOADER][WARN] Import#4467183 result: -1 (04AjkP0jO9U) rdi=0x0000000606E0C098 rsi=0x0000000000000002 rdx=0x0000000000000000 rcx=0x0000000000000000 ret=0x000000080A821799
[LOADER][TRACE] guest_exception.queued target=0x000002A964368570 type=0x1E mode=external
[LOADER][TRACE] guest_exception.raise target=0x000002A964368570 type=0x1E handler=0x000000080A821210
[LOADER][TRACE] guest_exception.delivery_enter target=0x000002A91E5862F0 type=0x1E mode=parked rip=0x0000000804F3A074 rsp=0x00007FFFD31FFED0 rbp=0x00007FFFD31FFF40 rbx=0x0000000100000B60 r12=0x0000000804FF36B0 r13=0x00000001014D7960 r14=0x00000001014D7980 r15=0x0000000000000000 stack=0x00007FFFD1000000 callback=0x0000000805007510
[LOADER][TRACE] guest_exception.raise target=0x000002A91E5862F0 type=0x1E handler=0x000000080A821210
[LOADER][ERROR]     [rsp+0xC8] = 0x00007FF888312150 (combase.dll+0x272150)
[LOADER][TRACE] guest_exception.safe_point_enter target=0x000002A964368570 type=0x1E rip=0x000000080A821799
[LOADER][WARN] Import#4848386 result: -1 (04AjkP0jO9U) rdi=0x0000000606E0C098 rsi=0x0000000000000002 rdx=0x0000000000000000 rcx=0x0000000000000000 ret=0x000000080A821799
[LOADER][TRACE] guest_exception.delivery_exit target=0x000002A91E5862F0 type=0x1E success=True error=none elapsed_ms=12.200 record=0x0000000000000000 stack_bound=0x0000000000000000 recorded_rsp=0x0000000000000000
[LOADER][WARN] Import#4848410 result: -1 (04AjkP0jO9U) rdi=0x0000000606E0C098 rsi=0x0000000000000002 rdx=0x0000000000000000 rcx=0x0000000000000000 ret=0x000000080A821799
[LOADER][WARN] Import#4848423 result: -1 (04AjkP0jO9U) rdi=0x0000000606E0C098 rsi=0x0000000000000002 rdx=0x0000000000000000 rcx=0x0000000000000000 ret=0x000000080A821799
[LOADER][WARN] Import#4848442 result: -1 (04AjkP0jO9U) rdi=0x0000000606E0C098 rsi=0x0000000000000002 rdx=0x0000000000000000 rcx=0x0000000000000000 ret=0x000000080A821799
[LOADER][ERROR]     [rsp+0xF0] = 0x000002A900000001 (0x000002A900000001)
[LOADER][ERROR] Stall guest-thread: handle=0x000002A96436A590 name='AssetGarbageCollectorHelper' state=Blocked imports=73 nid=04AjkP0jO9U ret=0x000000080A821799 rdi=0x00000006006CF7D8 rsi=0x0000000000000002 rdx=0x0000000000000000 block=_umtx_op_wait
[LOADER][ERROR] Stall guest-thread: handle=0x000002A96436B5A0 name='AssetGarbageCollectorHelper' state=Blocked imports=72 nid=04AjkP0jO9U ret=0x000000080A821799 rdi=0x00000006006CF928 rsi=0x0000000000000002 rdx=0x0000000000000000 block=_umtx_op_wait
[LOADER][ERROR] Stall guest-thread: handle=0x000002A96436C5B0 name='AssetGarbageCollectorHelper' state=Blocked imports=73 nid=04AjkP0jO9U ret=0x000000080A821799 rdi=0x00000006006CFA78 rsi=0x0000000000000002 rdx=0x0000000000000000 block=_umtx_op_wait
[LOADER][ERROR] Stall guest-thread: handle=0x000002A96436E5D0 name='AssetGarbageCollectorHelper' state=Blocked imports=72 nid=04AjkP0jO9U ret=0x000000080A821799 rdi=0x00000006006CFBC8 rsi=0x0000000000000002 rdx=0x0000000000000000 block=_umtx_op_wait
[LOADER][ERROR] Stall guest-thread: handle=0x000002A91E580290 name='AssetGarbageCollectorHelper' state=Blocked imports=72 nid=04AjkP0jO9U ret=0x000000080A821799 rdi=0x00000006006CFD18 rsi=0x0000000000000002 rdx=0x0000000000000000 block=_umtx_op_wait
[LOADER][ERROR] Stall guest-thread: handle=0x000002A91E5822B0 name='AssetGarbageCollectorHelper' state=Blocked imports=72 nid=04AjkP0jO9U ret=0x000000080A821799 rdi=0x00000006006CFE68 rsi=0x0000000000000002 rdx=0x0000000000000000 block=_umtx_op_wait
[LOADER][ERROR] Stall guest-thread: handle=0x000002A91E5832C0 name='AssetGarbageCollectorHelper' state=Blocked imports=73 nid=04AjkP0jO9U ret=0x000000080A821799 rdi=0x00000006006CFFB8 rsi=0x0000000000000002 rdx=0x0000000000000000 block=_umtx_op_wait
[LOADER][ERROR] Stall guest-thread: handle=0x000002A91E5842D0 name='AssetGarbageCollectorHelper' state=Blocked imports=72 nid=04AjkP0jO9U ret=0x000000080A821799 rdi=0x00000006006D0108 rsi=0x0000000000000002 rdx=0x0000000000000000 block=_umtx_op_wait
[LOADER][ERROR] Stall guest-thread: handle=0x000002A91E5812A0 name='AssetGarbageCollectorHelper' state=Blocked imports=73 nid=04AjkP0jO9U ret=0x000000080A821799 rdi=0x00000006006D0258 rsi=0x0000000000000002 rdx=0x0000000000000000 block=_umtx_op_wait
[LOADER][ERROR] Stall guest-thread: handle=0x000002A91E5852E0 name='AssetGarbageCollectorHelper' state=Blocked imports=72 nid=04AjkP0jO9U ret=0x000000080A821799 rdi=0x00000006006D03A8 rsi=0x0000000000000002 rdx=0x0000000000000000 block=_umtx_op_wait
[LOADER][ERROR] Stall guest-thread: handle=0x000002A91E588310 name='AssetGarbageCollectorHelper' state=Blocked imports=73 nid=04AjkP0jO9U ret=0x000000080A821799 rdi=0x00000006006D04F8 rsi=0x0000000000000002 rdx=0x0000000000000000 block=_umtx_op_wait
[LOADER][ERROR] Stall guest-thread: handle=0x000002A91E589320 name='AssetGarbageCollectorHelper' state=Blocked imports=72 nid=04AjkP0jO9U ret=0x000000080A821799 rdi=0x00000006006D0648 rsi=0x0000000000000002 rdx=0x0000000000000000 block=_umtx_op_wait
[LOADER][ERROR] Stall guest-thread: handle=0x000002A91E587300 name='AssetGarbageCollectorHelper' state=Blocked imports=73 nid=04AjkP0jO9U ret=0x000000080A821799 rdi=0x00000006006D0798 rsi=0x0000000000000002 rdx=0x0000000000000000 block=_umtx_op_wait
[LOADER][ERROR] Stall guest-thread: handle=0x000002A91E5862F0 name='Thread-2A91E5862F0' state=Blocked imports=213 nid=4czppHBiriw ret=0x0000000805007634 rdi=0x0000000000000003 rsi=0x0000000000000001 rdx=0x0000000000000001 block=pthread_cond_wait
[LOADER][ERROR] Stall guest-thread: handle=0x000002A91E58C350 name='Job.Worker 0' state=Blocked imports=2208 nid=JTvBflhYazQ ret=0x0000000800A27985 rdi=0x0000000000000003 rsi=0x0000000000001000 rdx=0x0000000000000022 block=sceKernelWaitEventFlag
[LOADER][ERROR] Stall guest-thread: handle=0x000002A91E58D360 name='Job.Worker 1' state=Blocked imports=1166 nid=JTvBflhYazQ ret=0x0000000800A27985 rdi=0x0000000000000003 rsi=0x0000000000000040 rdx=0x0000000000000022 block=sceKernelWaitEventFlag
[LOADER][ERROR] Stall guest-thread: handle=0x000002A91E58B340 name='Job.Worker 2' state=Blocked imports=820 nid=JTvBflhYazQ ret=0x0000000800A27985 rdi=0x0000000000000003 rsi=0x0000000000000008 rdx=0x0000000000000022 block=sceKernelWaitEventFlag
[LOADER][ERROR] Stall guest-thread: handle=0x000002A91E58A330 name='Job.Worker 3' state=Blocked imports=420 nid=JTvBflhYazQ ret=0x0000000800A27985 rdi=0x0000000000000003 rsi=0x0000000000000010 rdx=0x0000000000000022 block=sceKernelWaitEventFlag
[LOADER][ERROR] Stall guest-thread: handle=0x000002A91E58E370 name='Job.Worker 4' state=Blocked imports=335 nid=JTvBflhYazQ ret=0x0000000800A27985 rdi=0x0000000000000003 rsi=0x0000000000000200 rdx=0x0000000000000022 block=sceKernelWaitEventFlag
[LOADER][ERROR] Stall guest-thread: handle=0x000002A96436D5C0 name='Job.Worker 5' state=Blocked imports=422 nid=JTvBflhYazQ ret=0x0000000800A27985 rdi=0x0000000000000003 rsi=0x0000000000000080 rdx=0x0000000000000022 block=sceKernelWaitEventFlag
[LOADER][ERROR] Stall guest-thread: handle=0x000002A91F4BAB20 name='Job.Worker 6' state=Blocked imports=344 nid=JTvBflhYazQ ret=0x0000000800A27985 rdi=0x0000000000000003 rsi=0x0000000000000020 rdx=0x0000000000000022 block=sceKernelWaitEventFlag
[LOADER][ERROR] Stall guest-thread: handle=0x000002A91F4BEB60 name='Job.Worker 7' state=Blocked imports=375 nid=JTvBflhYazQ ret=0x0000000800A27985 rdi=0x0000000000000003 rsi=0x0000000000000004 rdx=0x0000000000000022 block=sceKernelWaitEventFlag
[LOADER][ERROR] Stall guest-thread: handle=0x000002A91F4BBB30 name='Job.Worker 8' state=Blocked imports=358 nid=JTvBflhYazQ ret=0x0000000800A27985 rdi=0x0000000000000003 rsi=0x0000000000000001 rdx=0x0000000000000022 block=sceKernelWaitEventFlag
[LOADER][ERROR] Stall guest-thread: handle=0x000002A91F4BFB70 name='Job.Worker 9' state=Blocked imports=552 nid=JTvBflhYazQ ret=0x0000000800A27985 rdi=0x0000000000000003 rsi=0x0000000000000400 rdx=0x0000000000000022 block=sceKernelWaitEventFlag
[LOADER][ERROR] Stall guest-thread: handle=0x000002A91F4BDB50 name='Job.Worker 10' state=Blocked imports=404 nid=JTvBflhYazQ ret=0x0000000800A27985 rdi=0x0000000000000003 rsi=0x0000000000000002 rdx=0x0000000000000022 block=sceKernelWaitEventFlag
[LOADER][ERROR] Stall guest-thread: handle=0x000002A91F4BCB40 name='Job.Worker 11' state=Blocked imports=362 nid=JTvBflhYazQ ret=0x0000000800A27985 rdi=0x0000000000000003 rsi=0x0000000000000800 rdx=0x0000000000000022 block=sceKernelWaitEventFlag
[LOADER][ERROR] Stall guest-thread: handle=0x000002A91F4C0B80 name='Job.Worker 12' state=Blocked imports=505 nid=JTvBflhYazQ ret=0x0000000800A27985 rdi=0x0000000000000003 rsi=0x0000000000000100 rdx=0x0000000000000022 block=sceKernelWaitEventFlag
[LOADER][ERROR] Stall guest-thread: handle=0x000002A91F4C1B90 name='Background Job.Worker 0' state=Blocked imports=10052 nid=JTvBflhYazQ ret=0x0000000800A27985 rdi=0x0000000000000004 rsi=0x0000000000000001 rdx=0x0000000000000022 block=sceKernelWaitEventFlag
[LOADER][ERROR] Stall guest-thread: handle=0x000002A91F4C2BA0 name='Background Job.Worker 1' state=Blocked imports=5895 nid=JTvBflhYazQ ret=0x0000000800A27985 rdi=0x0000000000000004 rsi=0x0000000000008000 rdx=0x0000000000000022 block=sceKernelWaitEventFlag
[LOADER][ERROR] Stall guest-thread: handle=0x000002A91F4C5BD0 name='Background Job.Worker 2' state=Blocked imports=2933 nid=JTvBflhYazQ ret=0x0000000800A27985 rdi=0x0000000000000004 rsi=0x0000000000000080 rdx=0x0000000000000022 block=sceKernelWaitEventFlag
[LOADER][ERROR] Stall guest-thread: handle=0x000002A91F4C4BC0 name='Background Job.Worker 3' state=Blocked imports=2465 nid=JTvBflhYazQ ret=0x0000000800A27985 rdi=0x0000000000000004 rsi=0x0000000000000010 rdx=0x0000000000000022 block=sceKernelWaitEventFlag
[LOADER][ERROR] Stall guest-thread: handle=0x000002A91F4C6BE0 name='Background Job.Worker 4' state=Blocked imports=1787 nid=JTvBflhYazQ ret=0x0000000800A27985 rdi=0x0000000000000004 rsi=0x0000000000000002 rdx=0x0000000000000022 block=sceKernelWaitEventFlag
[LOADER][ERROR] Stall guest-thread: handle=0x000002A91F4C3BB0 name='Background Job.Worker 5' state=Blocked imports=1807 nid=JTvBflhYazQ ret=0x0000000800A27985 rdi=0x0000000000000004 rsi=0x0000000000000004 rdx=0x0000000000000022 block=sceKernelWaitEventFlag
[LOADER][ERROR] Stall guest-thread: handle=0x000002A91F4CAC20 name='Background Job.Worker 6' state=Blocked imports=1525 nid=JTvBflhYazQ ret=0x0000000800A27985 rdi=0x0000000000000004 rsi=0x0000000000002000 rdx=0x0000000000000022 block=sceKernelWaitEventFlag
[LOADER][ERROR] Stall guest-thread: handle=0x000002A91F4C7BF0 name='Background Job.Worker 7' state=Blocked imports=1525 nid=JTvBflhYazQ ret=0x0000000800A27985 rdi=0x0000000000000004 rsi=0x0000000000001000 rdx=0x0000000000000022 block=sceKernelWaitEventFlag
[LOADER][ERROR] Stall guest-thread: handle=0x000002A91F4C9C10 name='Background Job.Worker 8' state=Blocked imports=1288 nid=JTvBflhYazQ ret=0x0000000800A27985 rdi=0x0000000000000004 rsi=0x0000000000000020 rdx=0x0000000000000022 block=sceKernelWaitEventFlag
[LOADER][ERROR] Stall guest-thread: handle=0x000002A91F4CBC30 name='Background Job.Worker 9' state=Blocked imports=1066 nid=JTvBflhYazQ ret=0x0000000800A27985 rdi=0x0000000000000004 rsi=0x0000000000000040 rdx=0x0000000000000022 block=sceKernelWaitEventFlag
[LOADER][ERROR] Stall guest-thread: handle=0x000002A91F4C8C00 name='Background Job.Worker 10' state=Blocked imports=1046 nid=JTvBflhYazQ ret=0x0000000800A27985 rdi=0x0000000000000004 rsi=0x0000000000000200 rdx=0x0000000000000022 block=sceKernelWaitEventFlag
[LOADER][ERROR] Stall guest-thread: handle=0x000002A91F4CDC50 name='Background Job.Worker 11' state=Blocked imports=1058 nid=JTvBflhYazQ ret=0x0000000800A27985 rdi=0x0000000000000004 rsi=0x0000000000000400 rdx=0x0000000000000022 block=sceKernelWaitEventFlag
[LOADER][ERROR] Stall guest-thread: handle=0x000002A91F4CCC40 name='Background Job.Worker 12' state=Blocked imports=984 nid=JTvBflhYazQ ret=0x0000000800A27985 rdi=0x0000000000000004 rsi=0x0000000000004000 rdx=0x0000000000000022 block=sceKernelWaitEventFlag
[LOADER][ERROR] Stall guest-thread: handle=0x000002A91F4CEC60 name='Background Job.Worker 13' state=Blocked imports=1171 nid=JTvBflhYazQ ret=0x0000000800A27985 rdi=0x0000000000000004 rsi=0x0000000000000100 rdx=0x0000000000000022 block=sceKernelWaitEventFlag
[LOADER][ERROR] Stall guest-thread: handle=0x000002A91F4D1C90 name='Background Job.Worker 14' state=Blocked imports=1035 nid=JTvBflhYazQ ret=0x0000000800A27985 rdi=0x0000000000000004 rsi=0x0000000000000800 rdx=0x0000000000000022 block=sceKernelWaitEventFlag
[LOADER][ERROR] Stall guest-thread: handle=0x000002A91F4D2CA0 name='Background Job.Worker 15' state=Blocked imports=1018 nid=JTvBflhYazQ ret=0x0000000800A27985 rdi=0x0000000000000004 rsi=0x0000000000000008 rdx=0x0000000000000022 block=sceKernelWaitEventFlag
[LOADER][ERROR] Stall guest-thread: handle=0x000002A91F4CFC70 name='BatchDeleteObjects' state=Blocked imports=69 nid=04AjkP0jO9U ret=0x000000080A821799 rdi=0x0000000603909730 rsi=0x0000000000000002 rdx=0x0000000000000000 block=_umtx_op_wait
[LOADER][ERROR] Stall guest-thread: handle=0x000002A91F4D3CB0 name='Loading.AsyncRead' state=Blocked imports=20647 nid=04AjkP0jO9U ret=0x000000080A821799 rdi=0x0000000600702F50 rsi=0x0000000000000002 rdx=0x0000000000000000 block=_umtx_op_wait
[LOADER][ERROR] Stall guest-thread: handle=0x000002A91F4D0C80 name='Thread-2A91F4D0C80' state=Running imports=23 nid=tn3VlD0hG60 ret=0x00000008013EED51 rdi=0x0000000801F11EB8 rsi=0x00007FFFB11FFF70 rdx=0x0000000000000000 block=none host_tid=33352 host_rip=0x00007FF889861444 host_rsp=0x00007FFFB11FFE78 host_rbp=0x0000000000000000 host_rax=0x0000000000000034 host_rbx=0x00007FFFB11FFF50 host_rcx=0x0000000000000000 host_rdx=0x00007FFFB11FFF50
[LOADER][ERROR] Stall guest-thread: handle=0x000002A91F4D5CD0 name='UnityEOPThread' state=Blocked imports=20 nid=fzyMKs9kim0 ret=0x00000008013E33D3 rdi=0x0000000000000003 rsi=0x00007FFFB01FFEE0 rdx=0x0000000000000001 block=sceKernelWaitEqueue
[LOADER][ERROR] Stall guest-thread: handle=0x000002A91F4D6CE0 name='GfxFlipThread' state=Blocked imports=28 nid=fzyMKs9kim0 ret=0x00000008013BFDEF rdi=0x0000000000000005 rsi=0x00007FFFAF1FFE58 rdx=0x0000000000000001 block=sceKernelWaitEqueue
[LOADER][ERROR] Stall guest-thread: ... 3 more
[LOADER][WARN] Import#4848461 result: -1 (04AjkP0jO9U) rdi=0x0000000606E0C098 rsi=0x0000000000000002 rdx=0x0000000000000000 rcx=0x0000000000000000 ret=0x000000080A821799
[LOADER][TRACE] guest_exception.queued target=0x000002A964368570 type=0x1E mode=external
[LOADER][TRACE] guest_exception.raise target=0x000002A964368570 type=0x1E handler=0x000000080A821210
[LOADER][TRACE] guest_exception.delivery_enter target=0x000002A91E5862F0 type=0x1E mode=parked rip=0x0000000804F3A074 rsp=0x00007FFFD31FFED0 rbp=0x00007FFFD31FFF40 rbx=0x0000000100000B60 r12=0x0000000804FF36B0 r13=0x00000001014D7960 r14=0x00000001014D7980 r15=0x0000000000000000 stack=0x00007FFFD1000000 callback=0x0000000805007510
[LOADER][TRACE] guest_exception.raise target=0x000002A91E5862F0 type=0x1E handler=0x000000080A821210
[LOADER][TRACE] guest_exception.safe_point_enter target=0x000002A964368570 type=0x1E rip=0x000000080A821799
[LOADER][WARN] Import#4848480 result: -1 (04AjkP0jO9U) rdi=0x0000000606E0C098 rsi=0x0000000000000002 rdx=0x0000000000000000 rcx=0x0000000000000000 ret=0x000000080A821799
[LOADER][TRACE] guest_exception.delivery_exit target=0x000002A91E5862F0 type=0x1E success=True error=none elapsed_ms=13.163 record=0x0000000000000000 stack_bound=0x0000000000000000 recorded_rsp=0x0000000000000000
[LOADER][WARN] Import#4848504 result: -1 (04AjkP0jO9U) rdi=0x0000000606E0C098 rsi=0x0000000000000002 rdx=0x0000000000000000 rcx=0x0000000000000000 ret=0x000000080A821799
[LOADER][WARN] Import#4848517 result: -1 (04AjkP0jO9U) rdi=0x0000000606E0C098 rsi=0x0000000000000002 rdx=0x0000000000000000 rcx=0x0000000000000000 ret=0x000000080A821799
[LOADER][TRACE] guest_exception.queued target=0x000002A964368570 type=0x1E mode=external
[LOADER][TRACE] guest_exception.raise target=0x000002A964368570 type=0x1E handler=0x000000080A821210
[LOADER][TRACE] guest_exception.delivery_enter target=0x000002A91E5862F0 type=0x1E mode=parked rip=0x0000000804F3A074 rsp=0x00007FFFD31FFED0 rbp=0x00007FFFD31FFF40 rbx=0x0000000100000B60 r12=0x0000000804FF36B0 r13=0x00000001014D7960 r14=0x00000001014D7980 r15=0x0000000000000000 stack=0x00007FFFD1000000 callback=0x0000000805007510
[LOADER][TRACE] guest_exception.raise target=0x000002A91E5862F0 type=0x1E handler=0x000000080A821210
[LOADER][TRACE] guest_exception.safe_point_enter target=0x000002A964368570 type=0x1E rip=0x000000080A821799
[LOADER][WARN] Import#4848536 result: -1 (04AjkP0jO9U) rdi=0x0000000606E0C098 rsi=0x0000000000000002 rdx=0x0000000000000000 rcx=0x0000000000000000 ret=0x000000080A821799
[LOADER][TRACE] guest_exception.delivery_exit target=0x000002A91E5862F0 type=0x1E success=True error=none elapsed_ms=8.039 record=0x0000000000000000 stack_bound=0x0000000000000000 recorded_rsp=0x0000000000000000
[LOADER][WARN] Import#4848554 result: -1 (04AjkP0jO9U) rdi=0x0000000606E0C098 rsi=0x0000000000000002 rdx=0x0000000000000000 rcx=0x0000000000000000 ret=0x000000080A821799
[LOADER][TRACE] guest_exception.queued target=0x000002A964368570 type=0x1E mode=external
[LOADER][TRACE] guest_exception.raise target=0x000002A964368570 type=0x1E handler=0x000000080A821210
[LOADER][TRACE] guest_exception.delivery_enter target=0x000002A91E5862F0 type=0x1E mode=parked rip=0x0000000804F3A074 rsp=0x00007FFFD31FFED0 rbp=0x00007FFFD31FFF40 rbx=0x0000000100000B60 r12=0x0000000804FF36B0 r13=0x00000001014D7960 r14=0x00000001014D7980 r15=0x0000000000000000 stack=0x00007FFFD1000000 callback=0x0000000805007510
[LOADER][TRACE] guest_exception.raise target=0x000002A91E5862F0 type=0x1E handler=0x000000080A821210
[LOADER][TRACE] guest_exception.safe_point_enter target=0x000002A964368570 type=0x1E rip=0x000000080A821799
[LOADER][WARN] Import#4848573 result: -1 (04AjkP0jO9U) rdi=0x0000000606E0C098 rsi=0x0000000000000002 rdx=0x0000000000000000 rcx=0x0000000000000000 ret=0x000000080A821799
[LOADER][TRACE] guest_exception.delivery_exit target=0x000002A91E5862F0 type=0x1E success=True error=none elapsed_ms=13.573 record=0x0000000000000000 stack_bound=0x0000000000000000 recorded_rsp=0x0000000000000000
[LOADER][WARN] Import#4848597 result: -1 (04AjkP0jO9U) rdi=0x0000000606E0C098 rsi=0x0000000000000002 rdx=0x0000000000000000 rcx=0x0000000000000000 ret=0x000000080A821799
[LOADER][WARN] Import#4848610 result: -1 (04AjkP0jO9U) rdi=0x0000000606E0C098 rsi=0x0000000000000002 rdx=0x0000000000000000 rcx=0x0000000000000000 ret=0x000000080A821799
[LOADER][WARN] Import#5279419 result: -1 (wuCroIGjt2g) rdi=0x0000000808E42989 rsi=0x0000000000000000 rdx=0x0000000000100000 rcx=0x00000008096CF418 ret=0x0000000804F39661
[LOADER][WARN] Import#4848629 result: -1 (04AjkP0jO9U) rdi=0x0000000606E0C098 rsi=0x0000000000000002 rdx=0x0000000000000000 rcx=0x0000000000000000 ret=0x000000080A821799
[LOADER][WARN] Import#5320712 result: -1 (04AjkP0jO9U) rdi=0x0000000606E0C098 rsi=0x0000000000000002 rdx=0x0000000000000000 rcx=0x0000000000000000 ret=0x000000080A821799
[LOADER][WARN] Import#5320725 result: -1 (04AjkP0jO9U) rdi=0x0000000606E0C098 rsi=0x0000000000000002 rdx=0x0000000000000000 rcx=0x0000000000000000 ret=0x000000080A821799
[LOADER][TRACE] guest_exception.queued target=0x000002A964368570 type=0x1E mode=external
[LOADER][TRACE] guest_exception.raise target=0x000002A964368570 type=0x1E handler=0x000000080A821210
[LOADER][TRACE] guest_exception.delivery_enter target=0x000002A91E5862F0 type=0x1E mode=parked rip=0x0000000804F3A074 rsp=0x00007FFFD31FFED0 rbp=0x00007FFFD31FFF40 rbx=0x0000000100000B60 r12=0x0000000804FF36B0 r13=0x00000001014D7960 r14=0x00000001014D7980 r15=0x0000000000000000 stack=0x00007FFFD1000000 callback=0x0000000805007510
[LOADER][TRACE] guest_exception.raise target=0x000002A91E5862F0 type=0x1E handler=0x000000080A821210
[LOADER][TRACE] guest_exception.safe_point_enter target=0x000002A964368570 type=0x1E rip=0x000000080A821799
[LOADER][WARN] Import#5320744 result: -1 (04AjkP0jO9U) rdi=0x0000000606E0C098 rsi=0x0000000000000002 rdx=0x0000000000000000 rcx=0x0000000000000000 ret=0x000000080A821799
[LOADER][TRACE] guest_exception.delivery_exit target=0x000002A91E5862F0 type=0x1E success=True error=none elapsed_ms=13.417 record=0x0000000000000000 stack_bound=0x0000000000000000 recorded_rsp=0x0000000000000000
[LOADER][WARN] Import#5320768 result: -1 (04AjkP0jO9U) rdi=0x0000000606E0C098 rsi=0x0000000000000002 rdx=0x0000000000000000 rcx=0x0000000000000000 ret=0x000000080A821799
[LOADER][TRACE] guest_exception.queued target=0x000002A964368570 type=0x1E mode=external
[LOADER][TRACE] guest_exception.raise target=0x000002A964368570 type=0x1E handler=0x000000080A821210
[LOADER][TRACE] guest_exception.delivery_enter target=0x000002A91E5862F0 type=0x1E mode=parked rip=0x0000000804F3A074 rsp=0x00007FFFD31FFED0 rbp=0x00007FFFD31FFF40 rbx=0x0000000100000B60 r12=0x0000000804FF36B0 r13=0x00000001014D7960 r14=0x00000001014D7980 r15=0x0000000000000000 stack=0x00007FFFD1000000 callback=0x0000000805007510
[LOADER][TRACE] guest_exception.raise target=0x000002A91E5862F0 type=0x1E handler=0x000000080A821210
[LOADER][TRACE] guest_exception.safe_point_enter target=0x000002A964368570 type=0x1E rip=0x000000080A821799
[LOADER][WARN] Import#5320781 result: -1 (04AjkP0jO9U) rdi=0x0000000606E0C098 rsi=0x0000000000000002 rdx=0x0000000000000000 rcx=0x0000000000000000 ret=0x000000080A821799
[LOADER][TRACE] guest_exception.delivery_exit target=0x000002A91E5862F0 type=0x1E success=True error=none elapsed_ms=4.409 record=0x0000000000000000 stack_bound=0x0000000000000000 recorded_rsp=0x0000000000000000
[LOADER][WARN] Import#5320805 result: -1 (04AjkP0jO9U) rdi=0x0000000606E0C098 rsi=0x0000000000000002 rdx=0x0000000000000000 rcx=0x0000000000000000 ret=0x000000080A821799
[LOADER][WARN] Import#5320818 result: -1 (04AjkP0jO9U) rdi=0x0000000606E0C098 rsi=0x0000000000000002 rdx=0x0000000000000000 rcx=0x0000000000000000 ret=0x000000080A821799
[LOADER][WARN] Import#5320837 result: -1 (04AjkP0jO9U) rdi=0x0000000606E0C098 rsi=0x0000000000000002 rdx=0x0000000000000000 rcx=0x0000000000000000 ret=0x000000080A821799
[LOADER][WARN] Import#5320850 result: -1 (04AjkP0jO9U) rdi=0x0000000606E0C098 rsi=0x0000000000000002 rdx=0x0000000000000000 rcx=0x0000000000000000 ret=0x000000080A821799
[LOADER][WARN] Import#5320869 result: -1 (04AjkP0jO9U) rdi=0x0000000606E0C098 rsi=0x0000000000000002 rdx=0x0000000000000000 rcx=0x0000000000000000 ret=0x000000080A821799
[LOADER][WARN] Import#5320888 result: -1 (04AjkP0jO9U) rdi=0x0000000606E0C098 rsi=0x0000000000000002 rdx=0x0000000000000000 rcx=0x0000000000000000 ret=0x000000080A821799
[LOADER][TRACE] guest_exception.queued target=0x000002A964368570 type=0x1E mode=external
[LOADER][TRACE] guest_exception.raise target=0x000002A964368570 type=0x1E handler=0x000000080A821210
[LOADER][TRACE] guest_exception.delivery_enter target=0x000002A91E5862F0 type=0x1E mode=parked rip=0x0000000804F3A074 rsp=0x00007FFFD31FFED0 rbp=0x00007FFFD31FFF40 rbx=0x0000000100000B60 r12=0x0000000804FF36B0 r13=0x00000001014D7960 r14=0x00000001014D7980 r15=0x0000000000000000 stack=0x00007FFFD1000000 callback=0x0000000805007510
[LOADER][TRACE] guest_exception.raise target=0x000002A91E5862F0 type=0x1E handler=0x000000080A821210
[LOADER][TRACE] guest_exception.safe_point_enter target=0x000002A964368570 type=0x1E rip=0x000000080A821799
[LOADER][WARN] Import#5320901 result: -1 (04AjkP0jO9U) rdi=0x0000000606E0C098 rsi=0x0000000000000002 rdx=0x0000000000000000 rcx=0x0000000000000000 ret=0x000000080A821799
[LOADER][TRACE] guest_exception.delivery_exit target=0x000002A91E5862F0 type=0x1E success=True error=none elapsed_ms=13.281 record=0x0000000000000000 stack_bound=0x0000000000000000 recorded_rsp=0x0000000000000000
[LOADER][WARN] Import#5320925 result: -1 (04AjkP0jO9U) rdi=0x0000000606E0C098 rsi=0x0000000000000002 rdx=0x0000000000000000 rcx=0x0000000000000000 ret=0x000000080A821799
[LOADER][WARN] Import#5320938 result: -1 (04AjkP0jO9U) rdi=0x0000000606E0C098 rsi=0x0000000000000002 rdx=0x0000000000000000 rcx=0x0000000000000000 ret=0x000000080A821799
[LOADER][WARN] Import#5320957 result: -1 (04AjkP0jO9U) rdi=0x0000000606E0C098 rsi=0x0000000000000002 rdx=0x0000000000000000 rcx=0x0000000000000000 ret=0x000000080A821799
[LOADER][TRACE] guest_exception.queued target=0x000002A964368570 type=0x1E mode=external
[LOADER][TRACE] guest_exception.raise target=0x000002A964368570 type=0x1E handler=0x000000080A821210
[LOADER][TRACE] guest_exception.delivery_enter target=0x000002A91E5862F0 type=0x1E mode=parked rip=0x0000000804F3A074 rsp=0x00007FFFD31FFED0 rbp=0x00007FFFD31FFF40 rbx=0x0000000100000B60 r12=0x0000000804FF36B0 r13=0x00000001014D7960 r14=0x00000001014D7980 r15=0x0000000000000000 stack=0x00007FFFD1000000 callback=0x0000000805007510
[LOADER][TRACE] guest_exception.raise target=0x000002A91E5862F0 type=0x1E handler=0x000000080A821210
[LOADER][TRACE] guest_exception.safe_point_enter target=0x000002A964368570 type=0x1E rip=0x000000080A821799
[LOADER][WARN] Import#5975818 result: -1 (04AjkP0jO9U) rdi=0x0000000606E0C098 rsi=0x0000000000000002 rdx=0x0000000000000000 rcx=0x0000000000000000 ret=0x000000080A821799
[LOADER][TRACE] guest_exception.delivery_exit target=0x000002A91E5862F0 type=0x1E success=True error=none elapsed_ms=16.490 record=0x0000000000000000 stack_bound=0x0000000000000000 recorded_rsp=0x0000000000000000
[LOADER][WARN] Import#5975842 result: -1 (04AjkP0jO9U) rdi=0x0000000606E0C098 rsi=0x0000000000000002 rdx=0x0000000000000000 rcx=0x0000000000000000 ret=0x000000080A821799
[LOADER][WARN] Import#5975855 result: -1 (04AjkP0jO9U) rdi=0x0000000606E0C098 rsi=0x0000000000000002 rdx=0x0000000000000000 rcx=0x0000000000000000 ret=0x000000080A821799
[LOADER][WARN] Import#5975874 result: -1 (04AjkP0jO9U) rdi=0x0000000606E0C098 rsi=0x0000000000000002 rdx=0x0000000000000000 rcx=0x0000000000000000 ret=0x000000080A821799
[LOADER][WARN] Import#5975887 result: -1 (04AjkP0jO9U) rdi=0x0000000606E0C098 rsi=0x0000000000000002 rdx=0x0000000000000000 rcx=0x0000000000000000 ret=0x000000080A821799
[LOADER][TRACE] guest_exception.queued target=0x000002A964368570 type=0x1E mode=external
[LOADER][TRACE] guest_exception.raise target=0x000002A964368570 type=0x1E handler=0x000000080A821210
[LOADER][TRACE] guest_exception.delivery_enter target=0x000002A91E5862F0 type=0x1E mode=parked rip=0x0000000804F3A074 rsp=0x00007FFFD31FFED0 rbp=0x00007FFFD31FFF40 rbx=0x0000000100000B60 r12=0x0000000804FF36B0 r13=0x00000001014D7960 r14=0x00000001014D7980 r15=0x0000000000000000 stack=0x00007FFFD1000000 callback=0x0000000805007510
[LOADER][TRACE] guest_exception.raise target=0x000002A91E5862F0 type=0x1E handler=0x000000080A821210
[LOADER][TRACE] guest_exception.safe_point_enter target=0x000002A964368570 type=0x1E rip=0x000000080A821799
[LOADER][WARN] Import#5975906 result: -1 (04AjkP0jO9U) rdi=0x0000000606E0C098 rsi=0x0000000000000002 rdx=0x0000000000000000 rcx=0x0000000000000000 ret=0x000000080A821799
[LOADER][TRACE] guest_exception.delivery_exit target=0x000002A91E5862F0 type=0x1E success=True error=none elapsed_ms=2.365 record=0x0000000000000000 stack_bound=0x0000000000000000 recorded_rsp=0x0000000000000000
[LOADER][WARN] Import#5975930 result: -1 (04AjkP0jO9U) rdi=0x0000000606E0C098 rsi=0x0000000000000002 rdx=0x0000000000000000 rcx=0x0000000000000000 ret=0x000000080A821799
[LOADER][WARN] Import#5975943 result: -1 (04AjkP0jO9U) rdi=0x0000000606E0C098 rsi=0x0000000000000002 rdx=0x0000000000000000 rcx=0x0000000000000000 ret=0x000000080A821799
[LOADER][TRACE] guest_thread.snapshot handle=0x000002A96436A590 name='AssetGarbageCollectorHelper' state=Blocked executor=False imports=78 nid=04AjkP0jO9U ret=0x000000080A821799 block=_umtx_op_wait wake=sceKernelSyncOnAddress:00000006006CF7D8 host_managed=0 host_tid=0
[LOADER][TRACE] guest_thread.snapshot handle=0x000002A96436B5A0 name='AssetGarbageCollectorHelper' state=Blocked executor=False imports=77 nid=04AjkP0jO9U ret=0x000000080A821799 block=_umtx_op_wait wake=sceKernelSyncOnAddress:00000006006CF928 host_managed=0 host_tid=0
[LOADER][TRACE] guest_thread.snapshot handle=0x000002A96436C5B0 name='AssetGarbageCollectorHelper' state=Blocked executor=False imports=78 nid=04AjkP0jO9U ret=0x000000080A821799 block=_umtx_op_wait wake=sceKernelSyncOnAddress:00000006006CFA78 host_managed=0 host_tid=0
[LOADER][TRACE] guest_thread.snapshot handle=0x000002A96436E5D0 name='AssetGarbageCollectorHelper' state=Blocked executor=False imports=77 nid=04AjkP0jO9U ret=0x000000080A821799 block=_umtx_op_wait wake=sceKernelSyncOnAddress:00000006006CFBC8 host_managed=0 host_tid=0
[LOADER][TRACE] guest_thread.snapshot handle=0x000002A91E580290 name='AssetGarbageCollectorHelper' state=Blocked executor=False imports=77 nid=04AjkP0jO9U ret=0x000000080A821799 block=_umtx_op_wait wake=sceKernelSyncOnAddress:00000006006CFD18 host_managed=0 host_tid=0
[LOADER][TRACE] guest_thread.snapshot handle=0x000002A91E5822B0 name='AssetGarbageCollectorHelper' state=Blocked executor=False imports=77 nid=04AjkP0jO9U ret=0x000000080A821799 block=_umtx_op_wait wake=sceKernelSyncOnAddress:00000006006CFE68 host_managed=0 host_tid=0
[LOADER][TRACE] guest_thread.snapshot handle=0x000002A91E5832C0 name='AssetGarbageCollectorHelper' state=Blocked executor=False imports=78 nid=04AjkP0jO9U ret=0x000000080A821799 block=_umtx_op_wait wake=sceKernelSyncOnAddress:00000006006CFFB8 host_managed=0 host_tid=0
[LOADER][TRACE] guest_thread.snapshot handle=0x000002A91E5842D0 name='AssetGarbageCollectorHelper' state=Blocked executor=False imports=77 nid=04AjkP0jO9U ret=0x000000080A821799 block=_umtx_op_wait wake=sceKernelSyncOnAddress:00000006006D0108 host_managed=0 host_tid=0
[LOADER][TRACE] guest_thread.snapshot handle=0x000002A91E5812A0 name='AssetGarbageCollectorHelper' state=Blocked executor=False imports=78 nid=04AjkP0jO9U ret=0x000000080A821799 block=_umtx_op_wait wake=sceKernelSyncOnAddress:00000006006D0258 host_managed=0 host_tid=0
[LOADER][TRACE] guest_thread.snapshot handle=0x000002A91E5852E0 name='AssetGarbageCollectorHelper' state=Blocked executor=False imports=77 nid=04AjkP0jO9U ret=0x000000080A821799 block=_umtx_op_wait wake=sceKernelSyncOnAddress:00000006006D03A8 host_managed=0 host_tid=0
[LOADER][TRACE] guest_thread.snapshot handle=0x000002A91E588310 name='AssetGarbageCollectorHelper' state=Blocked executor=False imports=78 nid=04AjkP0jO9U ret=0x000000080A821799 block=_umtx_op_wait wake=sceKernelSyncOnAddress:00000006006D04F8 host_managed=0 host_tid=0
[LOADER][TRACE] guest_thread.snapshot handle=0x000002A91E589320 name='AssetGarbageCollectorHelper' state=Blocked executor=False imports=77 nid=04AjkP0jO9U ret=0x000000080A821799 block=_umtx_op_wait wake=sceKernelSyncOnAddress:00000006006D0648 host_managed=0 host_tid=0
[LOADER][TRACE] guest_thread.snapshot handle=0x000002A91E587300 name='AssetGarbageCollectorHelper' state=Blocked executor=False imports=78 nid=04AjkP0jO9U ret=0x000000080A821799 block=_umtx_op_wait wake=sceKernelSyncOnAddress:00000006006D0798 host_managed=0 host_tid=0
[LOADER][TRACE] guest_thread.snapshot handle=0x000002A91E5862F0 name='Thread-2A91E5862F0' state=Blocked executor=False imports=253 nid=4czppHBiriw ret=0x0000000805007634 block=pthread_cond_wait wake=pthread_cond_waiter:1 host_managed=0 host_tid=0
[LOADER][TRACE] guest_thread.snapshot handle=0x000002A91E58C350 name='Job.Worker 0' state=Blocked executor=False imports=2208 nid=JTvBflhYazQ ret=0x0000000800A27985 block=sceKernelWaitEventFlag wake=event_flag:0x0000000000000003 host_managed=0 host_tid=0
[LOADER][TRACE] guest_thread.snapshot handle=0x000002A91E58D360 name='Job.Worker 1' state=Blocked executor=False imports=1166 nid=JTvBflhYazQ ret=0x0000000800A27985 block=sceKernelWaitEventFlag wake=event_flag:0x0000000000000003 host_managed=0 host_tid=0
[LOADER][TRACE] guest_thread.snapshot handle=0x000002A91E58B340 name='Job.Worker 2' state=Blocked executor=False imports=820 nid=JTvBflhYazQ ret=0x0000000800A27985 block=sceKernelWaitEventFlag wake=event_flag:0x0000000000000003 host_managed=0 host_tid=0
[LOADER][TRACE] guest_thread.snapshot handle=0x000002A91E58A330 name='Job.Worker 3' state=Blocked executor=False imports=420 nid=JTvBflhYazQ ret=0x0000000800A27985 block=sceKernelWaitEventFlag wake=event_flag:0x0000000000000003 host_managed=0 host_tid=0
[LOADER][TRACE] guest_thread.snapshot handle=0x000002A91E58E370 name='Job.Worker 4' state=Blocked executor=False imports=335 nid=JTvBflhYazQ ret=0x0000000800A27985 block=sceKernelWaitEventFlag wake=event_flag:0x0000000000000003 host_managed=0 host_tid=0
[LOADER][TRACE] guest_thread.snapshot handle=0x000002A96436D5C0 name='Job.Worker 5' state=Blocked executor=False imports=422 nid=JTvBflhYazQ ret=0x0000000800A27985 block=sceKernelWaitEventFlag wake=event_flag:0x0000000000000003 host_managed=0 host_tid=0
[LOADER][TRACE] guest_thread.snapshot handle=0x000002A91F4BAB20 name='Job.Worker 6' state=Blocked executor=False imports=344 nid=JTvBflhYazQ ret=0x0000000800A27985 block=sceKernelWaitEventFlag wake=event_flag:0x0000000000000003 host_managed=0 host_tid=0
[LOADER][TRACE] guest_thread.snapshot handle=0x000002A91F4BEB60 name='Job.Worker 7' state=Blocked executor=False imports=375 nid=JTvBflhYazQ ret=0x0000000800A27985 block=sceKernelWaitEventFlag wake=event_flag:0x0000000000000003 host_managed=0 host_tid=0
[LOADER][TRACE] guest_thread.snapshot handle=0x000002A91F4BBB30 name='Job.Worker 8' state=Blocked executor=False imports=358 nid=JTvBflhYazQ ret=0x0000000800A27985 block=sceKernelWaitEventFlag wake=event_flag:0x0000000000000003 host_managed=0 host_tid=0
[LOADER][TRACE] guest_thread.snapshot handle=0x000002A91F4BFB70 name='Job.Worker 9' state=Blocked executor=False imports=552 nid=JTvBflhYazQ ret=0x0000000800A27985 block=sceKernelWaitEventFlag wake=event_flag:0x0000000000000003 host_managed=0 host_tid=0
[LOADER][TRACE] guest_thread.snapshot handle=0x000002A91F4BDB50 name='Job.Worker 10' state=Blocked executor=False imports=404 nid=JTvBflhYazQ ret=0x0000000800A27985 block=sceKernelWaitEventFlag wake=event_flag:0x0000000000000003 host_managed=0 host_tid=0
[LOADER][TRACE] guest_thread.snapshot handle=0x000002A91F4BCB40 name='Job.Worker 11' state=Blocked executor=False imports=362 nid=JTvBflhYazQ ret=0x0000000800A27985 block=sceKernelWaitEventFlag wake=event_flag:0x0000000000000003 host_managed=0 host_tid=0
[LOADER][TRACE] guest_thread.snapshot handle=0x000002A91F4C0B80 name='Job.Worker 12' state=Blocked executor=False imports=505 nid=JTvBflhYazQ ret=0x0000000800A27985 block=sceKernelWaitEventFlag wake=event_flag:0x0000000000000003 host_managed=0 host_tid=0
[LOADER][TRACE] guest_thread.snapshot handle=0x000002A91F4C1B90 name='Background Job.Worker 0' state=Blocked executor=False imports=10052 nid=JTvBflhYazQ ret=0x0000000800A27985 block=sceKernelWaitEventFlag wake=event_flag:0x0000000000000004 host_managed=0 host_tid=0
[LOADER][TRACE] guest_thread.snapshot handle=0x000002A91F4C2BA0 name='Background Job.Worker 1' state=Blocked executor=False imports=5895 nid=JTvBflhYazQ ret=0x0000000800A27985 block=sceKernelWaitEventFlag wake=event_flag:0x0000000000000004 host_managed=0 host_tid=0
[LOADER][TRACE] guest_thread.snapshot handle=0x000002A91F4C5BD0 name='Background Job.Worker 2' state=Blocked executor=False imports=2933 nid=JTvBflhYazQ ret=0x0000000800A27985 block=sceKernelWaitEventFlag wake=event_flag:0x0000000000000004 host_managed=0 host_tid=0
[LOADER][TRACE] guest_thread.snapshot handle=0x000002A91F4C4BC0 name='Background Job.Worker 3' state=Blocked executor=False imports=2465 nid=JTvBflhYazQ ret=0x0000000800A27985 block=sceKernelWaitEventFlag wake=event_flag:0x0000000000000004 host_managed=0 host_tid=0
[LOADER][TRACE] guest_thread.snapshot handle=0x000002A91F4C6BE0 name='Background Job.Worker 4' state=Blocked executor=False imports=1787 nid=JTvBflhYazQ ret=0x0000000800A27985 block=sceKernelWaitEventFlag wake=event_flag:0x0000000000000004 host_managed=0 host_tid=0
[LOADER][TRACE] guest_thread.snapshot handle=0x000002A91F4C3BB0 name='Background Job.Worker 5' state=Blocked executor=False imports=1807 nid=JTvBflhYazQ ret=0x0000000800A27985 block=sceKernelWaitEventFlag wake=event_flag:0x0000000000000004 host_managed=0 host_tid=0
[LOADER][TRACE] guest_thread.snapshot handle=0x000002A91F4CAC20 name='Background Job.Worker 6' state=Blocked executor=False imports=1525 nid=JTvBflhYazQ ret=0x0000000800A27985 block=sceKernelWaitEventFlag wake=event_flag:0x0000000000000004 host_managed=0 host_tid=0
[LOADER][TRACE] guest_thread.snapshot handle=0x000002A91F4C7BF0 name='Background Job.Worker 7' state=Blocked executor=False imports=1525 nid=JTvBflhYazQ ret=0x0000000800A27985 block=sceKernelWaitEventFlag wake=event_flag:0x0000000000000004 host_managed=0 host_tid=0
[LOADER][TRACE] guest_thread.snapshot handle=0x000002A91F4C9C10 name='Background Job.Worker 8' state=Blocked executor=False imports=1288 nid=JTvBflhYazQ ret=0x0000000800A27985 block=sceKernelWaitEventFlag wake=event_flag:0x0000000000000004 host_managed=0 host_tid=0
[LOADER][TRACE] guest_thread.snapshot handle=0x000002A91F4CBC30 name='Background Job.Worker 9' state=Blocked executor=False imports=1066 nid=JTvBflhYazQ ret=0x0000000800A27985 block=sceKernelWaitEventFlag wake=event_flag:0x0000000000000004 host_managed=0 host_tid=0
[LOADER][TRACE] guest_thread.snapshot handle=0x000002A91F4C8C00 name='Background Job.Worker 10' state=Blocked executor=False imports=1046 nid=JTvBflhYazQ ret=0x0000000800A27985 block=sceKernelWaitEventFlag wake=event_flag:0x0000000000000004 host_managed=0 host_tid=0
[LOADER][TRACE] guest_thread.snapshot handle=0x000002A91F4CDC50 name='Background Job.Worker 11' state=Blocked executor=False imports=1058 nid=JTvBflhYazQ ret=0x0000000800A27985 block=sceKernelWaitEventFlag wake=event_flag:0x0000000000000004 host_managed=0 host_tid=0
[LOADER][TRACE] guest_thread.snapshot handle=0x000002A91F4CCC40 name='Background Job.Worker 12' state=Blocked executor=False imports=984 nid=JTvBflhYazQ ret=0x0000000800A27985 block=sceKernelWaitEventFlag wake=event_flag:0x0000000000000004 host_managed=0 host_tid=0
[LOADER][TRACE] guest_thread.snapshot handle=0x000002A91F4CEC60 name='Background Job.Worker 13' state=Blocked executor=False imports=1171 nid=JTvBflhYazQ ret=0x0000000800A27985 block=sceKernelWaitEventFlag wake=event_flag:0x0000000000000004 host_managed=0 host_tid=0
[LOADER][TRACE] guest_thread.snapshot handle=0x000002A91F4D1C90 name='Background Job.Worker 14' state=Blocked executor=False imports=1035 nid=JTvBflhYazQ ret=0x0000000800A27985 block=sceKernelWaitEventFlag wake=event_flag:0x0000000000000004 host_managed=0 host_tid=0
[LOADER][TRACE] guest_thread.snapshot handle=0x000002A91F4D2CA0 name='Background Job.Worker 15' state=Blocked executor=False imports=1018 nid=JTvBflhYazQ ret=0x0000000800A27985 block=sceKernelWaitEventFlag wake=event_flag:0x0000000000000004 host_managed=0 host_tid=0
[LOADER][TRACE] guest_thread.snapshot handle=0x000002A91F4CFC70 name='BatchDeleteObjects' state=Blocked executor=False imports=74 nid=04AjkP0jO9U ret=0x000000080A821799 block=_umtx_op_wait wake=sceKernelSyncOnAddress:0000000603909730 host_managed=0 host_tid=0
[LOADER][TRACE] guest_thread.snapshot handle=0x000002A91F4D3CB0 name='Loading.AsyncRead' state=Blocked executor=False imports=20665 nid=04AjkP0jO9U ret=0x000000080A821799 block=_umtx_op_wait wake=sceKernelSyncOnAddress:0000000600702F50 host_managed=0 host_tid=0
[LOADER][TRACE] guest_thread.snapshot handle=0x000002A91F4D0C80 name='Thread-2A91F4D0C80' state=Running executor=True imports=26 nid=tn3VlD0hG60 ret=0x00000008013EED51 block=none wake=none host_managed=71 host_tid=33352
[LOADER][TRACE] guest_thread.snapshot handle=0x000002A91F4D5CD0 name='UnityEOPThread' state=Blocked executor=False imports=20 nid=fzyMKs9kim0 ret=0x00000008013E33D3 block=sceKernelWaitEqueue wake=sceKernelWaitEqueue:0000000000000003:0000000000000002 host_managed=0 host_tid=0
[LOADER][TRACE] guest_thread.snapshot handle=0x000002A91F4D6CE0 name='GfxFlipThread' state=Blocked executor=False imports=29 nid=fzyMKs9kim0 ret=0x00000008013BFDEF block=sceKernelWaitEqueue wake=sceKernelWaitEqueue:0000000000000005:0000000000000004 host_managed=0 host_tid=0
[LOADER][TRACE] guest_thread.snapshot handle=0x000002A91F4D4CC0 name='UnityGfxDeviceWorker' state=Blocked executor=False imports=60005 nid=04AjkP0jO9U ret=0x000000080A821799 block=_umtx_op_wait wake=sceKernelSyncOnAddress:0000000603911DD0 host_managed=0 host_tid=0
[LOADER][TRACE] guest_thread.snapshot handle=0x000002A91F4D8D00 name='Gfx Task Executor' state=Blocked executor=False imports=86 nid=04AjkP0jO9U ret=0x000000080A821799 block=_umtx_op_wait wake=sceKernelSyncOnAddress:0000000603922B70 host_managed=0 host_tid=0
[LOADER][TRACE] guest_thread.snapshot handle=0x000002A91B6F7D70 name='Loading.PreloadManager' state=Running executor=True imports=3189072 nid=aI+OeCz8xrQ ret=0x0000000800C93CEC block=none wake=none host_managed=77 host_tid=36240
[LOADER][WARN] Import#5975962 result: -1 (04AjkP0jO9U) rdi=0x0000000606E0C098 rsi=0x0000000000000002 rdx=0x0000000000000000 rcx=0x0000000000000000 ret=0x000000080A821799
[LOADER][WARN] Import#5975981 result: -1 (04AjkP0jO9U) rdi=0x0000000606E0C098 rsi=0x0000000000000002 rdx=0x0000000000000000 rcx=0x0000000000000000 ret=0x000000080A821799
[LOADER][WARN] Import#5975994 result: -1 (04AjkP0jO9U) rdi=0x0000000606E0C098 rsi=0x0000000000000002 rdx=0x0000000000000000 rcx=0x0000000000000000 ret=0x000000080A821799
[LOADER][WARN] Import#5976013 result: -1 (04AjkP0jO9U) rdi=0x0000000606E0C098 rsi=0x0000000000000002 rdx=0x0000000000000000 rcx=0x0000000000000000 ret=0x000000080A821799
[LOADER][WARN] Import#5976026 result: -1 (04AjkP0jO9U) rdi=0x0000000606E0C098 rsi=0x0000000000000002 rdx=0x0000000000000000 rcx=0x0000000000000000 ret=0x000000080A821799
[LOADER][WARN] Import#5976045 result: -1 (04AjkP0jO9U) rdi=0x0000000606E0C098 rsi=0x0000000000000002 rdx=0x0000000000000000 rcx=0x0000000000000000 ret=0x000000080A821799
[LOADER][WARN] Import#5976064 result: -1 (04AjkP0jO9U) rdi=0x0000000606E0C098 rsi=0x0000000000000002 rdx=0x0000000000000000 rcx=0x0000000000000000 ret=0x000000080A821799
[LOADER][WARN] Import#6590221 result: -1 (04AjkP0jO9U) rdi=0x0000000606E0C098 rsi=0x0000000000000002 rdx=0x0000000000000000 rcx=0x0000000000000000 ret=0x000000080A821799
[LOADER][TRACE] guest_exception.queued target=0x000002A964368570 type=0x1E mode=external
[LOADER][TRACE] guest_exception.raise target=0x000002A964368570 type=0x1E handler=0x000000080A821210
[LOADER][TRACE] guest_exception.delivery_enter target=0x000002A91E5862F0 type=0x1E mode=parked rip=0x0000000804F3A074 rsp=0x00007FFFD31FFED0 rbp=0x00007FFFD31FFF40 rbx=0x0000000100000B60 r12=0x0000000804FF36B0 r13=0x00000001014D7960 r14=0x00000001014D7980 r15=0x0000000000000000 stack=0x00007FFFD1000000 callback=0x0000000805007510
[LOADER][TRACE] guest_exception.raise target=0x000002A91E5862F0 type=0x1E handler=0x000000080A821210
[LOADER][TRACE] guest_exception.safe_point_enter target=0x000002A964368570 type=0x1E rip=0x000000080A821799
[LOADER][WARN] Import#6590240 result: -1 (04AjkP0jO9U) rdi=0x0000000606E0C098 rsi=0x0000000000000002 rdx=0x0000000000000000 rcx=0x0000000000000000 ret=0x000000080A821799
[LOADER][TRACE] guest_exception.delivery_exit target=0x000002A91E5862F0 type=0x1E success=True error=none elapsed_ms=8.551 record=0x0000000000000000 stack_bound=0x0000000000000000 recorded_rsp=0x0000000000000000
[LOADER][WARN] Import#6590264 result: -1 (04AjkP0jO9U) rdi=0x0000000606E0C098 rsi=0x0000000000000002 rdx=0x0000000000000000 rcx=0x0000000000000000 ret=0x000000080A821799
[LOADER][WARN] Import#6590277 result: -1 (04AjkP0jO9U) rdi=0x0000000606E0C098 rsi=0x0000000000000002 rdx=0x0000000000000000 rcx=0x0000000000000000 ret=0x000000080A821799
[LOADER][WARN] Import#6590296 result: -1 (04AjkP0jO9U) rdi=0x0000000606E0C098 rsi=0x0000000000000002 rdx=0x0000000000000000 rcx=0x0000000000000000 ret=0x000000080A821799
[LOADER][WARN] Import#6590309 result: -1 (04AjkP0jO9U) rdi=0x0000000606E0C098 rsi=0x0000000000000002 rdx=0x0000000000000000 rcx=0x0000000000000000 ret=0x000000080A821799
[LOADER][WARN] Import#6590328 result: -1 (04AjkP0jO9U) rdi=0x0000000606E0C098 rsi=0x0000000000000002 rdx=0x0000000000000000 rcx=0x0000000000000000 ret=0x000000080A821799
[LOADER][WARN] Import#6590341 result: -1 (04AjkP0jO9U) rdi=0x0000000606E0C098 rsi=0x0000000000000002 rdx=0x0000000000000000 rcx=0x0000000000000000 ret=0x000000080A821799
[LOADER][WARN] Import#6590360 result: -1 (04AjkP0jO9U) rdi=0x0000000606E0C098 rsi=0x0000000000000002 rdx=0x0000000000000000 rcx=0x0000000000000000 ret=0x000000080A821799
[LOADER][WARN] Import#6590379 result: -1 (04AjkP0jO9U) rdi=0x0000000606E0C098 rsi=0x0000000000000002 rdx=0x0000000000000000 rcx=0x0000000000000000 ret=0x000000080A821799
[LOADER][WARN] Import#6590392 result: -1 (04AjkP0jO9U) rdi=0x0000000606E0C098 rsi=0x0000000000000002 rdx=0x0000000000000000 rcx=0x0000000000000000 ret=0x000000080A821799
[LOADER][WARN] Import#6590411 result: -1 (04AjkP0jO9U) rdi=0x0000000606E0C098 rsi=0x0000000000000002 rdx=0x0000000000000000 rcx=0x0000000000000000 ret=0x000000080A821799
[LOADER][WARN] Import#6590424 result: -1 (04AjkP0jO9U) rdi=0x0000000606E0C098 rsi=0x0000000000000002 rdx=0x0000000000000000 rcx=0x0000000000000000 ret=0x000000080A821799
[LOADER][WARN] Import#6590443 result: -1 (04AjkP0jO9U) rdi=0x0000000606E0C098 rsi=0x0000000000000002 rdx=0x0000000000000000 rcx=0x0000000000000000 ret=0x000000080A821799
[LOADER][WARN] Import#6590456 result: -1 (04AjkP0jO9U) rdi=0x0000000606E0C098 rsi=0x0000000000000002 rdx=0x0000000000000000 rcx=0x0000000000000000 ret=0x000000080A821799
[LOADER][WARN] Import#7262475 result: -1 (04AjkP0jO9U) rdi=0x0000000606E0C098 rsi=0x0000000000000002 rdx=0x0000000000000000 rcx=0x0000000000000000 ret=0x000000080A821799
[LOADER][WARN] Import#7262494 result: -1 (04AjkP0jO9U) rdi=0x0000000606E0C098 rsi=0x0000000000000002 rdx=0x0000000000000000 rcx=0x0000000000000000 ret=0x000000080A821799
[LOADER][WARN] Import#7262507 result: -1 (04AjkP0jO9U) rdi=0x0000000606E0C098 rsi=0x0000000000000002 rdx=0x0000000000000000 rcx=0x0000000000000000 ret=0x000000080A821799
[LOADER][WARN] Import#7262526 result: -1 (04AjkP0jO9U) rdi=0x0000000606E0C098 rsi=0x0000000000000002 rdx=0x0000000000000000 rcx=0x0000000000000000 ret=0x000000080A821799
[LOADER][WARN] Import#7262545 result: -1 (04AjkP0jO9U) rdi=0x0000000606E0C098 rsi=0x0000000000000002 rdx=0x0000000000000000 rcx=0x0000000000000000 ret=0x000000080A821799
[LOADER][WARN] Import#7262564 result: -1 (04AjkP0jO9U) rdi=0x0000000606E0C098 rsi=0x0000000000000002 rdx=0x0000000000000000 rcx=0x0000000000000000 ret=0x000000080A821799
[LOADER][WARN] Import#7262577 result: -1 (04AjkP0jO9U) rdi=0x0000000606E0C098 rsi=0x0000000000000002 rdx=0x0000000000000000 rcx=0x0000000000000000 ret=0x000000080A821799
[LOADER][WARN] Import#7262596 result: -1 (04AjkP0jO9U) rdi=0x0000000606E0C098 rsi=0x0000000000000002 rdx=0x0000000000000000 rcx=0x0000000000000000 ret=0x000000080A821799
[LOADER][WARN] Import#7262615 result: -1 (04AjkP0jO9U) rdi=0x0000000606E0C098 rsi=0x0000000000000002 rdx=0x0000000000000000 rcx=0x0000000000000000 ret=0x000000080A821799
[LOADER][WARN] Import#7262628 result: -1 (04AjkP0jO9U) rdi=0x0000000606E0C098 rsi=0x0000000000000002 rdx=0x0000000000000000 rcx=0x0000000000000000 ret=0x000000080A821799
[LOADER][WARN] Import#7262647 result: -1 (04AjkP0jO9U) rdi=0x0000000606E0C098 rsi=0x0000000000000002 rdx=0x0000000000000000 rcx=0x0000000000000000 ret=0x000000080A821799
[LOADER][WARN] Import#7262660 result: -1 (04AjkP0jO9U) rdi=0x0000000606E0C098 rsi=0x0000000000000002 rdx=0x0000000000000000 rcx=0x0000000000000000 ret=0x000000080A821799
[LOADER][WARN] Import#7262679 result: -1 (04AjkP0jO9U) rdi=0x0000000606E0C098 rsi=0x0000000000000002 rdx=0x0000000000000000 rcx=0x0000000000000000 ret=0x000000080A821799
[LOADER][WARN] Import#7262698 result: -1 (04AjkP0jO9U) rdi=0x0000000606E0C098 rsi=0x0000000000000002 rdx=0x0000000000000000 rcx=0x0000000000000000 ret=0x000000080A821799
[LOADER][WARN] Import#7262711 result: -1 (04AjkP0jO9U) rdi=0x0000000606E0C098 rsi=0x0000000000000002 rdx=0x0000000000000000 rcx=0x0000000000000000 ret=0x000000080A821799
[LOADER][WARN] Import#8005898 result: -1 (04AjkP0jO9U) rdi=0x0000000606E0C098 rsi=0x0000000000000002 rdx=0x0000000000000000 rcx=0x0000000000000000 ret=0x000000080A821799
[LOADER][WARN] Import#8005911 result: -1 (04AjkP0jO9U) rdi=0x0000000606E0C098 rsi=0x0000000000000002 rdx=0x0000000000000000 rcx=0x0000000000000000 ret=0x000000080A821799
[LOADER][WARN] Import#8005930 result: -1 (04AjkP0jO9U) rdi=0x0000000606E0C098 rsi=0x0000000000000002 rdx=0x0000000000000000 rcx=0x0000000000000000 ret=0x000000080A821799
[LOADER][WARN] Import#8005949 result: -1 (04AjkP0jO9U) rdi=0x0000000606E0C098 rsi=0x0000000000000002 rdx=0x0000000000000000 rcx=0x0000000000000000 ret=0x000000080A821799
[LOADER][WARN] Import#8005968 result: -1 (04AjkP0jO9U) rdi=0x0000000606E0C098 rsi=0x0000000000000002 rdx=0x0000000000000000 rcx=0x0000000000000000 ret=0x000000080A821799
[LOADER][WARN] Import#8005987 result: -1 (04AjkP0jO9U) rdi=0x0000000606E0C098 rsi=0x0000000000000002 rdx=0x0000000000000000 rcx=0x0000000000000000 ret=0x000000080A821799
[LOADER][WARN] Import#8006006 result: -1 (04AjkP0jO9U) rdi=0x0000000606E0C098 rsi=0x0000000000000002 rdx=0x0000000000000000 rcx=0x0000000000000000 ret=0x000000080A821799
[LOADER][WARN] Import#8434748 unresolved: nid=4fU5yvOkVG4 ret=0x0000000804037C51 rdi=0x0000000804FCD19C rsi=0x0000000000000001 rdx=0x00007FFFAC1FAD58 rcx=0x00000008040371F4 r8=0x0000000000000003 r9=0x00007FFFAC1FAAE8
[LOADER][WARN] Import#8006019 result: -1 (04AjkP0jO9U) rdi=0x0000000606E0C098 rsi=0x0000000000000002 rdx=0x0000000000000000 rcx=0x0000000000000000 ret=0x000000080A821799
[LOADER][TRACE] guest_exception.queued target=0x000002A964368570 type=0x1E mode=external
[LOADER][TRACE] guest_exception.raise target=0x000002A964368570 type=0x1E handler=0x000000080A821210
[LOADER][TRACE] guest_exception.delivery_enter target=0x000002A91E5862F0 type=0x1E mode=parked rip=0x0000000804F3A074 rsp=0x00007FFFD31FFED0 rbp=0x00007FFFD31FFF40 rbx=0x0000000100000B60 r12=0x0000000804FF36B0 r13=0x00000001014D7960 r14=0x00000001014D7980 r15=0x0000000000000000 stack=0x00007FFFD1000000 callback=0x0000000805007510
[LOADER][TRACE] guest_exception.raise target=0x000002A91E5862F0 type=0x1E handler=0x000000080A821210
[LOADER][TRACE] guest_exception.safe_point_enter target=0x000002A964368570 type=0x1E rip=0x000000080A821799
[LOADER][WARN] Import#8006038 result: -1 (04AjkP0jO9U) rdi=0x0000000606E0C098 rsi=0x0000000000000002 rdx=0x0000000000000000 rcx=0x0000000000000000 ret=0x000000080A821799
[LOADER][TRACE] guest_exception.delivery_exit target=0x000002A91E5862F0 type=0x1E success=True error=none elapsed_ms=13.533 record=0x0000000000000000 stack_bound=0x0000000000000000 recorded_rsp=0x0000000000000000
[LOADER][WARN] Import#8006062 result: -1 (04AjkP0jO9U) rdi=0x0000000606E0C098 rsi=0x0000000000000002 rdx=0x0000000000000000 rcx=0x0000000000000000 ret=0x000000080A821799
[LOADER][WARN] Import#8006075 result: -1 (04AjkP0jO9U) rdi=0x0000000606E0C098 rsi=0x0000000000000002 rdx=0x0000000000000000 rcx=0x0000000000000000 ret=0x000000080A821799
[LOADER][WARN] Import#8006094 result: -1 (04AjkP0jO9U) rdi=0x0000000606E0C098 rsi=0x0000000000000002 rdx=0x0000000000000000 rcx=0x0000000000000000 ret=0x000000080A821799
[LOADER][WARN] Import#8006107 result: -1 (04AjkP0jO9U) rdi=0x0000000606E0C098 rsi=0x0000000000000002 rdx=0x0000000000000000 rcx=0x0000000000000000 ret=0x000000080A821799
[LOADER][WARN] Import#8006126 result: -1 (04AjkP0jO9U) rdi=0x0000000606E0C098 rsi=0x0000000000000002 rdx=0x0000000000000000 rcx=0x0000000000000000 ret=0x000000080A821799
[LOADER][WARN] Import#8006139 result: -1 (04AjkP0jO9U) rdi=0x0000000606E0C098 rsi=0x0000000000000002 rdx=0x0000000000000000 rcx=0x0000000000000000 ret=0x000000080A821799
[LOADER][WARN] Import#8789774 result: -1 (04AjkP0jO9U) rdi=0x0000000606E0C098 rsi=0x0000000000000002 rdx=0x0000000000000000 rcx=0x0000000000000000 ret=0x000000080A821799
[LOADER][WARN] Import#8789787 result: -1 (04AjkP0jO9U) rdi=0x0000000606E0C098 rsi=0x0000000000000002 rdx=0x0000000000000000 rcx=0x0000000000000000 ret=0x000000080A821799
[LOADER][WARN] Import#8789806 result: -1 (04AjkP0jO9U) rdi=0x0000000606E0C098 rsi=0x0000000000000002 rdx=0x0000000000000000 rcx=0x0000000000000000 ret=0x000000080A821799
[LOADER][WARN] Import#8789819 result: -1 (04AjkP0jO9U) rdi=0x0000000606E0C098 rsi=0x0000000000000002 rdx=0x0000000000000000 rcx=0x0000000000000000 ret=0x000000080A821799
[LOADER][WARN] Import#8789838 result: -1 (04AjkP0jO9U) rdi=0x0000000606E0C098 rsi=0x0000000000000002 rdx=0x0000000000000000 rcx=0x0000000000000000 ret=0x000000080A821799
[LOADER][WARN] Import#8789857 result: -1 (04AjkP0jO9U) rdi=0x0000000606E0C098 rsi=0x0000000000000002 rdx=0x0000000000000000 rcx=0x0000000000000000 ret=0x000000080A821799
[LOADER][TRACE] guest_exception.queued target=0x000002A964368570 type=0x1E mode=external
[LOADER][TRACE] guest_exception.raise target=0x000002A964368570 type=0x1E handler=0x000000080A821210
[LOADER][TRACE] guest_exception.delivery_enter target=0x000002A91E5862F0 type=0x1E mode=parked rip=0x0000000804F3A074 rsp=0x00007FFFD31FFED0 rbp=0x00007FFFD31FFF40 rbx=0x0000000100000B60 r12=0x0000000804FF36B0 r13=0x00000001014D7960 r14=0x00000001014D7980 r15=0x0000000000000000 stack=0x00007FFFD1000000 callback=0x0000000805007510
[LOADER][TRACE] guest_exception.raise target=0x000002A91E5862F0 type=0x1E handler=0x000000080A821210
[LOADER][TRACE] guest_exception.safe_point_enter target=0x000002A964368570 type=0x1E rip=0x000000080A821799
[LOADER][WARN] Import#8789876 result: -1 (04AjkP0jO9U) rdi=0x0000000606E0C098 rsi=0x0000000000000002 rdx=0x0000000000000000 rcx=0x0000000000000000 ret=0x000000080A821799
[LOADER][TRACE] guest_exception.delivery_exit target=0x000002A91E5862F0 type=0x1E success=True error=none elapsed_ms=14.946 record=0x0000000000000000 stack_bound=0x0000000000000000 recorded_rsp=0x0000000000000000
[LOADER][WARN] Import#8789900 result: -1 (04AjkP0jO9U) rdi=0x0000000606E0C098 rsi=0x0000000000000002 rdx=0x0000000000000000 rcx=0x0000000000000000 ret=0x000000080A821799
[LOADER][WARN] Import#8789913 result: -1 (04AjkP0jO9U) rdi=0x0000000606E0C098 rsi=0x0000000000000002 rdx=0x0000000000000000 rcx=0x0000000000000000 ret=0x000000080A821799
[LOADER][WARN] Import#8789932 result: -1 (04AjkP0jO9U) rdi=0x0000000606E0C098 rsi=0x0000000000000002 rdx=0x0000000000000000 rcx=0x0000000000000000 ret=0x000000080A821799
[LOADER][WARN] Import#8789951 result: -1 (04AjkP0jO9U) rdi=0x0000000606E0C098 rsi=0x0000000000000002 rdx=0x0000000000000000 rcx=0x0000000000000000 ret=0x000000080A821799
[LOADER][WARN] Import#8789970 result: -1 (04AjkP0jO9U) rdi=0x0000000606E0C098 rsi=0x0000000000000002 rdx=0x0000000000000000 rcx=0x0000000000000000 ret=0x000000080A821799
[LOADER][WARN] Import#8789989 result: -1 (04AjkP0jO9U) rdi=0x0000000606E0C098 rsi=0x0000000000000002 rdx=0x0000000000000000 rcx=0x0000000000000000 ret=0x000000080A821799
[LOADER][TRACE] guest_thread.snapshot handle=0x000002A96436A590 name='AssetGarbageCollectorHelper' state=Blocked executor=False imports=88 nid=04AjkP0jO9U ret=0x000000080A821799 block=_umtx_op_wait wake=sceKernelSyncOnAddress:00000006006CF7D8 host_managed=0 host_tid=0
[LOADER][TRACE] guest_thread.snapshot handle=0x000002A96436B5A0 name='AssetGarbageCollectorHelper' state=Blocked executor=False imports=87 nid=04AjkP0jO9U ret=0x000000080A821799 block=_umtx_op_wait wake=sceKernelSyncOnAddress:00000006006CF928 host_managed=0 host_tid=0
[LOADER][TRACE] guest_thread.snapshot handle=0x000002A96436C5B0 name='AssetGarbageCollectorHelper' state=Blocked executor=False imports=88 nid=04AjkP0jO9U ret=0x000000080A821799 block=_umtx_op_wait wake=sceKernelSyncOnAddress:00000006006CFA78 host_managed=0 host_tid=0
[LOADER][TRACE] guest_thread.snapshot handle=0x000002A96436E5D0 name='AssetGarbageCollectorHelper' state=Blocked executor=False imports=87 nid=04AjkP0jO9U ret=0x000000080A821799 block=_umtx_op_wait wake=sceKernelSyncOnAddress:00000006006CFBC8 host_managed=0 host_tid=0
[LOADER][TRACE] guest_thread.snapshot handle=0x000002A91E580290 name='AssetGarbageCollectorHelper' state=Blocked executor=False imports=87 nid=04AjkP0jO9U ret=0x000000080A821799 block=_umtx_op_wait wake=sceKernelSyncOnAddress:00000006006CFD18 host_managed=0 host_tid=0
[LOADER][TRACE] guest_thread.snapshot handle=0x000002A91E5822B0 name='AssetGarbageCollectorHelper' state=Blocked executor=False imports=87 nid=04AjkP0jO9U ret=0x000000080A821799 block=_umtx_op_wait wake=sceKernelSyncOnAddress:00000006006CFE68 host_managed=0 host_tid=0
[LOADER][TRACE] guest_thread.snapshot handle=0x000002A91E5832C0 name='AssetGarbageCollectorHelper' state=Blocked executor=False imports=88 nid=04AjkP0jO9U ret=0x000000080A821799 block=_umtx_op_wait wake=sceKernelSyncOnAddress:00000006006CFFB8 host_managed=0 host_tid=0
[LOADER][TRACE] guest_thread.snapshot handle=0x000002A91E5842D0 name='AssetGarbageCollectorHelper' state=Blocked executor=False imports=87 nid=04AjkP0jO9U ret=0x000000080A821799 block=_umtx_op_wait wake=sceKernelSyncOnAddress:00000006006D0108 host_managed=0 host_tid=0
[LOADER][TRACE] guest_thread.snapshot handle=0x000002A91E5812A0 name='AssetGarbageCollectorHelper' state=Blocked executor=False imports=88 nid=04AjkP0jO9U ret=0x000000080A821799 block=_umtx_op_wait wake=sceKernelSyncOnAddress:00000006006D0258 host_managed=0 host_tid=0
[LOADER][TRACE] guest_thread.snapshot handle=0x000002A91E5852E0 name='AssetGarbageCollectorHelper' state=Blocked executor=False imports=87 nid=04AjkP0jO9U ret=0x000000080A821799 block=_umtx_op_wait wake=sceKernelSyncOnAddress:00000006006D03A8 host_managed=0 host_tid=0
[LOADER][TRACE] guest_thread.snapshot handle=0x000002A91E588310 name='AssetGarbageCollectorHelper' state=Blocked executor=False imports=88 nid=04AjkP0jO9U ret=0x000000080A821799 block=_umtx_op_wait wake=sceKernelSyncOnAddress:00000006006D04F8 host_managed=0 host_tid=0
[LOADER][TRACE] guest_thread.snapshot handle=0x000002A91E589320 name='AssetGarbageCollectorHelper' state=Blocked executor=False imports=87 nid=04AjkP0jO9U ret=0x000000080A821799 block=_umtx_op_wait wake=sceKernelSyncOnAddress:00000006006D0648 host_managed=0 host_tid=0
[LOADER][TRACE] guest_thread.snapshot handle=0x000002A91E587300 name='AssetGarbageCollectorHelper' state=Blocked executor=False imports=88 nid=04AjkP0jO9U ret=0x000000080A821799 block=_umtx_op_wait wake=sceKernelSyncOnAddress:00000006006D0798 host_managed=0 host_tid=0
[LOADER][TRACE] guest_thread.snapshot handle=0x000002A91E5862F0 name='Thread-2A91E5862F0' state=Blocked executor=False imports=268 nid=4czppHBiriw ret=0x0000000805007634 block=pthread_cond_wait wake=pthread_cond_waiter:1 host_managed=0 host_tid=0
[LOADER][TRACE] guest_thread.snapshot handle=0x000002A91E58C350 name='Job.Worker 0' state=Blocked executor=False imports=2208 nid=JTvBflhYazQ ret=0x0000000800A27985 block=sceKernelWaitEventFlag wake=event_flag:0x0000000000000003 host_managed=0 host_tid=0
[LOADER][TRACE] guest_thread.snapshot handle=0x000002A91E58D360 name='Job.Worker 1' state=Blocked executor=False imports=1166 nid=JTvBflhYazQ ret=0x0000000800A27985 block=sceKernelWaitEventFlag wake=event_flag:0x0000000000000003 host_managed=0 host_tid=0
[LOADER][TRACE] guest_thread.snapshot handle=0x000002A91E58B340 name='Job.Worker 2' state=Blocked executor=False imports=820 nid=JTvBflhYazQ ret=0x0000000800A27985 block=sceKernelWaitEventFlag wake=event_flag:0x0000000000000003 host_managed=0 host_tid=0
[LOADER][TRACE] guest_thread.snapshot handle=0x000002A91E58A330 name='Job.Worker 3' state=Blocked executor=False imports=420 nid=JTvBflhYazQ ret=0x0000000800A27985 block=sceKernelWaitEventFlag wake=event_flag:0x0000000000000003 host_managed=0 host_tid=0
[LOADER][TRACE] guest_thread.snapshot handle=0x000002A91E58E370 name='Job.Worker 4' state=Blocked executor=False imports=335 nid=JTvBflhYazQ ret=0x0000000800A27985 block=sceKernelWaitEventFlag wake=event_flag:0x0000000000000003 host_managed=0 host_tid=0
[LOADER][TRACE] guest_thread.snapshot handle=0x000002A96436D5C0 name='Job.Worker 5' state=Blocked executor=False imports=422 nid=JTvBflhYazQ ret=0x0000000800A27985 block=sceKernelWaitEventFlag wake=event_flag:0x0000000000000003 host_managed=0 host_tid=0
[LOADER][TRACE] guest_thread.snapshot handle=0x000002A91F4BAB20 name='Job.Worker 6' state=Blocked executor=False imports=344 nid=JTvBflhYazQ ret=0x0000000800A27985 block=sceKernelWaitEventFlag wake=event_flag:0x0000000000000003 host_managed=0 host_tid=0
[LOADER][TRACE] guest_thread.snapshot handle=0x000002A91F4BEB60 name='Job.Worker 7' state=Blocked executor=False imports=375 nid=JTvBflhYazQ ret=0x0000000800A27985 block=sceKernelWaitEventFlag wake=event_flag:0x0000000000000003 host_managed=0 host_tid=0
[LOADER][TRACE] guest_thread.snapshot handle=0x000002A91F4BBB30 name='Job.Worker 8' state=Blocked executor=False imports=358 nid=JTvBflhYazQ ret=0x0000000800A27985 block=sceKernelWaitEventFlag wake=event_flag:0x0000000000000003 host_managed=0 host_tid=0
[LOADER][TRACE] guest_thread.snapshot handle=0x000002A91F4BFB70 name='Job.Worker 9' state=Blocked executor=False imports=552 nid=JTvBflhYazQ ret=0x0000000800A27985 block=sceKernelWaitEventFlag wake=event_flag:0x0000000000000003 host_managed=0 host_tid=0
[LOADER][TRACE] guest_thread.snapshot handle=0x000002A91F4BDB50 name='Job.Worker 10' state=Blocked executor=False imports=404 nid=JTvBflhYazQ ret=0x0000000800A27985 block=sceKernelWaitEventFlag wake=event_flag:0x0000000000000003 host_managed=0 host_tid=0
[LOADER][TRACE] guest_thread.snapshot handle=0x000002A91F4BCB40 name='Job.Worker 11' state=Blocked executor=False imports=362 nid=JTvBflhYazQ ret=0x0000000800A27985 block=sceKernelWaitEventFlag wake=event_flag:0x0000000000000003 host_managed=0 host_tid=0
[LOADER][TRACE] guest_thread.snapshot handle=0x000002A91F4C0B80 name='Job.Worker 12' state=Blocked executor=False imports=505 nid=JTvBflhYazQ ret=0x0000000800A27985 block=sceKernelWaitEventFlag wake=event_flag:0x0000000000000003 host_managed=0 host_tid=0
[LOADER][TRACE] guest_thread.snapshot handle=0x000002A91F4C1B90 name='Background Job.Worker 0' state=Blocked executor=False imports=10052 nid=JTvBflhYazQ ret=0x0000000800A27985 block=sceKernelWaitEventFlag wake=event_flag:0x0000000000000004 host_managed=0 host_tid=0
[LOADER][TRACE] guest_thread.snapshot handle=0x000002A91F4C2BA0 name='Background Job.Worker 1' state=Blocked executor=False imports=5895 nid=JTvBflhYazQ ret=0x0000000800A27985 block=sceKernelWaitEventFlag wake=event_flag:0x0000000000000004 host_managed=0 host_tid=0
[LOADER][TRACE] guest_thread.snapshot handle=0x000002A91F4C5BD0 name='Background Job.Worker 2' state=Blocked executor=False imports=2933 nid=JTvBflhYazQ ret=0x0000000800A27985 block=sceKernelWaitEventFlag wake=event_flag:0x0000000000000004 host_managed=0 host_tid=0
[LOADER][TRACE] guest_thread.snapshot handle=0x000002A91F4C4BC0 name='Background Job.Worker 3' state=Blocked executor=False imports=2465 nid=JTvBflhYazQ ret=0x0000000800A27985 block=sceKernelWaitEventFlag wake=event_flag:0x0000000000000004 host_managed=0 host_tid=0
[LOADER][TRACE] guest_thread.snapshot handle=0x000002A91F4C6BE0 name='Background Job.Worker 4' state=Blocked executor=False imports=1787 nid=JTvBflhYazQ ret=0x0000000800A27985 block=sceKernelWaitEventFlag wake=event_flag:0x0000000000000004 host_managed=0 host_tid=0
[LOADER][TRACE] guest_thread.snapshot handle=0x000002A91F4C3BB0 name='Background Job.Worker 5' state=Blocked executor=False imports=1807 nid=JTvBflhYazQ ret=0x0000000800A27985 block=sceKernelWaitEventFlag wake=event_flag:0x0000000000000004 host_managed=0 host_tid=0
[LOADER][TRACE] guest_thread.snapshot handle=0x000002A91F4CAC20 name='Background Job.Worker 6' state=Blocked executor=False imports=1525 nid=JTvBflhYazQ ret=0x0000000800A27985 block=sceKernelWaitEventFlag wake=event_flag:0x0000000000000004 host_managed=0 host_tid=0
[LOADER][TRACE] guest_thread.snapshot handle=0x000002A91F4C7BF0 name='Background Job.Worker 7' state=Blocked executor=False imports=1525 nid=JTvBflhYazQ ret=0x0000000800A27985 block=sceKernelWaitEventFlag wake=event_flag:0x0000000000000004 host_managed=0 host_tid=0
[LOADER][TRACE] guest_thread.snapshot handle=0x000002A91F4C9C10 name='Background Job.Worker 8' state=Blocked executor=False imports=1288 nid=JTvBflhYazQ ret=0x0000000800A27985 block=sceKernelWaitEventFlag wake=event_flag:0x0000000000000004 host_managed=0 host_tid=0
[LOADER][TRACE] guest_thread.snapshot handle=0x000002A91F4CBC30 name='Background Job.Worker 9' state=Blocked executor=False imports=1066 nid=JTvBflhYazQ ret=0x0000000800A27985 block=sceKernelWaitEventFlag wake=event_flag:0x0000000000000004 host_managed=0 host_tid=0
[LOADER][TRACE] guest_thread.snapshot handle=0x000002A91F4C8C00 name='Background Job.Worker 10' state=Blocked executor=False imports=1046 nid=JTvBflhYazQ ret=0x0000000800A27985 block=sceKernelWaitEventFlag wake=event_flag:0x0000000000000004 host_managed=0 host_tid=0
[LOADER][TRACE] guest_thread.snapshot handle=0x000002A91F4CDC50 name='Background Job.Worker 11' state=Blocked executor=False imports=1058 nid=JTvBflhYazQ ret=0x0000000800A27985 block=sceKernelWaitEventFlag wake=event_flag:0x0000000000000004 host_managed=0 host_tid=0
[LOADER][TRACE] guest_thread.snapshot handle=0x000002A91F4CCC40 name='Background Job.Worker 12' state=Blocked executor=False imports=984 nid=JTvBflhYazQ ret=0x0000000800A27985 block=sceKernelWaitEventFlag wake=event_flag:0x0000000000000004 host_managed=0 host_tid=0
[LOADER][TRACE] guest_thread.snapshot handle=0x000002A91F4CEC60 name='Background Job.Worker 13' state=Blocked executor=False imports=1171 nid=JTvBflhYazQ ret=0x0000000800A27985 block=sceKernelWaitEventFlag wake=event_flag:0x0000000000000004 host_managed=0 host_tid=0
[LOADER][TRACE] guest_thread.snapshot handle=0x000002A91F4D1C90 name='Background Job.Worker 14' state=Blocked executor=False imports=1035 nid=JTvBflhYazQ ret=0x0000000800A27985 block=sceKernelWaitEventFlag wake=event_flag:0x0000000000000004 host_managed=0 host_tid=0
[LOADER][TRACE] guest_thread.snapshot handle=0x000002A91F4D2CA0 name='Background Job.Worker 15' state=Blocked executor=False imports=1018 nid=JTvBflhYazQ ret=0x0000000800A27985 block=sceKernelWaitEventFlag wake=event_flag:0x0000000000000004 host_managed=0 host_tid=0
[LOADER][TRACE] guest_thread.snapshot handle=0x000002A91F4CFC70 name='BatchDeleteObjects' state=Blocked executor=False imports=84 nid=04AjkP0jO9U ret=0x000000080A821799 block=_umtx_op_wait wake=sceKernelSyncOnAddress:0000000603909730 host_managed=0 host_tid=0
[LOADER][TRACE] guest_thread.snapshot handle=0x000002A91F4D3CB0 name='Loading.AsyncRead' state=Blocked executor=False imports=20851 nid=04AjkP0jO9U ret=0x000000080A821799 block=_umtx_op_wait wake=sceKernelSyncOnAddress:0000000600702F50 host_managed=0 host_tid=0
[LOADER][TRACE] guest_thread.snapshot handle=0x000002A91F4D0C80 name='Thread-2A91F4D0C80' state=Running executor=True imports=40 nid=tn3VlD0hG60 ret=0x00000008013EED51 block=none wake=none host_managed=71 host_tid=33352
[LOADER][TRACE] guest_thread.snapshot handle=0x000002A91F4D5CD0 name='UnityEOPThread' state=Blocked executor=False imports=20 nid=fzyMKs9kim0 ret=0x00000008013E33D3 block=sceKernelWaitEqueue wake=sceKernelWaitEqueue:0000000000000003:0000000000000002 host_managed=0 host_tid=0
[LOADER][TRACE] guest_thread.snapshot handle=0x000002A91F4D6CE0 name='GfxFlipThread' state=Blocked executor=False imports=31 nid=fzyMKs9kim0 ret=0x00000008013BFDEF block=sceKernelWaitEqueue wake=sceKernelWaitEqueue:0000000000000005:0000000000000004 host_managed=0 host_tid=0
[LOADER][TRACE] guest_thread.snapshot handle=0x000002A91F4D4CC0 name='UnityGfxDeviceWorker' state=Blocked executor=False imports=60070 nid=04AjkP0jO9U ret=0x000000080A821799 block=_umtx_op_wait wake=sceKernelSyncOnAddress:0000000603911DD0 host_managed=0 host_tid=0
[LOADER][TRACE] guest_thread.snapshot handle=0x000002A91F4D8D00 name='Gfx Task Executor' state=Blocked executor=False imports=96 nid=04AjkP0jO9U ret=0x000000080A821799 block=_umtx_op_wait wake=sceKernelSyncOnAddress:0000000603922B70 host_managed=0 host_tid=0
[LOADER][TRACE] guest_thread.snapshot handle=0x000002A91B6F7D70 name='Loading.PreloadManager' state=Running executor=True imports=6375594 nid=K-jXhbt2gn4 ret=0x0000000805001861 block=none wake=none host_managed=77 host_tid=36240
[LOADER][WARN] Import#8790002 result: -1 (04AjkP0jO9U) rdi=0x0000000606E0C098 rsi=0x0000000000000002 rdx=0x0000000000000000 rcx=0x0000000000000000 ret=0x000000080A821799
[LOADER][WARN] Import#9716997 result: -1 (04AjkP0jO9U) rdi=0x0000000606E0C098 rsi=0x0000000000000002 rdx=0x0000000000000000 rcx=0x0000000000000000 ret=0x000000080A821799
[LOADER][WARN] Import#9717016 result: -1 (04AjkP0jO9U) rdi=0x0000000606E0C098 rsi=0x0000000000000002 rdx=0x0000000000000000 rcx=0x0000000000000000 ret=0x000000080A821799
[LOADER][TRACE] guest_exception.queued target=0x000002A964368570 type=0x1E mode=external
[LOADER][TRACE] guest_exception.raise target=0x000002A964368570 type=0x1E handler=0x000000080A821210
[LOADER][TRACE] guest_exception.delivery_enter target=0x000002A91E5862F0 type=0x1E mode=parked rip=0x0000000804F3A074 rsp=0x00007FFFD31FFED0 rbp=0x00007FFFD31FFF40 rbx=0x0000000100000B60 r12=0x0000000804FF36B0 r13=0x00000001014D7960 r14=0x00000001014D7980 r15=0x0000000000000000 stack=0x00007FFFD1000000 callback=0x0000000805007510
[LOADER][TRACE] guest_exception.raise target=0x000002A91E5862F0 type=0x1E handler=0x000000080A821210
[LOADER][TRACE] guest_exception.safe_point_enter target=0x000002A964368570 type=0x1E rip=0x000000080A821799
[LOADER][WARN] Import#9717035 result: -1 (04AjkP0jO9U) rdi=0x0000000606E0C098 rsi=0x0000000000000002 rdx=0x0000000000000000 rcx=0x0000000000000000 ret=0x000000080A821799
[LOADER][TRACE] guest_exception.delivery_exit target=0x000002A91E5862F0 type=0x1E success=True error=none elapsed_ms=14.986 record=0x0000000000000000 stack_bound=0x0000000000000000 recorded_rsp=0x0000000000000000
[LOADER][WARN] Import#9717059 result: -1 (04AjkP0jO9U) rdi=0x0000000606E0C098 rsi=0x0000000000000002 rdx=0x0000000000000000 rcx=0x0000000000000000 ret=0x000000080A821799
[LOADER][WARN] Import#9717072 result: -1 (04AjkP0jO9U) rdi=0x0000000606E0C098 rsi=0x0000000000000002 rdx=0x0000000000000000 rcx=0x0000000000000000 ret=0x000000080A821799
[LOADER][TRACE] guest_exception.queued target=0x000002A964368570 type=0x1E mode=external
[LOADER][TRACE] guest_exception.raise target=0x000002A964368570 type=0x1E handler=0x000000080A821210
[LOADER][TRACE] guest_exception.delivery_enter target=0x000002A91E5862F0 type=0x1E mode=parked rip=0x0000000804F3A074 rsp=0x00007FFFD31FFED0 rbp=0x00007FFFD31FFF40 rbx=0x0000000100000B60 r12=0x0000000804FF36B0 r13=0x00000001014D7960 r14=0x00000001014D7980 r15=0x0000000000000000 stack=0x00007FFFD1000000 callback=0x0000000805007510
[LOADER][TRACE] guest_exception.raise target=0x000002A91E5862F0 type=0x1E handler=0x000000080A821210
[LOADER][TRACE] guest_exception.safe_point_enter target=0x000002A964368570 type=0x1E rip=0x000000080A821799
[LOADER][WARN] Import#9717091 result: -1 (04AjkP0jO9U) rdi=0x0000000606E0C098 rsi=0x0000000000000002 rdx=0x0000000000000000 rcx=0x0000000000000000 ret=0x000000080A821799
[LOADER][TRACE] guest_exception.delivery_exit target=0x000002A91E5862F0 type=0x1E success=True error=none elapsed_ms=11.445 record=0x0000000000000000 stack_bound=0x0000000000000000 recorded_rsp=0x0000000000000000
[LOADER][WARN] Import#9717115 result: -1 (04AjkP0jO9U) rdi=0x0000000606E0C098 rsi=0x0000000000000002 rdx=0x0000000000000000 rcx=0x0000000000000000 ret=0x000000080A821799
[LOADER][WARN] Import#9717128 result: -1 (04AjkP0jO9U) rdi=0x0000000606E0C098 rsi=0x0000000000000002 rdx=0x0000000000000000 rcx=0x0000000000000000 ret=0x000000080A821799
[LOADER][WARN] Import#9717147 result: -1 (04AjkP0jO9U) rdi=0x0000000606E0C098 rsi=0x0000000000000002 rdx=0x0000000000000000 rcx=0x0000000000000000 ret=0x000000080A821799
[LOADER][WARN] Import#9717160 result: -1 (04AjkP0jO9U) rdi=0x0000000606E0C098 rsi=0x0000000000000002 rdx=0x0000000000000000 rcx=0x0000000000000000 ret=0x000000080A821799
[LOADER][WARN] Import#9717179 result: -1 (04AjkP0jO9U) rdi=0x0000000606E0C098 rsi=0x0000000000000002 rdx=0x0000000000000000 rcx=0x0000000000000000 ret=0x000000080A821799
[LOADER][WARN] Import#9717198 result: -1 (04AjkP0jO9U) rdi=0x0000000606E0C098 rsi=0x0000000000000002 rdx=0x0000000000000000 rcx=0x0000000000000000 ret=0x000000080A821799
[LOADER][WARN] Import#9717217 result: -1 (04AjkP0jO9U) rdi=0x0000000606E0C098 rsi=0x0000000000000002 rdx=0x0000000000000000 rcx=0x0000000000000000 ret=0x000000080A821799
[LOADER][WARN] Import#9717230 result: -1 (04AjkP0jO9U) rdi=0x0000000606E0C098 rsi=0x0000000000000002 rdx=0x0000000000000000 rcx=0x0000000000000000 ret=0x000000080A821799
[LOADER][WARN] Import#10250753 result: -1 (04AjkP0jO9U) rdi=0x0000000606E0C098 rsi=0x0000000000000002 rdx=0x0000000000000000 rcx=0x0000000000000000 ret=0x000000080A821799
[LOADER][WARN] Import#10250772 result: -1 (04AjkP0jO9U) rdi=0x0000000606E0C098 rsi=0x0000000000000002 rdx=0x0000000000000000 rcx=0x0000000000000000 ret=0x000000080A821799
[LOADER][WARN] Import#10250785 result: -1 (04AjkP0jO9U) rdi=0x0000000606E0C098 rsi=0x0000000000000002 rdx=0x0000000000000000 rcx=0x0000000000000000 ret=0x000000080A821799
[LOADER][WARN] Import#10250804 result: -1 (04AjkP0jO9U) rdi=0x0000000606E0C098 rsi=0x0000000000000002 rdx=0x0000000000000000 rcx=0x0000000000000000 ret=0x000000080A821799
[LOADER][WARN] Import#10250823 result: -1 (04AjkP0jO9U) rdi=0x0000000606E0C098 rsi=0x0000000000000002 rdx=0x0000000000000000 rcx=0x0000000000000000 ret=0x000000080A821799
[LOADER][WARN] Import#10250836 result: -1 (04AjkP0jO9U) rdi=0x0000000606E0C098 rsi=0x0000000000000002 rdx=0x0000000000000000 rcx=0x0000000000000000 ret=0x000000080A821799
[LOADER][WARN] Import#10250855 result: -1 (04AjkP0jO9U) rdi=0x0000000606E0C098 rsi=0x0000000000000002 rdx=0x0000000000000000 rcx=0x0000000000000000 ret=0x000000080A821799
[LOADER][WARN] Import#10250868 result: -1 (04AjkP0jO9U) rdi=0x0000000606E0C098 rsi=0x0000000000000002 rdx=0x0000000000000000 rcx=0x0000000000000000 ret=0x000000080A821799
[LOADER][WARN] Import#10250887 result: -1 (04AjkP0jO9U) rdi=0x0000000606E0C098 rsi=0x0000000000000002 rdx=0x0000000000000000 rcx=0x0000000000000000 ret=0x000000080A821799
[LOADER][WARN] Import#10250900 result: -1 (04AjkP0jO9U) rdi=0x0000000606E0C098 rsi=0x0000000000000002 rdx=0x0000000000000000 rcx=0x0000000000000000 ret=0x000000080A821799
[LOADER][WARN] Import#10250919 result: -1 (04AjkP0jO9U) rdi=0x0000000606E0C098 rsi=0x0000000000000002 rdx=0x0000000000000000 rcx=0x0000000000000000 ret=0x000000080A821799
[LOADER][WARN] Import#10250938 result: -1 (04AjkP0jO9U) rdi=0x0000000606E0C098 rsi=0x0000000000000002 rdx=0x0000000000000000 rcx=0x0000000000000000 ret=0x000000080A821799
[LOADER][TRACE] guest_exception.queued target=0x000002A964368570 type=0x1E mode=external
[LOADER][TRACE] guest_exception.raise target=0x000002A964368570 type=0x1E handler=0x000000080A821210
[LOADER][TRACE] guest_exception.delivery_enter target=0x000002A91E5862F0 type=0x1E mode=parked rip=0x0000000804F3A074 rsp=0x00007FFFD31FFED0 rbp=0x00007FFFD31FFF40 rbx=0x0000000100000B60 r12=0x0000000804FF36B0 r13=0x00000001014D7960 r14=0x00000001014D7980 r15=0x0000000000000000 stack=0x00007FFFD1000000 callback=0x0000000805007510
[LOADER][TRACE] guest_exception.raise target=0x000002A91E5862F0 type=0x1E handler=0x000000080A821210
[LOADER][TRACE] guest_exception.safe_point_enter target=0x000002A964368570 type=0x1E rip=0x000000080A821799
[LOADER][WARN] Import#10250951 result: -1 (04AjkP0jO9U) rdi=0x0000000606E0C098 rsi=0x0000000000000002 rdx=0x0000000000000000 rcx=0x0000000000000000 ret=0x000000080A821799
[LOADER][TRACE] guest_exception.delivery_exit target=0x000002A91E5862F0 type=0x1E success=True error=none elapsed_ms=11.061 record=0x0000000000000000 stack_bound=0x0000000000000000 recorded_rsp=0x0000000000000000
[LOADER][WARN] Import#10250975 result: -1 (04AjkP0jO9U) rdi=0x0000000606E0C098 rsi=0x0000000000000002 rdx=0x0000000000000000 rcx=0x0000000000000000 ret=0x000000080A821799
[LOADER][WARN] Import#10250988 result: -1 (04AjkP0jO9U) rdi=0x0000000606E0C098 rsi=0x0000000000000002 rdx=0x0000000000000000 rcx=0x0000000000000000 ret=0x000000080A821799
[LOADER][TRACE] guest_exception.queued target=0x000002A964368570 type=0x1E mode=external
[LOADER][TRACE] guest_exception.raise target=0x000002A964368570 type=0x1E handler=0x000000080A821210
[LOADER][TRACE] guest_exception.delivery_enter target=0x000002A91E5862F0 type=0x1E mode=parked rip=0x0000000804F3A074 rsp=0x00007FFFD31FFED0 rbp=0x00007FFFD31FFF40 rbx=0x0000000100000B60 r12=0x0000000804FF36B0 r13=0x00000001014D7960 r14=0x00000001014D7980 r15=0x0000000000000000 stack=0x00007FFFD1000000 callback=0x0000000805007510
[LOADER][TRACE] guest_exception.raise target=0x000002A91E5862F0 type=0x1E handler=0x000000080A821210
[LOADER][TRACE] guest_exception.safe_point_enter target=0x000002A964368570 type=0x1E rip=0x000000080A821799
[LOADER][WARN] Import#10251007 result: -1 (04AjkP0jO9U) rdi=0x0000000606E0C098 rsi=0x0000000000000002 rdx=0x0000000000000000 rcx=0x0000000000000000 ret=0x000000080A821799
[LOADER][TRACE] guest_exception.delivery_exit target=0x000002A91E5862F0 type=0x1E success=True error=none elapsed_ms=3.479 record=0x0000000000000000 stack_bound=0x0000000000000000 recorded_rsp=0x0000000000000000
[LOADER][WARN] Import#10908695 result: -1 (04AjkP0jO9U) rdi=0x0000000606E0C098 rsi=0x0000000000000002 rdx=0x0000000000000000 rcx=0x0000000000000000 ret=0x000000080A821799
[LOADER][WARN] Import#10908708 result: -1 (04AjkP0jO9U) rdi=0x0000000606E0C098 rsi=0x0000000000000002 rdx=0x0000000000000000 rcx=0x0000000000000000 ret=0x000000080A821799
[LOADER][WARN] Import#10908727 result: -1 (04AjkP0jO9U) rdi=0x0000000606E0C098 rsi=0x0000000000000002 rdx=0x0000000000000000 rcx=0x0000000000000000 ret=0x000000080A821799
[LOADER][WARN] Import#10908740 result: -1 (04AjkP0jO9U) rdi=0x0000000606E0C098 rsi=0x0000000000000002 rdx=0x0000000000000000 rcx=0x0000000000000000 ret=0x000000080A821799
[LOADER][WARN] Import#10908759 result: -1 (04AjkP0jO9U) rdi=0x0000000606E0C098 rsi=0x0000000000000002 rdx=0x0000000000000000 rcx=0x0000000000000000 ret=0x000000080A821799
[LOADER][WARN] Import#10908772 result: -1 (04AjkP0jO9U) rdi=0x0000000606E0C098 rsi=0x0000000000000002 rdx=0x0000000000000000 rcx=0x0000000000000000 ret=0x000000080A821799
[LOADER][WARN] Import#10908791 result: -1 (04AjkP0jO9U) rdi=0x0000000606E0C098 rsi=0x0000000000000002 rdx=0x0000000000000000 rcx=0x0000000000000000 ret=0x000000080A821799
[LOADER][WARN] Import#10908804 result: -1 (04AjkP0jO9U) rdi=0x0000000606E0C098 rsi=0x0000000000000002 rdx=0x0000000000000000 rcx=0x0000000000000000 ret=0x000000080A821799
[LOADER][WARN] Import#10908823 result: -1 (04AjkP0jO9U) rdi=0x0000000606E0C098 rsi=0x0000000000000002 rdx=0x0000000000000000 rcx=0x0000000000000000 ret=0x000000080A821799
[LOADER][WARN] Import#10908842 result: -1 (04AjkP0jO9U) rdi=0x0000000606E0C098 rsi=0x0000000000000002 rdx=0x0000000000000000 rcx=0x0000000000000000 ret=0x000000080A821799
[LOADER][WARN] Import#10908855 result: -1 (04AjkP0jO9U) rdi=0x0000000606E0C098 rsi=0x0000000000000002 rdx=0x0000000000000000 rcx=0x0000000000000000 ret=0x000000080A821799
[LOADER][WARN] Import#10908874 result: -1 (04AjkP0jO9U) rdi=0x0000000606E0C098 rsi=0x0000000000000002 rdx=0x0000000000000000 rcx=0x0000000000000000 ret=0x000000080A821799
[LOADER][TRACE] guest_exception.queued target=0x000002A964368570 type=0x1E mode=external
[LOADER][TRACE] guest_exception.raise target=0x000002A964368570 type=0x1E handler=0x000000080A821210
[LOADER][TRACE] guest_exception.delivery_enter target=0x000002A91E5862F0 type=0x1E mode=parked rip=0x0000000804F3A074 rsp=0x00007FFFD31FFED0 rbp=0x00007FFFD31FFF40 rbx=0x0000000100000B60 r12=0x0000000804FF36B0 r13=0x00000001014D7960 r14=0x00000001014D7980 r15=0x0000000000000000 stack=0x00007FFFD1000000 callback=0x0000000805007510
[LOADER][TRACE] guest_exception.raise target=0x000002A91E5862F0 type=0x1E handler=0x000000080A821210
[LOADER][TRACE] guest_exception.safe_point_enter target=0x000002A964368570 type=0x1E rip=0x000000080A821799
[LOADER][WARN] Import#10908887 result: -1 (04AjkP0jO9U) rdi=0x0000000606E0C098 rsi=0x0000000000000002 rdx=0x0000000000000000 rcx=0x0000000000000000 ret=0x000000080A821799
[LOADER][TRACE] guest_exception.delivery_exit target=0x000002A91E5862F0 type=0x1E success=True error=none elapsed_ms=3.847 record=0x0000000000000000 stack_bound=0x0000000000000000 recorded_rsp=0x0000000000000000
[LOADER][WARN] Import#10908911 result: -1 (04AjkP0jO9U) rdi=0x0000000606E0C098 rsi=0x0000000000000002 rdx=0x0000000000000000 rcx=0x0000000000000000 ret=0x000000080A821799
[LOADER][WARN] Import#10908924 result: -1 (04AjkP0jO9U) rdi=0x0000000606E0C098 rsi=0x0000000000000002 rdx=0x0000000000000000 rcx=0x0000000000000000 ret=0x000000080A821799
[LOADER][TRACE] guest_exception.queued target=0x000002A964368570 type=0x1E mode=external
[LOADER][TRACE] guest_exception.raise target=0x000002A964368570 type=0x1E handler=0x000000080A821210
[LOADER][TRACE] guest_exception.delivery_enter target=0x000002A91E5862F0 type=0x1E mode=parked rip=0x0000000804F3A074 rsp=0x00007FFFD31FFED0 rbp=0x00007FFFD31FFF40 rbx=0x0000000100000B60 r12=0x0000000804FF36B0 r13=0x00000001014D7960 r14=0x00000001014D7980 r15=0x0000000000000000 stack=0x00007FFFD1000000 callback=0x0000000805007510
[LOADER][TRACE] guest_exception.raise target=0x000002A91E5862F0 type=0x1E handler=0x000000080A821210
[LOADER][TRACE] guest_exception.safe_point_enter target=0x000002A964368570 type=0x1E rip=0x000000080A821799
[LOADER][WARN] Import#11509007 result: -1 (04AjkP0jO9U) rdi=0x0000000606E0C098 rsi=0x0000000000000002 rdx=0x0000000000000000 rcx=0x0000000000000000 ret=0x000000080A821799
[LOADER][TRACE] guest_exception.delivery_exit target=0x000002A91E5862F0 type=0x1E success=True error=none elapsed_ms=10.587 record=0x0000000000000000 stack_bound=0x0000000000000000 recorded_rsp=0x0000000000000000
[LOADER][WARN] Import#11509031 result: -1 (04AjkP0jO9U) rdi=0x0000000606E0C098 rsi=0x0000000000000002 rdx=0x0000000000000000 rcx=0x0000000000000000 ret=0x000000080A821799
[LOADER][WARN] Import#11509044 result: -1 (04AjkP0jO9U) rdi=0x0000000606E0C098 rsi=0x0000000000000002 rdx=0x0000000000000000 rcx=0x0000000000000000 ret=0x000000080A821799
[LOADER][WARN] Import#11509063 result: -1 (04AjkP0jO9U) rdi=0x0000000606E0C098 rsi=0x0000000000000002 rdx=0x0000000000000000 rcx=0x0000000000000000 ret=0x000000080A821799
[LOADER][WARN] Import#11509082 result: -1 (04AjkP0jO9U) rdi=0x0000000606E0C098 rsi=0x0000000000000002 rdx=0x0000000000000000 rcx=0x0000000000000000 ret=0x000000080A821799
[LOADER][WARN] Import#11509095 result: -1 (04AjkP0jO9U) rdi=0x0000000606E0C098 rsi=0x0000000000000002 rdx=0x0000000000000000 rcx=0x0000000000000000 ret=0x000000080A821799
[LOADER][WARN] Import#11509114 result: -1 (04AjkP0jO9U) rdi=0x0000000606E0C098 rsi=0x0000000000000002 rdx=0x0000000000000000 rcx=0x0000000000000000 ret=0x000000080A821799
[LOADER][WARN] Import#11509133 result: -1 (04AjkP0jO9U) rdi=0x0000000606E0C098 rsi=0x0000000000000002 rdx=0x0000000000000000 rcx=0x0000000000000000 ret=0x000000080A821799
[LOADER][WARN] Import#11509152 result: -1 (04AjkP0jO9U) rdi=0x0000000606E0C098 rsi=0x0000000000000002 rdx=0x0000000000000000 rcx=0x0000000000000000 ret=0x000000080A821799
[LOADER][TRACE] guest_exception.queued target=0x000002A964368570 type=0x1E mode=external
[LOADER][TRACE] guest_exception.raise target=0x000002A964368570 type=0x1E handler=0x000000080A821210
[LOADER][TRACE] guest_exception.delivery_enter target=0x000002A91E5862F0 type=0x1E mode=parked rip=0x0000000804F3A074 rsp=0x00007FFFD31FFED0 rbp=0x00007FFFD31FFF40 rbx=0x0000000100000B60 r12=0x0000000804FF36B0 r13=0x00000001014D7960 r14=0x00000001014D7980 r15=0x0000000000000000 stack=0x00007FFFD1000000 callback=0x0000000805007510
[LOADER][TRACE] guest_exception.raise target=0x000002A91E5862F0 type=0x1E handler=0x000000080A821210
[LOADER][TRACE] guest_exception.safe_point_enter target=0x000002A964368570 type=0x1E rip=0x000000080A821799
[LOADER][WARN] Import#11509165 result: -1 (04AjkP0jO9U) rdi=0x0000000606E0C098 rsi=0x0000000000000002 rdx=0x0000000000000000 rcx=0x0000000000000000 ret=0x000000080A821799
[LOADER][TRACE] guest_exception.delivery_exit target=0x000002A91E5862F0 type=0x1E success=True error=none elapsed_ms=4.827 record=0x0000000000000000 stack_bound=0x0000000000000000 recorded_rsp=0x0000000000000000
[LOADER][WARN] Import#11509189 result: -1 (04AjkP0jO9U) rdi=0x0000000606E0C098 rsi=0x0000000000000002 rdx=0x0000000000000000 rcx=0x0000000000000000 ret=0x000000080A821799
[LOADER][WARN] Import#11509202 result: -1 (04AjkP0jO9U) rdi=0x0000000606E0C098 rsi=0x0000000000000002 rdx=0x0000000000000000 rcx=0x0000000000000000 ret=0x000000080A821799
[LOADER][WARN] Import#11509221 result: -1 (04AjkP0jO9U) rdi=0x0000000606E0C098 rsi=0x0000000000000002 rdx=0x0000000000000000 rcx=0x0000000000000000 ret=0x000000080A821799
[LOADER][WARN] Import#11509234 result: -1 (04AjkP0jO9U) rdi=0x0000000606E0C098 rsi=0x0000000000000002 rdx=0x0000000000000000 rcx=0x0000000000000000 ret=0x000000080A821799
[LOADER][WARN] Import#12047621 result: -1 (04AjkP0jO9U) rdi=0x0000000606E0C098 rsi=0x0000000000000002 rdx=0x0000000000000000 rcx=0x0000000000000000 ret=0x000000080A821799
[LOADER][WARN] Import#12047634 result: -1 (04AjkP0jO9U) rdi=0x0000000606E0C098 rsi=0x0000000000000002 rdx=0x0000000000000000 rcx=0x0000000000000000 ret=0x000000080A821799
[LOADER][WARN] Import#12047653 result: -1 (04AjkP0jO9U) rdi=0x0000000606E0C098 rsi=0x0000000000000002 rdx=0x0000000000000000 rcx=0x0000000000000000 ret=0x000000080A821799
[LOADER][WARN] Import#12047672 result: -1 (04AjkP0jO9U) rdi=0x0000000606E0C098 rsi=0x0000000000000002 rdx=0x0000000000000000 rcx=0x0000000000000000 ret=0x000000080A821799
[LOADER][TRACE] guest_thread.snapshot handle=0x000002A96436A590 name='AssetGarbageCollectorHelper' state=Blocked executor=False imports=98 nid=04AjkP0jO9U ret=0x000000080A821799 block=_umtx_op_wait wake=sceKernelSyncOnAddress:00000006006CF7D8 host_managed=0 host_tid=0
[LOADER][TRACE] guest_thread.snapshot handle=0x000002A96436B5A0 name='AssetGarbageCollectorHelper' state=Blocked executor=False imports=97 nid=04AjkP0jO9U ret=0x000000080A821799 block=_umtx_op_wait wake=sceKernelSyncOnAddress:00000006006CF928 host_managed=0 host_tid=0
[LOADER][TRACE] guest_thread.snapshot handle=0x000002A96436C5B0 name='AssetGarbageCollectorHelper' state=Blocked executor=False imports=98 nid=04AjkP0jO9U ret=0x000000080A821799 block=_umtx_op_wait wake=sceKernelSyncOnAddress:00000006006CFA78 host_managed=0 host_tid=0
[LOADER][TRACE] guest_thread.snapshot handle=0x000002A96436E5D0 name='AssetGarbageCollectorHelper' state=Blocked executor=False imports=97 nid=04AjkP0jO9U ret=0x000000080A821799 block=_umtx_op_wait wake=sceKernelSyncOnAddress:00000006006CFBC8 host_managed=0 host_tid=0
[LOADER][TRACE] guest_thread.snapshot handle=0x000002A91E580290 name='AssetGarbageCollectorHelper' state=Blocked executor=False imports=97 nid=04AjkP0jO9U ret=0x000000080A821799 block=_umtx_op_wait wake=sceKernelSyncOnAddress:00000006006CFD18 host_managed=0 host_tid=0
[LOADER][TRACE] guest_thread.snapshot handle=0x000002A91E5822B0 name='AssetGarbageCollectorHelper' state=Blocked executor=False imports=97 nid=04AjkP0jO9U ret=0x000000080A821799 block=_umtx_op_wait wake=sceKernelSyncOnAddress:00000006006CFE68 host_managed=0 host_tid=0
[LOADER][TRACE] guest_thread.snapshot handle=0x000002A91E5832C0 name='AssetGarbageCollectorHelper' state=Blocked executor=False imports=98 nid=04AjkP0jO9U ret=0x000000080A821799 block=_umtx_op_wait wake=sceKernelSyncOnAddress:00000006006CFFB8 host_managed=0 host_tid=0
[LOADER][TRACE] guest_thread.snapshot handle=0x000002A91E5842D0 name='AssetGarbageCollectorHelper' state=Blocked executor=False imports=97 nid=04AjkP0jO9U ret=0x000000080A821799 block=_umtx_op_wait wake=sceKernelSyncOnAddress:00000006006D0108 host_managed=0 host_tid=0
[LOADER][TRACE] guest_thread.snapshot handle=0x000002A91E5812A0 name='AssetGarbageCollectorHelper' state=Blocked executor=False imports=98 nid=04AjkP0jO9U ret=0x000000080A821799 block=_umtx_op_wait wake=sceKernelSyncOnAddress:00000006006D0258 host_managed=0 host_tid=0
[LOADER][TRACE] guest_thread.snapshot handle=0x000002A91E5852E0 name='AssetGarbageCollectorHelper' state=Blocked executor=False imports=97 nid=04AjkP0jO9U ret=0x000000080A821799 block=_umtx_op_wait wake=sceKernelSyncOnAddress:00000006006D03A8 host_managed=0 host_tid=0
[LOADER][TRACE] guest_thread.snapshot handle=0x000002A91E588310 name='AssetGarbageCollectorHelper' state=Blocked executor=False imports=98 nid=04AjkP0jO9U ret=0x000000080A821799 block=_umtx_op_wait wake=sceKernelSyncOnAddress:00000006006D04F8 host_managed=0 host_tid=0
[LOADER][TRACE] guest_thread.snapshot handle=0x000002A91E589320 name='AssetGarbageCollectorHelper' state=Blocked executor=False imports=97 nid=04AjkP0jO9U ret=0x000000080A821799 block=_umtx_op_wait wake=sceKernelSyncOnAddress:00000006006D0648 host_managed=0 host_tid=0
[LOADER][TRACE] guest_thread.snapshot handle=0x000002A91E587300 name='AssetGarbageCollectorHelper' state=Blocked executor=False imports=98 nid=04AjkP0jO9U ret=0x000000080A821799 block=_umtx_op_wait wake=sceKernelSyncOnAddress:00000006006D0798 host_managed=0 host_tid=0
[LOADER][TRACE] guest_thread.snapshot handle=0x000002A91E5862F0 name='Thread-2A91E5862F0' state=Blocked executor=False imports=303 nid=4czppHBiriw ret=0x0000000805007634 block=pthread_cond_wait wake=pthread_cond_waiter:1 host_managed=0 host_tid=0
[LOADER][TRACE] guest_thread.snapshot handle=0x000002A91E58C350 name='Job.Worker 0' state=Blocked executor=False imports=2208 nid=JTvBflhYazQ ret=0x0000000800A27985 block=sceKernelWaitEventFlag wake=event_flag:0x0000000000000003 host_managed=0 host_tid=0
[LOADER][TRACE] guest_thread.snapshot handle=0x000002A91E58D360 name='Job.Worker 1' state=Blocked executor=False imports=1166 nid=JTvBflhYazQ ret=0x0000000800A27985 block=sceKernelWaitEventFlag wake=event_flag:0x0000000000000003 host_managed=0 host_tid=0
[LOADER][TRACE] guest_thread.snapshot handle=0x000002A91E58B340 name='Job.Worker 2' state=Blocked executor=False imports=820 nid=JTvBflhYazQ ret=0x0000000800A27985 block=sceKernelWaitEventFlag wake=event_flag:0x0000000000000003 host_managed=0 host_tid=0
[LOADER][TRACE] guest_thread.snapshot handle=0x000002A91E58A330 name='Job.Worker 3' state=Blocked executor=False imports=420 nid=JTvBflhYazQ ret=0x0000000800A27985 block=sceKernelWaitEventFlag wake=event_flag:0x0000000000000003 host_managed=0 host_tid=0
[LOADER][TRACE] guest_thread.snapshot handle=0x000002A91E58E370 name='Job.Worker 4' state=Blocked executor=False imports=335 nid=JTvBflhYazQ ret=0x0000000800A27985 block=sceKernelWaitEventFlag wake=event_flag:0x0000000000000003 host_managed=0 host_tid=0
[LOADER][TRACE] guest_thread.snapshot handle=0x000002A96436D5C0 name='Job.Worker 5' state=Blocked executor=False imports=422 nid=JTvBflhYazQ ret=0x0000000800A27985 block=sceKernelWaitEventFlag wake=event_flag:0x0000000000000003 host_managed=0 host_tid=0
[LOADER][TRACE] guest_thread.snapshot handle=0x000002A91F4BAB20 name='Job.Worker 6' state=Blocked executor=False imports=344 nid=JTvBflhYazQ ret=0x0000000800A27985 block=sceKernelWaitEventFlag wake=event_flag:0x0000000000000003 host_managed=0 host_tid=0
[LOADER][TRACE] guest_thread.snapshot handle=0x000002A91F4BEB60 name='Job.Worker 7' state=Blocked executor=False imports=375 nid=JTvBflhYazQ ret=0x0000000800A27985 block=sceKernelWaitEventFlag wake=event_flag:0x0000000000000003 host_managed=0 host_tid=0
[LOADER][TRACE] guest_thread.snapshot handle=0x000002A91F4BBB30 name='Job.Worker 8' state=Blocked executor=False imports=358 nid=JTvBflhYazQ ret=0x0000000800A27985 block=sceKernelWaitEventFlag wake=event_flag:0x0000000000000003 host_managed=0 host_tid=0
[LOADER][TRACE] guest_thread.snapshot handle=0x000002A91F4BFB70 name='Job.Worker 9' state=Blocked executor=False imports=552 nid=JTvBflhYazQ ret=0x0000000800A27985 block=sceKernelWaitEventFlag wake=event_flag:0x0000000000000003 host_managed=0 host_tid=0
[LOADER][TRACE] guest_thread.snapshot handle=0x000002A91F4BDB50 name='Job.Worker 10' state=Blocked executor=False imports=404 nid=JTvBflhYazQ ret=0x0000000800A27985 block=sceKernelWaitEventFlag wake=event_flag:0x0000000000000003 host_managed=0 host_tid=0
[LOADER][TRACE] guest_thread.snapshot handle=0x000002A91F4BCB40 name='Job.Worker 11' state=Blocked executor=False imports=362 nid=JTvBflhYazQ ret=0x0000000800A27985 block=sceKernelWaitEventFlag wake=event_flag:0x0000000000000003 host_managed=0 host_tid=0
[LOADER][TRACE] guest_thread.snapshot handle=0x000002A91F4C0B80 name='Job.Worker 12' state=Blocked executor=False imports=505 nid=JTvBflhYazQ ret=0x0000000800A27985 block=sceKernelWaitEventFlag wake=event_flag:0x0000000000000003 host_managed=0 host_tid=0
[LOADER][TRACE] guest_thread.snapshot handle=0x000002A91F4C1B90 name='Background Job.Worker 0' state=Blocked executor=False imports=10052 nid=JTvBflhYazQ ret=0x0000000800A27985 block=sceKernelWaitEventFlag wake=event_flag:0x0000000000000004 host_managed=0 host_tid=0
[LOADER][TRACE] guest_thread.snapshot handle=0x000002A91F4C2BA0 name='Background Job.Worker 1' state=Blocked executor=False imports=5895 nid=JTvBflhYazQ ret=0x0000000800A27985 block=sceKernelWaitEventFlag wake=event_flag:0x0000000000000004 host_managed=0 host_tid=0
[LOADER][WARN] Import#12047685 result: -1 (04AjkP0jO9U) rdi=0x0000000606E0C098 rsi=0x0000000000000002 rdx=0x0000000000000000 rcx=0x0000000000000000 ret=0x000000080A821799
[LOADER][TRACE] guest_thread.snapshot handle=0x000002A91F4C5BD0 name='Background Job.Worker 2' state=Blocked executor=False imports=2933 nid=JTvBflhYazQ ret=0x0000000800A27985 block=sceKernelWaitEventFlag wake=event_flag:0x0000000000000004 host_managed=0 host_tid=0
[LOADER][TRACE] guest_thread.snapshot handle=0x000002A91F4C4BC0 name='Background Job.Worker 3' state=Blocked executor=False imports=2465 nid=JTvBflhYazQ ret=0x0000000800A27985 block=sceKernelWaitEventFlag wake=event_flag:0x0000000000000004 host_managed=0 host_tid=0
[LOADER][TRACE] guest_thread.snapshot handle=0x000002A91F4C6BE0 name='Background Job.Worker 4' state=Blocked executor=False imports=1787 nid=JTvBflhYazQ ret=0x0000000800A27985 block=sceKernelWaitEventFlag wake=event_flag:0x0000000000000004 host_managed=0 host_tid=0
[LOADER][TRACE] guest_thread.snapshot handle=0x000002A91F4C3BB0 name='Background Job.Worker 5' state=Blocked executor=False imports=1807 nid=JTvBflhYazQ ret=0x0000000800A27985 block=sceKernelWaitEventFlag wake=event_flag:0x0000000000000004 host_managed=0 host_tid=0
[LOADER][TRACE] guest_thread.snapshot handle=0x000002A91F4CAC20 name='Background Job.Worker 6' state=Blocked executor=False imports=1525 nid=JTvBflhYazQ ret=0x0000000800A27985 block=sceKernelWaitEventFlag wake=event_flag:0x0000000000000004 host_managed=0 host_tid=0
[LOADER][TRACE] guest_thread.snapshot handle=0x000002A91F4C7BF0 name='Background Job.Worker 7' state=Blocked executor=False imports=1525 nid=JTvBflhYazQ ret=0x0000000800A27985 block=sceKernelWaitEventFlag wake=event_flag:0x0000000000000004 host_managed=0 host_tid=0
[LOADER][TRACE] guest_thread.snapshot handle=0x000002A91F4C9C10 name='Background Job.Worker 8' state=Blocked executor=False imports=1288 nid=JTvBflhYazQ ret=0x0000000800A27985 block=sceKernelWaitEventFlag wake=event_flag:0x0000000000000004 host_managed=0 host_tid=0
[LOADER][TRACE] guest_thread.snapshot handle=0x000002A91F4CBC30 name='Background Job.Worker 9' state=Blocked executor=False imports=1066 nid=JTvBflhYazQ ret=0x0000000800A27985 block=sceKernelWaitEventFlag wake=event_flag:0x0000000000000004 host_managed=0 host_tid=0
[LOADER][TRACE] guest_thread.snapshot handle=0x000002A91F4C8C00 name='Background Job.Worker 10' state=Blocked executor=False imports=1046 nid=JTvBflhYazQ ret=0x0000000800A27985 block=sceKernelWaitEventFlag wake=event_flag:0x0000000000000004 host_managed=0 host_tid=0
[LOADER][TRACE] guest_thread.snapshot handle=0x000002A91F4CDC50 name='Background Job.Worker 11' state=Blocked executor=False imports=1058 nid=JTvBflhYazQ ret=0x0000000800A27985 block=sceKernelWaitEventFlag wake=event_flag:0x0000000000000004 host_managed=0 host_tid=0
[LOADER][TRACE] guest_thread.snapshot handle=0x000002A91F4CCC40 name='Background Job.Worker 12' state=Blocked executor=False imports=984 nid=JTvBflhYazQ ret=0x0000000800A27985 block=sceKernelWaitEventFlag wake=event_flag:0x0000000000000004 host_managed=0 host_tid=0
[LOADER][TRACE] guest_thread.snapshot handle=0x000002A91F4CEC60 name='Background Job.Worker 13' state=Blocked executor=False imports=1171 nid=JTvBflhYazQ ret=0x0000000800A27985 block=sceKernelWaitEventFlag wake=event_flag:0x0000000000000004 host_managed=0 host_tid=0
[LOADER][TRACE] guest_thread.snapshot handle=0x000002A91F4D1C90 name='Background Job.Worker 14' state=Blocked executor=False imports=1035 nid=JTvBflhYazQ ret=0x0000000800A27985 block=sceKernelWaitEventFlag wake=event_flag:0x0000000000000004 host_managed=0 host_tid=0
[LOADER][TRACE] guest_thread.snapshot handle=0x000002A91F4D2CA0 name='Background Job.Worker 15' state=Blocked executor=False imports=1018 nid=JTvBflhYazQ ret=0x0000000800A27985 block=sceKernelWaitEventFlag wake=event_flag:0x0000000000000004 host_managed=0 host_tid=0
[LOADER][TRACE] guest_thread.snapshot handle=0x000002A91F4CFC70 name='BatchDeleteObjects' state=Blocked executor=False imports=94 nid=04AjkP0jO9U ret=0x000000080A821799 block=_umtx_op_wait wake=sceKernelSyncOnAddress:0000000603909730 host_managed=0 host_tid=0
[LOADER][TRACE] guest_thread.snapshot handle=0x000002A91F4D3CB0 name='Loading.AsyncRead' state=Blocked executor=False imports=20912 nid=04AjkP0jO9U ret=0x000000080A821799 block=_umtx_op_wait wake=sceKernelSyncOnAddress:0000000600702F50 host_managed=0 host_tid=0
[LOADER][TRACE] guest_thread.snapshot handle=0x000002A91F4D0C80 name='Thread-2A91F4D0C80' state=Running executor=True imports=43 nid=tn3VlD0hG60 ret=0x00000008013EED51 block=none wake=none host_managed=71 host_tid=33352
[LOADER][TRACE] guest_thread.snapshot handle=0x000002A91F4D5CD0 name='UnityEOPThread' state=Blocked executor=False imports=20 nid=fzyMKs9kim0 ret=0x00000008013E33D3 block=sceKernelWaitEqueue wake=sceKernelWaitEqueue:0000000000000003:0000000000000002 host_managed=0 host_tid=0
[LOADER][TRACE] guest_thread.snapshot handle=0x000002A91F4D6CE0 name='GfxFlipThread' state=Blocked executor=False imports=33 nid=fzyMKs9kim0 ret=0x00000008013BFDEF block=sceKernelWaitEqueue wake=sceKernelWaitEqueue:0000000000000005:0000000000000004 host_managed=0 host_tid=0
[LOADER][TRACE] guest_thread.snapshot handle=0x000002A91F4D4CC0 name='UnityGfxDeviceWorker' state=Blocked executor=False imports=60134 nid=04AjkP0jO9U ret=0x000000080A821799 block=_umtx_op_wait wake=sceKernelSyncOnAddress:0000000603911DD0 host_managed=0 host_tid=0
[LOADER][TRACE] guest_thread.snapshot handle=0x000002A91F4D8D00 name='Gfx Task Executor' state=Blocked executor=False imports=106 nid=04AjkP0jO9U ret=0x000000080A821799 block=_umtx_op_wait wake=sceKernelSyncOnAddress:0000000603922B70 host_managed=0 host_tid=0
[LOADER][TRACE] guest_thread.snapshot handle=0x000002A91B6F7D70 name='Loading.PreloadManager' state=Running executor=True imports=8805777 nid=aI+OeCz8xrQ ret=0x0000000800D0345B block=none wake=none host_managed=77 host_tid=36240
[LOADER][WARN] Import#12047704 result: -1 (04AjkP0jO9U) rdi=0x0000000606E0C098 rsi=0x0000000000000002 rdx=0x0000000000000000 rcx=0x0000000000000000 ret=0x000000080A821799
[LOADER][WARN] Import#12047717 result: -1 (04AjkP0jO9U) rdi=0x0000000606E0C098 rsi=0x0000000000000002 rdx=0x0000000000000000 rcx=0x0000000000000000 ret=0x000000080A821799
[LOADER][WARN] Import#12047736 result: -1 (04AjkP0jO9U) rdi=0x0000000606E0C098 rsi=0x0000000000000002 rdx=0x0000000000000000 rcx=0x0000000000000000 ret=0x000000080A821799
[LOADER][WARN] Import#12047755 result: -1 (04AjkP0jO9U) rdi=0x0000000606E0C098 rsi=0x0000000000000002 rdx=0x0000000000000000 rcx=0x0000000000000000 ret=0x000000080A821799
[LOADER][WARN] Import#12047768 result: -1 (04AjkP0jO9U) rdi=0x0000000606E0C098 rsi=0x0000000000000002 rdx=0x0000000000000000 rcx=0x0000000000000000 ret=0x000000080A821799
[LOADER][WARN] Import#12047787 result: -1 (04AjkP0jO9U) rdi=0x0000000606E0C098 rsi=0x0000000000000002 rdx=0x0000000000000000 rcx=0x0000000000000000 ret=0x000000080A821799
[LOADER][WARN] Import#12047800 result: -1 (04AjkP0jO9U) rdi=0x0000000606E0C098 rsi=0x0000000000000002 rdx=0x0000000000000000 rcx=0x0000000000000000 ret=0x000000080A821799
[LOADER][WARN] Import#12047819 result: -1 (04AjkP0jO9U) rdi=0x0000000606E0C098 rsi=0x0000000000000002 rdx=0x0000000000000000 rcx=0x0000000000000000 ret=0x000000080A821799
[LOADER][WARN] Import#12047838 result: -1 (04AjkP0jO9U) rdi=0x0000000606E0C098 rsi=0x0000000000000002 rdx=0x0000000000000000 rcx=0x0000000000000000 ret=0x000000080A821799
[LOADER][WARN] Import#12047857 result: -1 (04AjkP0jO9U) rdi=0x0000000606E0C098 rsi=0x0000000000000002 rdx=0x0000000000000000 rcx=0x0000000000000000 ret=0x000000080A821799
[LOADER][WARN] Import#12047870 result: -1 (04AjkP0jO9U) rdi=0x0000000606E0C098 rsi=0x0000000000000002 rdx=0x0000000000000000 rcx=0x0000000000000000 ret=0x000000080A821799
[LOADER][WARN] Import#12775441 result: -1 (04AjkP0jO9U) rdi=0x0000000606E0C098 rsi=0x0000000000000002 rdx=0x0000000000000000 rcx=0x0000000000000000 ret=0x000000080A821799
[LOADER][WARN] Import#12775460 result: -1 (04AjkP0jO9U) rdi=0x0000000606E0C098 rsi=0x0000000000000002 rdx=0x0000000000000000 rcx=0x0000000000000000 ret=0x000000080A821799
[LOADER][WARN] Import#12775479 result: -1 (04AjkP0jO9U) rdi=0x0000000606E0C098 rsi=0x0000000000000002 rdx=0x0000000000000000 rcx=0x0000000000000000 ret=0x000000080A821799
[LOADER][WARN] Import#12775492 result: -1 (04AjkP0jO9U) rdi=0x0000000606E0C098 rsi=0x0000000000000002 rdx=0x0000000000000000 rcx=0x0000000000000000 ret=0x000000080A821799
[LOADER][WARN] Import#12775511 result: -1 (04AjkP0jO9U) rdi=0x0000000606E0C098 rsi=0x0000000000000002 rdx=0x0000000000000000 rcx=0x0000000000000000 ret=0x000000080A821799
[LOADER][WARN] Import#12775530 result: -1 (04AjkP0jO9U) rdi=0x0000000606E0C098 rsi=0x0000000000000002 rdx=0x0000000000000000 rcx=0x0000000000000000 ret=0x000000080A821799
[LOADER][WARN] Import#12775549 result: -1 (04AjkP0jO9U) rdi=0x0000000606E0C098 rsi=0x0000000000000002 rdx=0x0000000000000000 rcx=0x0000000000000000 ret=0x000000080A821799
[LOADER][WARN] Import#12775562 result: -1 (04AjkP0jO9U) rdi=0x0000000606E0C098 rsi=0x0000000000000002 rdx=0x0000000000000000 rcx=0x0000000000000000 ret=0x000000080A821799
[LOADER][WARN] Import#12775581 result: -1 (04AjkP0jO9U) rdi=0x0000000606E0C098 rsi=0x0000000000000002 rdx=0x0000000000000000 rcx=0x0000000000000000 ret=0x000000080A821799
[LOADER][WARN] Import#12775600 result: -1 (04AjkP0jO9U) rdi=0x0000000606E0C098 rsi=0x0000000000000002 rdx=0x0000000000000000 rcx=0x0000000000000000 ret=0x000000080A821799
[LOADER][TRACE] guest_exception.queued target=0x000002A964368570 type=0x1E mode=external
[LOADER][TRACE] guest_exception.raise target=0x000002A964368570 type=0x1E handler=0x000000080A821210
[LOADER][TRACE] guest_exception.delivery_enter target=0x000002A91E5862F0 type=0x1E mode=parked rip=0x0000000804F3A074 rsp=0x00007FFFD31FFED0 rbp=0x00007FFFD31FFF40 rbx=0x0000000100000B60 r12=0x0000000804FF36B0 r13=0x00000001014D7960 r14=0x00000001014D7980 r15=0x0000000000000000 stack=0x00007FFFD1000000 callback=0x0000000805007510
[LOADER][TRACE] guest_exception.raise target=0x000002A91E5862F0 type=0x1E handler=0x000000080A821210
[LOADER][TRACE] guest_exception.safe_point_enter target=0x000002A964368570 type=0x1E rip=0x000000080A821799
[LOADER][WARN] Import#12775619 result: -1 (04AjkP0jO9U) rdi=0x0000000606E0C098 rsi=0x0000000000000002 rdx=0x0000000000000000 rcx=0x0000000000000000 ret=0x000000080A821799
[LOADER][TRACE] guest_exception.delivery_exit target=0x000002A91E5862F0 type=0x1E success=True error=none elapsed_ms=3.857 record=0x0000000000000000 stack_bound=0x0000000000000000 recorded_rsp=0x0000000000000000
[LOADER][WARN] Import#12775644 result: -1 (04AjkP0jO9U) rdi=0x0000000606E0C098 rsi=0x0000000000000002 rdx=0x0000000000000000 rcx=0x0000000000000000 ret=0x000000080A821799
[LOADER][WARN] Import#12775657 result: -1 (04AjkP0jO9U) rdi=0x0000000606E0C098 rsi=0x0000000000000002 rdx=0x0000000000000000 rcx=0x0000000000000000 ret=0x000000080A821799
[LOADER][WARN] Import#12775676 result: -1 (04AjkP0jO9U) rdi=0x0000000606E0C098 rsi=0x0000000000000002 rdx=0x0000000000000000 rcx=0x0000000000000000 ret=0x000000080A821799
[LOADER][WARN] Import#13438479 result: -1 (04AjkP0jO9U) rdi=0x0000000606E0C098 rsi=0x0000000000000002 rdx=0x0000000000000000 rcx=0x0000000000000000 ret=0x000000080A821799
[LOADER][WARN] Import#13438498 result: -1 (04AjkP0jO9U) rdi=0x0000000606E0C098 rsi=0x0000000000000002 rdx=0x0000000000000000 rcx=0x0000000000000000 ret=0x000000080A821799
[LOADER][WARN] Import#13438511 result: -1 (04AjkP0jO9U) rdi=0x0000000606E0C098 rsi=0x0000000000000002 rdx=0x0000000000000000 rcx=0x0000000000000000 ret=0x000000080A821799
[LOADER][WARN] Import#13438530 result: -1 (04AjkP0jO9U) rdi=0x0000000606E0C098 rsi=0x0000000000000002 rdx=0x0000000000000000 rcx=0x0000000000000000 ret=0x000000080A821799
[LOADER][WARN] Import#13438549 result: -1 (04AjkP0jO9U) rdi=0x0000000606E0C098 rsi=0x0000000000000002 rdx=0x0000000000000000 rcx=0x0000000000000000 ret=0x000000080A821799
[LOADER][TRACE] guest_exception.queued target=0x000002A964368570 type=0x1E mode=external
[LOADER][TRACE] guest_exception.raise target=0x000002A964368570 type=0x1E handler=0x000000080A821210
[LOADER][TRACE] guest_exception.delivery_enter target=0x000002A91E5862F0 type=0x1E mode=parked rip=0x0000000804F3A074 rsp=0x00007FFFD31FFED0 rbp=0x00007FFFD31FFF40 rbx=0x0000000100000B60 r12=0x0000000804FF36B0 r13=0x00000001014D7960 r14=0x00000001014D7980 r15=0x0000000000000000 stack=0x00007FFFD1000000 callback=0x0000000805007510
[LOADER][TRACE] guest_exception.raise target=0x000002A91E5862F0 type=0x1E handler=0x000000080A821210
[LOADER][TRACE] guest_exception.safe_point_enter target=0x000002A964368570 type=0x1E rip=0x000000080A821799
[LOADER][WARN] Import#13438562 result: -1 (04AjkP0jO9U) rdi=0x0000000606E0C098 rsi=0x0000000000000002 rdx=0x0000000000000000 rcx=0x0000000000000000 ret=0x000000080A821799
[LOADER][TRACE] guest_exception.delivery_exit target=0x000002A91E5862F0 type=0x1E success=True error=none elapsed_ms=17.547 record=0x0000000000000000 stack_bound=0x0000000000000000 recorded_rsp=0x0000000000000000
[LOADER][WARN] Import#13438586 result: -1 (04AjkP0jO9U) rdi=0x0000000606E0C098 rsi=0x0000000000000002 rdx=0x0000000000000000 rcx=0x0000000000000000 ret=0x000000080A821799
[LOADER][WARN] Import#13438599 result: -1 (04AjkP0jO9U) rdi=0x0000000606E0C098 rsi=0x0000000000000002 rdx=0x0000000000000000 rcx=0x0000000000000000 ret=0x000000080A821799
[LOADER][WARN] Import#13438618 result: -1 (04AjkP0jO9U) rdi=0x0000000606E0C098 rsi=0x0000000000000002 rdx=0x0000000000000000 rcx=0x0000000000000000 ret=0x000000080A821799
[LOADER][WARN] Import#13438641 result: -1 (04AjkP0jO9U) rdi=0x0000000606E0C098 rsi=0x0000000000000002 rdx=0x0000000000000000 rcx=0x0000000000000000 ret=0x000000080A821799
[LOADER][WARN] Import#13438660 result: -1 (04AjkP0jO9U) rdi=0x0000000606E0C098 rsi=0x0000000000000002 rdx=0x0000000000000000 rcx=0x0000000000000000 ret=0x000000080A821799
[LOADER][WARN] Import#13438679 result: -1 (04AjkP0jO9U) rdi=0x0000000606E0C098 rsi=0x0000000000000002 rdx=0x0000000000000000 rcx=0x0000000000000000 ret=0x000000080A821799
[LOADER][WARN] Import#13438692 result: -1 (04AjkP0jO9U) rdi=0x0000000606E0C098 rsi=0x0000000000000002 rdx=0x0000000000000000 rcx=0x0000000000000000 ret=0x000000080A821799
[LOADER][WARN] Import#13438711 result: -1 (04AjkP0jO9U) rdi=0x0000000606E0C098 rsi=0x0000000000000002 rdx=0x0000000000000000 rcx=0x0000000000000000 ret=0x000000080A821799
[LOADER][WARN] Import#14117898 result: -1 (04AjkP0jO9U) rdi=0x0000000606E0C098 rsi=0x0000000000000002 rdx=0x0000000000000000 rcx=0x0000000000000000 ret=0x000000080A821799
[LOADER][WARN] Import#14117911 result: -1 (04AjkP0jO9U) rdi=0x0000000606E0C098 rsi=0x0000000000000002 rdx=0x0000000000000000 rcx=0x0000000000000000 ret=0x000000080A821799
[LOADER][WARN] Import#14117930 result: -1 (04AjkP0jO9U) rdi=0x0000000606E0C098 rsi=0x0000000000000002 rdx=0x0000000000000000 rcx=0x0000000000000000 ret=0x000000080A821799
[LOADER][WARN] Import#14117949 result: -1 (04AjkP0jO9U) rdi=0x0000000606E0C098 rsi=0x0000000000000002 rdx=0x0000000000000000 rcx=0x0000000000000000 ret=0x000000080A821799
[LOADER][WARN] Import#14117968 result: -1 (04AjkP0jO9U) rdi=0x0000000606E0C098 rsi=0x0000000000000002 rdx=0x0000000000000000 rcx=0x0000000000000000 ret=0x000000080A821799
[LOADER][WARN] Import#14117987 result: -1 (04AjkP0jO9U) rdi=0x0000000606E0C098 rsi=0x0000000000000002 rdx=0x0000000000000000 rcx=0x0000000000000000 ret=0x000000080A821799
[LOADER][WARN] Import#14118000 result: -1 (04AjkP0jO9U) rdi=0x0000000606E0C098 rsi=0x0000000000000002 rdx=0x0000000000000000 rcx=0x0000000000000000 ret=0x000000080A821799
[LOADER][WARN] Import#14118019 result: -1 (04AjkP0jO9U) rdi=0x0000000606E0C098 rsi=0x0000000000000002 rdx=0x0000000000000000 rcx=0x0000000000000000 ret=0x000000080A821799
[LOADER][WARN] Import#14118038 result: -1 (04AjkP0jO9U) rdi=0x0000000606E0C098 rsi=0x0000000000000002 rdx=0x0000000000000000 rcx=0x0000000000000000 ret=0x000000080A821799
[LOADER][WARN] Import#14118051 result: -1 (04AjkP0jO9U) rdi=0x0000000606E0C098 rsi=0x0000000000000002 rdx=0x0000000000000000 rcx=0x0000000000000000 ret=0x000000080A821799
[LOADER][WARN] Import#14118070 result: -1 (04AjkP0jO9U) rdi=0x0000000606E0C098 rsi=0x0000000000000002 rdx=0x0000000000000000 rcx=0x0000000000000000 ret=0x000000080A821799
[LOADER][WARN] Import#14118089 result: -1 (04AjkP0jO9U) rdi=0x0000000606E0C098 rsi=0x0000000000000002 rdx=0x0000000000000000 rcx=0x0000000000000000 ret=0x000000080A821799
[LOADER][WARN] Import#14118108 result: -1 (04AjkP0jO9U) rdi=0x0000000606E0C098 rsi=0x0000000000000002 rdx=0x0000000000000000 rcx=0x0000000000000000 ret=0x000000080A821799
[LOADER][WARN] Import#14118121 result: -1 (04AjkP0jO9U) rdi=0x0000000606E0C098 rsi=0x0000000000000002 rdx=0x0000000000000000 rcx=0x0000000000000000 ret=0x000000080A821799
[LOADER][WARN] Import#14118140 result: -1 (04AjkP0jO9U) rdi=0x0000000606E0C098 rsi=0x0000000000000002 rdx=0x0000000000000000 rcx=0x0000000000000000 ret=0x000000080A821799
[LOADER][WARN] Import#14883337 result: -1 (04AjkP0jO9U) rdi=0x0000000606E0C098 rsi=0x0000000000000002 rdx=0x0000000000000000 rcx=0x0000000000000000 ret=0x000000080A821799
[LOADER][WARN] Import#14883356 result: -1 (04AjkP0jO9U) rdi=0x0000000606E0C098 rsi=0x0000000000000002 rdx=0x0000000000000000 rcx=0x0000000000000000 ret=0x000000080A821799
[LOADER][WARN] Import#14883369 result: -1 (04AjkP0jO9U) rdi=0x0000000606E0C098 rsi=0x0000000000000002 rdx=0x0000000000000000 rcx=0x0000000000000000 ret=0x000000080A821799
[LOADER][WARN] Import#14883388 result: -1 (04AjkP0jO9U) rdi=0x0000000606E0C098 rsi=0x0000000000000002 rdx=0x0000000000000000 rcx=0x0000000000000000 ret=0x000000080A821799
[LOADER][WARN] Import#14883407 result: -1 (04AjkP0jO9U) rdi=0x0000000606E0C098 rsi=0x0000000000000002 rdx=0x0000000000000000 rcx=0x0000000000000000 ret=0x000000080A821799
[LOADER][WARN] Import#14883426 result: -1 (04AjkP0jO9U) rdi=0x0000000606E0C098 rsi=0x0000000000000002 rdx=0x0000000000000000 rcx=0x0000000000000000 ret=0x000000080A821799
[LOADER][TRACE] guest_exception.queued target=0x000002A964368570 type=0x1E mode=external
[LOADER][TRACE] guest_exception.raise target=0x000002A964368570 type=0x1E handler=0x000000080A821210
[LOADER][TRACE] guest_exception.delivery_enter target=0x000002A91E5862F0 type=0x1E mode=parked rip=0x0000000804F3A074 rsp=0x00007FFFD31FFED0 rbp=0x00007FFFD31FFF40 rbx=0x0000000100000B60 r12=0x0000000804FF36B0 r13=0x00000001014D7960 r14=0x00000001014D7980 r15=0x0000000000000000 stack=0x00007FFFD1000000 callback=0x0000000805007510
[LOADER][TRACE] guest_exception.raise target=0x000002A91E5862F0 type=0x1E handler=0x000000080A821210
[LOADER][TRACE] guest_exception.safe_point_enter target=0x000002A964368570 type=0x1E rip=0x000000080A821799
[LOADER][WARN] Import#14883439 result: -1 (04AjkP0jO9U) rdi=0x0000000606E0C098 rsi=0x0000000000000002 rdx=0x0000000000000000 rcx=0x0000000000000000 ret=0x000000080A821799
[LOADER][TRACE] guest_exception.delivery_exit target=0x000002A91E5862F0 type=0x1E success=True error=none elapsed_ms=4.314 record=0x0000000000000000 stack_bound=0x0000000000000000 recorded_rsp=0x0000000000000000
[LOADER][WARN] Import#14883463 result: -1 (04AjkP0jO9U) rdi=0x0000000606E0C098 rsi=0x0000000000000002 rdx=0x0000000000000000 rcx=0x0000000000000000 ret=0x000000080A821799
[LOADER][WARN] Import#14883476 result: -1 (04AjkP0jO9U) rdi=0x0000000606E0C098 rsi=0x0000000000000002 rdx=0x0000000000000000 rcx=0x0000000000000000 ret=0x000000080A821799
[LOADER][WARN] Import#14883495 result: -1 (04AjkP0jO9U) rdi=0x0000000606E0C098 rsi=0x0000000000000002 rdx=0x0000000000000000 rcx=0x0000000000000000 ret=0x000000080A821799
[LOADER][TRACE] guest_thread.snapshot handle=0x000002A96436A590 name='AssetGarbageCollectorHelper' state=Blocked executor=False imports=108 nid=04AjkP0jO9U ret=0x000000080A821799 block=_umtx_op_wait wake=sceKernelSyncOnAddress:00000006006CF7D8 host_managed=0 host_tid=0
[LOADER][TRACE] guest_thread.snapshot handle=0x000002A96436B5A0 name='AssetGarbageCollectorHelper' state=Blocked executor=False imports=107 nid=04AjkP0jO9U ret=0x000000080A821799 block=_umtx_op_wait wake=sceKernelSyncOnAddress:00000006006CF928 host_managed=0 host_tid=0
[LOADER][TRACE] guest_thread.snapshot handle=0x000002A96436C5B0 name='AssetGarbageCollectorHelper' state=Blocked executor=False imports=108 nid=04AjkP0jO9U ret=0x000000080A821799 block=_umtx_op_wait wake=sceKernelSyncOnAddress:00000006006CFA78 host_managed=0 host_tid=0
[LOADER][TRACE] guest_thread.snapshot handle=0x000002A96436E5D0 name='AssetGarbageCollectorHelper' state=Blocked executor=False imports=107 nid=04AjkP0jO9U ret=0x000000080A821799 block=_umtx_op_wait wake=sceKernelSyncOnAddress:00000006006CFBC8 host_managed=0 host_tid=0
[LOADER][TRACE] guest_thread.snapshot handle=0x000002A91E580290 name='AssetGarbageCollectorHelper' state=Blocked executor=False imports=107 nid=04AjkP0jO9U ret=0x000000080A821799 block=_umtx_op_wait wake=sceKernelSyncOnAddress:00000006006CFD18 host_managed=0 host_tid=0
[LOADER][TRACE] guest_thread.snapshot handle=0x000002A91E5822B0 name='AssetGarbageCollectorHelper' state=Blocked executor=False imports=107 nid=04AjkP0jO9U ret=0x000000080A821799 block=_umtx_op_wait wake=sceKernelSyncOnAddress:00000006006CFE68 host_managed=0 host_tid=0
[LOADER][TRACE] guest_thread.snapshot handle=0x000002A91E5832C0 name='AssetGarbageCollectorHelper' state=Blocked executor=False imports=108 nid=04AjkP0jO9U ret=0x000000080A821799 block=_umtx_op_wait wake=sceKernelSyncOnAddress:00000006006CFFB8 host_managed=0 host_tid=0
[LOADER][TRACE] guest_thread.snapshot handle=0x000002A91E5842D0 name='AssetGarbageCollectorHelper' state=Blocked executor=False imports=107 nid=04AjkP0jO9U ret=0x000000080A821799 block=_umtx_op_wait wake=sceKernelSyncOnAddress:00000006006D0108 host_managed=0 host_tid=0
[LOADER][TRACE] guest_thread.snapshot handle=0x000002A91E5812A0 name='AssetGarbageCollectorHelper' state=Blocked executor=False imports=108 nid=04AjkP0jO9U ret=0x000000080A821799 block=_umtx_op_wait wake=sceKernelSyncOnAddress:00000006006D0258 host_managed=0 host_tid=0
[LOADER][TRACE] guest_thread.snapshot handle=0x000002A91E5852E0 name='AssetGarbageCollectorHelper' state=Blocked executor=False imports=107 nid=04AjkP0jO9U ret=0x000000080A821799 block=_umtx_op_wait wake=sceKernelSyncOnAddress:00000006006D03A8 host_managed=0 host_tid=0
[LOADER][TRACE] guest_thread.snapshot handle=0x000002A91E588310 name='AssetGarbageCollectorHelper' state=Blocked executor=False imports=108 nid=04AjkP0jO9U ret=0x000000080A821799 block=_umtx_op_wait wake=sceKernelSyncOnAddress:00000006006D04F8 host_managed=0 host_tid=0
[LOADER][TRACE] guest_thread.snapshot handle=0x000002A91E589320 name='AssetGarbageCollectorHelper' state=Blocked executor=False imports=107 nid=04AjkP0jO9U ret=0x000000080A821799 block=_umtx_op_wait wake=sceKernelSyncOnAddress:00000006006D0648 host_managed=0 host_tid=0
[LOADER][TRACE] guest_thread.snapshot handle=0x000002A91E587300 name='AssetGarbageCollectorHelper' state=Blocked executor=False imports=108 nid=04AjkP0jO9U ret=0x000000080A821799 block=_umtx_op_wait wake=sceKernelSyncOnAddress:00000006006D0798 host_managed=0 host_tid=0
[LOADER][TRACE] guest_thread.snapshot handle=0x000002A91E5862F0 name='Thread-2A91E5862F0' state=Blocked executor=False imports=348 nid=4czppHBiriw ret=0x0000000805007634 block=pthread_cond_wait wake=pthread_cond_waiter:27194 host_managed=0 host_tid=0
[LOADER][TRACE] guest_thread.snapshot handle=0x000002A91E58C350 name='Job.Worker 0' state=Blocked executor=False imports=2208 nid=JTvBflhYazQ ret=0x0000000800A27985 block=sceKernelWaitEventFlag wake=event_flag:0x0000000000000003 host_managed=0 host_tid=0
[LOADER][TRACE] guest_thread.snapshot handle=0x000002A91E58D360 name='Job.Worker 1' state=Blocked executor=False imports=1166 nid=JTvBflhYazQ ret=0x0000000800A27985 block=sceKernelWaitEventFlag wake=event_flag:0x0000000000000003 host_managed=0 host_tid=0
[LOADER][TRACE] guest_thread.snapshot handle=0x000002A91E58B340 name='Job.Worker 2' state=Blocked executor=False imports=820 nid=JTvBflhYazQ ret=0x0000000800A27985 block=sceKernelWaitEventFlag wake=event_flag:0x0000000000000003 host_managed=0 host_tid=0
[LOADER][TRACE] guest_thread.snapshot handle=0x000002A91E58A330 name='Job.Worker 3' state=Blocked executor=False imports=420 nid=JTvBflhYazQ ret=0x0000000800A27985 block=sceKernelWaitEventFlag wake=event_flag:0x0000000000000003 host_managed=0 host_tid=0
[LOADER][TRACE] guest_thread.snapshot handle=0x000002A91E58E370 name='Job.Worker 4' state=Blocked executor=False imports=335 nid=JTvBflhYazQ ret=0x0000000800A27985 block=sceKernelWaitEventFlag wake=event_flag:0x0000000000000003 host_managed=0 host_tid=0
[LOADER][TRACE] guest_thread.snapshot handle=0x000002A96436D5C0 name='Job.Worker 5' state=Blocked executor=False imports=422 nid=JTvBflhYazQ ret=0x0000000800A27985 block=sceKernelWaitEventFlag wake=event_flag:0x0000000000000003 host_managed=0 host_tid=0
[LOADER][TRACE] guest_thread.snapshot handle=0x000002A91F4BAB20 name='Job.Worker 6' state=Blocked executor=False imports=344 nid=JTvBflhYazQ ret=0x0000000800A27985 block=sceKernelWaitEventFlag wake=event_flag:0x0000000000000003 host_managed=0 host_tid=0
[LOADER][TRACE] guest_thread.snapshot handle=0x000002A91F4BEB60 name='Job.Worker 7' state=Blocked executor=False imports=375 nid=JTvBflhYazQ ret=0x0000000800A27985 block=sceKernelWaitEventFlag wake=event_flag:0x0000000000000003 host_managed=0 host_tid=0
[LOADER][TRACE] guest_thread.snapshot handle=0x000002A91F4BBB30 name='Job.Worker 8' state=Blocked executor=False imports=358 nid=JTvBflhYazQ ret=0x0000000800A27985 block=sceKernelWaitEventFlag wake=event_flag:0x0000000000000003 host_managed=0 host_tid=0
[LOADER][TRACE] guest_thread.snapshot handle=0x000002A91F4BFB70 name='Job.Worker 9' state=Blocked executor=False imports=552 nid=JTvBflhYazQ ret=0x0000000800A27985 block=sceKernelWaitEventFlag wake=event_flag:0x0000000000000003 host_managed=0 host_tid=0
[LOADER][TRACE] guest_thread.snapshot handle=0x000002A91F4BDB50 name='Job.Worker 10' state=Blocked executor=False imports=404 nid=JTvBflhYazQ ret=0x0000000800A27985 block=sceKernelWaitEventFlag wake=event_flag:0x0000000000000003 host_managed=0 host_tid=0
[LOADER][TRACE] guest_thread.snapshot handle=0x000002A91F4BCB40 name='Job.Worker 11' state=Blocked executor=False imports=362 nid=JTvBflhYazQ ret=0x0000000800A27985 block=sceKernelWaitEventFlag wake=event_flag:0x0000000000000003 host_managed=0 host_tid=0
[LOADER][TRACE] guest_thread.snapshot handle=0x000002A91F4C0B80 name='Job.Worker 12' state=Blocked executor=False imports=505 nid=JTvBflhYazQ ret=0x0000000800A27985 block=sceKernelWaitEventFlag wake=event_flag:0x0000000000000003 host_managed=0 host_tid=0
[LOADER][TRACE] guest_thread.snapshot handle=0x000002A91F4C1B90 name='Background Job.Worker 0' state=Blocked executor=False imports=10052 nid=JTvBflhYazQ ret=0x0000000800A27985 block=sceKernelWaitEventFlag wake=event_flag:0x0000000000000004 host_managed=0 host_tid=0
[LOADER][TRACE] guest_thread.snapshot handle=0x000002A91F4C2BA0 name='Background Job.Worker 1' state=Blocked executor=False imports=5895 nid=JTvBflhYazQ ret=0x0000000800A27985 block=sceKernelWaitEventFlag wake=event_flag:0x0000000000000004 host_managed=0 host_tid=0
[LOADER][TRACE] guest_thread.snapshot handle=0x000002A91F4C5BD0 name='Background Job.Worker 2' state=Blocked executor=False imports=2933 nid=JTvBflhYazQ ret=0x0000000800A27985 block=sceKernelWaitEventFlag wake=event_flag:0x0000000000000004 host_managed=0 host_tid=0
[LOADER][TRACE] guest_thread.snapshot handle=0x000002A91F4C4BC0 name='Background Job.Worker 3' state=Blocked executor=False imports=2465 nid=JTvBflhYazQ ret=0x0000000800A27985 block=sceKernelWaitEventFlag wake=event_flag:0x0000000000000004 host_managed=0 host_tid=0
[LOADER][TRACE] guest_thread.snapshot handle=0x000002A91F4C6BE0 name='Background Job.Worker 4' state=Blocked executor=False imports=1787 nid=JTvBflhYazQ ret=0x0000000800A27985 block=sceKernelWaitEventFlag wake=event_flag:0x0000000000000004 host_managed=0 host_tid=0
[LOADER][TRACE] guest_thread.snapshot handle=0x000002A91F4C3BB0 name='Background Job.Worker 5' state=Blocked executor=False imports=1807 nid=JTvBflhYazQ ret=0x0000000800A27985 block=sceKernelWaitEventFlag wake=event_flag:0x0000000000000004 host_managed=0 host_tid=0
[LOADER][TRACE] guest_thread.snapshot handle=0x000002A91F4CAC20 name='Background Job.Worker 6' state=Blocked executor=False imports=1525 nid=JTvBflhYazQ ret=0x0000000800A27985 block=sceKernelWaitEventFlag wake=event_flag:0x0000000000000004 host_managed=0 host_tid=0
[LOADER][TRACE] guest_thread.snapshot handle=0x000002A91F4C7BF0 name='Background Job.Worker 7' state=Blocked executor=False imports=1525 nid=JTvBflhYazQ ret=0x0000000800A27985 block=sceKernelWaitEventFlag wake=event_flag:0x0000000000000004 host_managed=0 host_tid=0
[LOADER][TRACE] guest_thread.snapshot handle=0x000002A91F4C9C10 name='Background Job.Worker 8' state=Blocked executor=False imports=1288 nid=JTvBflhYazQ ret=0x0000000800A27985 block=sceKernelWaitEventFlag wake=event_flag:0x0000000000000004 host_managed=0 host_tid=0
[LOADER][TRACE] guest_thread.snapshot handle=0x000002A91F4CBC30 name='Background Job.Worker 9' state=Blocked executor=False imports=1066 nid=JTvBflhYazQ ret=0x0000000800A27985 block=sceKernelWaitEventFlag wake=event_flag:0x0000000000000004 host_managed=0 host_tid=0
[LOADER][TRACE] guest_thread.snapshot handle=0x000002A91F4C8C00 name='Background Job.Worker 10' state=Blocked executor=False imports=1046 nid=JTvBflhYazQ ret=0x0000000800A27985 block=sceKernelWaitEventFlag wake=event_flag:0x0000000000000004 host_managed=0 host_tid=0
[LOADER][TRACE] guest_thread.snapshot handle=0x000002A91F4CDC50 name='Background Job.Worker 11' state=Blocked executor=False imports=1058 nid=JTvBflhYazQ ret=0x0000000800A27985 block=sceKernelWaitEventFlag wake=event_flag:0x0000000000000004 host_managed=0 host_tid=0
[LOADER][TRACE] guest_thread.snapshot handle=0x000002A91F4CCC40 name='Background Job.Worker 12' state=Blocked executor=False imports=984 nid=JTvBflhYazQ ret=0x0000000800A27985 block=sceKernelWaitEventFlag wake=event_flag:0x0000000000000004 host_managed=0 host_tid=0
[LOADER][TRACE] guest_thread.snapshot handle=0x000002A91F4CEC60 name='Background Job.Worker 13' state=Blocked executor=False imports=1171 nid=JTvBflhYazQ ret=0x0000000800A27985 block=sceKernelWaitEventFlag wake=event_flag:0x0000000000000004 host_managed=0 host_tid=0
[LOADER][TRACE] guest_thread.snapshot handle=0x000002A91F4D1C90 name='Background Job.Worker 14' state=Blocked executor=False imports=1035 nid=JTvBflhYazQ ret=0x0000000800A27985 block=sceKernelWaitEventFlag wake=event_flag:0x0000000000000004 host_managed=0 host_tid=0
[LOADER][TRACE] guest_thread.snapshot handle=0x000002A91F4D2CA0 name='Background Job.Worker 15' state=Blocked executor=False imports=1018 nid=JTvBflhYazQ ret=0x0000000800A27985 block=sceKernelWaitEventFlag wake=event_flag:0x0000000000000004 host_managed=0 host_tid=0
[LOADER][TRACE] guest_thread.snapshot handle=0x000002A91F4CFC70 name='BatchDeleteObjects' state=Blocked executor=False imports=104 nid=04AjkP0jO9U ret=0x000000080A821799 block=_umtx_op_wait wake=sceKernelSyncOnAddress:0000000603909730 host_managed=0 host_tid=0
[LOADER][TRACE] guest_thread.snapshot handle=0x000002A91F4D3CB0 name='Loading.AsyncRead' state=Blocked executor=False imports=20998 nid=04AjkP0jO9U ret=0x000000080A821799 block=_umtx_op_wait wake=sceKernelSyncOnAddress:0000000600702F50 host_managed=0 host_tid=0
[LOADER][TRACE] guest_thread.snapshot handle=0x000002A91F4D0C80 name='Thread-2A91F4D0C80' state=Running executor=True imports=46 nid=tn3VlD0hG60 ret=0x00000008013EED51 block=none wake=none host_managed=71 host_tid=33352
[LOADER][TRACE] guest_thread.snapshot handle=0x000002A91F4D5CD0 name='UnityEOPThread' state=Blocked executor=False imports=20 nid=fzyMKs9kim0 ret=0x00000008013E33D3 block=sceKernelWaitEqueue wake=sceKernelWaitEqueue:0000000000000003:0000000000000002 host_managed=0 host_tid=0
[LOADER][TRACE] guest_thread.snapshot handle=0x000002A91F4D6CE0 name='GfxFlipThread' state=Blocked executor=False imports=35 nid=fzyMKs9kim0 ret=0x00000008013BFDEF block=sceKernelWaitEqueue wake=sceKernelWaitEqueue:0000000000000005:0000000000000004 host_managed=0 host_tid=0
[LOADER][TRACE] guest_thread.snapshot handle=0x000002A91F4D4CC0 name='UnityGfxDeviceWorker' state=Blocked executor=False imports=60200 nid=04AjkP0jO9U ret=0x000000080A821799 block=_umtx_op_wait wake=sceKernelSyncOnAddress:0000000603911DD0 host_managed=0 host_tid=0
[LOADER][TRACE] guest_thread.snapshot handle=0x000002A91F4D8D00 name='Gfx Task Executor' state=Blocked executor=False imports=116 nid=04AjkP0jO9U ret=0x000000080A821799 block=_umtx_op_wait wake=sceKernelSyncOnAddress:0000000603922B70 host_managed=0 host_tid=0
[LOADER][TRACE] guest_thread.snapshot handle=0x000002A91B6F7D70 name='Loading.PreloadManager' state=Running executor=True imports=11738280 nid=tn3VlD0hG60 ret=0x00000008007CC846 block=none wake=none host_managed=77 host_tid=36240
[LOADER][WARN] Import#14883508 result: -1 (04AjkP0jO9U) rdi=0x0000000606E0C098 rsi=0x0000000000000002 rdx=0x0000000000000000 rcx=0x0000000000000000 ret=0x000000080A821799
[LOADER][WARN] Import#14883527 result: -1 (04AjkP0jO9U) rdi=0x0000000606E0C098 rsi=0x0000000000000002 rdx=0x0000000000000000 rcx=0x0000000000000000 ret=0x000000080A821799
[LOADER][WARN] Import#14883540 result: -1 (04AjkP0jO9U) rdi=0x0000000606E0C098 rsi=0x0000000000000002 rdx=0x0000000000000000 rcx=0x0000000000000000 ret=0x000000080A821799
[LOADER][WARN] Import#14883559 result: -1 (04AjkP0jO9U) rdi=0x0000000606E0C098 rsi=0x0000000000000002 rdx=0x0000000000000000 rcx=0x0000000000000000 ret=0x000000080A821799
[LOADER][WARN] Import#14883578 result: -1 (04AjkP0jO9U) rdi=0x0000000606E0C098 rsi=0x0000000000000002 rdx=0x0000000000000000 rcx=0x0000000000000000 ret=0x000000080A821799
[LOADER][WARN] Import#15637767 result: -1 (04AjkP0jO9U) rdi=0x0000000606E0C098 rsi=0x0000000000000002 rdx=0x0000000000000000 rcx=0x0000000000000000 ret=0x000000080A821799
[LOADER][WARN] Import#15637786 result: -1 (04AjkP0jO9U) rdi=0x0000000606E0C098 rsi=0x0000000000000002 rdx=0x0000000000000000 rcx=0x0000000000000000 ret=0x000000080A821799
[LOADER][WARN] Import#15637799 result: -1 (04AjkP0jO9U) rdi=0x0000000606E0C098 rsi=0x0000000000000002 rdx=0x0000000000000000 rcx=0x0000000000000000 ret=0x000000080A821799
[LOADER][WARN] Import#15637818 result: -1 (04AjkP0jO9U) rdi=0x0000000606E0C098 rsi=0x0000000000000002 rdx=0x0000000000000000 rcx=0x0000000000000000 ret=0x000000080A821799
[LOADER][WARN] Import#15637837 result: -1 (04AjkP0jO9U) rdi=0x0000000606E0C098 rsi=0x0000000000000002 rdx=0x0000000000000000 rcx=0x0000000000000000 ret=0x000000080A821799
[LOADER][WARN] Import#15637850 result: -1 (04AjkP0jO9U) rdi=0x0000000606E0C098 rsi=0x0000000000000002 rdx=0x0000000000000000 rcx=0x0000000000000000 ret=0x000000080A821799
[LOADER][WARN] Import#15637869 result: -1 (04AjkP0jO9U) rdi=0x0000000606E0C098 rsi=0x0000000000000002 rdx=0x0000000000000000 rcx=0x0000000000000000 ret=0x000000080A821799
[LOADER][WARN] Import#15637888 result: -1 (04AjkP0jO9U) rdi=0x0000000606E0C098 rsi=0x0000000000000002 rdx=0x0000000000000000 rcx=0x0000000000000000 ret=0x000000080A821799
[LOADER][TRACE] guest_exception.queued target=0x000002A964368570 type=0x1E mode=external
[LOADER][TRACE] guest_exception.raise target=0x000002A964368570 type=0x1E handler=0x000000080A821210
[LOADER][TRACE] guest_exception.delivery_enter target=0x000002A91E5862F0 type=0x1E mode=parked rip=0x0000000804F3A074 rsp=0x00007FFFD31FFED0 rbp=0x00007FFFD31FFF40 rbx=0x0000000100000B60 r12=0x0000000804FF36B0 r13=0x00000001014D7960 r14=0x00000001014D7980 r15=0x0000000000000000 stack=0x00007FFFD1000000 callback=0x0000000805007510
[LOADER][TRACE] guest_exception.raise target=0x000002A91E5862F0 type=0x1E handler=0x000000080A821210
[LOADER][TRACE] guest_exception.safe_point_enter target=0x000002A964368570 type=0x1E rip=0x000000080A821799
[LOADER][WARN] Import#15637901 result: -1 (04AjkP0jO9U) rdi=0x0000000606E0C098 rsi=0x0000000000000002 rdx=0x0000000000000000 rcx=0x0000000000000000 ret=0x000000080A821799
[LOADER][TRACE] guest_exception.delivery_exit target=0x000002A91E5862F0 type=0x1E success=True error=none elapsed_ms=18.858 record=0x0000000000000000 stack_bound=0x0000000000000000 recorded_rsp=0x0000000000000000
[LOADER][WARN] Import#15637925 result: -1 (04AjkP0jO9U) rdi=0x0000000606E0C098 rsi=0x0000000000000002 rdx=0x0000000000000000 rcx=0x0000000000000000 ret=0x000000080A821799
[LOADER][WARN] Import#15637938 result: -1 (04AjkP0jO9U) rdi=0x0000000606E0C098 rsi=0x0000000000000002 rdx=0x0000000000000000 rcx=0x0000000000000000 ret=0x000000080A821799
[LOADER][WARN] Import#15637957 result: -1 (04AjkP0jO9U) rdi=0x0000000606E0C098 rsi=0x0000000000000002 rdx=0x0000000000000000 rcx=0x0000000000000000 ret=0x000000080A821799
[LOADER][WARN] Import#15637976 result: -1 (04AjkP0jO9U) rdi=0x0000000606E0C098 rsi=0x0000000000000002 rdx=0x0000000000000000 rcx=0x0000000000000000 ret=0x000000080A821799
[LOADER][WARN] Import#15637989 result: -1 (04AjkP0jO9U) rdi=0x0000000606E0C098 rsi=0x0000000000000002 rdx=0x0000000000000000 rcx=0x0000000000000000 ret=0x000000080A821799
[LOADER][WARN] Import#15638008 result: -1 (04AjkP0jO9U) rdi=0x0000000606E0C098 rsi=0x0000000000000002 rdx=0x0000000000000000 rcx=0x0000000000000000 ret=0x000000080A821799
[LOADER][WARN] Import#16288523 result: -1 (04AjkP0jO9U) rdi=0x0000000606E0C098 rsi=0x0000000000000002 rdx=0x0000000000000000 rcx=0x0000000000000000 ret=0x000000080A821799
[LOADER][WARN] Import#16288542 result: -1 (04AjkP0jO9U) rdi=0x0000000606E0C098 rsi=0x0000000000000002 rdx=0x0000000000000000 rcx=0x0000000000000000 ret=0x000000080A821799
[LOADER][WARN] Import#16288555 result: -1 (04AjkP0jO9U) rdi=0x0000000606E0C098 rsi=0x0000000000000002 rdx=0x0000000000000000 rcx=0x0000000000000000 ret=0x000000080A821799
[LOADER][WARN] Import#16288574 result: -1 (04AjkP0jO9U) rdi=0x0000000606E0C098 rsi=0x0000000000000002 rdx=0x0000000000000000 rcx=0x0000000000000000 ret=0x000000080A821799
[LOADER][WARN] Import#16288587 result: -1 (04AjkP0jO9U) rdi=0x0000000606E0C098 rsi=0x0000000000000002 rdx=0x0000000000000000 rcx=0x0000000000000000 ret=0x000000080A821799
[LOADER][WARN] Import#16288606 result: -1 (04AjkP0jO9U) rdi=0x0000000606E0C098 rsi=0x0000000000000002 rdx=0x0000000000000000 rcx=0x0000000000000000 ret=0x000000080A821799
[LOADER][WARN] Import#16288619 result: -1 (04AjkP0jO9U) rdi=0x0000000606E0C098 rsi=0x0000000000000002 rdx=0x0000000000000000 rcx=0x0000000000000000 ret=0x000000080A821799
[LOADER][ERROR] Import-loop guard fired at import#17144832: nid=9UK1vLZQft4 ret=0x00000008007CC9B8 -> host_exit=0x000002A91B680000
[LOADER][TRACE] guest_thread.snapshot handle=0x000002A96436A590 name='AssetGarbageCollectorHelper' state=Blocked executor=False imports=118 nid=04AjkP0jO9U ret=0x000000080A821799 block=_umtx_op_wait wake=sceKernelSyncOnAddress:00000006006CF7D8 host_managed=0 host_tid=0
[LOADER][TRACE] guest_thread.snapshot handle=0x000002A96436B5A0 name='AssetGarbageCollectorHelper' state=Blocked executor=False imports=117 nid=04AjkP0jO9U ret=0x000000080A821799 block=_umtx_op_wait wake=sceKernelSyncOnAddress:00000006006CF928 host_managed=0 host_tid=0
[LOADER][TRACE] guest_thread.snapshot handle=0x000002A96436C5B0 name='AssetGarbageCollectorHelper' state=Blocked executor=False imports=118 nid=04AjkP0jO9U ret=0x000000080A821799 block=_umtx_op_wait wake=sceKernelSyncOnAddress:00000006006CFA78 host_managed=0 host_tid=0
[LOADER][TRACE] guest_thread.snapshot handle=0x000002A96436E5D0 name='AssetGarbageCollectorHelper' state=Blocked executor=False imports=117 nid=04AjkP0jO9U ret=0x000000080A821799 block=_umtx_op_wait wake=sceKernelSyncOnAddress:00000006006CFBC8 host_managed=0 host_tid=0
[LOADER][TRACE] guest_thread.snapshot handle=0x000002A91E580290 name='AssetGarbageCollectorHelper' state=Blocked executor=False imports=117 nid=04AjkP0jO9U ret=0x000000080A821799 block=_umtx_op_wait wake=sceKernelSyncOnAddress:00000006006CFD18 host_managed=0 host_tid=0
[LOADER][TRACE] guest_thread.snapshot handle=0x000002A91E5822B0 name='AssetGarbageCollectorHelper' state=Blocked executor=False imports=117 nid=04AjkP0jO9U ret=0x000000080A821799 block=_umtx_op_wait wake=sceKernelSyncOnAddress:00000006006CFE68 host_managed=0 host_tid=0
[LOADER][TRACE] guest_thread.snapshot handle=0x000002A91E5832C0 name='AssetGarbageCollectorHelper' state=Blocked executor=False imports=118 nid=04AjkP0jO9U ret=0x000000080A821799 block=_umtx_op_wait wake=sceKernelSyncOnAddress:00000006006CFFB8 host_managed=0 host_tid=0
[LOADER][TRACE] guest_thread.snapshot handle=0x000002A91E5842D0 name='AssetGarbageCollectorHelper' state=Blocked executor=False imports=117 nid=04AjkP0jO9U ret=0x000000080A821799 block=_umtx_op_wait wake=sceKernelSyncOnAddress:00000006006D0108 host_managed=0 host_tid=0
[LOADER][TRACE] guest_thread.snapshot handle=0x000002A91E5812A0 name='AssetGarbageCollectorHelper' state=Blocked executor=False imports=118 nid=04AjkP0jO9U ret=0x000000080A821799 block=_umtx_op_wait wake=sceKernelSyncOnAddress:00000006006D0258 host_managed=0 host_tid=0
[LOADER][TRACE] guest_thread.snapshot handle=0x000002A91E5852E0 name='AssetGarbageCollectorHelper' state=Blocked executor=False imports=117 nid=04AjkP0jO9U ret=0x000000080A821799 block=_umtx_op_wait wake=sceKernelSyncOnAddress:00000006006D03A8 host_managed=0 host_tid=0
[LOADER][TRACE] guest_thread.snapshot handle=0x000002A91E588310 name='AssetGarbageCollectorHelper' state=Blocked executor=False imports=118 nid=04AjkP0jO9U ret=0x000000080A821799 block=_umtx_op_wait wake=sceKernelSyncOnAddress:00000006006D04F8 host_managed=0 host_tid=0
[LOADER][TRACE] guest_thread.snapshot handle=0x000002A91E589320 name='AssetGarbageCollectorHelper' state=Blocked executor=False imports=117 nid=04AjkP0jO9U ret=0x000000080A821799 block=_umtx_op_wait wake=sceKernelSyncOnAddress:00000006006D0648 host_managed=0 host_tid=0
[LOADER][TRACE] guest_thread.snapshot handle=0x000002A91E587300 name='AssetGarbageCollectorHelper' state=Blocked executor=False imports=118 nid=04AjkP0jO9U ret=0x000000080A821799 block=_umtx_op_wait wake=sceKernelSyncOnAddress:00000006006D0798 host_managed=0 host_tid=0
[LOADER][TRACE] guest_thread.snapshot handle=0x000002A91E5862F0 name='Thread-2A91E5862F0' state=Blocked executor=False imports=353 nid=4czppHBiriw ret=0x0000000805007634 block=pthread_cond_wait wake=pthread_cond_waiter:27194 host_managed=0 host_tid=0
[LOADER][TRACE] guest_thread.snapshot handle=0x000002A91E58C350 name='Job.Worker 0' state=Blocked executor=False imports=2208 nid=JTvBflhYazQ ret=0x0000000800A27985 block=sceKernelWaitEventFlag wake=event_flag:0x0000000000000003 host_managed=0 host_tid=0
[LOADER][TRACE] guest_thread.snapshot handle=0x000002A91E58D360 name='Job.Worker 1' state=Blocked executor=False imports=1166 nid=JTvBflhYazQ ret=0x0000000800A27985 block=sceKernelWaitEventFlag wake=event_flag:0x0000000000000003 host_managed=0 host_tid=0
[LOADER][TRACE] guest_thread.snapshot handle=0x000002A91E58B340 name='Job.Worker 2' state=Blocked executor=False imports=820 nid=JTvBflhYazQ ret=0x0000000800A27985 block=sceKernelWaitEventFlag wake=event_flag:0x0000000000000003 host_managed=0 host_tid=0
[LOADER][TRACE] guest_thread.snapshot handle=0x000002A91E58A330 name='Job.Worker 3' state=Blocked executor=False imports=420 nid=JTvBflhYazQ ret=0x0000000800A27985 block=sceKernelWaitEventFlag wake=event_flag:0x0000000000000003 host_managed=0 host_tid=0
[LOADER][TRACE] guest_thread.snapshot handle=0x000002A91E58E370 name='Job.Worker 4' state=Blocked executor=False imports=335 nid=JTvBflhYazQ ret=0x0000000800A27985 block=sceKernelWaitEventFlag wake=event_flag:0x0000000000000003 host_managed=0 host_tid=0
[LOADER][TRACE] guest_thread.snapshot handle=0x000002A96436D5C0 name='Job.Worker 5' state=Blocked executor=False imports=422 nid=JTvBflhYazQ ret=0x0000000800A27985 block=sceKernelWaitEventFlag wake=event_flag:0x0000000000000003 host_managed=0 host_tid=0
[LOADER][TRACE] guest_thread.snapshot handle=0x000002A91F4BAB20 name='Job.Worker 6' state=Blocked executor=False imports=344 nid=JTvBflhYazQ ret=0x0000000800A27985 block=sceKernelWaitEventFlag wake=event_flag:0x0000000000000003 host_managed=0 host_tid=0
[LOADER][TRACE] guest_thread.snapshot handle=0x000002A91F4BEB60 name='Job.Worker 7' state=Blocked executor=False imports=375 nid=JTvBflhYazQ ret=0x0000000800A27985 block=sceKernelWaitEventFlag wake=event_flag:0x0000000000000003 host_managed=0 host_tid=0
[LOADER][TRACE] guest_thread.snapshot handle=0x000002A91F4BBB30 name='Job.Worker 8' state=Blocked executor=False imports=358 nid=JTvBflhYazQ ret=0x0000000800A27985 block=sceKernelWaitEventFlag wake=event_flag:0x0000000000000003 host_managed=0 host_tid=0
[LOADER][TRACE] guest_thread.snapshot handle=0x000002A91F4BFB70 name='Job.Worker 9' state=Blocked executor=False imports=552 nid=JTvBflhYazQ ret=0x0000000800A27985 block=sceKernelWaitEventFlag wake=event_flag:0x0000000000000003 host_managed=0 host_tid=0
[LOADER][TRACE] guest_thread.snapshot handle=0x000002A91F4BDB50 name='Job.Worker 10' state=Blocked executor=False imports=404 nid=JTvBflhYazQ ret=0x0000000800A27985 block=sceKernelWaitEventFlag wake=event_flag:0x0000000000000003 host_managed=0 host_tid=0
[LOADER][TRACE] guest_thread.snapshot handle=0x000002A91F4BCB40 name='Job.Worker 11' state=Blocked executor=False imports=362 nid=JTvBflhYazQ ret=0x0000000800A27985 block=sceKernelWaitEventFlag wake=event_flag:0x0000000000000003 host_managed=0 host_tid=0
[LOADER][TRACE] guest_thread.snapshot handle=0x000002A91F4C0B80 name='Job.Worker 12' state=Blocked executor=False imports=505 nid=JTvBflhYazQ ret=0x0000000800A27985 block=sceKernelWaitEventFlag wake=event_flag:0x0000000000000003 host_managed=0 host_tid=0
[LOADER][TRACE] guest_thread.snapshot handle=0x000002A91F4C1B90 name='Background Job.Worker 0' state=Blocked executor=False imports=10052 nid=JTvBflhYazQ ret=0x0000000800A27985 block=sceKernelWaitEventFlag wake=event_flag:0x0000000000000004 host_managed=0 host_tid=0
[LOADER][TRACE] guest_thread.snapshot handle=0x000002A91F4C2BA0 name='Background Job.Worker 1' state=Blocked executor=False imports=5895 nid=JTvBflhYazQ ret=0x0000000800A27985 block=sceKernelWaitEventFlag wake=event_flag:0x0000000000000004 host_managed=0 host_tid=0
[LOADER][TRACE] guest_thread.snapshot handle=0x000002A91F4C5BD0 name='Background Job.Worker 2' state=Blocked executor=False imports=2933 nid=JTvBflhYazQ ret=0x0000000800A27985 block=sceKernelWaitEventFlag wake=event_flag:0x0000000000000004 host_managed=0 host_tid=0
[LOADER][TRACE] guest_thread.snapshot handle=0x000002A91F4C4BC0 name='Background Job.Worker 3' state=Blocked executor=False imports=2465 nid=JTvBflhYazQ ret=0x0000000800A27985 block=sceKernelWaitEventFlag wake=event_flag:0x0000000000000004 host_managed=0 host_tid=0
[LOADER][TRACE] guest_thread.snapshot handle=0x000002A91F4C6BE0 name='Background Job.Worker 4' state=Blocked executor=False imports=1787 nid=JTvBflhYazQ ret=0x0000000800A27985 block=sceKernelWaitEventFlag wake=event_flag:0x0000000000000004 host_managed=0 host_tid=0
[LOADER][TRACE] guest_thread.snapshot handle=0x000002A91F4C3BB0 name='Background Job.Worker 5' state=Blocked executor=False imports=1807 nid=JTvBflhYazQ ret=0x0000000800A27985 block=sceKernelWaitEventFlag wake=event_flag:0x0000000000000004 host_managed=0 host_tid=0
[LOADER][TRACE] guest_thread.snapshot handle=0x000002A91F4CAC20 name='Background Job.Worker 6' state=Blocked executor=False imports=1525 nid=JTvBflhYazQ ret=0x0000000800A27985 block=sceKernelWaitEventFlag wake=event_flag:0x0000000000000004 host_managed=0 host_tid=0
[LOADER][TRACE] guest_thread.snapshot handle=0x000002A91F4C7BF0 name='Background Job.Worker 7' state=Blocked executor=False imports=1525 nid=JTvBflhYazQ ret=0x0000000800A27985 block=sceKernelWaitEventFlag wake=event_flag:0x0000000000000004 host_managed=0 host_tid=0
[LOADER][TRACE] guest_thread.snapshot handle=0x000002A91F4C9C10 name='Background Job.Worker 8' state=Blocked executor=False imports=1288 nid=JTvBflhYazQ ret=0x0000000800A27985 block=sceKernelWaitEventFlag wake=event_flag:0x0000000000000004 host_managed=0 host_tid=0
[LOADER][TRACE] guest_thread.snapshot handle=0x000002A91F4CBC30 name='Background Job.Worker 9' state=Blocked executor=False imports=1066 nid=JTvBflhYazQ ret=0x0000000800A27985 block=sceKernelWaitEventFlag wake=event_flag:0x0000000000000004 host_managed=0 host_tid=0
[LOADER][TRACE] guest_thread.snapshot handle=0x000002A91F4C8C00 name='Background Job.Worker 10' state=Blocked executor=False imports=1046 nid=JTvBflhYazQ ret=0x0000000800A27985 block=sceKernelWaitEventFlag wake=event_flag:0x0000000000000004 host_managed=0 host_tid=0
[LOADER][TRACE] guest_thread.snapshot handle=0x000002A91F4CDC50 name='Background Job.Worker 11' state=Blocked executor=False imports=1058 nid=JTvBflhYazQ ret=0x0000000800A27985 block=sceKernelWaitEventFlag wake=event_flag:0x0000000000000004 host_managed=0 host_tid=0
[LOADER][TRACE] guest_thread.snapshot handle=0x000002A91F4CCC40 name='Background Job.Worker 12' state=Blocked executor=False imports=984 nid=JTvBflhYazQ ret=0x0000000800A27985 block=sceKernelWaitEventFlag wake=event_flag:0x0000000000000004 host_managed=0 host_tid=0
[LOADER][TRACE] guest_thread.snapshot handle=0x000002A91F4CEC60 name='Background Job.Worker 13' state=Blocked executor=False imports=1171 nid=JTvBflhYazQ ret=0x0000000800A27985 block=sceKernelWaitEventFlag wake=event_flag:0x0000000000000004 host_managed=0 host_tid=0
[LOADER][TRACE] guest_thread.snapshot handle=0x000002A91F4D1C90 name='Background Job.Worker 14' state=Blocked executor=False imports=1035 nid=JTvBflhYazQ ret=0x0000000800A27985 block=sceKernelWaitEventFlag wake=event_flag:0x0000000000000004 host_managed=0 host_tid=0
[LOADER][TRACE] guest_thread.snapshot handle=0x000002A91F4D2CA0 name='Background Job.Worker 15' state=Blocked executor=False imports=1018 nid=JTvBflhYazQ ret=0x0000000800A27985 block=sceKernelWaitEventFlag wake=event_flag:0x0000000000000004 host_managed=0 host_tid=0
[LOADER][TRACE] guest_thread.snapshot handle=0x000002A91F4CFC70 name='BatchDeleteObjects' state=Blocked executor=False imports=114 nid=04AjkP0jO9U ret=0x000000080A821799 block=_umtx_op_wait wake=sceKernelSyncOnAddress:0000000603909730 host_managed=0 host_tid=0
[LOADER][TRACE] guest_thread.snapshot handle=0x000002A91F4D3CB0 name='Loading.AsyncRead' state=Blocked executor=False imports=21045 nid=04AjkP0jO9U ret=0x000000080A821799 block=_umtx_op_wait wake=sceKernelSyncOnAddress:0000000600702F50 host_managed=0 host_tid=0
[LOADER][TRACE] guest_thread.snapshot handle=0x000002A91F4D0C80 name='Thread-2A91F4D0C80' state=Running executor=True imports=60 nid=tn3VlD0hG60 ret=0x00000008013EED51 block=none wake=none host_managed=71 host_tid=33352
[LOADER][TRACE] guest_thread.snapshot handle=0x000002A91F4D5CD0 name='UnityEOPThread' state=Blocked executor=False imports=20 nid=fzyMKs9kim0 ret=0x00000008013E33D3 block=sceKernelWaitEqueue wake=sceKernelWaitEqueue:0000000000000003:0000000000000002 host_managed=0 host_tid=0
[LOADER][TRACE] guest_thread.snapshot handle=0x000002A91F4D6CE0 name='GfxFlipThread' state=Blocked executor=False imports=37 nid=fzyMKs9kim0 ret=0x00000008013BFDEF block=sceKernelWaitEqueue wake=sceKernelWaitEqueue:0000000000000005:0000000000000004 host_managed=0 host_tid=0
[LOADER][TRACE] guest_thread.snapshot handle=0x000002A91F4D4CC0 name='UnityGfxDeviceWorker' state=Blocked executor=False imports=60247 nid=04AjkP0jO9U ret=0x000000080A821799 block=_umtx_op_wait wake=sceKernelSyncOnAddress:0000000603911DD0 host_managed=0 host_tid=0
[LOADER][TRACE] guest_thread.snapshot handle=0x000002A91F4D8D00 name='Gfx Task Executor' state=Blocked executor=False imports=126 nid=04AjkP0jO9U ret=0x000000080A821799 block=_umtx_op_wait wake=sceKernelSyncOnAddress:0000000603922B70 host_managed=0 host_tid=0
[LOADER][TRACE] guest_thread.snapshot handle=0x000002A91B6F7D70 name='Loading.PreloadManager' state=Blocked executor=False imports=13229135 nid=04AjkP0jO9U ret=0x000000080A821799 block=_umtx_op_wait wake=sceKernelSyncOnAddress:0000000606E0BFD8 host_managed=0 host_tid=0
[LOADER][ERROR] --- periodic snapshot ---
[LOADER][ERROR] Stall snapshot: rip=0x0000700000001080 rsp=0x00007FFFF01FB2B8 rbp=0x00007FFFF01FB2E0 rax=0x000002A921430000 rbx=0x0000000801E73B90 rcx=0xFFFFFFFFFFFFFFE8 rdx=0x000000000000002B rsi=0x0000000000000C8F rdi=0x0000000801E73CC0
[LOADER][ERROR] Stall import-stub: rip=0x0000700000001080 nid=9UK1vLZQft4 -> libKernel:scePthreadMutexLock
[LOADER][ERROR] Stall bytes @rip: 48 B8 00 00 43 21 A9 02 00 00 FF E0 90 90 90 90
[LOADER][ERROR] Stall stack: [rsp]=0x000002A91B680000 [rsp+8]=0x0000000801E73B90
[LOADER][ERROR] Live hardware context (main thread 37728):
[LOADER][ERROR]   RIP=0x00007FF889860EC4 RSP=0x000000E16957AA18 RBP=0x000000E16957AB40
[LOADER][ERROR]   RAX=0x0000000000000008 RBX=0x000000E16957AAF8 RCX=0x00000000000009C8 RDX=0x0000000000000000
[LOADER][ERROR]   RSI=0x0000000000000000 RDI=0x00000000000009C8 R8=0x0000000000000000 R9=0x0000000000000000
[LOADER][ERROR]   R10=0x00000000000009C8 R11=0x00000000000009C8 R12=0x0000000000000004 R13=0x000002A96680F378 R14=0x000002A9623CDBC0 R15=0x000000E16957ABC0
[LOADER][ERROR]   RIP location: ntdll.dll+0x160EC4
[LOADER][INFO] Guest returned: 522989184
[LOADER][ERROR] Detected repeating import loop and forced guest unwind to host.
[LOADER][ERROR]   Live bytes @[RIP-32..RIP+16]: C3 CD 2E C3 0F 1F 84 00 00 00 00 00 4C 8B D1 B8 08 00 00 00 F6 04 25 08 03 FE 7F 01 75 03 0F 05 C3 CD 2E C3 0F 1F 84 00 00 00 00 00 4C 8B D1 B8
[LOADER][ERROR]   Live bytes @RIP: C3 CD 2E C3 0F 1F 84 00 00 00 00 00 4C 8B D1 B8
[LOADER][ERROR]   Live stack frames (host code pointers):
[LOADER][ERROR]     [rsp+0x00] = 0x00007FF886C520FD (KERNELBASE.dll+0xB20FD)
[LOADER][ERROR]     [rsp+0x28] = 0x000000E16957AA70 (0x000000E16957AA70)
[LOADER][ERROR]     [rsp+0x30] = 0x000000E16957ABC0 (0x000000E16957ABC0)
[LOADER][ERROR]     [rsp+0x50] = 0x00007FF886C520FD (KERNELBASE.dll+0xB20FD)
[LOADER][ERROR]     [rsp+0x70] = 0x00007FFEDA5507FE (0x00007FFEDA5507FE)
[LOADER][ERROR]     [rsp+0x78] = 0x000000E16957AAC0 (0x000000E16957AAC0)
[LOADER][ERROR]     [rsp+0x80] = 0x000000E16957AC10 (0x000000E16957AC10)
[LOADER][ERROR]     [rsp+0xC0] = 0x00007FFEDA5507FE (0x00007FFEDA5507FE)
[LOADER][ERROR]     [rsp+0xD8] = 0x000000E16957AB20 (0x000000E16957AB20)
[LOADER][ERROR]     [rsp+0xE0] = 0x000000E16957AB48 (0x000000E16957AB48)
[LOADER][INFO] === Execute END (LastError: Detected repeating import loop and forced guest unwind to host.) ===
[DISPATCHER] Native backend FAILED: Detected repeating import loop and forced guest unwind to host.
[RUNTIME] DispatchEntry returned: ORBIS_GEN2_ERROR_NOT_IMPLEMENTED
[RUNTIME] Dispatch result: ORBIS_GEN2_ERROR_NOT_IMPLEMENTED
[LOADER][ERROR] Stall guest-thread: handle=0x000002A96436A590 name='AssetGarbageCollectorHelper' state=Blocked imports=119 nid=04AjkP0jO9U ret=0x000000080A821799 rdi=0x00000006006CF7D8 rsi=0x0000000000000002 rdx=0x0000000000000000 block=_umtx_op_wait
[LOADER][ERROR] Stall guest-thread: handle=0x000002A96436B5A0 name='AssetGarbageCollectorHelper' state=Blocked imports=118 nid=04AjkP0jO9U ret=0x000000080A821799 rdi=0x00000006006CF928 rsi=0x0000000000000002 rdx=0x0000000000000000 block=_umtx_op_wait
[LOADER][ERROR] Stall guest-thread: handle=0x000002A96436C5B0 name='AssetGarbageCollectorHelper' state=Blocked imports=119 nid=04AjkP0jO9U ret=0x000000080A821799 rdi=0x00000006006CFA78 rsi=0x0000000000000002 rdx=0x0000000000000000 block=_umtx_op_wait
[LOADER][ERROR] Stall guest-thread: handle=0x000002A96436E5D0 name='AssetGarbageCollectorHelper' state=Blocked imports=118 nid=04AjkP0jO9U ret=0x000000080A821799 rdi=0x00000006006CFBC8 rsi=0x0000000000000002 rdx=0x0000000000000000 block=_umtx_op_wait
[LOADER][ERROR] Stall guest-thread: handle=0x000002A91E580290 name='AssetGarbageCollectorHelper' state=Blocked imports=118 nid=04AjkP0jO9U ret=0x000000080A821799 rdi=0x00000006006CFD18 rsi=0x0000000000000002 rdx=0x0000000000000000 block=_umtx_op_wait
[LOADER][ERROR] Stall guest-thread: handle=0x000002A91E5822B0 name='AssetGarbageCollectorHelper' state=Blocked imports=118 nid=04AjkP0jO9U ret=0x000000080A821799 rdi=0x00000006006CFE68 rsi=0x0000000000000002 rdx=0x0000000000000000 block=_umtx_op_wait
[LOADER][ERROR] Stall guest-thread: handle=0x000002A91E5832C0 name='AssetGarbageCollectorHelper' state=Blocked imports=119 nid=04AjkP0jO9U ret=0x000000080A821799 rdi=0x00000006006CFFB8 rsi=0x0000000000000002 rdx=0x0000000000000000 block=_umtx_op_wait
[LOADER][ERROR] Stall guest-thread: handle=0x000002A91E5842D0 name='AssetGarbageCollectorHelper' state=Blocked imports=118 nid=04AjkP0jO9U ret=0x000000080A821799 rdi=0x00000006006D0108 rsi=0x0000000000000002 rdx=0x0000000000000000 block=_umtx_op_wait
[LOADER][ERROR] Stall guest-thread: handle=0x000002A91E5812A0 name='AssetGarbageCollectorHelper' state=Blocked imports=119 nid=04AjkP0jO9U ret=0x000000080A821799 rdi=0x00000006006D0258 rsi=0x0000000000000002 rdx=0x0000000000000000 block=_umtx_op_wait
[LOADER][ERROR] Stall guest-thread: handle=0x000002A91E5852E0 name='AssetGarbageCollectorHelper' state=Blocked imports=118 nid=04AjkP0jO9U ret=0x000000080A821799 rdi=0x00000006006D03A8 rsi=0x0000000000000002 rdx=0x0000000000000000 block=_umtx_op_wait
[LOADER][ERROR] Stall guest-thread: handle=0x000002A91E588310 name='AssetGarbageCollectorHelper' state=Blocked imports=119 nid=04AjkP0jO9U ret=0x000000080A821799 rdi=0x00000006006D04F8 rsi=0x0000000000000002 rdx=0x0000000000000000 block=_umtx_op_wait
[LOADER][ERROR] Stall guest-thread: handle=0x000002A91E589320 name='AssetGarbageCollectorHelper' state=Blocked imports=118 nid=04AjkP0jO9U ret=0x000000080A821799 rdi=0x00000006006D0648 rsi=0x0000000000000002 rdx=0x0000000000000000 block=_umtx_op_wait
[LOADER][ERROR] Stall guest-thread: handle=0x000002A91E587300 name='AssetGarbageCollectorHelper' state=Blocked imports=119 nid=04AjkP0jO9U ret=0x000000080A821799 rdi=0x00000006006D0798 rsi=0x0000000000000002 rdx=0x0000000000000000 block=_umtx_op_wait
[LOADER][ERROR] Stall guest-thread: handle=0x000002A91E5862F0 name='Thread-2A91E5862F0' state=Blocked imports=353 nid=4czppHBiriw ret=0x0000000805007634 rdi=0x0000000000000003 rsi=0x0000000000000001 rdx=0x0000000000000001 block=pthread_cond_wait
[LOADER][ERROR] Stall guest-thread: handle=0x000002A91E58C350 name='Job.Worker 0' state=Blocked imports=2208 nid=JTvBflhYazQ ret=0x0000000800A27985 rdi=0x0000000000000003 rsi=0x0000000000001000 rdx=0x0000000000000022 block=sceKernelWaitEventFlag
[LOADER][ERROR] Stall guest-thread: handle=0x000002A91E58D360 name='Job.Worker 1' state=Blocked imports=1166 nid=JTvBflhYazQ ret=0x0000000800A27985 rdi=0x0000000000000003 rsi=0x0000000000000040 rdx=0x0000000000000022 block=sceKernelWaitEventFlag
[LOADER][ERROR] Stall guest-thread: handle=0x000002A91E58B340 name='Job.Worker 2' state=Blocked imports=820 nid=JTvBflhYazQ ret=0x0000000800A27985 rdi=0x0000000000000003 rsi=0x0000000000000008 rdx=0x0000000000000022 block=sceKernelWaitEventFlag
[LOADER][ERROR] Stall guest-thread: handle=0x000002A91E58A330 name='Job.Worker 3' state=Blocked imports=420 nid=JTvBflhYazQ ret=0x0000000800A27985 rdi=0x0000000000000003 rsi=0x0000000000000010 rdx=0x0000000000000022 block=sceKernelWaitEventFlag
[LOADER][ERROR] Stall guest-thread: handle=0x000002A91E58E370 name='Job.Worker 4' state=Blocked imports=335 nid=JTvBflhYazQ ret=0x0000000800A27985 rdi=0x0000000000000003 rsi=0x0000000000000200 rdx=0x0000000000000022 block=sceKernelWaitEventFlag
[LOADER][ERROR] Stall guest-thread: handle=0x000002A96436D5C0 name='Job.Worker 5' state=Blocked imports=422 nid=JTvBflhYazQ ret=0x0000000800A27985 rdi=0x0000000000000003 rsi=0x0000000000000080 rdx=0x0000000000000022 block=sceKernelWaitEventFlag
[LOADER][ERROR] Stall guest-thread: handle=0x000002A91F4BAB20 name='Job.Worker 6' state=Blocked imports=344 nid=JTvBflhYazQ ret=0x0000000800A27985 rdi=0x0000000000000003 rsi=0x0000000000000020 rdx=0x0000000000000022 block=sceKernelWaitEventFlag
[LOADER][ERROR] Stall guest-thread: handle=0x000002A91F4BEB60 name='Job.Worker 7' state=Blocked imports=375 nid=JTvBflhYazQ ret=0x0000000800A27985 rdi=0x0000000000000003 rsi=0x0000000000000004 rdx=0x0000000000000022 block=sceKernelWaitEventFlag
[LOADER][ERROR] Stall guest-thread: handle=0x000002A91F4BBB30 name='Job.Worker 8' state=Blocked imports=358 nid=JTvBflhYazQ ret=0x0000000800A27985 rdi=0x0000000000000003 rsi=0x0000000000000001 rdx=0x0000000000000022 block=sceKernelWaitEventFlag
[LOADER][ERROR] Stall guest-thread: handle=0x000002A91F4BFB70 name='Job.Worker 9' state=Blocked imports=552 nid=JTvBflhYazQ ret=0x0000000800A27985 rdi=0x0000000000000003 rsi=0x0000000000000400 rdx=0x0000000000000022 block=sceKernelWaitEventFlag
[LOADER][ERROR] Stall guest-thread: handle=0x000002A91F4BDB50 name='Job.Worker 10' state=Blocked imports=404 nid=JTvBflhYazQ ret=0x0000000800A27985 rdi=0x0000000000000003 rsi=0x0000000000000002 rdx=0x0000000000000022 block=sceKernelWaitEventFlag
[LOADER][ERROR] Stall guest-thread: handle=0x000002A91F4BCB40 name='Job.Worker 11' state=Blocked imports=362 nid=JTvBflhYazQ ret=0x0000000800A27985 rdi=0x0000000000000003 rsi=0x0000000000000800 rdx=0x0000000000000022 block=sceKernelWaitEventFlag
[LOADER][ERROR] Stall guest-thread: handle=0x000002A91F4C0B80 name='Job.Worker 12' state=Blocked imports=505 nid=JTvBflhYazQ ret=0x0000000800A27985 rdi=0x0000000000000003 rsi=0x0000000000000100 rdx=0x0000000000000022 block=sceKernelWaitEventFlag
[LOADER][ERROR] Stall guest-thread: handle=0x000002A91F4C1B90 name='Background Job.Worker 0' state=Blocked imports=10052 nid=JTvBflhYazQ ret=0x0000000800A27985 rdi=0x0000000000000004 rsi=0x0000000000000001 rdx=0x0000000000000022 block=sceKernelWaitEventFlag
[LOADER][ERROR] Stall guest-thread: handle=0x000002A91F4C2BA0 name='Background Job.Worker 1' state=Blocked imports=5895 nid=JTvBflhYazQ ret=0x0000000800A27985 rdi=0x0000000000000004 rsi=0x0000000000008000 rdx=0x0000000000000022 block=sceKernelWaitEventFlag
[LOADER][ERROR] Stall guest-thread: handle=0x000002A91F4C5BD0 name='Background Job.Worker 2' state=Blocked imports=2933 nid=JTvBflhYazQ ret=0x0000000800A27985 rdi=0x0000000000000004 rsi=0x0000000000000080 rdx=0x0000000000000022 block=sceKernelWaitEventFlag
[LOADER][ERROR] Stall guest-thread: handle=0x000002A91F4C4BC0 name='Background Job.Worker 3' state=Blocked imports=2465 nid=JTvBflhYazQ ret=0x0000000800A27985 rdi=0x0000000000000004 rsi=0x0000000000000010 rdx=0x0000000000000022 block=sceKernelWaitEventFlag
[LOADER][ERROR] Stall guest-thread: handle=0x000002A91F4C6BE0 name='Background Job.Worker 4' state=Blocked imports=1787 nid=JTvBflhYazQ ret=0x0000000800A27985 rdi=0x0000000000000004 rsi=0x0000000000000002 rdx=0x0000000000000022 block=sceKernelWaitEventFlag
[LOADER][ERROR] Stall guest-thread: handle=0x000002A91F4C3BB0 name='Background Job.Worker 5' state=Blocked imports=1807 nid=JTvBflhYazQ ret=0x0000000800A27985 rdi=0x0000000000000004 rsi=0x0000000000000004 rdx=0x0000000000000022 block=sceKernelWaitEventFlag
[LOADER][ERROR] Stall guest-thread: handle=0x000002A91F4CAC20 name='Background Job.Worker 6' state=Blocked imports=1525 nid=JTvBflhYazQ ret=0x0000000800A27985 rdi=0x0000000000000004 rsi=0x0000000000002000 rdx=0x0000000000000022 block=sceKernelWaitEventFlag
[LOADER][ERROR] Stall guest-thread: handle=0x000002A91F4C7BF0 name='Background Job.Worker 7' state=Blocked imports=1525 nid=JTvBflhYazQ ret=0x0000000800A27985 rdi=0x0000000000000004 rsi=0x0000000000001000 rdx=0x0000000000000022 block=sceKernelWaitEventFlag
[LOADER][ERROR] Stall guest-thread: handle=0x000002A91F4C9C10 name='Background Job.Worker 8' state=Blocked imports=1288 nid=JTvBflhYazQ ret=0x0000000800A27985 rdi=0x0000000000000004 rsi=0x0000000000000020 rdx=0x0000000000000022 block=sceKernelWaitEventFlag
[LOADER][ERROR] Stall guest-thread: handle=0x000002A91F4CBC30 name='Background Job.Worker 9' state=Blocked imports=1066 nid=JTvBflhYazQ ret=0x0000000800A27985 rdi=0x0000000000000004 rsi=0x0000000000000040 rdx=0x0000000000000022 block=sceKernelWaitEventFlag
[LOADER][ERROR] Stall guest-thread: handle=0x000002A91F4C8C00 name='Background Job.Worker 10' state=Blocked imports=1046 nid=JTvBflhYazQ ret=0x0000000800A27985 rdi=0x0000000000000004 rsi=0x0000000000000200 rdx=0x0000000000000022 block=sceKernelWaitEventFlag
[LOADER][ERROR] Stall guest-thread: handle=0x000002A91F4CDC50 name='Background Job.Worker 11' state=Blocked imports=1058 nid=JTvBflhYazQ ret=0x0000000800A27985 rdi=0x0000000000000004 rsi=0x0000000000000400 rdx=0x0000000000000022 block=sceKernelWaitEventFlag
[LOADER][ERROR] Stall guest-thread: handle=0x000002A91F4CCC40 name='Background Job.Worker 12' state=Blocked imports=984 nid=JTvBflhYazQ ret=0x0000000800A27985 rdi=0x0000000000000004 rsi=0x0000000000004000 rdx=0x0000000000000022 block=sceKernelWaitEventFlag
[LOADER][ERROR] Stall guest-thread: handle=0x000002A91F4CEC60 name='Background Job.Worker 13' state=Blocked imports=1171 nid=JTvBflhYazQ ret=0x0000000800A27985 rdi=0x0000000000000004 rsi=0x0000000000000100 rdx=0x0000000000000022 block=sceKernelWaitEventFlag
[LOADER][ERROR] Stall guest-thread: handle=0x000002A91F4D1C90 name='Background Job.Worker 14' state=Blocked imports=1035 nid=JTvBflhYazQ ret=0x0000000800A27985 rdi=0x0000000000000004 rsi=0x0000000000000800 rdx=0x0000000000000022 block=sceKernelWaitEventFlag
[LOADER][ERROR] Stall guest-thread: handle=0x000002A91F4D2CA0 name='Background Job.Worker 15' state=Blocked imports=1018 nid=JTvBflhYazQ ret=0x0000000800A27985 rdi=0x0000000000000004 rsi=0x0000000000000008 rdx=0x0000000000000022 block=sceKernelWaitEventFlag
[LOADER][ERROR] Stall guest-thread: handle=0x000002A91F4CFC70 name='BatchDeleteObjects' state=Blocked imports=115 nid=04AjkP0jO9U ret=0x000000080A821799 rdi=0x0000000603909730 rsi=0x0000000000000002 rdx=0x0000000000000000 block=_umtx_op_wait
[LOADER][ERROR] Stall guest-thread: handle=0x000002A91F4D3CB0 name='Loading.AsyncRead' state=Blocked imports=21046 nid=04AjkP0jO9U ret=0x000000080A821799 rdi=0x0000000600702F50 rsi=0x0000000000000002 rdx=0x0000000000000000 block=_umtx_op_wait
[DEBUG] Result: ORBIS_GEN2_ERROR_NOT_IMPLEMENTED
[LOADER][ERROR] Stall guest-thread: handle=0x000002A91F4D0C80 name='Thread-2A91F4D0C80' state=Running imports=60 nid=tn3VlD0hG60 ret=0x00000008013EED51 rdi=0x0000000801F11EB8 rsi=0x00000008041981D0 rdx=0x0000000804198211 block=none host_tid=33352 host_rip=0x00007FF889861444 host_rsp=0x00007FFFB11FFE78 host_rbp=0x0000000000000000 host_rax=0x0000000000000034 host_rbx=0x00007FFFB11FFF50 host_rcx=0x0000000000000000 host_rdx=0x00007FFFB11FFF50
[LOADER][ERROR] Stall guest-thread: handle=0x000002A91F4D5CD0 name='UnityEOPThread' state=Blocked imports=20 nid=fzyMKs9kim0 ret=0x00000008013E33D3 rdi=0x0000000000000003 rsi=0x00007FFFB01FFEE0 rdx=0x0000000000000001 block=sceKernelWaitEqueue
[LOADER][ERROR] Stall guest-thread: handle=0x000002A91F4D6CE0 name='GfxFlipThread' state=Blocked imports=38 nid=fzyMKs9kim0 ret=0x00000008013BFDEF rdi=0x0000000000000005 rsi=0x00007FFFAF1FFE58 rdx=0x0000000000000001 block=sceKernelWaitEqueue
[LOADER][ERROR] Stall guest-thread: ... 3 more
[LOADER][WARN] 1 guest worker(s) (first: 'Thread-2A91F4D0C80') did not leave guest code during shutdown; the native session state stays alive to avoid faulting them.
[RUNTIME] Guest workers were still active at teardown; keeping the guest address space mapped.
[DEBUG] Running in mitigated child process (CET/CFG disabled).
